TREE_NAME,PARK_NAME,ADDRESS
느티나무,용두공원,"서울특별시 동대문구 용두동 34-1"
느티나무,용두공원,"서울특별시 동대문구 용두동 34-1"
느티나무,용두공원,"서울특별시 동대문구 용두동 34-1"
느티나무,용두공원,"서울특별시 동대문구 용두동 34-1"
느티나무,용두공원,"서울특별시 동대문구 용두동 34-1"
느티나무,용두공원,"서울특별시 동대문구 용두동 34-1"
단풍나무,용두공원,"서울특별시 동대문구 용두동 34-1"
대추나무,용두공원,"서울특별시 동대문구 용두동 34-1"
대추나무,용두공원,"서울특별시 동대문구 용두동 34-1"
단풍나무,용두공원,"서울특별시 동대문구 용두동 34-1"
단풍나무,용두공원,"서울특별시 동대문구 용두동 34-1"
버드나무,용두공원,"서울특별시 동대문구 용두동 34-1"
대추나무,용두공원,"서울특별시 동대문구 용두동 34-1"
대추나무,용두공원,"서울특별시 동대문구 용두동 34-1"
대추나무,용두공원,"서울특별시 동대문구 용두동 34-1"
목련,용두공원,"서울특별시 동대문구 용두동 34-1"
느티나무,용두공원,"서울특별시 동대문구 용두동 34-1"
느티나무,용두공원,"서울특별시 동대문구 용두동 34-1"
느티나무,용두공원,"서울특별시 동대문구 용두동 34-1"
느티나무,용두공원,"서울특별시 동대문구 용두동 34-1"
느티나무,용두공원,"서울특별시 동대문구 용두동 34-1"
느티나무,용두공원,"서울특별시 동대문구 용두동 34-1"
자귀나무,용두공원,"서울특별시 동대문구 용두동 34-1"
배롱나무,용두공원,"서울특별시 동대문구 용두동 34-1"
자귀나무,용두공원,"서울특별시 동대문구 용두동 34-1"
자귀나무,용두공원,"서울특별시 동대문구 용두동 34-1"
자귀나무,용두공원,"서울특별시 동대문구 용두동 34-1"
벚나무,용두공원,"서울특별시 동대문구 용두동 34-1"
벚나무,용두공원,"서울특별시 동대문구 용두동 34-1"
벚나무,용두공원,"서울특별시 동대문구 용두동 34-1"
벚나무,용두공원,"서울특별시 동대문구 용두동 34-1"
벚나무,용두공원,"서울특별시 동대문구 용두동 34-1"
벚나무,용두공원,"서울특별시 동대문구 용두동 34-1"
벚나무,용두공원,"서울특별시 동대문구 용두동 34-1"
단풍나무,용두공원,"서울특별시 동대문구 용두동 34-1"
벚나무,용두공원,"서울특별시 동대문구 용두동 34-1"
매실나무,용두공원,"서울특별시 동대문구 용두동 34-1"
매실나무,용두공원,"서울특별시 동대문구 용두동 34-1"
살구나무,용두공원,"서울특별시 동대문구 용두동 34-1"
산수유,용두공원,"서울특별시 동대문구 용두동 34-1"
산수유,용두공원,"서울특별시 동대문구 용두동 34-1"
산수유,용두공원,"서울특별시 동대문구 용두동 34-1"
산수유,용두공원,"서울특별시 동대문구 용두동 34-1"
산수유,용두공원,"서울특별시 동대문구 용두동 34-1"
중국단풍,용두공원,"서울특별시 동대문구 용두동 34-1"
모과나무,용두공원,"서울특별시 동대문구 용두동 34-1"
중국단풍,용두공원,"서울특별시 동대문구 용두동 34-1"
참나무,용두공원,"서울특별시 동대문구 용두동 34-1"
모과나무,용두공원,"서울특별시 동대문구 용두동 34-1"
참나무,용두공원,"서울특별시 동대문구 용두동 34-1"
중국단풍,용두공원,"서울특별시 동대문구 용두동 34-1"
소나무,용두공원,"서울특별시 동대문구 용두동 34-1"
산수유,용두공원,"서울특별시 동대문구 용두동 34-1"
이팝나무,용두공원,"서울특별시 동대문구 용두동 34-1"
소나무,용두공원,"서울특별시 동대문구 용두동 34-1"
이팝나무,용두공원,"서울특별시 동대문구 용두동 34-1"
느티나무,용두공원,"서울특별시 동대문구 용두동 34-1"
소나무,용두공원,"서울특별시 동대문구 용두동 34-1"
소나무,용두공원,"서울특별시 동대문구 용두동 34-1"
소나무,용두공원,"서울특별시 동대문구 용두동 34-1"
소나무,용두공원,"서울특별시 동대문구 용두동 34-1"
소나무,용두공원,"서울특별시 동대문구 용두동 34-1"
소나무,용두공원,"서울특별시 동대문구 용두동 34-1"
소나무,용두공원,"서울특별시 동대문구 용두동 34-1"
소나무,용두공원,"서울특별시 동대문구 용두동 34-1"
소나무,용두공원,"서울특별시 동대문구 용두동 34-1"
소나무,용두공원,"서울특별시 동대문구 용두동 34-1"
소나무,용두공원,"서울특별시 동대문구 용두동 34-1"
소나무,용두공원,"서울특별시 동대문구 용두동 34-1"
소나무,용두공원,"서울특별시 동대문구 용두동 34-1"
소나무,용두공원,"서울특별시 동대문구 용두동 34-1"
소나무,용두공원,"서울특별시 동대문구 용두동 34-1"
이팝나무,용두공원,"서울특별시 동대문구 용두동 34-1"
단풍나무,용두공원,"서울특별시 동대문구 용두동 34-1"
단풍나무,용두공원,"서울특별시 동대문구 용두동 34-1"
단풍나무,용두공원,"서울특별시 동대문구 용두동 34-1"
백합나무,용두공원,"서울특별시 동대문구 용두동 34-1"
단풍나무,용두공원,"서울특별시 동대문구 용두동 34-1"
단풍나무,용두공원,"서울특별시 동대문구 용두동 34-1"
살구나무,용두공원,"서울특별시 동대문구 용두동 34-1"
백합나무,용두공원,"서울특별시 동대문구 용두동 34-1"
매실나무,용두공원,"서울특별시 동대문구 용두동 34-1"
단풍나무,용두공원,"서울특별시 동대문구 용두동 34-1"
백합나무,용두공원,"서울특별시 동대문구 용두동 34-1"
매실나무,용두공원,"서울특별시 동대문구 용두동 34-1"
소나무,용두공원,"서울특별시 동대문구 용두동 34-1"
단풍나무,용두공원,"서울특별시 동대문구 용두동 34-1"
소나무,용두공원,"서울특별시 동대문구 용두동 34-1"
소나무,용두공원,"서울특별시 동대문구 용두동 34-1"
매실나무,용두공원,"서울특별시 동대문구 용두동 34-1"
뽕나무,용두공원,"서울특별시 동대문구 용두동 34-1"
주목,용두공원,"서울특별시 동대문구 용두동 34-1"
주목,용두공원,"서울특별시 동대문구 용두동 34-1"
감나무,용두공원,"서울특별시 동대문구 용두동 34-1"
감나무,용두공원,"서울특별시 동대문구 용두동 34-1"
살구나무,용두공원,"서울특별시 동대문구 용두동 34-1"
감나무,용두공원,"서울특별시 동대문구 용두동 34-1"
단풍나무,용두공원,"서울특별시 동대문구 용두동 34-1"
자귀나무,용두공원,"서울특별시 동대문구 용두동 34-1"
단풍나무,용두공원,"서울특별시 동대문구 용두동 34-1"
백합나무,용두공원,"서울특별시 동대문구 용두동 34-1"
단풍나무,용두공원,"서울특별시 동대문구 용두동 34-1"
단풍나무,용두공원,"서울특별시 동대문구 용두동 34-1"
참나무,용두공원,"서울특별시 동대문구 용두동 34-1"
단풍나무,용두공원,"서울특별시 동대문구 용두동 34-1"
백합나무,용두공원,"서울특별시 동대문구 용두동 34-1"
소나무,용두공원,"서울특별시 동대문구 용두동 34-1"
소나무,용두공원,"서울특별시 동대문구 용두동 34-1"
소나무,용두공원,"서울특별시 동대문구 용두동 34-1"
참나무,용두공원,"서울특별시 동대문구 용두동 34-1"
단풍나무,용두공원,"서울특별시 동대문구 용두동 34-1"
참나무,용두공원,"서울특별시 동대문구 용두동 34-1"
이팝나무,용두공원,"서울특별시 동대문구 용두동 34-1"
벚나무,용두공원,"서울특별시 동대문구 용두동 34-1"
벚나무,용두공원,"서울특별시 동대문구 용두동 34-1"
단풍나무,용두공원,"서울특별시 동대문구 용두동 34-1"
단풍나무,용두공원,"서울특별시 동대문구 용두동 34-1"
단풍나무,용두공원,"서울특별시 동대문구 용두동 34-1"
때죽나무,용두공원,"서울특별시 동대문구 용두동 34-1"
백합나무,용두공원,"서울특별시 동대문구 용두동 34-1"
벚나무,용두공원,"서울특별시 동대문구 용두동 34-1"
벚나무,용두공원,"서울특별시 동대문구 용두동 34-1"
벚나무,용두공원,"서울특별시 동대문구 용두동 34-1"
소나무,용두공원,"서울특별시 동대문구 용두동 34-1"
단풍나무,용두공원,"서울특별시 동대문구 용두동 34-1"
단풍나무,용두공원,"서울특별시 동대문구 용두동 34-1"
버드나무,용두공원,"서울특별시 동대문구 용두동 34-1"
뽕나무,용두공원,"서울특별시 동대문구 용두동 34-1"
벚나무,용두공원,"서울특별시 동대문구 용두동 34-1"
소나무,용두공원,"서울특별시 동대문구 용두동 34-1"
단풍나무,용두공원,"서울특별시 동대문구 용두동 34-1"
참나무,용두공원,"서울특별시 동대문구 용두동 34-1"
단풍나무,용두공원,"서울특별시 동대문구 용두동 34-1"
벚나무,용두공원,"서울특별시 동대문구 용두동 34-1"
참나무,용두공원,"서울특별시 동대문구 용두동 34-1"
느티나무,용두공원,"서울특별시 동대문구 용두동 34-1"
벚나무,용두공원,"서울특별시 동대문구 용두동 34-1"
참나무,용두공원,"서울특별시 동대문구 용두동 34-1"
참나무,용두공원,"서울특별시 동대문구 용두동 34-1"
산딸나무,용두공원,"서울특별시 동대문구 용두동 34-1"
산딸나무,용두공원,"서울특별시 동대문구 용두동 34-1"
밤나무,용두공원,"서울특별시 동대문구 용두동 34-1"
살구나무,용두공원,"서울특별시 동대문구 용두동 34-1"
참나무,용두공원,"서울특별시 동대문구 용두동 34-1"
참나무,용두공원,"서울특별시 동대문구 용두동 34-1"
참나무,용두공원,"서울특별시 동대문구 용두동 34-1"
소나무,용두공원,"서울특별시 동대문구 용두동 34-1"
참나무,용두공원,"서울특별시 동대문구 용두동 34-1"
이팝나무,용두공원,"서울특별시 동대문구 용두동 34-1"
소나무,용두공원,"서울특별시 동대문구 용두동 34-1"
단풍나무,용두공원,"서울특별시 동대문구 용두동 34-1"
참나무,용두공원,"서울특별시 동대문구 용두동 34-1"
단풍나무,용두공원,"서울특별시 동대문구 용두동 34-1"
이팝나무,용두공원,"서울특별시 동대문구 용두동 34-1"
소나무,용두공원,"서울특별시 동대문구 용두동 34-1"
소나무,용두공원,"서울특별시 동대문구 용두동 34-1"
때죽나무,용두공원,"서울특별시 동대문구 용두동 34-1"
소나무,용두공원,"서울특별시 동대문구 용두동 34-1"
벚나무,용두공원,"서울특별시 동대문구 용두동 34-1"
단풍나무,용두공원,"서울특별시 동대문구 용두동 34-1"
단풍나무,용두공원,"서울특별시 동대문구 용두동 34-1"
단풍나무,용두공원,"서울특별시 동대문구 용두동 34-1"
향나무,용두공원,"서울특별시 동대문구 용두동 34-1"
이팝나무,용두공원,"서울특별시 동대문구 용두동 34-1"
벚나무,용두공원,"서울특별시 동대문구 용두동 34-1"
참나무,용두공원,"서울특별시 동대문구 용두동 34-1"
느티나무,용두공원,"서울특별시 동대문구 용두동 34-1"
잣나무,용두공원,"서울특별시 동대문구 용두동 34-1"
벚나무,용두공원,"서울특별시 동대문구 용두동 34-1"
이팝나무,용두공원,"서울특별시 동대문구 용두동 34-1"
단풍나무,용두공원,"서울특별시 동대문구 용두동 34-1"
이팝나무,용두공원,"서울특별시 동대문구 용두동 34-1"
단풍나무,용두공원,"서울특별시 동대문구 용두동 34-1"
벚나무,용두공원,"서울특별시 동대문구 용두동 34-1"
단풍나무,용두공원,"서울특별시 동대문구 용두동 34-1"
모과나무,용두공원,"서울특별시 동대문구 용두동 34-1"
단풍나무,용두공원,"서울특별시 동대문구 용두동 34-1"
잣나무,용두공원,"서울특별시 동대문구 용두동 34-1"
단풍나무,용두공원,"서울특별시 동대문구 용두동 34-1"
잣나무,용두공원,"서울특별시 동대문구 용두동 34-1"
모과나무,용두공원,"서울특별시 동대문구 용두동 34-1"
잣나무,용두공원,"서울특별시 동대문구 용두동 34-1"
잣나무,용두공원,"서울특별시 동대문구 용두동 34-1"
소나무,용두공원,"서울특별시 동대문구 용두동 34-1"
소나무,용두공원,"서울특별시 동대문구 용두동 34-1"
소나무,용두공원,"서울특별시 동대문구 용두동 34-1"
소나무,용두공원,"서울특별시 동대문구 용두동 34-1"
소나무,용두공원,"서울특별시 동대문구 용두동 34-1"
단풍나무,용두공원,"서울특별시 동대문구 용두동 34-1"
느티나무,용두공원,"서울특별시 동대문구 용두동 34-1"
느티나무,용두공원,"서울특별시 동대문구 용두동 34-1"
모과나무,용두공원,"서울특별시 동대문구 용두동 34-1"
향나무,용두공원,"서울특별시 동대문구 용두동 34-1"
단풍나무,용두공원,"서울특별시 동대문구 용두동 34-1"
향나무,용두공원,"서울특별시 동대문구 용두동 34-1"
단풍나무,용두공원,"서울특별시 동대문구 용두동 34-1"
벚나무,용두공원,"서울특별시 동대문구 용두동 34-1"
잣나무,용두공원,"서울특별시 동대문구 용두동 34-1"
단풍나무,용두공원,"서울특별시 동대문구 용두동 34-1"
소나무,용두공원,"서울특별시 동대문구 용두동 34-1"
잣나무,용두공원,"서울특별시 동대문구 용두동 34-1"
단풍나무,용두공원,"서울특별시 동대문구 용두동 34-1"
벚나무,용두공원,"서울특별시 동대문구 용두동 34-1"
소나무,용두공원,"서울특별시 동대문구 용두동 34-1"
단풍나무,용두공원,"서울특별시 동대문구 용두동 34-1"
참나무,용두공원,"서울특별시 동대문구 용두동 34-1"
단풍나무,용두공원,"서울특별시 동대문구 용두동 34-1"
벚나무,용두공원,"서울특별시 동대문구 용두동 34-1"
중국단풍,용두공원,"서울특별시 동대문구 용두동 34-1"
벚나무,용두공원,"서울특별시 동대문구 용두동 34-1"
산수유,용두공원,"서울특별시 동대문구 용두동 34-1"
벚나무,용두공원,"서울특별시 동대문구 용두동 34-1"
산수유,용두공원,"서울특별시 동대문구 용두동 34-1"
소나무,용두공원,"서울특별시 동대문구 용두동 34-1"
산수유,용두공원,"서울특별시 동대문구 용두동 34-1"
소나무,용두공원,"서울특별시 동대문구 용두동 34-1"
중국단풍,용두공원,"서울특별시 동대문구 용두동 34-1"
감나무,용두공원,"서울특별시 동대문구 용두동 34-1"
산수유,용두공원,"서울특별시 동대문구 용두동 34-1"
중국단풍,용두공원,"서울특별시 동대문구 용두동 34-1"
소나무,용두공원,"서울특별시 동대문구 용두동 34-1"
소나무,용두공원,"서울특별시 동대문구 용두동 34-1"
소나무,용두공원,"서울특별시 동대문구 용두동 34-1"
소나무,용두공원,"서울특별시 동대문구 용두동 34-1"
소나무,용두공원,"서울특별시 동대문구 용두동 34-1"
참나무,용두공원,"서울특별시 동대문구 용두동 34-1"
소나무,용두공원,"서울특별시 동대문구 용두동 34-1"
산수유,용두공원,"서울특별시 동대문구 용두동 34-1"
소나무,용두공원,"서울특별시 동대문구 용두동 34-1"
소나무,용두공원,"서울특별시 동대문구 용두동 34-1"
감나무,용두공원,"서울특별시 동대문구 용두동 34-1"
산딸나무,용두공원,"서울특별시 동대문구 용두동 34-1"
감나무,용두공원,"서울특별시 동대문구 용두동 34-1"
모과나무,용두공원,"서울특별시 동대문구 용두동 34-1"
산수유,용두공원,"서울특별시 동대문구 용두동 34-1"
주목,용두공원,"서울특별시 동대문구 용두동 34-1"
단풍나무,용두공원,"서울특별시 동대문구 용두동 34-1"
단풍나무,용두공원,"서울특별시 동대문구 용두동 34-1"
단풍나무,용두공원,"서울특별시 동대문구 용두동 34-1"
단풍나무,용두공원,"서울특별시 동대문구 용두동 34-1"
모과나무,용두공원,"서울특별시 동대문구 용두동 34-1"
느티나무,용두공원,"서울특별시 동대문구 용두동 34-1"
모과나무,용두공원,"서울특별시 동대문구 용두동 34-1"
주목,용두공원,"서울특별시 동대문구 용두동 34-1"
느티나무,용두공원,"서울특별시 동대문구 용두동 34-1"
감나무,용두공원,"서울특별시 동대문구 용두동 34-1"
느티나무,용두공원,"서울특별시 동대문구 용두동 34-1"
주목,용두공원,"서울특별시 동대문구 용두동 34-1"
단풍나무,용두공원,"서울특별시 동대문구 용두동 34-1"
모과나무,용두공원,"서울특별시 동대문구 용두동 34-1"
단풍나무,용두공원,"서울특별시 동대문구 용두동 34-1"
모과나무,용두공원,"서울특별시 동대문구 용두동 34-1"
단풍나무,용두공원,"서울특별시 동대문구 용두동 34-1"
느티나무,용두공원,"서울특별시 동대문구 용두동 34-1"
모과나무,용두공원,"서울특별시 동대문구 용두동 34-1"
산수유,용두공원,"서울특별시 동대문구 용두동 34-1"
산수유,용두공원,"서울특별시 동대문구 용두동 34-1"
벚나무,용두공원,"서울특별시 동대문구 용두동 34-1"
단풍나무,용두공원,"서울특별시 동대문구 용두동 34-1"
단풍나무,용두공원,"서울특별시 동대문구 용두동 34-1"
벚나무,용두공원,"서울특별시 동대문구 용두동 34-1"
단풍나무,용두공원,"서울특별시 동대문구 용두동 34-1"
왕벚나무,용두공원,"서울특별시 동대문구 용두동 34-1"
벚나무,용두공원,"서울특별시 동대문구 용두동 34-1"
벚나무,용두공원,"서울특별시 동대문구 용두동 34-1"
단풍나무,용두공원,"서울특별시 동대문구 용두동 34-1"
단풍나무,용두공원,"서울특별시 동대문구 용두동 34-1"
소나무,용두공원,"서울특별시 동대문구 용두동 34-1"
소나무,용두공원,"서울특별시 동대문구 용두동 34-1"
소나무,용두공원,"서울특별시 동대문구 용두동 34-1"
참나무,용두공원,"서울특별시 동대문구 용두동 34-1"
소나무,용두공원,"서울특별시 동대문구 용두동 34-1"
소나무,용두공원,"서울특별시 동대문구 용두동 34-1"
소나무,용두공원,"서울특별시 동대문구 용두동 34-1"
소나무,용두공원,"서울특별시 동대문구 용두동 34-1"
소나무,용두공원,"서울특별시 동대문구 용두동 34-1"
단풍나무,용두공원,"서울특별시 동대문구 용두동 34-1"
단풍나무,용두공원,"서울특별시 동대문구 용두동 34-1"
단풍나무,용두공원,"서울특별시 동대문구 용두동 34-1"
산딸나무,용두공원,"서울특별시 동대문구 용두동 34-1"
산딸나무,용두공원,"서울특별시 동대문구 용두동 34-1"
은행나무,용두공원,"서울특별시 동대문구 용두동 34-1"
산딸나무,용두공원,"서울특별시 동대문구 용두동 34-1"
느티나무,용두공원,"서울특별시 동대문구 용두동 34-1"
밤나무,용두공원,"서울특별시 동대문구 용두동 34-1"
단풍나무,용두공원,"서울특별시 동대문구 용두동 34-1"
단풍나무,용두공원,"서울특별시 동대문구 용두동 34-1"
단풍나무,용두공원,"서울특별시 동대문구 용두동 34-1"
단풍나무,용두공원,"서울특별시 동대문구 용두동 34-1"
단풍나무,용두공원,"서울특별시 동대문구 용두동 34-1"
벚나무,용두공원,"서울특별시 동대문구 용두동 34-1"
벚나무,용두공원,"서울특별시 동대문구 용두동 34-1"
중국단풍,용두공원,"서울특별시 동대문구 용두동 34-1"
중국단풍,용두공원,"서울특별시 동대문구 용두동 34-1"
단풍나무,용두공원,"서울특별시 동대문구 용두동 34-1"
중국단풍,용두공원,"서울특별시 동대문구 용두동 34-1"
단풍나무,용두공원,"서울특별시 동대문구 용두동 34-1"
단풍나무,용두공원,"서울특별시 동대문구 용두동 34-1"
단풍나무,용두공원,"서울특별시 동대문구 용두동 34-1"
벚나무,용두공원,"서울특별시 동대문구 용두동 34-1"
단풍나무,용두공원,"서울특별시 동대문구 용두동 34-1"
단풍나무,용두공원,"서울특별시 동대문구 용두동 34-1"
회화나무,용두공원,"서울특별시 동대문구 용두동 34-1"
벚나무,용두공원,"서울특별시 동대문구 용두동 34-1"
벚나무,용두공원,"서울특별시 동대문구 용두동 34-1"
잣나무,용두공원,"서울특별시 동대문구 용두동 34-1"
잣나무,용두공원,"서울특별시 동대문구 용두동 34-1"
잣나무,용두공원,"서울특별시 동대문구 용두동 34-1"
잣나무,용두공원,"서울특별시 동대문구 용두동 34-1"
벚나무,용두공원,"서울특별시 동대문구 용두동 34-1"
단풍나무,용두공원,"서울특별시 동대문구 용두동 34-1"
단풍나무,용두공원,"서울특별시 동대문구 용두동 34-1"
때죽나무,용두공원,"서울특별시 동대문구 용두동 34-1"
벚나무,용두공원,"서울특별시 동대문구 용두동 34-1"
때죽나무,용두공원,"서울특별시 동대문구 용두동 34-1"
때죽나무,용두공원,"서울특별시 동대문구 용두동 34-1"
때죽나무,용두공원,"서울특별시 동대문구 용두동 34-1"
산수유,용두공원,"서울특별시 동대문구 용두동 34-1"
잣나무,용두공원,"서울특별시 동대문구 용두동 34-1"
단풍나무,용두공원,"서울특별시 동대문구 용두동 34-1"
잣나무,용두공원,"서울특별시 동대문구 용두동 34-1"
잣나무,용두공원,"서울특별시 동대문구 용두동 34-1"
잣나무,용두공원,"서울특별시 동대문구 용두동 34-1"
벚나무,용두공원,"서울특별시 동대문구 용두동 34-1"
벚나무,용두공원,"서울특별시 동대문구 용두동 34-1"
때죽나무,용두공원,"서울특별시 동대문구 용두동 34-1"
벚나무,용두공원,"서울특별시 동대문구 용두동 34-1"
벚나무,용두공원,"서울특별시 동대문구 용두동 34-1"
단풍나무,용두공원,"서울특별시 동대문구 용두동 34-1"
단풍나무,용두공원,"서울특별시 동대문구 용두동 34-1"
잣나무,용두공원,"서울특별시 동대문구 용두동 34-1"
단풍나무,용두공원,"서울특별시 동대문구 용두동 34-1"
잣나무,용두공원,"서울특별시 동대문구 용두동 34-1"
단풍나무,용두공원,"서울특별시 동대문구 용두동 34-1"
잣나무,용두공원,"서울특별시 동대문구 용두동 34-1"
느티나무,용두공원,"서울특별시 동대문구 용두동 34-1"
잣나무,용두공원,"서울특별시 동대문구 용두동 34-1"
잣나무,용두공원,"서울특별시 동대문구 용두동 34-1"
단풍나무,용두공원,"서울특별시 동대문구 용두동 34-1"
단풍나무,용두공원,"서울특별시 동대문구 용두동 34-1"
단풍나무,용두공원,"서울특별시 동대문구 용두동 34-1"
산딸나무,용두공원,"서울특별시 동대문구 용두동 34-1"
벚나무,용두공원,"서울특별시 동대문구 용두동 34-1"
단풍나무,용두공원,"서울특별시 동대문구 용두동 34-1"
느티나무,용두공원,"서울특별시 동대문구 용두동 34-1"
느티나무,용두공원,"서울특별시 동대문구 용두동 34-1"
산딸나무,용두공원,"서울특별시 동대문구 용두동 34-1"
때죽나무,용두공원,"서울특별시 동대문구 용두동 34-1"
단풍나무,용두공원,"서울특별시 동대문구 용두동 34-1"
때죽나무,용두공원,"서울특별시 동대문구 용두동 34-1"
단풍나무,용두공원,"서울특별시 동대문구 용두동 34-1"
단풍나무,용두공원,"서울특별시 동대문구 용두동 34-1"
단풍나무,용두공원,"서울특별시 동대문구 용두동 34-1"
때죽나무,용두공원,"서울특별시 동대문구 용두동 34-1"
때죽나무,용두공원,"서울특별시 동대문구 용두동 34-1"
때죽나무,용두공원,"서울특별시 동대문구 용두동 34-1"
모과나무,용두공원,"서울특별시 동대문구 용두동 34-1"
잣나무,용두공원,"서울특별시 동대문구 용두동 34-1"
잣나무,용두공원,"서울특별시 동대문구 용두동 34-1"
모과나무,용두공원,"서울특별시 동대문구 용두동 34-1"
잣나무,용두공원,"서울특별시 동대문구 용두동 34-1"
모과나무,용두공원,"서울특별시 동대문구 용두동 34-1"
잣나무,용두공원,"서울특별시 동대문구 용두동 34-1"
모과나무,용두공원,"서울특별시 동대문구 용두동 34-1"
잣나무,용두공원,"서울특별시 동대문구 용두동 34-1"
잣나무,용두공원,"서울특별시 동대문구 용두동 34-1"
모과나무,용두공원,"서울특별시 동대문구 용두동 34-1"
산수유,용두공원,"서울특별시 동대문구 용두동 34-1"
산수유,용두공원,"서울특별시 동대문구 용두동 34-1"
산수유,용두공원,"서울특별시 동대문구 용두동 34-1"
산수유,용두공원,"서울특별시 동대문구 용두동 34-1"
잣나무,용두공원,"서울특별시 동대문구 용두동 34-1"
산수유,용두공원,"서울특별시 동대문구 용두동 34-1"
산수유,용두공원,"서울특별시 동대문구 용두동 34-1"
소나무,용두공원,"서울특별시 동대문구 용두동 34-1"
잣나무,용두공원,"서울특별시 동대문구 용두동 34-1"
모과나무,용두공원,"서울특별시 동대문구 용두동 34-1"
소나무,용두공원,"서울특별시 동대문구 용두동 34-1"
잣나무,용두공원,"서울특별시 동대문구 용두동 34-1"
모과나무,용두공원,"서울특별시 동대문구 용두동 34-1"
느티나무,용두공원,"서울특별시 동대문구 용두동 34-1"
잣나무,용두공원,"서울특별시 동대문구 용두동 34-1"
잣나무,용두공원,"서울특별시 동대문구 용두동 34-1"
벚나무,용두공원,"서울특별시 동대문구 용두동 34-1"
벚나무,용두공원,"서울특별시 동대문구 용두동 34-1"
벚나무,용두공원,"서울특별시 동대문구 용두동 34-1"
잣나무,용두공원,"서울특별시 동대문구 용두동 34-1"
단풍나무,용두공원,"서울특별시 동대문구 용두동 34-1"
소나무,용두공원,"서울특별시 동대문구 용두동 34-1"
잣나무,용두공원,"서울특별시 동대문구 용두동 34-1"
단풍나무,용두공원,"서울특별시 동대문구 용두동 34-1"
소나무,용두공원,"서울특별시 동대문구 용두동 34-1"
잣나무,용두공원,"서울특별시 동대문구 용두동 34-1"
잣나무,용두공원,"서울특별시 동대문구 용두동 34-1"
단풍나무,용두공원,"서울특별시 동대문구 용두동 34-1"
잣나무,용두공원,"서울특별시 동대문구 용두동 34-1"
느티나무,용두공원,"서울특별시 동대문구 용두동 34-1"
메타세쿼이아,용두공원,"서울특별시 동대문구 용두동 34-1"
잣나무,용두공원,"서울특별시 동대문구 용두동 34-1"
메타세쿼이아,용두공원,"서울특별시 동대문구 용두동 34-1"
잣나무,용두공원,"서울특별시 동대문구 용두동 34-1"
잣나무,용두공원,"서울특별시 동대문구 용두동 34-1"
산수유,용두공원,"서울특별시 동대문구 용두동 34-1"
벚나무,용두공원,"서울특별시 동대문구 용두동 34-1"
목련,용두공원,"서울특별시 동대문구 용두동 34-1"
잣나무,용두공원,"서울특별시 동대문구 용두동 34-1"
벚나무,용두공원,"서울특별시 동대문구 용두동 34-1"
벚나무,용두공원,"서울특별시 동대문구 용두동 34-1"
소나무,용두공원,"서울특별시 동대문구 용두동 34-1"
메타세쿼이아,용두공원,"서울특별시 동대문구 용두동 34-1"
벚나무,용두공원,"서울특별시 동대문구 용두동 34-1"
벚나무,용두공원,"서울특별시 동대문구 용두동 34-1"
벚나무,용두공원,"서울특별시 동대문구 용두동 34-1"
벚나무,용두공원,"서울특별시 동대문구 용두동 34-1"
잣나무,용두공원,"서울특별시 동대문구 용두동 34-1"
벚나무,용두공원,"서울특별시 동대문구 용두동 34-1"
느티나무,용두공원,"서울특별시 동대문구 용두동 34-1"
느티나무,용두공원,"서울특별시 동대문구 용두동 34-1"
느티나무,용두공원,"서울특별시 동대문구 용두동 34-1"
잣나무,용두공원,"서울특별시 동대문구 용두동 34-1"
메타세쿼이아,용두공원,"서울특별시 동대문구 용두동 34-1"
소나무,용두공원,"서울특별시 동대문구 용두동 34-1"
벚나무,용두공원,"서울특별시 동대문구 용두동 34-1"
느티나무,용두공원,"서울특별시 동대문구 용두동 34-1"
잣나무,용두공원,"서울특별시 동대문구 용두동 34-1"
벚나무,용두공원,"서울특별시 동대문구 용두동 34-1"
메타세쿼이아,용두공원,"서울특별시 동대문구 용두동 34-1"
잣나무,용두공원,"서울특별시 동대문구 용두동 34-1"
단풍나무,용두공원,"서울특별시 동대문구 용두동 34-1"
잣나무,용두공원,"서울특별시 동대문구 용두동 34-1"
소나무,용두공원,"서울특별시 동대문구 용두동 34-1"
메타세쿼이아,용두공원,"서울특별시 동대문구 용두동 34-1"
잣나무,용두공원,"서울특별시 동대문구 용두동 34-1"
벚나무,용두공원,"서울특별시 동대문구 용두동 34-1"
잣나무,용두공원,"서울특별시 동대문구 용두동 34-1"
메타세쿼이아,용두공원,"서울특별시 동대문구 용두동 34-1"
소나무,용두공원,"서울특별시 동대문구 용두동 34-1"
소나무,용두공원,"서울특별시 동대문구 용두동 34-1"
잣나무,용두공원,"서울특별시 동대문구 용두동 34-1"
메타세쿼이아,용두공원,"서울특별시 동대문구 용두동 34-1"
잣나무,용두공원,"서울특별시 동대문구 용두동 34-1"
잣나무,용두공원,"서울특별시 동대문구 용두동 34-1"
메타세쿼이아,용두공원,"서울특별시 동대문구 용두동 34-1"
소나무,용두공원,"서울특별시 동대문구 용두동 34-1"
잣나무,용두공원,"서울특별시 동대문구 용두동 34-1"
잣나무,용두공원,"서울특별시 동대문구 용두동 34-1"
소나무,용두공원,"서울특별시 동대문구 용두동 34-1"
잣나무,용두공원,"서울특별시 동대문구 용두동 34-1"
중국단풍,용두공원,"서울특별시 동대문구 용두동 34-1"
중국단풍,용두공원,"서울특별시 동대문구 용두동 34-1"
느티나무,용두공원,"서울특별시 동대문구 용두동 34-1"
소나무,용두공원,"서울특별시 동대문구 용두동 34-1"
중국단풍,용두공원,"서울특별시 동대문구 용두동 34-1"
소나무,용두공원,"서울특별시 동대문구 용두동 34-1"
중국단풍,용두공원,"서울특별시 동대문구 용두동 34-1"
잣나무,용두공원,"서울특별시 동대문구 용두동 34-1"
소나무,용두공원,"서울특별시 동대문구 용두동 34-1"
잣나무,용두공원,"서울특별시 동대문구 용두동 34-1"
잣나무,용두공원,"서울특별시 동대문구 용두동 34-1"
느티나무,용두공원,"서울특별시 동대문구 용두동 34-1"
잣나무,용두공원,"서울특별시 동대문구 용두동 34-1"
목련,용두공원,"서울특별시 동대문구 용두동 34-1"
느티나무,용두공원,"서울특별시 동대문구 용두동 34-1"
벚나무,용두공원,"서울특별시 동대문구 용두동 34-1"
잣나무,용두공원,"서울특별시 동대문구 용두동 34-1"
잣나무,용두공원,"서울특별시 동대문구 용두동 34-1"
느티나무,용두공원,"서울특별시 동대문구 용두동 34-1"
느티나무,용두공원,"서울특별시 동대문구 용두동 34-1"
소나무,용두공원,"서울특별시 동대문구 용두동 34-1"
참나무,용두공원,"서울특별시 동대문구 용두동 34-1"
중국단풍,용두공원,"서울특별시 동대문구 용두동 34-1"
느티나무,용두공원,"서울특별시 동대문구 용두동 34-1"
잣나무,용두공원,"서울특별시 동대문구 용두동 34-1"
느티나무,용두공원,"서울특별시 동대문구 용두동 34-1"
잣나무,용두공원,"서울특별시 동대문구 용두동 34-1"
잣나무,용두공원,"서울특별시 동대문구 용두동 34-1"
잣나무,용두공원,"서울특별시 동대문구 용두동 34-1"
벚나무,용두공원,"서울특별시 동대문구 용두동 34-1"
잣나무,용두공원,"서울특별시 동대문구 용두동 34-1"
벚나무,용두공원,"서울특별시 동대문구 용두동 34-1"
벚나무,용두공원,"서울특별시 동대문구 용두동 34-1"
벚나무,용두공원,"서울특별시 동대문구 용두동 34-1"
벚나무,용두공원,"서울특별시 동대문구 용두동 34-1"
산수유,용두공원,"서울특별시 동대문구 용두동 34-1"
벚나무,용두공원,"서울특별시 동대문구 용두동 34-1"
벚나무,용두공원,"서울특별시 동대문구 용두동 34-1"
잣나무,용두공원,"서울특별시 동대문구 용두동 34-1"
벚나무,용두공원,"서울특별시 동대문구 용두동 34-1"
잣나무,용두공원,"서울특별시 동대문구 용두동 34-1"
벚나무,용두공원,"서울특별시 동대문구 용두동 34-1"
목련,용두공원,"서울특별시 동대문구 용두동 34-1"
벚나무,용두공원,"서울특별시 동대문구 용두동 34-1"
벚나무,용두공원,"서울특별시 동대문구 용두동 34-1"
벚나무,용두공원,"서울특별시 동대문구 용두동 34-1"
잣나무,용두공원,"서울특별시 동대문구 용두동 34-1"
벚나무,용두공원,"서울특별시 동대문구 용두동 34-1"
모과나무,용두공원,"서울특별시 동대문구 용두동 34-1"
벚나무,용두공원,"서울특별시 동대문구 용두동 34-1"
느티나무,용두공원,"서울특별시 동대문구 용두동 34-1"
은행나무,용두공원,"서울특별시 동대문구 용두동 34-1"
잣나무,용두공원,"서울특별시 동대문구 용두동 34-1"
벚나무,용두공원,"서울특별시 동대문구 용두동 34-1"
소나무,용두공원,"서울특별시 동대문구 용두동 34-1"
소나무,용두공원,"서울특별시 동대문구 용두동 34-1"
벚나무,용두공원,"서울특별시 동대문구 용두동 34-1"
단풍나무,용두공원,"서울특별시 동대문구 용두동 34-1"
벚나무,용두공원,"서울특별시 동대문구 용두동 34-1"
벚나무,용두공원,"서울특별시 동대문구 용두동 34-1"
잣나무,용두공원,"서울특별시 동대문구 용두동 34-1"
소나무,용두공원,"서울특별시 동대문구 용두동 34-1"
잣나무,용두공원,"서울특별시 동대문구 용두동 34-1"
잣나무,용두공원,"서울특별시 동대문구 용두동 34-1"
잣나무,용두공원,"서울특별시 동대문구 용두동 34-1"
소나무,용두공원,"서울특별시 동대문구 용두동 34-1"
벚나무,용두공원,"서울특별시 동대문구 용두동 34-1"
소나무,용두공원,"서울특별시 동대문구 용두동 34-1"
단풍나무,용두공원,"서울특별시 동대문구 용두동 34-1"
단풍나무,용두공원,"서울특별시 동대문구 용두동 34-1"
소나무,용두공원,"서울특별시 동대문구 용두동 34-1"
소나무,용두공원,"서울특별시 동대문구 용두동 34-1"
소나무,용두공원,"서울특별시 동대문구 용두동 34-1"
소나무,용두공원,"서울특별시 동대문구 용두동 34-1"
소나무,용두공원,"서울특별시 동대문구 용두동 34-1"
소나무,용두공원,"서울특별시 동대문구 용두동 34-1"
소나무,용두공원,"서울특별시 동대문구 용두동 34-1"
벚나무,용두공원,"서울특별시 동대문구 용두동 34-1"
소나무,용두공원,"서울특별시 동대문구 용두동 34-1"
소나무,용두공원,"서울특별시 동대문구 용두동 34-1"
소나무,용두공원,"서울특별시 동대문구 용두동 34-1"
벚나무,용두공원,"서울특별시 동대문구 용두동 34-1"
소나무,용두공원,"서울특별시 동대문구 용두동 34-1"
소나무,용두공원,"서울특별시 동대문구 용두동 34-1"
소나무,용두공원,"서울특별시 동대문구 용두동 34-1"
소나무,용두공원,"서울특별시 동대문구 용두동 34-1"
소나무,용두공원,"서울특별시 동대문구 용두동 34-1"
소나무,용두공원,"서울특별시 동대문구 용두동 34-1"
소나무,용두공원,"서울특별시 동대문구 용두동 34-1"
벚나무,용두공원,"서울특별시 동대문구 용두동 34-1"
소나무,용두공원,"서울특별시 동대문구 용두동 34-1"
대추나무,용두공원,"서울특별시 동대문구 용두동 34-1"
소나무,용두공원,"서울특별시 동대문구 용두동 34-1"
대추나무,용두공원,"서울특별시 동대문구 용두동 34-1"
소나무,용두공원,"서울특별시 동대문구 용두동 34-1"
소나무,용두공원,"서울특별시 동대문구 용두동 34-1"
소나무,용두공원,"서울특별시 동대문구 용두동 34-1"
소나무,용두공원,"서울특별시 동대문구 용두동 34-1"
벚나무,용두공원,"서울특별시 동대문구 용두동 34-1"
벚나무,용두공원,"서울특별시 동대문구 용두동 34-1"
대추나무,용두공원,"서울특별시 동대문구 용두동 34-1"
단풍나무,용두공원,"서울특별시 동대문구 용두동 34-1"
단풍나무,용두공원,"서울특별시 동대문구 용두동 34-1"
벚나무,용두공원,"서울특별시 동대문구 용두동 34-1"
벚나무,용두공원,"서울특별시 동대문구 용두동 34-1"
단풍나무,용두공원,"서울특별시 동대문구 용두동 34-1"
벚나무,용두공원,"서울특별시 동대문구 용두동 34-1"
소나무,용두공원,"서울특별시 동대문구 용두동 34-1"
소나무,용두공원,"서울특별시 동대문구 용두동 34-1"
느티나무,용두공원,"서울특별시 동대문구 용두동 34-1"
소나무,용두공원,"서울특별시 동대문구 용두동 34-1"
느티나무,용두공원,"서울특별시 동대문구 용두동 34-1"
느티나무,용두공원,"서울특별시 동대문구 용두동 34-1"
은행나무,용두공원,"서울특별시 동대문구 용두동 34-1"
느티나무,용두공원,"서울특별시 동대문구 용두동 34-1"
느티나무,용두공원,"서울특별시 동대문구 용두동 34-1"
느티나무,용두공원,"서울특별시 동대문구 용두동 34-1"
느티나무,용두공원,"서울특별시 동대문구 용두동 34-1"
벚나무,용두공원,"서울특별시 동대문구 용두동 34-1"
느티나무,용두공원,"서울특별시 동대문구 용두동 34-1"
느티나무,용두공원,"서울특별시 동대문구 용두동 34-1"
느티나무,용두공원,"서울특별시 동대문구 용두동 34-1"
느티나무,용두공원,"서울특별시 동대문구 용두동 34-1"
느티나무,용두공원,"서울특별시 동대문구 용두동 34-1"
느티나무,용두공원,"서울특별시 동대문구 용두동 34-1"
단풍나무,용두공원,"서울특별시 동대문구 용두동 34-1"
대추나무,용두공원,"서울특별시 동대문구 용두동 34-1"
대추나무,용두공원,"서울특별시 동대문구 용두동 34-1"
단풍나무,용두공원,"서울특별시 동대문구 용두동 34-1"
단풍나무,용두공원,"서울특별시 동대문구 용두동 34-1"
버드나무,용두공원,"서울특별시 동대문구 용두동 34-1"
대추나무,용두공원,"서울특별시 동대문구 용두동 34-1"
대추나무,용두공원,"서울특별시 동대문구 용두동 34-1"
대추나무,용두공원,"서울특별시 동대문구 용두동 34-1"
목련,용두공원,"서울특별시 동대문구 용두동 34-1"
느티나무,용두공원,"서울특별시 동대문구 용두동 34-1"
느티나무,용두공원,"서울특별시 동대문구 용두동 34-1"
느티나무,용두공원,"서울특별시 동대문구 용두동 34-1"
느티나무,용두공원,"서울특별시 동대문구 용두동 34-1"
느티나무,용두공원,"서울특별시 동대문구 용두동 34-1"
느티나무,용두공원,"서울특별시 동대문구 용두동 34-1"
자귀나무,용두공원,"서울특별시 동대문구 용두동 34-1"
배롱나무,용두공원,"서울특별시 동대문구 용두동 34-1"
자귀나무,용두공원,"서울특별시 동대문구 용두동 34-1"
자귀나무,용두공원,"서울특별시 동대문구 용두동 34-1"
자귀나무,용두공원,"서울특별시 동대문구 용두동 34-1"
벚나무,용두공원,"서울특별시 동대문구 용두동 34-1"
벚나무,용두공원,"서울특별시 동대문구 용두동 34-1"
벚나무,용두공원,"서울특별시 동대문구 용두동 34-1"
벚나무,용두공원,"서울특별시 동대문구 용두동 34-1"
벚나무,용두공원,"서울특별시 동대문구 용두동 34-1"
벚나무,용두공원,"서울특별시 동대문구 용두동 34-1"
벚나무,용두공원,"서울특별시 동대문구 용두동 34-1"
단풍나무,용두공원,"서울특별시 동대문구 용두동 34-1"
벚나무,용두공원,"서울특별시 동대문구 용두동 34-1"
매실나무,용두공원,"서울특별시 동대문구 용두동 34-1"
매실나무,용두공원,"서울특별시 동대문구 용두동 34-1"
살구나무,용두공원,"서울특별시 동대문구 용두동 34-1"
산수유,용두공원,"서울특별시 동대문구 용두동 34-1"
산수유,용두공원,"서울특별시 동대문구 용두동 34-1"
산수유,용두공원,"서울특별시 동대문구 용두동 34-1"
산수유,용두공원,"서울특별시 동대문구 용두동 34-1"
산수유,용두공원,"서울특별시 동대문구 용두동 34-1"
중국단풍,용두공원,"서울특별시 동대문구 용두동 34-1"
모과나무,용두공원,"서울특별시 동대문구 용두동 34-1"
중국단풍,용두공원,"서울특별시 동대문구 용두동 34-1"
참나무,용두공원,"서울특별시 동대문구 용두동 34-1"
모과나무,용두공원,"서울특별시 동대문구 용두동 34-1"
참나무,용두공원,"서울특별시 동대문구 용두동 34-1"
중국단풍,용두공원,"서울특별시 동대문구 용두동 34-1"
소나무,용두공원,"서울특별시 동대문구 용두동 34-1"
산수유,용두공원,"서울특별시 동대문구 용두동 34-1"
이팝나무,용두공원,"서울특별시 동대문구 용두동 34-1"
소나무,용두공원,"서울특별시 동대문구 용두동 34-1"
이팝나무,용두공원,"서울특별시 동대문구 용두동 34-1"
느티나무,용두공원,"서울특별시 동대문구 용두동 34-1"
소나무,용두공원,"서울특별시 동대문구 용두동 34-1"
소나무,용두공원,"서울특별시 동대문구 용두동 34-1"
소나무,용두공원,"서울특별시 동대문구 용두동 34-1"
소나무,용두공원,"서울특별시 동대문구 용두동 34-1"
소나무,용두공원,"서울특별시 동대문구 용두동 34-1"
소나무,용두공원,"서울특별시 동대문구 용두동 34-1"
소나무,용두공원,"서울특별시 동대문구 용두동 34-1"
소나무,용두공원,"서울특별시 동대문구 용두동 34-1"
소나무,용두공원,"서울특별시 동대문구 용두동 34-1"
소나무,용두공원,"서울특별시 동대문구 용두동 34-1"
소나무,용두공원,"서울특별시 동대문구 용두동 34-1"
소나무,용두공원,"서울특별시 동대문구 용두동 34-1"
소나무,용두공원,"서울특별시 동대문구 용두동 34-1"
소나무,용두공원,"서울특별시 동대문구 용두동 34-1"
소나무,용두공원,"서울특별시 동대문구 용두동 34-1"
이팝나무,용두공원,"서울특별시 동대문구 용두동 34-1"
단풍나무,용두공원,"서울특별시 동대문구 용두동 34-1"
단풍나무,용두공원,"서울특별시 동대문구 용두동 34-1"
단풍나무,용두공원,"서울특별시 동대문구 용두동 34-1"
백합나무,용두공원,"서울특별시 동대문구 용두동 34-1"
단풍나무,용두공원,"서울특별시 동대문구 용두동 34-1"
단풍나무,용두공원,"서울특별시 동대문구 용두동 34-1"
살구나무,용두공원,"서울특별시 동대문구 용두동 34-1"
백합나무,용두공원,"서울특별시 동대문구 용두동 34-1"
매실나무,용두공원,"서울특별시 동대문구 용두동 34-1"
단풍나무,용두공원,"서울특별시 동대문구 용두동 34-1"
백합나무,용두공원,"서울특별시 동대문구 용두동 34-1"
매실나무,용두공원,"서울특별시 동대문구 용두동 34-1"
소나무,용두공원,"서울특별시 동대문구 용두동 34-1"
단풍나무,용두공원,"서울특별시 동대문구 용두동 34-1"
소나무,용두공원,"서울특별시 동대문구 용두동 34-1"
소나무,용두공원,"서울특별시 동대문구 용두동 34-1"
매실나무,용두공원,"서울특별시 동대문구 용두동 34-1"
뽕나무,용두공원,"서울특별시 동대문구 용두동 34-1"
주목,용두공원,"서울특별시 동대문구 용두동 34-1"
주목,용두공원,"서울특별시 동대문구 용두동 34-1"
감나무,용두공원,"서울특별시 동대문구 용두동 34-1"
감나무,용두공원,"서울특별시 동대문구 용두동 34-1"
살구나무,용두공원,"서울특별시 동대문구 용두동 34-1"
감나무,용두공원,"서울특별시 동대문구 용두동 34-1"
단풍나무,용두공원,"서울특별시 동대문구 용두동 34-1"
자귀나무,용두공원,"서울특별시 동대문구 용두동 34-1"
단풍나무,용두공원,"서울특별시 동대문구 용두동 34-1"
백합나무,용두공원,"서울특별시 동대문구 용두동 34-1"
단풍나무,용두공원,"서울특별시 동대문구 용두동 34-1"
단풍나무,용두공원,"서울특별시 동대문구 용두동 34-1"
참나무,용두공원,"서울특별시 동대문구 용두동 34-1"
단풍나무,용두공원,"서울특별시 동대문구 용두동 34-1"
백합나무,용두공원,"서울특별시 동대문구 용두동 34-1"
소나무,용두공원,"서울특별시 동대문구 용두동 34-1"
소나무,용두공원,"서울특별시 동대문구 용두동 34-1"
소나무,용두공원,"서울특별시 동대문구 용두동 34-1"
참나무,용두공원,"서울특별시 동대문구 용두동 34-1"
단풍나무,용두공원,"서울특별시 동대문구 용두동 34-1"
참나무,용두공원,"서울특별시 동대문구 용두동 34-1"
이팝나무,용두공원,"서울특별시 동대문구 용두동 34-1"
벚나무,용두공원,"서울특별시 동대문구 용두동 34-1"
벚나무,용두공원,"서울특별시 동대문구 용두동 34-1"
단풍나무,용두공원,"서울특별시 동대문구 용두동 34-1"
단풍나무,용두공원,"서울특별시 동대문구 용두동 34-1"
단풍나무,용두공원,"서울특별시 동대문구 용두동 34-1"
때죽나무,용두공원,"서울특별시 동대문구 용두동 34-1"
백합나무,용두공원,"서울특별시 동대문구 용두동 34-1"
벚나무,용두공원,"서울특별시 동대문구 용두동 34-1"
벚나무,용두공원,"서울특별시 동대문구 용두동 34-1"
벚나무,용두공원,"서울특별시 동대문구 용두동 34-1"
소나무,용두공원,"서울특별시 동대문구 용두동 34-1"
단풍나무,용두공원,"서울특별시 동대문구 용두동 34-1"
단풍나무,용두공원,"서울특별시 동대문구 용두동 34-1"
버드나무,용두공원,"서울특별시 동대문구 용두동 34-1"
뽕나무,용두공원,"서울특별시 동대문구 용두동 34-1"
벚나무,용두공원,"서울특별시 동대문구 용두동 34-1"
소나무,용두공원,"서울특별시 동대문구 용두동 34-1"
단풍나무,용두공원,"서울특별시 동대문구 용두동 34-1"
참나무,용두공원,"서울특별시 동대문구 용두동 34-1"
단풍나무,용두공원,"서울특별시 동대문구 용두동 34-1"
벚나무,용두공원,"서울특별시 동대문구 용두동 34-1"
참나무,용두공원,"서울특별시 동대문구 용두동 34-1"
느티나무,용두공원,"서울특별시 동대문구 용두동 34-1"
벚나무,용두공원,"서울특별시 동대문구 용두동 34-1"
참나무,용두공원,"서울특별시 동대문구 용두동 34-1"
참나무,용두공원,"서울특별시 동대문구 용두동 34-1"
산딸나무,용두공원,"서울특별시 동대문구 용두동 34-1"
산딸나무,용두공원,"서울특별시 동대문구 용두동 34-1"
밤나무,용두공원,"서울특별시 동대문구 용두동 34-1"
살구나무,용두공원,"서울특별시 동대문구 용두동 34-1"
참나무,용두공원,"서울특별시 동대문구 용두동 34-1"
참나무,용두공원,"서울특별시 동대문구 용두동 34-1"
참나무,용두공원,"서울특별시 동대문구 용두동 34-1"
소나무,용두공원,"서울특별시 동대문구 용두동 34-1"
참나무,용두공원,"서울특별시 동대문구 용두동 34-1"
이팝나무,용두공원,"서울특별시 동대문구 용두동 34-1"
소나무,용두공원,"서울특별시 동대문구 용두동 34-1"
단풍나무,용두공원,"서울특별시 동대문구 용두동 34-1"
참나무,용두공원,"서울특별시 동대문구 용두동 34-1"
단풍나무,용두공원,"서울특별시 동대문구 용두동 34-1"
이팝나무,용두공원,"서울특별시 동대문구 용두동 34-1"
소나무,용두공원,"서울특별시 동대문구 용두동 34-1"
소나무,용두공원,"서울특별시 동대문구 용두동 34-1"
때죽나무,용두공원,"서울특별시 동대문구 용두동 34-1"
소나무,용두공원,"서울특별시 동대문구 용두동 34-1"
벚나무,용두공원,"서울특별시 동대문구 용두동 34-1"
단풍나무,용두공원,"서울특별시 동대문구 용두동 34-1"
단풍나무,용두공원,"서울특별시 동대문구 용두동 34-1"
단풍나무,용두공원,"서울특별시 동대문구 용두동 34-1"
향나무,용두공원,"서울특별시 동대문구 용두동 34-1"
이팝나무,용두공원,"서울특별시 동대문구 용두동 34-1"
벚나무,용두공원,"서울특별시 동대문구 용두동 34-1"
참나무,용두공원,"서울특별시 동대문구 용두동 34-1"
느티나무,용두공원,"서울특별시 동대문구 용두동 34-1"
잣나무,용두공원,"서울특별시 동대문구 용두동 34-1"
벚나무,용두공원,"서울특별시 동대문구 용두동 34-1"
이팝나무,용두공원,"서울특별시 동대문구 용두동 34-1"
단풍나무,용두공원,"서울특별시 동대문구 용두동 34-1"
이팝나무,용두공원,"서울특별시 동대문구 용두동 34-1"
단풍나무,용두공원,"서울특별시 동대문구 용두동 34-1"
벚나무,용두공원,"서울특별시 동대문구 용두동 34-1"
단풍나무,용두공원,"서울특별시 동대문구 용두동 34-1"
모과나무,용두공원,"서울특별시 동대문구 용두동 34-1"
단풍나무,용두공원,"서울특별시 동대문구 용두동 34-1"
잣나무,용두공원,"서울특별시 동대문구 용두동 34-1"
단풍나무,용두공원,"서울특별시 동대문구 용두동 34-1"
잣나무,용두공원,"서울특별시 동대문구 용두동 34-1"
모과나무,용두공원,"서울특별시 동대문구 용두동 34-1"
잣나무,용두공원,"서울특별시 동대문구 용두동 34-1"
잣나무,용두공원,"서울특별시 동대문구 용두동 34-1"
소나무,용두공원,"서울특별시 동대문구 용두동 34-1"
소나무,용두공원,"서울특별시 동대문구 용두동 34-1"
소나무,용두공원,"서울특별시 동대문구 용두동 34-1"
소나무,용두공원,"서울특별시 동대문구 용두동 34-1"
소나무,용두공원,"서울특별시 동대문구 용두동 34-1"
단풍나무,용두공원,"서울특별시 동대문구 용두동 34-1"
느티나무,용두공원,"서울특별시 동대문구 용두동 34-1"
느티나무,용두공원,"서울특별시 동대문구 용두동 34-1"
모과나무,용두공원,"서울특별시 동대문구 용두동 34-1"
향나무,용두공원,"서울특별시 동대문구 용두동 34-1"
단풍나무,용두공원,"서울특별시 동대문구 용두동 34-1"
향나무,용두공원,"서울특별시 동대문구 용두동 34-1"
단풍나무,용두공원,"서울특별시 동대문구 용두동 34-1"
벚나무,용두공원,"서울특별시 동대문구 용두동 34-1"
잣나무,용두공원,"서울특별시 동대문구 용두동 34-1"
단풍나무,용두공원,"서울특별시 동대문구 용두동 34-1"
소나무,용두공원,"서울특별시 동대문구 용두동 34-1"
잣나무,용두공원,"서울특별시 동대문구 용두동 34-1"
단풍나무,용두공원,"서울특별시 동대문구 용두동 34-1"
벚나무,용두공원,"서울특별시 동대문구 용두동 34-1"
소나무,용두공원,"서울특별시 동대문구 용두동 34-1"
단풍나무,용두공원,"서울특별시 동대문구 용두동 34-1"
참나무,용두공원,"서울특별시 동대문구 용두동 34-1"
단풍나무,용두공원,"서울특별시 동대문구 용두동 34-1"
벚나무,용두공원,"서울특별시 동대문구 용두동 34-1"
중국단풍,용두공원,"서울특별시 동대문구 용두동 34-1"
벚나무,용두공원,"서울특별시 동대문구 용두동 34-1"
산수유,용두공원,"서울특별시 동대문구 용두동 34-1"
벚나무,용두공원,"서울특별시 동대문구 용두동 34-1"
산수유,용두공원,"서울특별시 동대문구 용두동 34-1"
소나무,용두공원,"서울특별시 동대문구 용두동 34-1"
산수유,용두공원,"서울특별시 동대문구 용두동 34-1"
소나무,용두공원,"서울특별시 동대문구 용두동 34-1"
중국단풍,용두공원,"서울특별시 동대문구 용두동 34-1"
감나무,용두공원,"서울특별시 동대문구 용두동 34-1"
산수유,용두공원,"서울특별시 동대문구 용두동 34-1"
중국단풍,용두공원,"서울특별시 동대문구 용두동 34-1"
소나무,용두공원,"서울특별시 동대문구 용두동 34-1"
소나무,용두공원,"서울특별시 동대문구 용두동 34-1"
소나무,용두공원,"서울특별시 동대문구 용두동 34-1"
소나무,용두공원,"서울특별시 동대문구 용두동 34-1"
소나무,용두공원,"서울특별시 동대문구 용두동 34-1"
참나무,용두공원,"서울특별시 동대문구 용두동 34-1"
소나무,용두공원,"서울특별시 동대문구 용두동 34-1"
산수유,용두공원,"서울특별시 동대문구 용두동 34-1"
소나무,용두공원,"서울특별시 동대문구 용두동 34-1"
소나무,용두공원,"서울특별시 동대문구 용두동 34-1"
감나무,용두공원,"서울특별시 동대문구 용두동 34-1"
산딸나무,용두공원,"서울특별시 동대문구 용두동 34-1"
감나무,용두공원,"서울특별시 동대문구 용두동 34-1"
모과나무,용두공원,"서울특별시 동대문구 용두동 34-1"
산수유,용두공원,"서울특별시 동대문구 용두동 34-1"
주목,용두공원,"서울특별시 동대문구 용두동 34-1"
단풍나무,용두공원,"서울특별시 동대문구 용두동 34-1"
단풍나무,용두공원,"서울특별시 동대문구 용두동 34-1"
단풍나무,용두공원,"서울특별시 동대문구 용두동 34-1"
단풍나무,용두공원,"서울특별시 동대문구 용두동 34-1"
모과나무,용두공원,"서울특별시 동대문구 용두동 34-1"
느티나무,용두공원,"서울특별시 동대문구 용두동 34-1"
모과나무,용두공원,"서울특별시 동대문구 용두동 34-1"
주목,용두공원,"서울특별시 동대문구 용두동 34-1"
느티나무,용두공원,"서울특별시 동대문구 용두동 34-1"
감나무,용두공원,"서울특별시 동대문구 용두동 34-1"
느티나무,용두공원,"서울특별시 동대문구 용두동 34-1"
주목,용두공원,"서울특별시 동대문구 용두동 34-1"
단풍나무,용두공원,"서울특별시 동대문구 용두동 34-1"
모과나무,용두공원,"서울특별시 동대문구 용두동 34-1"
단풍나무,용두공원,"서울특별시 동대문구 용두동 34-1"
모과나무,용두공원,"서울특별시 동대문구 용두동 34-1"
단풍나무,용두공원,"서울특별시 동대문구 용두동 34-1"
느티나무,용두공원,"서울특별시 동대문구 용두동 34-1"
모과나무,용두공원,"서울특별시 동대문구 용두동 34-1"
산수유,용두공원,"서울특별시 동대문구 용두동 34-1"
산수유,용두공원,"서울특별시 동대문구 용두동 34-1"
벚나무,용두공원,"서울특별시 동대문구 용두동 34-1"
단풍나무,용두공원,"서울특별시 동대문구 용두동 34-1"
단풍나무,용두공원,"서울특별시 동대문구 용두동 34-1"
벚나무,용두공원,"서울특별시 동대문구 용두동 34-1"
단풍나무,용두공원,"서울특별시 동대문구 용두동 34-1"
왕벚나무,용두공원,"서울특별시 동대문구 용두동 34-1"
벚나무,용두공원,"서울특별시 동대문구 용두동 34-1"
벚나무,용두공원,"서울특별시 동대문구 용두동 34-1"
단풍나무,용두공원,"서울특별시 동대문구 용두동 34-1"
단풍나무,용두공원,"서울특별시 동대문구 용두동 34-1"
소나무,용두공원,"서울특별시 동대문구 용두동 34-1"
소나무,용두공원,"서울특별시 동대문구 용두동 34-1"
소나무,용두공원,"서울특별시 동대문구 용두동 34-1"
참나무,용두공원,"서울특별시 동대문구 용두동 34-1"
소나무,용두공원,"서울특별시 동대문구 용두동 34-1"
소나무,용두공원,"서울특별시 동대문구 용두동 34-1"
소나무,용두공원,"서울특별시 동대문구 용두동 34-1"
소나무,용두공원,"서울특별시 동대문구 용두동 34-1"
소나무,용두공원,"서울특별시 동대문구 용두동 34-1"
단풍나무,용두공원,"서울특별시 동대문구 용두동 34-1"
단풍나무,용두공원,"서울특별시 동대문구 용두동 34-1"
단풍나무,용두공원,"서울특별시 동대문구 용두동 34-1"
산딸나무,용두공원,"서울특별시 동대문구 용두동 34-1"
산딸나무,용두공원,"서울특별시 동대문구 용두동 34-1"
은행나무,용두공원,"서울특별시 동대문구 용두동 34-1"
산딸나무,용두공원,"서울특별시 동대문구 용두동 34-1"
느티나무,용두공원,"서울특별시 동대문구 용두동 34-1"
밤나무,용두공원,"서울특별시 동대문구 용두동 34-1"
단풍나무,용두공원,"서울특별시 동대문구 용두동 34-1"
단풍나무,용두공원,"서울특별시 동대문구 용두동 34-1"
단풍나무,용두공원,"서울특별시 동대문구 용두동 34-1"
단풍나무,용두공원,"서울특별시 동대문구 용두동 34-1"
단풍나무,용두공원,"서울특별시 동대문구 용두동 34-1"
벚나무,용두공원,"서울특별시 동대문구 용두동 34-1"
벚나무,용두공원,"서울특별시 동대문구 용두동 34-1"
중국단풍,용두공원,"서울특별시 동대문구 용두동 34-1"
중국단풍,용두공원,"서울특별시 동대문구 용두동 34-1"
단풍나무,용두공원,"서울특별시 동대문구 용두동 34-1"
중국단풍,용두공원,"서울특별시 동대문구 용두동 34-1"
단풍나무,용두공원,"서울특별시 동대문구 용두동 34-1"
단풍나무,용두공원,"서울특별시 동대문구 용두동 34-1"
단풍나무,용두공원,"서울특별시 동대문구 용두동 34-1"
벚나무,용두공원,"서울특별시 동대문구 용두동 34-1"
단풍나무,용두공원,"서울특별시 동대문구 용두동 34-1"
단풍나무,용두공원,"서울특별시 동대문구 용두동 34-1"
회화나무,용두공원,"서울특별시 동대문구 용두동 34-1"
벚나무,용두공원,"서울특별시 동대문구 용두동 34-1"
벚나무,용두공원,"서울특별시 동대문구 용두동 34-1"
잣나무,용두공원,"서울특별시 동대문구 용두동 34-1"
잣나무,용두공원,"서울특별시 동대문구 용두동 34-1"
잣나무,용두공원,"서울특별시 동대문구 용두동 34-1"
잣나무,용두공원,"서울특별시 동대문구 용두동 34-1"
벚나무,용두공원,"서울특별시 동대문구 용두동 34-1"
단풍나무,용두공원,"서울특별시 동대문구 용두동 34-1"
단풍나무,용두공원,"서울특별시 동대문구 용두동 34-1"
때죽나무,용두공원,"서울특별시 동대문구 용두동 34-1"
벚나무,용두공원,"서울특별시 동대문구 용두동 34-1"
때죽나무,용두공원,"서울특별시 동대문구 용두동 34-1"
때죽나무,용두공원,"서울특별시 동대문구 용두동 34-1"
때죽나무,용두공원,"서울특별시 동대문구 용두동 34-1"
산수유,용두공원,"서울특별시 동대문구 용두동 34-1"
잣나무,용두공원,"서울특별시 동대문구 용두동 34-1"
단풍나무,용두공원,"서울특별시 동대문구 용두동 34-1"
잣나무,용두공원,"서울특별시 동대문구 용두동 34-1"
잣나무,용두공원,"서울특별시 동대문구 용두동 34-1"
잣나무,용두공원,"서울특별시 동대문구 용두동 34-1"
벚나무,용두공원,"서울특별시 동대문구 용두동 34-1"
벚나무,용두공원,"서울특별시 동대문구 용두동 34-1"
때죽나무,용두공원,"서울특별시 동대문구 용두동 34-1"
벚나무,용두공원,"서울특별시 동대문구 용두동 34-1"
벚나무,용두공원,"서울특별시 동대문구 용두동 34-1"
단풍나무,용두공원,"서울특별시 동대문구 용두동 34-1"
단풍나무,용두공원,"서울특별시 동대문구 용두동 34-1"
잣나무,용두공원,"서울특별시 동대문구 용두동 34-1"
단풍나무,용두공원,"서울특별시 동대문구 용두동 34-1"
잣나무,용두공원,"서울특별시 동대문구 용두동 34-1"
단풍나무,용두공원,"서울특별시 동대문구 용두동 34-1"
잣나무,용두공원,"서울특별시 동대문구 용두동 34-1"
느티나무,용두공원,"서울특별시 동대문구 용두동 34-1"
잣나무,용두공원,"서울특별시 동대문구 용두동 34-1"
잣나무,용두공원,"서울특별시 동대문구 용두동 34-1"
단풍나무,용두공원,"서울특별시 동대문구 용두동 34-1"
단풍나무,용두공원,"서울특별시 동대문구 용두동 34-1"
단풍나무,용두공원,"서울특별시 동대문구 용두동 34-1"
산딸나무,용두공원,"서울특별시 동대문구 용두동 34-1"
벚나무,용두공원,"서울특별시 동대문구 용두동 34-1"
단풍나무,용두공원,"서울특별시 동대문구 용두동 34-1"
느티나무,용두공원,"서울특별시 동대문구 용두동 34-1"
느티나무,용두공원,"서울특별시 동대문구 용두동 34-1"
산딸나무,용두공원,"서울특별시 동대문구 용두동 34-1"
때죽나무,용두공원,"서울특별시 동대문구 용두동 34-1"
단풍나무,용두공원,"서울특별시 동대문구 용두동 34-1"
때죽나무,용두공원,"서울특별시 동대문구 용두동 34-1"
단풍나무,용두공원,"서울특별시 동대문구 용두동 34-1"
단풍나무,용두공원,"서울특별시 동대문구 용두동 34-1"
단풍나무,용두공원,"서울특별시 동대문구 용두동 34-1"
때죽나무,용두공원,"서울특별시 동대문구 용두동 34-1"
때죽나무,용두공원,"서울특별시 동대문구 용두동 34-1"
때죽나무,용두공원,"서울특별시 동대문구 용두동 34-1"
모과나무,용두공원,"서울특별시 동대문구 용두동 34-1"
잣나무,용두공원,"서울특별시 동대문구 용두동 34-1"
잣나무,용두공원,"서울특별시 동대문구 용두동 34-1"
모과나무,용두공원,"서울특별시 동대문구 용두동 34-1"
잣나무,용두공원,"서울특별시 동대문구 용두동 34-1"
모과나무,용두공원,"서울특별시 동대문구 용두동 34-1"
잣나무,용두공원,"서울특별시 동대문구 용두동 34-1"
모과나무,용두공원,"서울특별시 동대문구 용두동 34-1"
잣나무,용두공원,"서울특별시 동대문구 용두동 34-1"
잣나무,용두공원,"서울특별시 동대문구 용두동 34-1"
모과나무,용두공원,"서울특별시 동대문구 용두동 34-1"
산수유,용두공원,"서울특별시 동대문구 용두동 34-1"
산수유,용두공원,"서울특별시 동대문구 용두동 34-1"
산수유,용두공원,"서울특별시 동대문구 용두동 34-1"
산수유,용두공원,"서울특별시 동대문구 용두동 34-1"
잣나무,용두공원,"서울특별시 동대문구 용두동 34-1"
산수유,용두공원,"서울특별시 동대문구 용두동 34-1"
산수유,용두공원,"서울특별시 동대문구 용두동 34-1"
소나무,용두공원,"서울특별시 동대문구 용두동 34-1"
잣나무,용두공원,"서울특별시 동대문구 용두동 34-1"
모과나무,용두공원,"서울특별시 동대문구 용두동 34-1"
소나무,용두공원,"서울특별시 동대문구 용두동 34-1"
잣나무,용두공원,"서울특별시 동대문구 용두동 34-1"
모과나무,용두공원,"서울특별시 동대문구 용두동 34-1"
느티나무,용두공원,"서울특별시 동대문구 용두동 34-1"
잣나무,용두공원,"서울특별시 동대문구 용두동 34-1"
잣나무,용두공원,"서울특별시 동대문구 용두동 34-1"
벚나무,용두공원,"서울특별시 동대문구 용두동 34-1"
벚나무,용두공원,"서울특별시 동대문구 용두동 34-1"
벚나무,용두공원,"서울특별시 동대문구 용두동 34-1"
잣나무,용두공원,"서울특별시 동대문구 용두동 34-1"
단풍나무,용두공원,"서울특별시 동대문구 용두동 34-1"
소나무,용두공원,"서울특별시 동대문구 용두동 34-1"
잣나무,용두공원,"서울특별시 동대문구 용두동 34-1"
단풍나무,용두공원,"서울특별시 동대문구 용두동 34-1"
소나무,용두공원,"서울특별시 동대문구 용두동 34-1"
잣나무,용두공원,"서울특별시 동대문구 용두동 34-1"
잣나무,용두공원,"서울특별시 동대문구 용두동 34-1"
단풍나무,용두공원,"서울특별시 동대문구 용두동 34-1"
잣나무,용두공원,"서울특별시 동대문구 용두동 34-1"
느티나무,용두공원,"서울특별시 동대문구 용두동 34-1"
메타세쿼이아,용두공원,"서울특별시 동대문구 용두동 34-1"
잣나무,용두공원,"서울특별시 동대문구 용두동 34-1"
메타세쿼이아,용두공원,"서울특별시 동대문구 용두동 34-1"
잣나무,용두공원,"서울특별시 동대문구 용두동 34-1"
잣나무,용두공원,"서울특별시 동대문구 용두동 34-1"
산수유,용두공원,"서울특별시 동대문구 용두동 34-1"
벚나무,용두공원,"서울특별시 동대문구 용두동 34-1"
목련,용두공원,"서울특별시 동대문구 용두동 34-1"
잣나무,용두공원,"서울특별시 동대문구 용두동 34-1"
벚나무,용두공원,"서울특별시 동대문구 용두동 34-1"
벚나무,용두공원,"서울특별시 동대문구 용두동 34-1"
소나무,용두공원,"서울특별시 동대문구 용두동 34-1"
메타세쿼이아,용두공원,"서울특별시 동대문구 용두동 34-1"
벚나무,용두공원,"서울특별시 동대문구 용두동 34-1"
벚나무,용두공원,"서울특별시 동대문구 용두동 34-1"
벚나무,용두공원,"서울특별시 동대문구 용두동 34-1"
벚나무,용두공원,"서울특별시 동대문구 용두동 34-1"
잣나무,용두공원,"서울특별시 동대문구 용두동 34-1"
벚나무,용두공원,"서울특별시 동대문구 용두동 34-1"
느티나무,용두공원,"서울특별시 동대문구 용두동 34-1"
느티나무,용두공원,"서울특별시 동대문구 용두동 34-1"
느티나무,용두공원,"서울특별시 동대문구 용두동 34-1"
잣나무,용두공원,"서울특별시 동대문구 용두동 34-1"
메타세쿼이아,용두공원,"서울특별시 동대문구 용두동 34-1"
소나무,용두공원,"서울특별시 동대문구 용두동 34-1"
벚나무,용두공원,"서울특별시 동대문구 용두동 34-1"
느티나무,용두공원,"서울특별시 동대문구 용두동 34-1"
잣나무,용두공원,"서울특별시 동대문구 용두동 34-1"
벚나무,용두공원,"서울특별시 동대문구 용두동 34-1"
메타세쿼이아,용두공원,"서울특별시 동대문구 용두동 34-1"
잣나무,용두공원,"서울특별시 동대문구 용두동 34-1"
단풍나무,용두공원,"서울특별시 동대문구 용두동 34-1"
잣나무,용두공원,"서울특별시 동대문구 용두동 34-1"
소나무,용두공원,"서울특별시 동대문구 용두동 34-1"
메타세쿼이아,용두공원,"서울특별시 동대문구 용두동 34-1"
잣나무,용두공원,"서울특별시 동대문구 용두동 34-1"
벚나무,용두공원,"서울특별시 동대문구 용두동 34-1"
잣나무,용두공원,"서울특별시 동대문구 용두동 34-1"
메타세쿼이아,용두공원,"서울특별시 동대문구 용두동 34-1"
소나무,용두공원,"서울특별시 동대문구 용두동 34-1"
소나무,용두공원,"서울특별시 동대문구 용두동 34-1"
잣나무,용두공원,"서울특별시 동대문구 용두동 34-1"
메타세쿼이아,용두공원,"서울특별시 동대문구 용두동 34-1"
잣나무,용두공원,"서울특별시 동대문구 용두동 34-1"
잣나무,용두공원,"서울특별시 동대문구 용두동 34-1"
메타세쿼이아,용두공원,"서울특별시 동대문구 용두동 34-1"
소나무,용두공원,"서울특별시 동대문구 용두동 34-1"
잣나무,용두공원,"서울특별시 동대문구 용두동 34-1"
잣나무,용두공원,"서울특별시 동대문구 용두동 34-1"
소나무,용두공원,"서울특별시 동대문구 용두동 34-1"
잣나무,용두공원,"서울특별시 동대문구 용두동 34-1"
중국단풍,용두공원,"서울특별시 동대문구 용두동 34-1"
중국단풍,용두공원,"서울특별시 동대문구 용두동 34-1"
느티나무,용두공원,"서울특별시 동대문구 용두동 34-1"
소나무,용두공원,"서울특별시 동대문구 용두동 34-1"
중국단풍,용두공원,"서울특별시 동대문구 용두동 34-1"
소나무,용두공원,"서울특별시 동대문구 용두동 34-1"
중국단풍,용두공원,"서울특별시 동대문구 용두동 34-1"
잣나무,용두공원,"서울특별시 동대문구 용두동 34-1"
소나무,용두공원,"서울특별시 동대문구 용두동 34-1"
잣나무,용두공원,"서울특별시 동대문구 용두동 34-1"
잣나무,용두공원,"서울특별시 동대문구 용두동 34-1"
느티나무,용두공원,"서울특별시 동대문구 용두동 34-1"
잣나무,용두공원,"서울특별시 동대문구 용두동 34-1"
목련,용두공원,"서울특별시 동대문구 용두동 34-1"
느티나무,용두공원,"서울특별시 동대문구 용두동 34-1"
벚나무,용두공원,"서울특별시 동대문구 용두동 34-1"
잣나무,용두공원,"서울특별시 동대문구 용두동 34-1"
잣나무,용두공원,"서울특별시 동대문구 용두동 34-1"
느티나무,용두공원,"서울특별시 동대문구 용두동 34-1"
느티나무,용두공원,"서울특별시 동대문구 용두동 34-1"
소나무,용두공원,"서울특별시 동대문구 용두동 34-1"
참나무,용두공원,"서울특별시 동대문구 용두동 34-1"
중국단풍,용두공원,"서울특별시 동대문구 용두동 34-1"
느티나무,용두공원,"서울특별시 동대문구 용두동 34-1"
잣나무,용두공원,"서울특별시 동대문구 용두동 34-1"
느티나무,용두공원,"서울특별시 동대문구 용두동 34-1"
잣나무,용두공원,"서울특별시 동대문구 용두동 34-1"
잣나무,용두공원,"서울특별시 동대문구 용두동 34-1"
잣나무,용두공원,"서울특별시 동대문구 용두동 34-1"
벚나무,용두공원,"서울특별시 동대문구 용두동 34-1"
잣나무,용두공원,"서울특별시 동대문구 용두동 34-1"
벚나무,용두공원,"서울특별시 동대문구 용두동 34-1"
벚나무,용두공원,"서울특별시 동대문구 용두동 34-1"
벚나무,용두공원,"서울특별시 동대문구 용두동 34-1"
벚나무,용두공원,"서울특별시 동대문구 용두동 34-1"
산수유,용두공원,"서울특별시 동대문구 용두동 34-1"
벚나무,용두공원,"서울특별시 동대문구 용두동 34-1"
벚나무,용두공원,"서울특별시 동대문구 용두동 34-1"
잣나무,용두공원,"서울특별시 동대문구 용두동 34-1"
벚나무,용두공원,"서울특별시 동대문구 용두동 34-1"
잣나무,용두공원,"서울특별시 동대문구 용두동 34-1"
벚나무,용두공원,"서울특별시 동대문구 용두동 34-1"
목련,용두공원,"서울특별시 동대문구 용두동 34-1"
벚나무,용두공원,"서울특별시 동대문구 용두동 34-1"
벚나무,용두공원,"서울특별시 동대문구 용두동 34-1"
벚나무,용두공원,"서울특별시 동대문구 용두동 34-1"
잣나무,용두공원,"서울특별시 동대문구 용두동 34-1"
벚나무,용두공원,"서울특별시 동대문구 용두동 34-1"
모과나무,용두공원,"서울특별시 동대문구 용두동 34-1"
벚나무,용두공원,"서울특별시 동대문구 용두동 34-1"
느티나무,용두공원,"서울특별시 동대문구 용두동 34-1"
은행나무,용두공원,"서울특별시 동대문구 용두동 34-1"
잣나무,용두공원,"서울특별시 동대문구 용두동 34-1"
벚나무,용두공원,"서울특별시 동대문구 용두동 34-1"
소나무,용두공원,"서울특별시 동대문구 용두동 34-1"
소나무,용두공원,"서울특별시 동대문구 용두동 34-1"
벚나무,용두공원,"서울특별시 동대문구 용두동 34-1"
단풍나무,용두공원,"서울특별시 동대문구 용두동 34-1"
벚나무,용두공원,"서울특별시 동대문구 용두동 34-1"
벚나무,용두공원,"서울특별시 동대문구 용두동 34-1"
잣나무,용두공원,"서울특별시 동대문구 용두동 34-1"
소나무,용두공원,"서울특별시 동대문구 용두동 34-1"
잣나무,용두공원,"서울특별시 동대문구 용두동 34-1"
잣나무,용두공원,"서울특별시 동대문구 용두동 34-1"
잣나무,용두공원,"서울특별시 동대문구 용두동 34-1"
소나무,용두공원,"서울특별시 동대문구 용두동 34-1"
벚나무,용두공원,"서울특별시 동대문구 용두동 34-1"
소나무,용두공원,"서울특별시 동대문구 용두동 34-1"
단풍나무,용두공원,"서울특별시 동대문구 용두동 34-1"
단풍나무,용두공원,"서울특별시 동대문구 용두동 34-1"
소나무,용두공원,"서울특별시 동대문구 용두동 34-1"
소나무,용두공원,"서울특별시 동대문구 용두동 34-1"
소나무,용두공원,"서울특별시 동대문구 용두동 34-1"
소나무,용두공원,"서울특별시 동대문구 용두동 34-1"
소나무,용두공원,"서울특별시 동대문구 용두동 34-1"
소나무,용두공원,"서울특별시 동대문구 용두동 34-1"
소나무,용두공원,"서울특별시 동대문구 용두동 34-1"
벚나무,용두공원,"서울특별시 동대문구 용두동 34-1"
소나무,용두공원,"서울특별시 동대문구 용두동 34-1"
소나무,용두공원,"서울특별시 동대문구 용두동 34-1"
소나무,용두공원,"서울특별시 동대문구 용두동 34-1"
벚나무,용두공원,"서울특별시 동대문구 용두동 34-1"
소나무,용두공원,"서울특별시 동대문구 용두동 34-1"
소나무,용두공원,"서울특별시 동대문구 용두동 34-1"
소나무,용두공원,"서울특별시 동대문구 용두동 34-1"
소나무,용두공원,"서울특별시 동대문구 용두동 34-1"
소나무,용두공원,"서울특별시 동대문구 용두동 34-1"
소나무,용두공원,"서울특별시 동대문구 용두동 34-1"
소나무,용두공원,"서울특별시 동대문구 용두동 34-1"
벚나무,용두공원,"서울특별시 동대문구 용두동 34-1"
소나무,용두공원,"서울특별시 동대문구 용두동 34-1"
대추나무,용두공원,"서울특별시 동대문구 용두동 34-1"
소나무,용두공원,"서울특별시 동대문구 용두동 34-1"
대추나무,용두공원,"서울특별시 동대문구 용두동 34-1"
소나무,용두공원,"서울특별시 동대문구 용두동 34-1"
소나무,용두공원,"서울특별시 동대문구 용두동 34-1"
소나무,용두공원,"서울특별시 동대문구 용두동 34-1"
소나무,용두공원,"서울특별시 동대문구 용두동 34-1"
벚나무,용두공원,"서울특별시 동대문구 용두동 34-1"
벚나무,용두공원,"서울특별시 동대문구 용두동 34-1"
대추나무,용두공원,"서울특별시 동대문구 용두동 34-1"
단풍나무,용두공원,"서울특별시 동대문구 용두동 34-1"
단풍나무,용두공원,"서울특별시 동대문구 용두동 34-1"
벚나무,용두공원,"서울특별시 동대문구 용두동 34-1"
벚나무,용두공원,"서울특별시 동대문구 용두동 34-1"
단풍나무,용두공원,"서울특별시 동대문구 용두동 34-1"
벚나무,용두공원,"서울특별시 동대문구 용두동 34-1"
소나무,용두공원,"서울특별시 동대문구 용두동 34-1"
소나무,용두공원,"서울특별시 동대문구 용두동 34-1"
느티나무,용두공원,"서울특별시 동대문구 용두동 34-1"
소나무,용두공원,"서울특별시 동대문구 용두동 34-1"
느티나무,용두공원,"서울특별시 동대문구 용두동 34-1"
느티나무,용두공원,"서울특별시 동대문구 용두동 34-1"
은행나무,용두공원,"서울특별시 동대문구 용두동 34-1"
느티나무,용두공원,"서울특별시 동대문구 용두동 34-1"
느티나무,용두공원,"서울특별시 동대문구 용두동 34-1"
느티나무,용두공원,"서울특별시 동대문구 용두동 34-1"
느티나무,용두공원,"서울특별시 동대문구 용두동 34-1"
벚나무,용두공원,"서울특별시 동대문구 용두동 34-1"
느티나무,용두공원,"서울특별시 동대문구 용두동 34-1"
느티나무,용두공원,"서울특별시 동대문구 용두동 34-1"
느티나무,용두공원,"서울특별시 동대문구 용두동 34-1"
느티나무,용두공원,"서울특별시 동대문구 용두동 34-1"
느티나무,용두공원,"서울특별시 동대문구 용두동 34-1"
느티나무,용두공원,"서울특별시 동대문구 용두동 34-1"
단풍나무,용두공원,"서울특별시 동대문구 용두동 34-1"
대추나무,용두공원,"서울특별시 동대문구 용두동 34-1"
대추나무,용두공원,"서울특별시 동대문구 용두동 34-1"
단풍나무,용두공원,"서울특별시 동대문구 용두동 34-1"
단풍나무,용두공원,"서울특별시 동대문구 용두동 34-1"
버드나무,용두공원,"서울특별시 동대문구 용두동 34-1"
대추나무,용두공원,"서울특별시 동대문구 용두동 34-1"
대추나무,용두공원,"서울특별시 동대문구 용두동 34-1"
대추나무,용두공원,"서울특별시 동대문구 용두동 34-1"
목련,용두공원,"서울특별시 동대문구 용두동 34-1"
느티나무,용두공원,"서울특별시 동대문구 용두동 34-1"
느티나무,용두공원,"서울특별시 동대문구 용두동 34-1"
느티나무,용두공원,"서울특별시 동대문구 용두동 34-1"
느티나무,용두공원,"서울특별시 동대문구 용두동 34-1"
느티나무,용두공원,"서울특별시 동대문구 용두동 34-1"
느티나무,용두공원,"서울특별시 동대문구 용두동 34-1"
자귀나무,용두공원,"서울특별시 동대문구 용두동 34-1"
배롱나무,용두공원,"서울특별시 동대문구 용두동 34-1"
자귀나무,용두공원,"서울특별시 동대문구 용두동 34-1"
자귀나무,용두공원,"서울특별시 동대문구 용두동 34-1"
자귀나무,용두공원,"서울특별시 동대문구 용두동 34-1"
벚나무,용두공원,"서울특별시 동대문구 용두동 34-1"
벚나무,용두공원,"서울특별시 동대문구 용두동 34-1"
벚나무,용두공원,"서울특별시 동대문구 용두동 34-1"
벚나무,용두공원,"서울특별시 동대문구 용두동 34-1"
벚나무,용두공원,"서울특별시 동대문구 용두동 34-1"
벚나무,용두공원,"서울특별시 동대문구 용두동 34-1"
벚나무,용두공원,"서울특별시 동대문구 용두동 34-1"
단풍나무,용두공원,"서울특별시 동대문구 용두동 34-1"
벚나무,용두공원,"서울특별시 동대문구 용두동 34-1"
매실나무,용두공원,"서울특별시 동대문구 용두동 34-1"
매실나무,용두공원,"서울특별시 동대문구 용두동 34-1"
살구나무,용두공원,"서울특별시 동대문구 용두동 34-1"
산수유,용두공원,"서울특별시 동대문구 용두동 34-1"
산수유,용두공원,"서울특별시 동대문구 용두동 34-1"
산수유,용두공원,"서울특별시 동대문구 용두동 34-1"
산수유,용두공원,"서울특별시 동대문구 용두동 34-1"
산수유,용두공원,"서울특별시 동대문구 용두동 34-1"
중국단풍,용두공원,"서울특별시 동대문구 용두동 34-1"
모과나무,용두공원,"서울특별시 동대문구 용두동 34-1"
중국단풍,용두공원,"서울특별시 동대문구 용두동 34-1"
참나무,용두공원,"서울특별시 동대문구 용두동 34-1"
모과나무,용두공원,"서울특별시 동대문구 용두동 34-1"
참나무,용두공원,"서울특별시 동대문구 용두동 34-1"
중국단풍,용두공원,"서울특별시 동대문구 용두동 34-1"
소나무,용두공원,"서울특별시 동대문구 용두동 34-1"
산수유,용두공원,"서울특별시 동대문구 용두동 34-1"
이팝나무,용두공원,"서울특별시 동대문구 용두동 34-1"
소나무,용두공원,"서울특별시 동대문구 용두동 34-1"
이팝나무,용두공원,"서울특별시 동대문구 용두동 34-1"
느티나무,용두공원,"서울특별시 동대문구 용두동 34-1"
소나무,용두공원,"서울특별시 동대문구 용두동 34-1"
소나무,용두공원,"서울특별시 동대문구 용두동 34-1"
소나무,용두공원,"서울특별시 동대문구 용두동 34-1"
소나무,용두공원,"서울특별시 동대문구 용두동 34-1"
소나무,용두공원,"서울특별시 동대문구 용두동 34-1"
소나무,용두공원,"서울특별시 동대문구 용두동 34-1"
소나무,용두공원,"서울특별시 동대문구 용두동 34-1"
소나무,용두공원,"서울특별시 동대문구 용두동 34-1"
소나무,용두공원,"서울특별시 동대문구 용두동 34-1"
소나무,용두공원,"서울특별시 동대문구 용두동 34-1"
소나무,용두공원,"서울특별시 동대문구 용두동 34-1"
소나무,용두공원,"서울특별시 동대문구 용두동 34-1"
소나무,용두공원,"서울특별시 동대문구 용두동 34-1"
소나무,용두공원,"서울특별시 동대문구 용두동 34-1"
소나무,용두공원,"서울특별시 동대문구 용두동 34-1"
이팝나무,용두공원,"서울특별시 동대문구 용두동 34-1"
단풍나무,용두공원,"서울특별시 동대문구 용두동 34-1"
단풍나무,용두공원,"서울특별시 동대문구 용두동 34-1"
단풍나무,용두공원,"서울특별시 동대문구 용두동 34-1"
백합나무,용두공원,"서울특별시 동대문구 용두동 34-1"
단풍나무,용두공원,"서울특별시 동대문구 용두동 34-1"
단풍나무,용두공원,"서울특별시 동대문구 용두동 34-1"
살구나무,용두공원,"서울특별시 동대문구 용두동 34-1"
백합나무,용두공원,"서울특별시 동대문구 용두동 34-1"
매실나무,용두공원,"서울특별시 동대문구 용두동 34-1"
단풍나무,용두공원,"서울특별시 동대문구 용두동 34-1"
백합나무,용두공원,"서울특별시 동대문구 용두동 34-1"
매실나무,용두공원,"서울특별시 동대문구 용두동 34-1"
소나무,용두공원,"서울특별시 동대문구 용두동 34-1"
단풍나무,용두공원,"서울특별시 동대문구 용두동 34-1"
소나무,용두공원,"서울특별시 동대문구 용두동 34-1"
소나무,용두공원,"서울특별시 동대문구 용두동 34-1"
매실나무,용두공원,"서울특별시 동대문구 용두동 34-1"
뽕나무,용두공원,"서울특별시 동대문구 용두동 34-1"
주목,용두공원,"서울특별시 동대문구 용두동 34-1"
주목,용두공원,"서울특별시 동대문구 용두동 34-1"
감나무,용두공원,"서울특별시 동대문구 용두동 34-1"
감나무,용두공원,"서울특별시 동대문구 용두동 34-1"
살구나무,용두공원,"서울특별시 동대문구 용두동 34-1"
감나무,용두공원,"서울특별시 동대문구 용두동 34-1"
단풍나무,용두공원,"서울특별시 동대문구 용두동 34-1"
자귀나무,용두공원,"서울특별시 동대문구 용두동 34-1"
단풍나무,용두공원,"서울특별시 동대문구 용두동 34-1"
백합나무,용두공원,"서울특별시 동대문구 용두동 34-1"
단풍나무,용두공원,"서울특별시 동대문구 용두동 34-1"
단풍나무,용두공원,"서울특별시 동대문구 용두동 34-1"
참나무,용두공원,"서울특별시 동대문구 용두동 34-1"
단풍나무,용두공원,"서울특별시 동대문구 용두동 34-1"
백합나무,용두공원,"서울특별시 동대문구 용두동 34-1"
소나무,용두공원,"서울특별시 동대문구 용두동 34-1"
소나무,용두공원,"서울특별시 동대문구 용두동 34-1"
소나무,용두공원,"서울특별시 동대문구 용두동 34-1"
참나무,용두공원,"서울특별시 동대문구 용두동 34-1"
단풍나무,용두공원,"서울특별시 동대문구 용두동 34-1"
참나무,용두공원,"서울특별시 동대문구 용두동 34-1"
이팝나무,용두공원,"서울특별시 동대문구 용두동 34-1"
벚나무,용두공원,"서울특별시 동대문구 용두동 34-1"
벚나무,용두공원,"서울특별시 동대문구 용두동 34-1"
단풍나무,용두공원,"서울특별시 동대문구 용두동 34-1"
단풍나무,용두공원,"서울특별시 동대문구 용두동 34-1"
단풍나무,용두공원,"서울특별시 동대문구 용두동 34-1"
때죽나무,용두공원,"서울특별시 동대문구 용두동 34-1"
백합나무,용두공원,"서울특별시 동대문구 용두동 34-1"
벚나무,용두공원,"서울특별시 동대문구 용두동 34-1"
벚나무,용두공원,"서울특별시 동대문구 용두동 34-1"
벚나무,용두공원,"서울특별시 동대문구 용두동 34-1"
소나무,용두공원,"서울특별시 동대문구 용두동 34-1"
단풍나무,용두공원,"서울특별시 동대문구 용두동 34-1"
단풍나무,용두공원,"서울특별시 동대문구 용두동 34-1"
버드나무,용두공원,"서울특별시 동대문구 용두동 34-1"
뽕나무,용두공원,"서울특별시 동대문구 용두동 34-1"
벚나무,용두공원,"서울특별시 동대문구 용두동 34-1"
소나무,용두공원,"서울특별시 동대문구 용두동 34-1"
단풍나무,용두공원,"서울특별시 동대문구 용두동 34-1"
참나무,용두공원,"서울특별시 동대문구 용두동 34-1"
단풍나무,용두공원,"서울특별시 동대문구 용두동 34-1"
벚나무,용두공원,"서울특별시 동대문구 용두동 34-1"
참나무,용두공원,"서울특별시 동대문구 용두동 34-1"
느티나무,용두공원,"서울특별시 동대문구 용두동 34-1"
벚나무,용두공원,"서울특별시 동대문구 용두동 34-1"
참나무,용두공원,"서울특별시 동대문구 용두동 34-1"
참나무,용두공원,"서울특별시 동대문구 용두동 34-1"
산딸나무,용두공원,"서울특별시 동대문구 용두동 34-1"
산딸나무,용두공원,"서울특별시 동대문구 용두동 34-1"
밤나무,용두공원,"서울특별시 동대문구 용두동 34-1"
살구나무,용두공원,"서울특별시 동대문구 용두동 34-1"
참나무,용두공원,"서울특별시 동대문구 용두동 34-1"
참나무,용두공원,"서울특별시 동대문구 용두동 34-1"
참나무,용두공원,"서울특별시 동대문구 용두동 34-1"
소나무,용두공원,"서울특별시 동대문구 용두동 34-1"
참나무,용두공원,"서울특별시 동대문구 용두동 34-1"
이팝나무,용두공원,"서울특별시 동대문구 용두동 34-1"
소나무,용두공원,"서울특별시 동대문구 용두동 34-1"
단풍나무,용두공원,"서울특별시 동대문구 용두동 34-1"
참나무,용두공원,"서울특별시 동대문구 용두동 34-1"
단풍나무,용두공원,"서울특별시 동대문구 용두동 34-1"
이팝나무,용두공원,"서울특별시 동대문구 용두동 34-1"
소나무,용두공원,"서울특별시 동대문구 용두동 34-1"
소나무,용두공원,"서울특별시 동대문구 용두동 34-1"
때죽나무,용두공원,"서울특별시 동대문구 용두동 34-1"
소나무,용두공원,"서울특별시 동대문구 용두동 34-1"
벚나무,용두공원,"서울특별시 동대문구 용두동 34-1"
단풍나무,용두공원,"서울특별시 동대문구 용두동 34-1"
단풍나무,용두공원,"서울특별시 동대문구 용두동 34-1"
단풍나무,용두공원,"서울특별시 동대문구 용두동 34-1"
향나무,용두공원,"서울특별시 동대문구 용두동 34-1"
이팝나무,용두공원,"서울특별시 동대문구 용두동 34-1"
벚나무,용두공원,"서울특별시 동대문구 용두동 34-1"
참나무,용두공원,"서울특별시 동대문구 용두동 34-1"
느티나무,용두공원,"서울특별시 동대문구 용두동 34-1"
잣나무,용두공원,"서울특별시 동대문구 용두동 34-1"
벚나무,용두공원,"서울특별시 동대문구 용두동 34-1"
이팝나무,용두공원,"서울특별시 동대문구 용두동 34-1"
단풍나무,용두공원,"서울특별시 동대문구 용두동 34-1"
이팝나무,용두공원,"서울특별시 동대문구 용두동 34-1"
단풍나무,용두공원,"서울특별시 동대문구 용두동 34-1"
벚나무,용두공원,"서울특별시 동대문구 용두동 34-1"
단풍나무,용두공원,"서울특별시 동대문구 용두동 34-1"
모과나무,용두공원,"서울특별시 동대문구 용두동 34-1"
단풍나무,용두공원,"서울특별시 동대문구 용두동 34-1"
잣나무,용두공원,"서울특별시 동대문구 용두동 34-1"
단풍나무,용두공원,"서울특별시 동대문구 용두동 34-1"
잣나무,용두공원,"서울특별시 동대문구 용두동 34-1"
모과나무,용두공원,"서울특별시 동대문구 용두동 34-1"
잣나무,용두공원,"서울특별시 동대문구 용두동 34-1"
잣나무,용두공원,"서울특별시 동대문구 용두동 34-1"
소나무,용두공원,"서울특별시 동대문구 용두동 34-1"
소나무,용두공원,"서울특별시 동대문구 용두동 34-1"
소나무,용두공원,"서울특별시 동대문구 용두동 34-1"
소나무,용두공원,"서울특별시 동대문구 용두동 34-1"
소나무,용두공원,"서울특별시 동대문구 용두동 34-1"
단풍나무,용두공원,"서울특별시 동대문구 용두동 34-1"
느티나무,용두공원,"서울특별시 동대문구 용두동 34-1"
느티나무,용두공원,"서울특별시 동대문구 용두동 34-1"
모과나무,용두공원,"서울특별시 동대문구 용두동 34-1"
향나무,용두공원,"서울특별시 동대문구 용두동 34-1"
단풍나무,용두공원,"서울특별시 동대문구 용두동 34-1"
향나무,용두공원,"서울특별시 동대문구 용두동 34-1"
단풍나무,용두공원,"서울특별시 동대문구 용두동 34-1"
벚나무,용두공원,"서울특별시 동대문구 용두동 34-1"
잣나무,용두공원,"서울특별시 동대문구 용두동 34-1"
단풍나무,용두공원,"서울특별시 동대문구 용두동 34-1"
소나무,용두공원,"서울특별시 동대문구 용두동 34-1"
잣나무,용두공원,"서울특별시 동대문구 용두동 34-1"
단풍나무,용두공원,"서울특별시 동대문구 용두동 34-1"
벚나무,용두공원,"서울특별시 동대문구 용두동 34-1"
소나무,용두공원,"서울특별시 동대문구 용두동 34-1"
단풍나무,용두공원,"서울특별시 동대문구 용두동 34-1"
참나무,용두공원,"서울특별시 동대문구 용두동 34-1"
단풍나무,용두공원,"서울특별시 동대문구 용두동 34-1"
벚나무,용두공원,"서울특별시 동대문구 용두동 34-1"
중국단풍,용두공원,"서울특별시 동대문구 용두동 34-1"
벚나무,용두공원,"서울특별시 동대문구 용두동 34-1"
산수유,용두공원,"서울특별시 동대문구 용두동 34-1"
벚나무,용두공원,"서울특별시 동대문구 용두동 34-1"
산수유,용두공원,"서울특별시 동대문구 용두동 34-1"
소나무,용두공원,"서울특별시 동대문구 용두동 34-1"
산수유,용두공원,"서울특별시 동대문구 용두동 34-1"
소나무,용두공원,"서울특별시 동대문구 용두동 34-1"
중국단풍,용두공원,"서울특별시 동대문구 용두동 34-1"
감나무,용두공원,"서울특별시 동대문구 용두동 34-1"
산수유,용두공원,"서울특별시 동대문구 용두동 34-1"
중국단풍,용두공원,"서울특별시 동대문구 용두동 34-1"
소나무,용두공원,"서울특별시 동대문구 용두동 34-1"
소나무,용두공원,"서울특별시 동대문구 용두동 34-1"
소나무,용두공원,"서울특별시 동대문구 용두동 34-1"
소나무,용두공원,"서울특별시 동대문구 용두동 34-1"
소나무,용두공원,"서울특별시 동대문구 용두동 34-1"
참나무,용두공원,"서울특별시 동대문구 용두동 34-1"
소나무,용두공원,"서울특별시 동대문구 용두동 34-1"
산수유,용두공원,"서울특별시 동대문구 용두동 34-1"
소나무,용두공원,"서울특별시 동대문구 용두동 34-1"
소나무,용두공원,"서울특별시 동대문구 용두동 34-1"
감나무,용두공원,"서울특별시 동대문구 용두동 34-1"
산딸나무,용두공원,"서울특별시 동대문구 용두동 34-1"
감나무,용두공원,"서울특별시 동대문구 용두동 34-1"
모과나무,용두공원,"서울특별시 동대문구 용두동 34-1"
산수유,용두공원,"서울특별시 동대문구 용두동 34-1"
주목,용두공원,"서울특별시 동대문구 용두동 34-1"
단풍나무,용두공원,"서울특별시 동대문구 용두동 34-1"
단풍나무,용두공원,"서울특별시 동대문구 용두동 34-1"
단풍나무,용두공원,"서울특별시 동대문구 용두동 34-1"
단풍나무,용두공원,"서울특별시 동대문구 용두동 34-1"
모과나무,용두공원,"서울특별시 동대문구 용두동 34-1"
느티나무,용두공원,"서울특별시 동대문구 용두동 34-1"
모과나무,용두공원,"서울특별시 동대문구 용두동 34-1"
주목,용두공원,"서울특별시 동대문구 용두동 34-1"
느티나무,용두공원,"서울특별시 동대문구 용두동 34-1"
감나무,용두공원,"서울특별시 동대문구 용두동 34-1"
느티나무,용두공원,"서울특별시 동대문구 용두동 34-1"
주목,용두공원,"서울특별시 동대문구 용두동 34-1"
단풍나무,용두공원,"서울특별시 동대문구 용두동 34-1"
모과나무,용두공원,"서울특별시 동대문구 용두동 34-1"
단풍나무,용두공원,"서울특별시 동대문구 용두동 34-1"
모과나무,용두공원,"서울특별시 동대문구 용두동 34-1"
단풍나무,용두공원,"서울특별시 동대문구 용두동 34-1"
느티나무,용두공원,"서울특별시 동대문구 용두동 34-1"
모과나무,용두공원,"서울특별시 동대문구 용두동 34-1"
산수유,용두공원,"서울특별시 동대문구 용두동 34-1"
산수유,용두공원,"서울특별시 동대문구 용두동 34-1"
벚나무,용두공원,"서울특별시 동대문구 용두동 34-1"
단풍나무,용두공원,"서울특별시 동대문구 용두동 34-1"
단풍나무,용두공원,"서울특별시 동대문구 용두동 34-1"
벚나무,용두공원,"서울특별시 동대문구 용두동 34-1"
단풍나무,용두공원,"서울특별시 동대문구 용두동 34-1"
왕벚나무,용두공원,"서울특별시 동대문구 용두동 34-1"
벚나무,용두공원,"서울특별시 동대문구 용두동 34-1"
벚나무,용두공원,"서울특별시 동대문구 용두동 34-1"
단풍나무,용두공원,"서울특별시 동대문구 용두동 34-1"
단풍나무,용두공원,"서울특별시 동대문구 용두동 34-1"
소나무,용두공원,"서울특별시 동대문구 용두동 34-1"
소나무,용두공원,"서울특별시 동대문구 용두동 34-1"
소나무,용두공원,"서울특별시 동대문구 용두동 34-1"
참나무,용두공원,"서울특별시 동대문구 용두동 34-1"
소나무,용두공원,"서울특별시 동대문구 용두동 34-1"
소나무,용두공원,"서울특별시 동대문구 용두동 34-1"
소나무,용두공원,"서울특별시 동대문구 용두동 34-1"
소나무,용두공원,"서울특별시 동대문구 용두동 34-1"
소나무,용두공원,"서울특별시 동대문구 용두동 34-1"
단풍나무,용두공원,"서울특별시 동대문구 용두동 34-1"
단풍나무,용두공원,"서울특별시 동대문구 용두동 34-1"
단풍나무,용두공원,"서울특별시 동대문구 용두동 34-1"
산딸나무,용두공원,"서울특별시 동대문구 용두동 34-1"
산딸나무,용두공원,"서울특별시 동대문구 용두동 34-1"
은행나무,용두공원,"서울특별시 동대문구 용두동 34-1"
산딸나무,용두공원,"서울특별시 동대문구 용두동 34-1"
느티나무,용두공원,"서울특별시 동대문구 용두동 34-1"
밤나무,용두공원,"서울특별시 동대문구 용두동 34-1"
단풍나무,용두공원,"서울특별시 동대문구 용두동 34-1"
단풍나무,용두공원,"서울특별시 동대문구 용두동 34-1"
단풍나무,용두공원,"서울특별시 동대문구 용두동 34-1"
단풍나무,용두공원,"서울특별시 동대문구 용두동 34-1"
단풍나무,용두공원,"서울특별시 동대문구 용두동 34-1"
벚나무,용두공원,"서울특별시 동대문구 용두동 34-1"
벚나무,용두공원,"서울특별시 동대문구 용두동 34-1"
중국단풍,용두공원,"서울특별시 동대문구 용두동 34-1"
중국단풍,용두공원,"서울특별시 동대문구 용두동 34-1"
단풍나무,용두공원,"서울특별시 동대문구 용두동 34-1"
중국단풍,용두공원,"서울특별시 동대문구 용두동 34-1"
단풍나무,용두공원,"서울특별시 동대문구 용두동 34-1"
단풍나무,용두공원,"서울특별시 동대문구 용두동 34-1"
단풍나무,용두공원,"서울특별시 동대문구 용두동 34-1"
벚나무,용두공원,"서울특별시 동대문구 용두동 34-1"
단풍나무,용두공원,"서울특별시 동대문구 용두동 34-1"
단풍나무,용두공원,"서울특별시 동대문구 용두동 34-1"
회화나무,용두공원,"서울특별시 동대문구 용두동 34-1"
벚나무,용두공원,"서울특별시 동대문구 용두동 34-1"
벚나무,용두공원,"서울특별시 동대문구 용두동 34-1"
잣나무,용두공원,"서울특별시 동대문구 용두동 34-1"
잣나무,용두공원,"서울특별시 동대문구 용두동 34-1"
잣나무,용두공원,"서울특별시 동대문구 용두동 34-1"
잣나무,용두공원,"서울특별시 동대문구 용두동 34-1"
벚나무,용두공원,"서울특별시 동대문구 용두동 34-1"
단풍나무,용두공원,"서울특별시 동대문구 용두동 34-1"
단풍나무,용두공원,"서울특별시 동대문구 용두동 34-1"
때죽나무,용두공원,"서울특별시 동대문구 용두동 34-1"
벚나무,용두공원,"서울특별시 동대문구 용두동 34-1"
때죽나무,용두공원,"서울특별시 동대문구 용두동 34-1"
때죽나무,용두공원,"서울특별시 동대문구 용두동 34-1"
때죽나무,용두공원,"서울특별시 동대문구 용두동 34-1"
산수유,용두공원,"서울특별시 동대문구 용두동 34-1"
잣나무,용두공원,"서울특별시 동대문구 용두동 34-1"
단풍나무,용두공원,"서울특별시 동대문구 용두동 34-1"
잣나무,용두공원,"서울특별시 동대문구 용두동 34-1"
잣나무,용두공원,"서울특별시 동대문구 용두동 34-1"
잣나무,용두공원,"서울특별시 동대문구 용두동 34-1"
벚나무,용두공원,"서울특별시 동대문구 용두동 34-1"
벚나무,용두공원,"서울특별시 동대문구 용두동 34-1"
때죽나무,용두공원,"서울특별시 동대문구 용두동 34-1"
벚나무,용두공원,"서울특별시 동대문구 용두동 34-1"
벚나무,용두공원,"서울특별시 동대문구 용두동 34-1"
단풍나무,용두공원,"서울특별시 동대문구 용두동 34-1"
단풍나무,용두공원,"서울특별시 동대문구 용두동 34-1"
잣나무,용두공원,"서울특별시 동대문구 용두동 34-1"
단풍나무,용두공원,"서울특별시 동대문구 용두동 34-1"
잣나무,용두공원,"서울특별시 동대문구 용두동 34-1"
단풍나무,용두공원,"서울특별시 동대문구 용두동 34-1"
잣나무,용두공원,"서울특별시 동대문구 용두동 34-1"
느티나무,용두공원,"서울특별시 동대문구 용두동 34-1"
잣나무,용두공원,"서울특별시 동대문구 용두동 34-1"
잣나무,용두공원,"서울특별시 동대문구 용두동 34-1"
단풍나무,용두공원,"서울특별시 동대문구 용두동 34-1"
단풍나무,용두공원,"서울특별시 동대문구 용두동 34-1"
단풍나무,용두공원,"서울특별시 동대문구 용두동 34-1"
산딸나무,용두공원,"서울특별시 동대문구 용두동 34-1"
벚나무,용두공원,"서울특별시 동대문구 용두동 34-1"
단풍나무,용두공원,"서울특별시 동대문구 용두동 34-1"
느티나무,용두공원,"서울특별시 동대문구 용두동 34-1"
느티나무,용두공원,"서울특별시 동대문구 용두동 34-1"
산딸나무,용두공원,"서울특별시 동대문구 용두동 34-1"
때죽나무,용두공원,"서울특별시 동대문구 용두동 34-1"
단풍나무,용두공원,"서울특별시 동대문구 용두동 34-1"
때죽나무,용두공원,"서울특별시 동대문구 용두동 34-1"
단풍나무,용두공원,"서울특별시 동대문구 용두동 34-1"
단풍나무,용두공원,"서울특별시 동대문구 용두동 34-1"
단풍나무,용두공원,"서울특별시 동대문구 용두동 34-1"
때죽나무,용두공원,"서울특별시 동대문구 용두동 34-1"
때죽나무,용두공원,"서울특별시 동대문구 용두동 34-1"
때죽나무,용두공원,"서울특별시 동대문구 용두동 34-1"
모과나무,용두공원,"서울특별시 동대문구 용두동 34-1"
잣나무,용두공원,"서울특별시 동대문구 용두동 34-1"
잣나무,용두공원,"서울특별시 동대문구 용두동 34-1"
모과나무,용두공원,"서울특별시 동대문구 용두동 34-1"
잣나무,용두공원,"서울특별시 동대문구 용두동 34-1"
모과나무,용두공원,"서울특별시 동대문구 용두동 34-1"
잣나무,용두공원,"서울특별시 동대문구 용두동 34-1"
모과나무,용두공원,"서울특별시 동대문구 용두동 34-1"
잣나무,용두공원,"서울특별시 동대문구 용두동 34-1"
잣나무,용두공원,"서울특별시 동대문구 용두동 34-1"
모과나무,용두공원,"서울특별시 동대문구 용두동 34-1"
산수유,용두공원,"서울특별시 동대문구 용두동 34-1"
산수유,용두공원,"서울특별시 동대문구 용두동 34-1"
산수유,용두공원,"서울특별시 동대문구 용두동 34-1"
산수유,용두공원,"서울특별시 동대문구 용두동 34-1"
잣나무,용두공원,"서울특별시 동대문구 용두동 34-1"
산수유,용두공원,"서울특별시 동대문구 용두동 34-1"
산수유,용두공원,"서울특별시 동대문구 용두동 34-1"
소나무,용두공원,"서울특별시 동대문구 용두동 34-1"
잣나무,용두공원,"서울특별시 동대문구 용두동 34-1"
모과나무,용두공원,"서울특별시 동대문구 용두동 34-1"
소나무,용두공원,"서울특별시 동대문구 용두동 34-1"
잣나무,용두공원,"서울특별시 동대문구 용두동 34-1"
모과나무,용두공원,"서울특별시 동대문구 용두동 34-1"
느티나무,용두공원,"서울특별시 동대문구 용두동 34-1"
잣나무,용두공원,"서울특별시 동대문구 용두동 34-1"
잣나무,용두공원,"서울특별시 동대문구 용두동 34-1"
벚나무,용두공원,"서울특별시 동대문구 용두동 34-1"
벚나무,용두공원,"서울특별시 동대문구 용두동 34-1"
벚나무,용두공원,"서울특별시 동대문구 용두동 34-1"
잣나무,용두공원,"서울특별시 동대문구 용두동 34-1"
단풍나무,용두공원,"서울특별시 동대문구 용두동 34-1"
소나무,용두공원,"서울특별시 동대문구 용두동 34-1"
잣나무,용두공원,"서울특별시 동대문구 용두동 34-1"
단풍나무,용두공원,"서울특별시 동대문구 용두동 34-1"
소나무,용두공원,"서울특별시 동대문구 용두동 34-1"
잣나무,용두공원,"서울특별시 동대문구 용두동 34-1"
잣나무,용두공원,"서울특별시 동대문구 용두동 34-1"
단풍나무,용두공원,"서울특별시 동대문구 용두동 34-1"
잣나무,용두공원,"서울특별시 동대문구 용두동 34-1"
느티나무,용두공원,"서울특별시 동대문구 용두동 34-1"
메타세쿼이아,용두공원,"서울특별시 동대문구 용두동 34-1"
잣나무,용두공원,"서울특별시 동대문구 용두동 34-1"
메타세쿼이아,용두공원,"서울특별시 동대문구 용두동 34-1"
잣나무,용두공원,"서울특별시 동대문구 용두동 34-1"
잣나무,용두공원,"서울특별시 동대문구 용두동 34-1"
산수유,용두공원,"서울특별시 동대문구 용두동 34-1"
벚나무,용두공원,"서울특별시 동대문구 용두동 34-1"
목련,용두공원,"서울특별시 동대문구 용두동 34-1"
잣나무,용두공원,"서울특별시 동대문구 용두동 34-1"
벚나무,용두공원,"서울특별시 동대문구 용두동 34-1"
벚나무,용두공원,"서울특별시 동대문구 용두동 34-1"
소나무,용두공원,"서울특별시 동대문구 용두동 34-1"
메타세쿼이아,용두공원,"서울특별시 동대문구 용두동 34-1"
벚나무,용두공원,"서울특별시 동대문구 용두동 34-1"
벚나무,용두공원,"서울특별시 동대문구 용두동 34-1"
벚나무,용두공원,"서울특별시 동대문구 용두동 34-1"
벚나무,용두공원,"서울특별시 동대문구 용두동 34-1"
잣나무,용두공원,"서울특별시 동대문구 용두동 34-1"
벚나무,용두공원,"서울특별시 동대문구 용두동 34-1"
느티나무,용두공원,"서울특별시 동대문구 용두동 34-1"
느티나무,용두공원,"서울특별시 동대문구 용두동 34-1"
느티나무,용두공원,"서울특별시 동대문구 용두동 34-1"
잣나무,용두공원,"서울특별시 동대문구 용두동 34-1"
메타세쿼이아,용두공원,"서울특별시 동대문구 용두동 34-1"
소나무,용두공원,"서울특별시 동대문구 용두동 34-1"
벚나무,용두공원,"서울특별시 동대문구 용두동 34-1"
느티나무,용두공원,"서울특별시 동대문구 용두동 34-1"
잣나무,용두공원,"서울특별시 동대문구 용두동 34-1"
벚나무,용두공원,"서울특별시 동대문구 용두동 34-1"
메타세쿼이아,용두공원,"서울특별시 동대문구 용두동 34-1"
잣나무,용두공원,"서울특별시 동대문구 용두동 34-1"
단풍나무,용두공원,"서울특별시 동대문구 용두동 34-1"
잣나무,용두공원,"서울특별시 동대문구 용두동 34-1"
소나무,용두공원,"서울특별시 동대문구 용두동 34-1"
메타세쿼이아,용두공원,"서울특별시 동대문구 용두동 34-1"
잣나무,용두공원,"서울특별시 동대문구 용두동 34-1"
벚나무,용두공원,"서울특별시 동대문구 용두동 34-1"
잣나무,용두공원,"서울특별시 동대문구 용두동 34-1"
메타세쿼이아,용두공원,"서울특별시 동대문구 용두동 34-1"
소나무,용두공원,"서울특별시 동대문구 용두동 34-1"
소나무,용두공원,"서울특별시 동대문구 용두동 34-1"
잣나무,용두공원,"서울특별시 동대문구 용두동 34-1"
메타세쿼이아,용두공원,"서울특별시 동대문구 용두동 34-1"
잣나무,용두공원,"서울특별시 동대문구 용두동 34-1"
잣나무,용두공원,"서울특별시 동대문구 용두동 34-1"
메타세쿼이아,용두공원,"서울특별시 동대문구 용두동 34-1"
소나무,용두공원,"서울특별시 동대문구 용두동 34-1"
잣나무,용두공원,"서울특별시 동대문구 용두동 34-1"
잣나무,용두공원,"서울특별시 동대문구 용두동 34-1"
소나무,용두공원,"서울특별시 동대문구 용두동 34-1"
잣나무,용두공원,"서울특별시 동대문구 용두동 34-1"
중국단풍,용두공원,"서울특별시 동대문구 용두동 34-1"
중국단풍,용두공원,"서울특별시 동대문구 용두동 34-1"
느티나무,용두공원,"서울특별시 동대문구 용두동 34-1"
소나무,용두공원,"서울특별시 동대문구 용두동 34-1"
중국단풍,용두공원,"서울특별시 동대문구 용두동 34-1"
소나무,용두공원,"서울특별시 동대문구 용두동 34-1"
중국단풍,용두공원,"서울특별시 동대문구 용두동 34-1"
잣나무,용두공원,"서울특별시 동대문구 용두동 34-1"
소나무,용두공원,"서울특별시 동대문구 용두동 34-1"
잣나무,용두공원,"서울특별시 동대문구 용두동 34-1"
잣나무,용두공원,"서울특별시 동대문구 용두동 34-1"
느티나무,용두공원,"서울특별시 동대문구 용두동 34-1"
잣나무,용두공원,"서울특별시 동대문구 용두동 34-1"
목련,용두공원,"서울특별시 동대문구 용두동 34-1"
느티나무,용두공원,"서울특별시 동대문구 용두동 34-1"
벚나무,용두공원,"서울특별시 동대문구 용두동 34-1"
잣나무,용두공원,"서울특별시 동대문구 용두동 34-1"
잣나무,용두공원,"서울특별시 동대문구 용두동 34-1"
느티나무,용두공원,"서울특별시 동대문구 용두동 34-1"
느티나무,용두공원,"서울특별시 동대문구 용두동 34-1"
소나무,용두공원,"서울특별시 동대문구 용두동 34-1"
참나무,용두공원,"서울특별시 동대문구 용두동 34-1"
중국단풍,용두공원,"서울특별시 동대문구 용두동 34-1"
느티나무,용두공원,"서울특별시 동대문구 용두동 34-1"
잣나무,용두공원,"서울특별시 동대문구 용두동 34-1"
느티나무,용두공원,"서울특별시 동대문구 용두동 34-1"
잣나무,용두공원,"서울특별시 동대문구 용두동 34-1"
잣나무,용두공원,"서울특별시 동대문구 용두동 34-1"
잣나무,용두공원,"서울특별시 동대문구 용두동 34-1"
벚나무,용두공원,"서울특별시 동대문구 용두동 34-1"
잣나무,용두공원,"서울특별시 동대문구 용두동 34-1"
벚나무,용두공원,"서울특별시 동대문구 용두동 34-1"
벚나무,용두공원,"서울특별시 동대문구 용두동 34-1"
벚나무,용두공원,"서울특별시 동대문구 용두동 34-1"
벚나무,용두공원,"서울특별시 동대문구 용두동 34-1"
산수유,용두공원,"서울특별시 동대문구 용두동 34-1"
벚나무,용두공원,"서울특별시 동대문구 용두동 34-1"
벚나무,용두공원,"서울특별시 동대문구 용두동 34-1"
잣나무,용두공원,"서울특별시 동대문구 용두동 34-1"
벚나무,용두공원,"서울특별시 동대문구 용두동 34-1"
잣나무,용두공원,"서울특별시 동대문구 용두동 34-1"
벚나무,용두공원,"서울특별시 동대문구 용두동 34-1"
목련,용두공원,"서울특별시 동대문구 용두동 34-1"
벚나무,용두공원,"서울특별시 동대문구 용두동 34-1"
벚나무,용두공원,"서울특별시 동대문구 용두동 34-1"
벚나무,용두공원,"서울특별시 동대문구 용두동 34-1"
잣나무,용두공원,"서울특별시 동대문구 용두동 34-1"
벚나무,용두공원,"서울특별시 동대문구 용두동 34-1"
모과나무,용두공원,"서울특별시 동대문구 용두동 34-1"
벚나무,용두공원,"서울특별시 동대문구 용두동 34-1"
느티나무,용두공원,"서울특별시 동대문구 용두동 34-1"
은행나무,용두공원,"서울특별시 동대문구 용두동 34-1"
잣나무,용두공원,"서울특별시 동대문구 용두동 34-1"
벚나무,용두공원,"서울특별시 동대문구 용두동 34-1"
소나무,용두공원,"서울특별시 동대문구 용두동 34-1"
소나무,용두공원,"서울특별시 동대문구 용두동 34-1"
벚나무,용두공원,"서울특별시 동대문구 용두동 34-1"
단풍나무,용두공원,"서울특별시 동대문구 용두동 34-1"
벚나무,용두공원,"서울특별시 동대문구 용두동 34-1"
벚나무,용두공원,"서울특별시 동대문구 용두동 34-1"
잣나무,용두공원,"서울특별시 동대문구 용두동 34-1"
소나무,용두공원,"서울특별시 동대문구 용두동 34-1"
잣나무,용두공원,"서울특별시 동대문구 용두동 34-1"
잣나무,용두공원,"서울특별시 동대문구 용두동 34-1"
잣나무,용두공원,"서울특별시 동대문구 용두동 34-1"
소나무,용두공원,"서울특별시 동대문구 용두동 34-1"
벚나무,용두공원,"서울특별시 동대문구 용두동 34-1"
소나무,용두공원,"서울특별시 동대문구 용두동 34-1"
단풍나무,용두공원,"서울특별시 동대문구 용두동 34-1"
단풍나무,용두공원,"서울특별시 동대문구 용두동 34-1"
소나무,용두공원,"서울특별시 동대문구 용두동 34-1"
소나무,용두공원,"서울특별시 동대문구 용두동 34-1"
소나무,용두공원,"서울특별시 동대문구 용두동 34-1"
소나무,용두공원,"서울특별시 동대문구 용두동 34-1"
소나무,용두공원,"서울특별시 동대문구 용두동 34-1"
소나무,용두공원,"서울특별시 동대문구 용두동 34-1"
소나무,용두공원,"서울특별시 동대문구 용두동 34-1"
벚나무,용두공원,"서울특별시 동대문구 용두동 34-1"
소나무,용두공원,"서울특별시 동대문구 용두동 34-1"
소나무,용두공원,"서울특별시 동대문구 용두동 34-1"
소나무,용두공원,"서울특별시 동대문구 용두동 34-1"
벚나무,용두공원,"서울특별시 동대문구 용두동 34-1"
소나무,용두공원,"서울특별시 동대문구 용두동 34-1"
소나무,용두공원,"서울특별시 동대문구 용두동 34-1"
소나무,용두공원,"서울특별시 동대문구 용두동 34-1"
소나무,용두공원,"서울특별시 동대문구 용두동 34-1"
소나무,용두공원,"서울특별시 동대문구 용두동 34-1"
소나무,용두공원,"서울특별시 동대문구 용두동 34-1"
소나무,용두공원,"서울특별시 동대문구 용두동 34-1"
벚나무,용두공원,"서울특별시 동대문구 용두동 34-1"
소나무,용두공원,"서울특별시 동대문구 용두동 34-1"
대추나무,용두공원,"서울특별시 동대문구 용두동 34-1"
소나무,용두공원,"서울특별시 동대문구 용두동 34-1"
대추나무,용두공원,"서울특별시 동대문구 용두동 34-1"
소나무,용두공원,"서울특별시 동대문구 용두동 34-1"
소나무,용두공원,"서울특별시 동대문구 용두동 34-1"
소나무,용두공원,"서울특별시 동대문구 용두동 34-1"
소나무,용두공원,"서울특별시 동대문구 용두동 34-1"
벚나무,용두공원,"서울특별시 동대문구 용두동 34-1"
벚나무,용두공원,"서울특별시 동대문구 용두동 34-1"
대추나무,용두공원,"서울특별시 동대문구 용두동 34-1"
단풍나무,용두공원,"서울특별시 동대문구 용두동 34-1"
단풍나무,용두공원,"서울특별시 동대문구 용두동 34-1"
벚나무,용두공원,"서울특별시 동대문구 용두동 34-1"
벚나무,용두공원,"서울특별시 동대문구 용두동 34-1"
단풍나무,용두공원,"서울특별시 동대문구 용두동 34-1"
벚나무,용두공원,"서울특별시 동대문구 용두동 34-1"
소나무,용두공원,"서울특별시 동대문구 용두동 34-1"
소나무,용두공원,"서울특별시 동대문구 용두동 34-1"
느티나무,용두공원,"서울특별시 동대문구 용두동 34-1"
소나무,용두공원,"서울특별시 동대문구 용두동 34-1"
느티나무,용두공원,"서울특별시 동대문구 용두동 34-1"
느티나무,용두공원,"서울특별시 동대문구 용두동 34-1"
은행나무,용두공원,"서울특별시 동대문구 용두동 34-1"
느티나무,용두공원,"서울특별시 동대문구 용두동 34-1"
느티나무,용두공원,"서울특별시 동대문구 용두동 34-1"
느티나무,용두공원,"서울특별시 동대문구 용두동 34-1"
느티나무,용두공원,"서울특별시 동대문구 용두동 34-1"
벚나무,용두공원,"서울특별시 동대문구 용두동 34-1"
느티나무,용두공원,"서울특별시 동대문구 용두동 34-1"
느티나무,용두공원,"서울특별시 동대문구 용두동 34-1"
느티나무,용두공원,"서울특별시 동대문구 용두동 34-1"
느티나무,용두공원,"서울특별시 동대문구 용두동 34-1"
느티나무,용두공원,"서울특별시 동대문구 용두동 34-1"
느티나무,용두공원,"서울특별시 동대문구 용두동 34-1"
단풍나무,용두공원,"서울특별시 동대문구 용두동 34-1"
대추나무,용두공원,"서울특별시 동대문구 용두동 34-1"
대추나무,용두공원,"서울특별시 동대문구 용두동 34-1"
단풍나무,용두공원,"서울특별시 동대문구 용두동 34-1"
단풍나무,용두공원,"서울특별시 동대문구 용두동 34-1"
버드나무,용두공원,"서울특별시 동대문구 용두동 34-1"
대추나무,용두공원,"서울특별시 동대문구 용두동 34-1"
대추나무,용두공원,"서울특별시 동대문구 용두동 34-1"
대추나무,용두공원,"서울특별시 동대문구 용두동 34-1"
목련,용두공원,"서울특별시 동대문구 용두동 34-1"
느티나무,용두공원,"서울특별시 동대문구 용두동 34-1"
느티나무,용두공원,"서울특별시 동대문구 용두동 34-1"
느티나무,용두공원,"서울특별시 동대문구 용두동 34-1"
느티나무,용두공원,"서울특별시 동대문구 용두동 34-1"
느티나무,용두공원,"서울특별시 동대문구 용두동 34-1"
느티나무,용두공원,"서울특별시 동대문구 용두동 34-1"
자귀나무,용두공원,"서울특별시 동대문구 용두동 34-1"
배롱나무,용두공원,"서울특별시 동대문구 용두동 34-1"
자귀나무,용두공원,"서울특별시 동대문구 용두동 34-1"
자귀나무,용두공원,"서울특별시 동대문구 용두동 34-1"
자귀나무,용두공원,"서울특별시 동대문구 용두동 34-1"
벚나무,용두공원,"서울특별시 동대문구 용두동 34-1"
벚나무,용두공원,"서울특별시 동대문구 용두동 34-1"
벚나무,용두공원,"서울특별시 동대문구 용두동 34-1"
벚나무,용두공원,"서울특별시 동대문구 용두동 34-1"
벚나무,용두공원,"서울특별시 동대문구 용두동 34-1"
벚나무,용두공원,"서울특별시 동대문구 용두동 34-1"
벚나무,용두공원,"서울특별시 동대문구 용두동 34-1"
단풍나무,용두공원,"서울특별시 동대문구 용두동 34-1"
벚나무,용두공원,"서울특별시 동대문구 용두동 34-1"
매실나무,용두공원,"서울특별시 동대문구 용두동 34-1"
매실나무,용두공원,"서울특별시 동대문구 용두동 34-1"
살구나무,용두공원,"서울특별시 동대문구 용두동 34-1"
산수유,용두공원,"서울특별시 동대문구 용두동 34-1"
산수유,용두공원,"서울특별시 동대문구 용두동 34-1"
산수유,용두공원,"서울특별시 동대문구 용두동 34-1"
산수유,용두공원,"서울특별시 동대문구 용두동 34-1"
산수유,용두공원,"서울특별시 동대문구 용두동 34-1"
중국단풍,용두공원,"서울특별시 동대문구 용두동 34-1"
모과나무,용두공원,"서울특별시 동대문구 용두동 34-1"
중국단풍,용두공원,"서울특별시 동대문구 용두동 34-1"
참나무,용두공원,"서울특별시 동대문구 용두동 34-1"
모과나무,용두공원,"서울특별시 동대문구 용두동 34-1"
참나무,용두공원,"서울특별시 동대문구 용두동 34-1"
중국단풍,용두공원,"서울특별시 동대문구 용두동 34-1"
소나무,용두공원,"서울특별시 동대문구 용두동 34-1"
산수유,용두공원,"서울특별시 동대문구 용두동 34-1"
이팝나무,용두공원,"서울특별시 동대문구 용두동 34-1"
소나무,용두공원,"서울특별시 동대문구 용두동 34-1"
이팝나무,용두공원,"서울특별시 동대문구 용두동 34-1"
느티나무,용두공원,"서울특별시 동대문구 용두동 34-1"
소나무,용두공원,"서울특별시 동대문구 용두동 34-1"
소나무,용두공원,"서울특별시 동대문구 용두동 34-1"
소나무,용두공원,"서울특별시 동대문구 용두동 34-1"
소나무,용두공원,"서울특별시 동대문구 용두동 34-1"
소나무,용두공원,"서울특별시 동대문구 용두동 34-1"
소나무,용두공원,"서울특별시 동대문구 용두동 34-1"
소나무,용두공원,"서울특별시 동대문구 용두동 34-1"
소나무,용두공원,"서울특별시 동대문구 용두동 34-1"
소나무,용두공원,"서울특별시 동대문구 용두동 34-1"
소나무,용두공원,"서울특별시 동대문구 용두동 34-1"
소나무,용두공원,"서울특별시 동대문구 용두동 34-1"
소나무,용두공원,"서울특별시 동대문구 용두동 34-1"
소나무,용두공원,"서울특별시 동대문구 용두동 34-1"
소나무,용두공원,"서울특별시 동대문구 용두동 34-1"
소나무,용두공원,"서울특별시 동대문구 용두동 34-1"
이팝나무,용두공원,"서울특별시 동대문구 용두동 34-1"
단풍나무,용두공원,"서울특별시 동대문구 용두동 34-1"
단풍나무,용두공원,"서울특별시 동대문구 용두동 34-1"
단풍나무,용두공원,"서울특별시 동대문구 용두동 34-1"
백합나무,용두공원,"서울특별시 동대문구 용두동 34-1"
단풍나무,용두공원,"서울특별시 동대문구 용두동 34-1"
단풍나무,용두공원,"서울특별시 동대문구 용두동 34-1"
살구나무,용두공원,"서울특별시 동대문구 용두동 34-1"
백합나무,용두공원,"서울특별시 동대문구 용두동 34-1"
매실나무,용두공원,"서울특별시 동대문구 용두동 34-1"
단풍나무,용두공원,"서울특별시 동대문구 용두동 34-1"
백합나무,용두공원,"서울특별시 동대문구 용두동 34-1"
매실나무,용두공원,"서울특별시 동대문구 용두동 34-1"
소나무,용두공원,"서울특별시 동대문구 용두동 34-1"
단풍나무,용두공원,"서울특별시 동대문구 용두동 34-1"
소나무,용두공원,"서울특별시 동대문구 용두동 34-1"
소나무,용두공원,"서울특별시 동대문구 용두동 34-1"
매실나무,용두공원,"서울특별시 동대문구 용두동 34-1"
뽕나무,용두공원,"서울특별시 동대문구 용두동 34-1"
주목,용두공원,"서울특별시 동대문구 용두동 34-1"
주목,용두공원,"서울특별시 동대문구 용두동 34-1"
감나무,용두공원,"서울특별시 동대문구 용두동 34-1"
감나무,용두공원,"서울특별시 동대문구 용두동 34-1"
살구나무,용두공원,"서울특별시 동대문구 용두동 34-1"
감나무,용두공원,"서울특별시 동대문구 용두동 34-1"
단풍나무,용두공원,"서울특별시 동대문구 용두동 34-1"
자귀나무,용두공원,"서울특별시 동대문구 용두동 34-1"
단풍나무,용두공원,"서울특별시 동대문구 용두동 34-1"
백합나무,용두공원,"서울특별시 동대문구 용두동 34-1"
단풍나무,용두공원,"서울특별시 동대문구 용두동 34-1"
단풍나무,용두공원,"서울특별시 동대문구 용두동 34-1"
참나무,용두공원,"서울특별시 동대문구 용두동 34-1"
단풍나무,용두공원,"서울특별시 동대문구 용두동 34-1"
백합나무,용두공원,"서울특별시 동대문구 용두동 34-1"
소나무,용두공원,"서울특별시 동대문구 용두동 34-1"
소나무,용두공원,"서울특별시 동대문구 용두동 34-1"
소나무,용두공원,"서울특별시 동대문구 용두동 34-1"
참나무,용두공원,"서울특별시 동대문구 용두동 34-1"
단풍나무,용두공원,"서울특별시 동대문구 용두동 34-1"
참나무,용두공원,"서울특별시 동대문구 용두동 34-1"
이팝나무,용두공원,"서울특별시 동대문구 용두동 34-1"
벚나무,용두공원,"서울특별시 동대문구 용두동 34-1"
벚나무,용두공원,"서울특별시 동대문구 용두동 34-1"
단풍나무,용두공원,"서울특별시 동대문구 용두동 34-1"
단풍나무,용두공원,"서울특별시 동대문구 용두동 34-1"
단풍나무,용두공원,"서울특별시 동대문구 용두동 34-1"
때죽나무,용두공원,"서울특별시 동대문구 용두동 34-1"
백합나무,용두공원,"서울특별시 동대문구 용두동 34-1"
벚나무,용두공원,"서울특별시 동대문구 용두동 34-1"
벚나무,용두공원,"서울특별시 동대문구 용두동 34-1"
벚나무,용두공원,"서울특별시 동대문구 용두동 34-1"
소나무,용두공원,"서울특별시 동대문구 용두동 34-1"
단풍나무,용두공원,"서울특별시 동대문구 용두동 34-1"
단풍나무,용두공원,"서울특별시 동대문구 용두동 34-1"
버드나무,용두공원,"서울특별시 동대문구 용두동 34-1"
뽕나무,용두공원,"서울특별시 동대문구 용두동 34-1"
벚나무,용두공원,"서울특별시 동대문구 용두동 34-1"
소나무,용두공원,"서울특별시 동대문구 용두동 34-1"
단풍나무,용두공원,"서울특별시 동대문구 용두동 34-1"
참나무,용두공원,"서울특별시 동대문구 용두동 34-1"
단풍나무,용두공원,"서울특별시 동대문구 용두동 34-1"
벚나무,용두공원,"서울특별시 동대문구 용두동 34-1"
참나무,용두공원,"서울특별시 동대문구 용두동 34-1"
느티나무,용두공원,"서울특별시 동대문구 용두동 34-1"
벚나무,용두공원,"서울특별시 동대문구 용두동 34-1"
참나무,용두공원,"서울특별시 동대문구 용두동 34-1"
참나무,용두공원,"서울특별시 동대문구 용두동 34-1"
산딸나무,용두공원,"서울특별시 동대문구 용두동 34-1"
산딸나무,용두공원,"서울특별시 동대문구 용두동 34-1"
밤나무,용두공원,"서울특별시 동대문구 용두동 34-1"
살구나무,용두공원,"서울특별시 동대문구 용두동 34-1"
참나무,용두공원,"서울특별시 동대문구 용두동 34-1"
참나무,용두공원,"서울특별시 동대문구 용두동 34-1"
참나무,용두공원,"서울특별시 동대문구 용두동 34-1"
소나무,용두공원,"서울특별시 동대문구 용두동 34-1"
참나무,용두공원,"서울특별시 동대문구 용두동 34-1"
이팝나무,용두공원,"서울특별시 동대문구 용두동 34-1"
소나무,용두공원,"서울특별시 동대문구 용두동 34-1"
단풍나무,용두공원,"서울특별시 동대문구 용두동 34-1"
참나무,용두공원,"서울특별시 동대문구 용두동 34-1"
단풍나무,용두공원,"서울특별시 동대문구 용두동 34-1"
이팝나무,용두공원,"서울특별시 동대문구 용두동 34-1"
소나무,용두공원,"서울특별시 동대문구 용두동 34-1"
소나무,용두공원,"서울특별시 동대문구 용두동 34-1"
때죽나무,용두공원,"서울특별시 동대문구 용두동 34-1"
소나무,용두공원,"서울특별시 동대문구 용두동 34-1"
벚나무,용두공원,"서울특별시 동대문구 용두동 34-1"
단풍나무,용두공원,"서울특별시 동대문구 용두동 34-1"
단풍나무,용두공원,"서울특별시 동대문구 용두동 34-1"
단풍나무,용두공원,"서울특별시 동대문구 용두동 34-1"
향나무,용두공원,"서울특별시 동대문구 용두동 34-1"
이팝나무,용두공원,"서울특별시 동대문구 용두동 34-1"
벚나무,용두공원,"서울특별시 동대문구 용두동 34-1"
참나무,용두공원,"서울특별시 동대문구 용두동 34-1"
느티나무,용두공원,"서울특별시 동대문구 용두동 34-1"
잣나무,용두공원,"서울특별시 동대문구 용두동 34-1"
벚나무,용두공원,"서울특별시 동대문구 용두동 34-1"
이팝나무,용두공원,"서울특별시 동대문구 용두동 34-1"
단풍나무,용두공원,"서울특별시 동대문구 용두동 34-1"
이팝나무,용두공원,"서울특별시 동대문구 용두동 34-1"
단풍나무,용두공원,"서울특별시 동대문구 용두동 34-1"
벚나무,용두공원,"서울특별시 동대문구 용두동 34-1"
단풍나무,용두공원,"서울특별시 동대문구 용두동 34-1"
모과나무,용두공원,"서울특별시 동대문구 용두동 34-1"
단풍나무,용두공원,"서울특별시 동대문구 용두동 34-1"
잣나무,용두공원,"서울특별시 동대문구 용두동 34-1"
단풍나무,용두공원,"서울특별시 동대문구 용두동 34-1"
잣나무,용두공원,"서울특별시 동대문구 용두동 34-1"
모과나무,용두공원,"서울특별시 동대문구 용두동 34-1"
잣나무,용두공원,"서울특별시 동대문구 용두동 34-1"
잣나무,용두공원,"서울특별시 동대문구 용두동 34-1"
소나무,용두공원,"서울특별시 동대문구 용두동 34-1"
소나무,용두공원,"서울특별시 동대문구 용두동 34-1"
소나무,용두공원,"서울특별시 동대문구 용두동 34-1"
소나무,용두공원,"서울특별시 동대문구 용두동 34-1"
소나무,용두공원,"서울특별시 동대문구 용두동 34-1"
단풍나무,용두공원,"서울특별시 동대문구 용두동 34-1"
느티나무,용두공원,"서울특별시 동대문구 용두동 34-1"
느티나무,용두공원,"서울특별시 동대문구 용두동 34-1"
모과나무,용두공원,"서울특별시 동대문구 용두동 34-1"
향나무,용두공원,"서울특별시 동대문구 용두동 34-1"
단풍나무,용두공원,"서울특별시 동대문구 용두동 34-1"
향나무,용두공원,"서울특별시 동대문구 용두동 34-1"
단풍나무,용두공원,"서울특별시 동대문구 용두동 34-1"
벚나무,용두공원,"서울특별시 동대문구 용두동 34-1"
잣나무,용두공원,"서울특별시 동대문구 용두동 34-1"
단풍나무,용두공원,"서울특별시 동대문구 용두동 34-1"
소나무,용두공원,"서울특별시 동대문구 용두동 34-1"
잣나무,용두공원,"서울특별시 동대문구 용두동 34-1"
단풍나무,용두공원,"서울특별시 동대문구 용두동 34-1"
벚나무,용두공원,"서울특별시 동대문구 용두동 34-1"
소나무,용두공원,"서울특별시 동대문구 용두동 34-1"
단풍나무,용두공원,"서울특별시 동대문구 용두동 34-1"
참나무,용두공원,"서울특별시 동대문구 용두동 34-1"
단풍나무,용두공원,"서울특별시 동대문구 용두동 34-1"
벚나무,용두공원,"서울특별시 동대문구 용두동 34-1"
중국단풍,용두공원,"서울특별시 동대문구 용두동 34-1"
벚나무,용두공원,"서울특별시 동대문구 용두동 34-1"
산수유,용두공원,"서울특별시 동대문구 용두동 34-1"
벚나무,용두공원,"서울특별시 동대문구 용두동 34-1"
산수유,용두공원,"서울특별시 동대문구 용두동 34-1"
소나무,용두공원,"서울특별시 동대문구 용두동 34-1"
산수유,용두공원,"서울특별시 동대문구 용두동 34-1"
소나무,용두공원,"서울특별시 동대문구 용두동 34-1"
중국단풍,용두공원,"서울특별시 동대문구 용두동 34-1"
감나무,용두공원,"서울특별시 동대문구 용두동 34-1"
산수유,용두공원,"서울특별시 동대문구 용두동 34-1"
중국단풍,용두공원,"서울특별시 동대문구 용두동 34-1"
소나무,용두공원,"서울특별시 동대문구 용두동 34-1"
소나무,용두공원,"서울특별시 동대문구 용두동 34-1"
소나무,용두공원,"서울특별시 동대문구 용두동 34-1"
소나무,용두공원,"서울특별시 동대문구 용두동 34-1"
소나무,용두공원,"서울특별시 동대문구 용두동 34-1"
참나무,용두공원,"서울특별시 동대문구 용두동 34-1"
소나무,용두공원,"서울특별시 동대문구 용두동 34-1"
산수유,용두공원,"서울특별시 동대문구 용두동 34-1"
소나무,용두공원,"서울특별시 동대문구 용두동 34-1"
소나무,용두공원,"서울특별시 동대문구 용두동 34-1"
감나무,용두공원,"서울특별시 동대문구 용두동 34-1"
산딸나무,용두공원,"서울특별시 동대문구 용두동 34-1"
감나무,용두공원,"서울특별시 동대문구 용두동 34-1"
모과나무,용두공원,"서울특별시 동대문구 용두동 34-1"
산수유,용두공원,"서울특별시 동대문구 용두동 34-1"
주목,용두공원,"서울특별시 동대문구 용두동 34-1"
단풍나무,용두공원,"서울특별시 동대문구 용두동 34-1"
단풍나무,용두공원,"서울특별시 동대문구 용두동 34-1"
단풍나무,용두공원,"서울특별시 동대문구 용두동 34-1"
단풍나무,용두공원,"서울특별시 동대문구 용두동 34-1"
모과나무,용두공원,"서울특별시 동대문구 용두동 34-1"
느티나무,용두공원,"서울특별시 동대문구 용두동 34-1"
모과나무,용두공원,"서울특별시 동대문구 용두동 34-1"
주목,용두공원,"서울특별시 동대문구 용두동 34-1"
느티나무,용두공원,"서울특별시 동대문구 용두동 34-1"
감나무,용두공원,"서울특별시 동대문구 용두동 34-1"
느티나무,용두공원,"서울특별시 동대문구 용두동 34-1"
주목,용두공원,"서울특별시 동대문구 용두동 34-1"
단풍나무,용두공원,"서울특별시 동대문구 용두동 34-1"
모과나무,용두공원,"서울특별시 동대문구 용두동 34-1"
단풍나무,용두공원,"서울특별시 동대문구 용두동 34-1"
모과나무,용두공원,"서울특별시 동대문구 용두동 34-1"
단풍나무,용두공원,"서울특별시 동대문구 용두동 34-1"
느티나무,용두공원,"서울특별시 동대문구 용두동 34-1"
모과나무,용두공원,"서울특별시 동대문구 용두동 34-1"
산수유,용두공원,"서울특별시 동대문구 용두동 34-1"
산수유,용두공원,"서울특별시 동대문구 용두동 34-1"
벚나무,용두공원,"서울특별시 동대문구 용두동 34-1"
단풍나무,용두공원,"서울특별시 동대문구 용두동 34-1"
단풍나무,용두공원,"서울특별시 동대문구 용두동 34-1"
벚나무,용두공원,"서울특별시 동대문구 용두동 34-1"
단풍나무,용두공원,"서울특별시 동대문구 용두동 34-1"
왕벚나무,용두공원,"서울특별시 동대문구 용두동 34-1"
벚나무,용두공원,"서울특별시 동대문구 용두동 34-1"
벚나무,용두공원,"서울특별시 동대문구 용두동 34-1"
단풍나무,용두공원,"서울특별시 동대문구 용두동 34-1"
단풍나무,용두공원,"서울특별시 동대문구 용두동 34-1"
소나무,용두공원,"서울특별시 동대문구 용두동 34-1"
소나무,용두공원,"서울특별시 동대문구 용두동 34-1"
소나무,용두공원,"서울특별시 동대문구 용두동 34-1"
참나무,용두공원,"서울특별시 동대문구 용두동 34-1"
소나무,용두공원,"서울특별시 동대문구 용두동 34-1"
소나무,용두공원,"서울특별시 동대문구 용두동 34-1"
소나무,용두공원,"서울특별시 동대문구 용두동 34-1"
소나무,용두공원,"서울특별시 동대문구 용두동 34-1"
소나무,용두공원,"서울특별시 동대문구 용두동 34-1"
단풍나무,용두공원,"서울특별시 동대문구 용두동 34-1"
단풍나무,용두공원,"서울특별시 동대문구 용두동 34-1"
단풍나무,용두공원,"서울특별시 동대문구 용두동 34-1"
산딸나무,용두공원,"서울특별시 동대문구 용두동 34-1"
산딸나무,용두공원,"서울특별시 동대문구 용두동 34-1"
은행나무,용두공원,"서울특별시 동대문구 용두동 34-1"
산딸나무,용두공원,"서울특별시 동대문구 용두동 34-1"
느티나무,용두공원,"서울특별시 동대문구 용두동 34-1"
밤나무,용두공원,"서울특별시 동대문구 용두동 34-1"
단풍나무,용두공원,"서울특별시 동대문구 용두동 34-1"
단풍나무,용두공원,"서울특별시 동대문구 용두동 34-1"
단풍나무,용두공원,"서울특별시 동대문구 용두동 34-1"
단풍나무,용두공원,"서울특별시 동대문구 용두동 34-1"
단풍나무,용두공원,"서울특별시 동대문구 용두동 34-1"
벚나무,용두공원,"서울특별시 동대문구 용두동 34-1"
벚나무,용두공원,"서울특별시 동대문구 용두동 34-1"
중국단풍,용두공원,"서울특별시 동대문구 용두동 34-1"
중국단풍,용두공원,"서울특별시 동대문구 용두동 34-1"
단풍나무,용두공원,"서울특별시 동대문구 용두동 34-1"
중국단풍,용두공원,"서울특별시 동대문구 용두동 34-1"
단풍나무,용두공원,"서울특별시 동대문구 용두동 34-1"
단풍나무,용두공원,"서울특별시 동대문구 용두동 34-1"
단풍나무,용두공원,"서울특별시 동대문구 용두동 34-1"
벚나무,용두공원,"서울특별시 동대문구 용두동 34-1"
단풍나무,용두공원,"서울특별시 동대문구 용두동 34-1"
단풍나무,용두공원,"서울특별시 동대문구 용두동 34-1"
회화나무,용두공원,"서울특별시 동대문구 용두동 34-1"
벚나무,용두공원,"서울특별시 동대문구 용두동 34-1"
벚나무,용두공원,"서울특별시 동대문구 용두동 34-1"
잣나무,용두공원,"서울특별시 동대문구 용두동 34-1"
잣나무,용두공원,"서울특별시 동대문구 용두동 34-1"
잣나무,용두공원,"서울특별시 동대문구 용두동 34-1"
잣나무,용두공원,"서울특별시 동대문구 용두동 34-1"
벚나무,용두공원,"서울특별시 동대문구 용두동 34-1"
단풍나무,용두공원,"서울특별시 동대문구 용두동 34-1"
단풍나무,용두공원,"서울특별시 동대문구 용두동 34-1"
때죽나무,용두공원,"서울특별시 동대문구 용두동 34-1"
벚나무,용두공원,"서울특별시 동대문구 용두동 34-1"
때죽나무,용두공원,"서울특별시 동대문구 용두동 34-1"
때죽나무,용두공원,"서울특별시 동대문구 용두동 34-1"
때죽나무,용두공원,"서울특별시 동대문구 용두동 34-1"
산수유,용두공원,"서울특별시 동대문구 용두동 34-1"
잣나무,용두공원,"서울특별시 동대문구 용두동 34-1"
단풍나무,용두공원,"서울특별시 동대문구 용두동 34-1"
잣나무,용두공원,"서울특별시 동대문구 용두동 34-1"
잣나무,용두공원,"서울특별시 동대문구 용두동 34-1"
잣나무,용두공원,"서울특별시 동대문구 용두동 34-1"
벚나무,용두공원,"서울특별시 동대문구 용두동 34-1"
벚나무,용두공원,"서울특별시 동대문구 용두동 34-1"
때죽나무,용두공원,"서울특별시 동대문구 용두동 34-1"
벚나무,용두공원,"서울특별시 동대문구 용두동 34-1"
벚나무,용두공원,"서울특별시 동대문구 용두동 34-1"
단풍나무,용두공원,"서울특별시 동대문구 용두동 34-1"
단풍나무,용두공원,"서울특별시 동대문구 용두동 34-1"
잣나무,용두공원,"서울특별시 동대문구 용두동 34-1"
단풍나무,용두공원,"서울특별시 동대문구 용두동 34-1"
잣나무,용두공원,"서울특별시 동대문구 용두동 34-1"
단풍나무,용두공원,"서울특별시 동대문구 용두동 34-1"
잣나무,용두공원,"서울특별시 동대문구 용두동 34-1"
느티나무,용두공원,"서울특별시 동대문구 용두동 34-1"
잣나무,용두공원,"서울특별시 동대문구 용두동 34-1"
잣나무,용두공원,"서울특별시 동대문구 용두동 34-1"
단풍나무,용두공원,"서울특별시 동대문구 용두동 34-1"
단풍나무,용두공원,"서울특별시 동대문구 용두동 34-1"
단풍나무,용두공원,"서울특별시 동대문구 용두동 34-1"
산딸나무,용두공원,"서울특별시 동대문구 용두동 34-1"
벚나무,용두공원,"서울특별시 동대문구 용두동 34-1"
단풍나무,용두공원,"서울특별시 동대문구 용두동 34-1"
느티나무,용두공원,"서울특별시 동대문구 용두동 34-1"
느티나무,용두공원,"서울특별시 동대문구 용두동 34-1"
산딸나무,용두공원,"서울특별시 동대문구 용두동 34-1"
때죽나무,용두공원,"서울특별시 동대문구 용두동 34-1"
단풍나무,용두공원,"서울특별시 동대문구 용두동 34-1"
때죽나무,용두공원,"서울특별시 동대문구 용두동 34-1"
단풍나무,용두공원,"서울특별시 동대문구 용두동 34-1"
단풍나무,용두공원,"서울특별시 동대문구 용두동 34-1"
단풍나무,용두공원,"서울특별시 동대문구 용두동 34-1"
때죽나무,용두공원,"서울특별시 동대문구 용두동 34-1"
때죽나무,용두공원,"서울특별시 동대문구 용두동 34-1"
때죽나무,용두공원,"서울특별시 동대문구 용두동 34-1"
모과나무,용두공원,"서울특별시 동대문구 용두동 34-1"
잣나무,용두공원,"서울특별시 동대문구 용두동 34-1"
잣나무,용두공원,"서울특별시 동대문구 용두동 34-1"
모과나무,용두공원,"서울특별시 동대문구 용두동 34-1"
잣나무,용두공원,"서울특별시 동대문구 용두동 34-1"
모과나무,용두공원,"서울특별시 동대문구 용두동 34-1"
잣나무,용두공원,"서울특별시 동대문구 용두동 34-1"
모과나무,용두공원,"서울특별시 동대문구 용두동 34-1"
잣나무,용두공원,"서울특별시 동대문구 용두동 34-1"
잣나무,용두공원,"서울특별시 동대문구 용두동 34-1"
모과나무,용두공원,"서울특별시 동대문구 용두동 34-1"
산수유,용두공원,"서울특별시 동대문구 용두동 34-1"
산수유,용두공원,"서울특별시 동대문구 용두동 34-1"
산수유,용두공원,"서울특별시 동대문구 용두동 34-1"
산수유,용두공원,"서울특별시 동대문구 용두동 34-1"
잣나무,용두공원,"서울특별시 동대문구 용두동 34-1"
산수유,용두공원,"서울특별시 동대문구 용두동 34-1"
산수유,용두공원,"서울특별시 동대문구 용두동 34-1"
소나무,용두공원,"서울특별시 동대문구 용두동 34-1"
잣나무,용두공원,"서울특별시 동대문구 용두동 34-1"
모과나무,용두공원,"서울특별시 동대문구 용두동 34-1"
소나무,용두공원,"서울특별시 동대문구 용두동 34-1"
잣나무,용두공원,"서울특별시 동대문구 용두동 34-1"
모과나무,용두공원,"서울특별시 동대문구 용두동 34-1"
느티나무,용두공원,"서울특별시 동대문구 용두동 34-1"
잣나무,용두공원,"서울특별시 동대문구 용두동 34-1"
잣나무,용두공원,"서울특별시 동대문구 용두동 34-1"
벚나무,용두공원,"서울특별시 동대문구 용두동 34-1"
벚나무,용두공원,"서울특별시 동대문구 용두동 34-1"
벚나무,용두공원,"서울특별시 동대문구 용두동 34-1"
잣나무,용두공원,"서울특별시 동대문구 용두동 34-1"
단풍나무,용두공원,"서울특별시 동대문구 용두동 34-1"
소나무,용두공원,"서울특별시 동대문구 용두동 34-1"
잣나무,용두공원,"서울특별시 동대문구 용두동 34-1"
단풍나무,용두공원,"서울특별시 동대문구 용두동 34-1"
소나무,용두공원,"서울특별시 동대문구 용두동 34-1"
잣나무,용두공원,"서울특별시 동대문구 용두동 34-1"
잣나무,용두공원,"서울특별시 동대문구 용두동 34-1"
단풍나무,용두공원,"서울특별시 동대문구 용두동 34-1"
잣나무,용두공원,"서울특별시 동대문구 용두동 34-1"
느티나무,용두공원,"서울특별시 동대문구 용두동 34-1"
메타세쿼이아,용두공원,"서울특별시 동대문구 용두동 34-1"
잣나무,용두공원,"서울특별시 동대문구 용두동 34-1"
메타세쿼이아,용두공원,"서울특별시 동대문구 용두동 34-1"
잣나무,용두공원,"서울특별시 동대문구 용두동 34-1"
잣나무,용두공원,"서울특별시 동대문구 용두동 34-1"
산수유,용두공원,"서울특별시 동대문구 용두동 34-1"
벚나무,용두공원,"서울특별시 동대문구 용두동 34-1"
목련,용두공원,"서울특별시 동대문구 용두동 34-1"
잣나무,용두공원,"서울특별시 동대문구 용두동 34-1"
벚나무,용두공원,"서울특별시 동대문구 용두동 34-1"
벚나무,용두공원,"서울특별시 동대문구 용두동 34-1"
소나무,용두공원,"서울특별시 동대문구 용두동 34-1"
메타세쿼이아,용두공원,"서울특별시 동대문구 용두동 34-1"
벚나무,용두공원,"서울특별시 동대문구 용두동 34-1"
벚나무,용두공원,"서울특별시 동대문구 용두동 34-1"
벚나무,용두공원,"서울특별시 동대문구 용두동 34-1"
벚나무,용두공원,"서울특별시 동대문구 용두동 34-1"
잣나무,용두공원,"서울특별시 동대문구 용두동 34-1"
벚나무,용두공원,"서울특별시 동대문구 용두동 34-1"
느티나무,용두공원,"서울특별시 동대문구 용두동 34-1"
느티나무,용두공원,"서울특별시 동대문구 용두동 34-1"
느티나무,용두공원,"서울특별시 동대문구 용두동 34-1"
잣나무,용두공원,"서울특별시 동대문구 용두동 34-1"
메타세쿼이아,용두공원,"서울특별시 동대문구 용두동 34-1"
소나무,용두공원,"서울특별시 동대문구 용두동 34-1"
벚나무,용두공원,"서울특별시 동대문구 용두동 34-1"
느티나무,용두공원,"서울특별시 동대문구 용두동 34-1"
잣나무,용두공원,"서울특별시 동대문구 용두동 34-1"
벚나무,용두공원,"서울특별시 동대문구 용두동 34-1"
메타세쿼이아,용두공원,"서울특별시 동대문구 용두동 34-1"
잣나무,용두공원,"서울특별시 동대문구 용두동 34-1"
단풍나무,용두공원,"서울특별시 동대문구 용두동 34-1"
잣나무,용두공원,"서울특별시 동대문구 용두동 34-1"
소나무,용두공원,"서울특별시 동대문구 용두동 34-1"
메타세쿼이아,용두공원,"서울특별시 동대문구 용두동 34-1"
잣나무,용두공원,"서울특별시 동대문구 용두동 34-1"
벚나무,용두공원,"서울특별시 동대문구 용두동 34-1"
잣나무,용두공원,"서울특별시 동대문구 용두동 34-1"
메타세쿼이아,용두공원,"서울특별시 동대문구 용두동 34-1"
소나무,용두공원,"서울특별시 동대문구 용두동 34-1"
소나무,용두공원,"서울특별시 동대문구 용두동 34-1"
잣나무,용두공원,"서울특별시 동대문구 용두동 34-1"
메타세쿼이아,용두공원,"서울특별시 동대문구 용두동 34-1"
잣나무,용두공원,"서울특별시 동대문구 용두동 34-1"
잣나무,용두공원,"서울특별시 동대문구 용두동 34-1"
메타세쿼이아,용두공원,"서울특별시 동대문구 용두동 34-1"
소나무,용두공원,"서울특별시 동대문구 용두동 34-1"
잣나무,용두공원,"서울특별시 동대문구 용두동 34-1"
잣나무,용두공원,"서울특별시 동대문구 용두동 34-1"
소나무,용두공원,"서울특별시 동대문구 용두동 34-1"
잣나무,용두공원,"서울특별시 동대문구 용두동 34-1"
중국단풍,용두공원,"서울특별시 동대문구 용두동 34-1"
중국단풍,용두공원,"서울특별시 동대문구 용두동 34-1"
느티나무,용두공원,"서울특별시 동대문구 용두동 34-1"
소나무,용두공원,"서울특별시 동대문구 용두동 34-1"
중국단풍,용두공원,"서울특별시 동대문구 용두동 34-1"
소나무,용두공원,"서울특별시 동대문구 용두동 34-1"
중국단풍,용두공원,"서울특별시 동대문구 용두동 34-1"
잣나무,용두공원,"서울특별시 동대문구 용두동 34-1"
소나무,용두공원,"서울특별시 동대문구 용두동 34-1"
잣나무,용두공원,"서울특별시 동대문구 용두동 34-1"
잣나무,용두공원,"서울특별시 동대문구 용두동 34-1"
느티나무,용두공원,"서울특별시 동대문구 용두동 34-1"
잣나무,용두공원,"서울특별시 동대문구 용두동 34-1"
목련,용두공원,"서울특별시 동대문구 용두동 34-1"
느티나무,용두공원,"서울특별시 동대문구 용두동 34-1"
벚나무,용두공원,"서울특별시 동대문구 용두동 34-1"
잣나무,용두공원,"서울특별시 동대문구 용두동 34-1"
잣나무,용두공원,"서울특별시 동대문구 용두동 34-1"
느티나무,용두공원,"서울특별시 동대문구 용두동 34-1"
느티나무,용두공원,"서울특별시 동대문구 용두동 34-1"
소나무,용두공원,"서울특별시 동대문구 용두동 34-1"
참나무,용두공원,"서울특별시 동대문구 용두동 34-1"
중국단풍,용두공원,"서울특별시 동대문구 용두동 34-1"
느티나무,용두공원,"서울특별시 동대문구 용두동 34-1"
잣나무,용두공원,"서울특별시 동대문구 용두동 34-1"
느티나무,용두공원,"서울특별시 동대문구 용두동 34-1"
잣나무,용두공원,"서울특별시 동대문구 용두동 34-1"
잣나무,용두공원,"서울특별시 동대문구 용두동 34-1"
잣나무,용두공원,"서울특별시 동대문구 용두동 34-1"
벚나무,용두공원,"서울특별시 동대문구 용두동 34-1"
잣나무,용두공원,"서울특별시 동대문구 용두동 34-1"
벚나무,용두공원,"서울특별시 동대문구 용두동 34-1"
벚나무,용두공원,"서울특별시 동대문구 용두동 34-1"
벚나무,용두공원,"서울특별시 동대문구 용두동 34-1"
벚나무,용두공원,"서울특별시 동대문구 용두동 34-1"
산수유,용두공원,"서울특별시 동대문구 용두동 34-1"
벚나무,용두공원,"서울특별시 동대문구 용두동 34-1"
벚나무,용두공원,"서울특별시 동대문구 용두동 34-1"
잣나무,용두공원,"서울특별시 동대문구 용두동 34-1"
벚나무,용두공원,"서울특별시 동대문구 용두동 34-1"
잣나무,용두공원,"서울특별시 동대문구 용두동 34-1"
벚나무,용두공원,"서울특별시 동대문구 용두동 34-1"
목련,용두공원,"서울특별시 동대문구 용두동 34-1"
벚나무,용두공원,"서울특별시 동대문구 용두동 34-1"
벚나무,용두공원,"서울특별시 동대문구 용두동 34-1"
벚나무,용두공원,"서울특별시 동대문구 용두동 34-1"
잣나무,용두공원,"서울특별시 동대문구 용두동 34-1"
벚나무,용두공원,"서울특별시 동대문구 용두동 34-1"
모과나무,용두공원,"서울특별시 동대문구 용두동 34-1"
벚나무,용두공원,"서울특별시 동대문구 용두동 34-1"
느티나무,용두공원,"서울특별시 동대문구 용두동 34-1"
은행나무,용두공원,"서울특별시 동대문구 용두동 34-1"
잣나무,용두공원,"서울특별시 동대문구 용두동 34-1"
벚나무,용두공원,"서울특별시 동대문구 용두동 34-1"
소나무,용두공원,"서울특별시 동대문구 용두동 34-1"
소나무,용두공원,"서울특별시 동대문구 용두동 34-1"
벚나무,용두공원,"서울특별시 동대문구 용두동 34-1"
단풍나무,용두공원,"서울특별시 동대문구 용두동 34-1"
벚나무,용두공원,"서울특별시 동대문구 용두동 34-1"
벚나무,용두공원,"서울특별시 동대문구 용두동 34-1"
잣나무,용두공원,"서울특별시 동대문구 용두동 34-1"
소나무,용두공원,"서울특별시 동대문구 용두동 34-1"
잣나무,용두공원,"서울특별시 동대문구 용두동 34-1"
잣나무,용두공원,"서울특별시 동대문구 용두동 34-1"
잣나무,용두공원,"서울특별시 동대문구 용두동 34-1"
소나무,용두공원,"서울특별시 동대문구 용두동 34-1"
벚나무,용두공원,"서울특별시 동대문구 용두동 34-1"
소나무,용두공원,"서울특별시 동대문구 용두동 34-1"
단풍나무,용두공원,"서울특별시 동대문구 용두동 34-1"
단풍나무,용두공원,"서울특별시 동대문구 용두동 34-1"
소나무,용두공원,"서울특별시 동대문구 용두동 34-1"
소나무,용두공원,"서울특별시 동대문구 용두동 34-1"
소나무,용두공원,"서울특별시 동대문구 용두동 34-1"
소나무,용두공원,"서울특별시 동대문구 용두동 34-1"
소나무,용두공원,"서울특별시 동대문구 용두동 34-1"
소나무,용두공원,"서울특별시 동대문구 용두동 34-1"
소나무,용두공원,"서울특별시 동대문구 용두동 34-1"
벚나무,용두공원,"서울특별시 동대문구 용두동 34-1"
소나무,용두공원,"서울특별시 동대문구 용두동 34-1"
소나무,용두공원,"서울특별시 동대문구 용두동 34-1"
소나무,용두공원,"서울특별시 동대문구 용두동 34-1"
벚나무,용두공원,"서울특별시 동대문구 용두동 34-1"
소나무,용두공원,"서울특별시 동대문구 용두동 34-1"
소나무,용두공원,"서울특별시 동대문구 용두동 34-1"
소나무,용두공원,"서울특별시 동대문구 용두동 34-1"
소나무,용두공원,"서울특별시 동대문구 용두동 34-1"
소나무,용두공원,"서울특별시 동대문구 용두동 34-1"
소나무,용두공원,"서울특별시 동대문구 용두동 34-1"
소나무,용두공원,"서울특별시 동대문구 용두동 34-1"
벚나무,용두공원,"서울특별시 동대문구 용두동 34-1"
소나무,용두공원,"서울특별시 동대문구 용두동 34-1"
대추나무,용두공원,"서울특별시 동대문구 용두동 34-1"
소나무,용두공원,"서울특별시 동대문구 용두동 34-1"
대추나무,용두공원,"서울특별시 동대문구 용두동 34-1"
소나무,용두공원,"서울특별시 동대문구 용두동 34-1"
소나무,용두공원,"서울특별시 동대문구 용두동 34-1"
소나무,용두공원,"서울특별시 동대문구 용두동 34-1"
소나무,용두공원,"서울특별시 동대문구 용두동 34-1"
벚나무,용두공원,"서울특별시 동대문구 용두동 34-1"
벚나무,용두공원,"서울특별시 동대문구 용두동 34-1"
대추나무,용두공원,"서울특별시 동대문구 용두동 34-1"
단풍나무,용두공원,"서울특별시 동대문구 용두동 34-1"
단풍나무,용두공원,"서울특별시 동대문구 용두동 34-1"
벚나무,용두공원,"서울특별시 동대문구 용두동 34-1"
벚나무,용두공원,"서울특별시 동대문구 용두동 34-1"
단풍나무,용두공원,"서울특별시 동대문구 용두동 34-1"
벚나무,용두공원,"서울특별시 동대문구 용두동 34-1"
소나무,용두공원,"서울특별시 동대문구 용두동 34-1"
소나무,용두공원,"서울특별시 동대문구 용두동 34-1"
느티나무,용두공원,"서울특별시 동대문구 용두동 34-1"
소나무,용두공원,"서울특별시 동대문구 용두동 34-1"
느티나무,용두공원,"서울특별시 동대문구 용두동 34-1"
느티나무,용두공원,"서울특별시 동대문구 용두동 34-1"
은행나무,용두공원,"서울특별시 동대문구 용두동 34-1"
느티나무,용두공원,"서울특별시 동대문구 용두동 34-1"
느티나무,용두공원,"서울특별시 동대문구 용두동 34-1"
느티나무,용두공원,"서울특별시 동대문구 용두동 34-1"
느티나무,용두공원,"서울특별시 동대문구 용두동 34-1"
벚나무,용두공원,"서울특별시 동대문구 용두동 34-1"
느티나무,용두공원,"서울특별시 동대문구 용두동 34-1"
느티나무,용두공원,"서울특별시 동대문구 용두동 34-1"
느티나무,용두공원,"서울특별시 동대문구 용두동 34-1"
느티나무,용두공원,"서울특별시 동대문구 용두동 34-1"
느티나무,용두공원,"서울특별시 동대문구 용두동 34-1"
느티나무,용두공원,"서울특별시 동대문구 용두동 34-1"
단풍나무,용두공원,"서울특별시 동대문구 용두동 34-1"
대추나무,용두공원,"서울특별시 동대문구 용두동 34-1"
대추나무,용두공원,"서울특별시 동대문구 용두동 34-1"
단풍나무,용두공원,"서울특별시 동대문구 용두동 34-1"
단풍나무,용두공원,"서울특별시 동대문구 용두동 34-1"
버드나무,용두공원,"서울특별시 동대문구 용두동 34-1"
대추나무,용두공원,"서울특별시 동대문구 용두동 34-1"
대추나무,용두공원,"서울특별시 동대문구 용두동 34-1"
대추나무,용두공원,"서울특별시 동대문구 용두동 34-1"
목련,용두공원,"서울특별시 동대문구 용두동 34-1"
느티나무,용두공원,"서울특별시 동대문구 용두동 34-1"
느티나무,용두공원,"서울특별시 동대문구 용두동 34-1"
느티나무,용두공원,"서울특별시 동대문구 용두동 34-1"
느티나무,용두공원,"서울특별시 동대문구 용두동 34-1"
느티나무,용두공원,"서울특별시 동대문구 용두동 34-1"
느티나무,용두공원,"서울특별시 동대문구 용두동 34-1"
자귀나무,용두공원,"서울특별시 동대문구 용두동 34-1"
배롱나무,용두공원,"서울특별시 동대문구 용두동 34-1"
자귀나무,용두공원,"서울특별시 동대문구 용두동 34-1"
자귀나무,용두공원,"서울특별시 동대문구 용두동 34-1"
자귀나무,용두공원,"서울특별시 동대문구 용두동 34-1"
벚나무,용두공원,"서울특별시 동대문구 용두동 34-1"
벚나무,용두공원,"서울특별시 동대문구 용두동 34-1"
벚나무,용두공원,"서울특별시 동대문구 용두동 34-1"
벚나무,용두공원,"서울특별시 동대문구 용두동 34-1"
벚나무,용두공원,"서울특별시 동대문구 용두동 34-1"
벚나무,용두공원,"서울특별시 동대문구 용두동 34-1"
벚나무,용두공원,"서울특별시 동대문구 용두동 34-1"
단풍나무,용두공원,"서울특별시 동대문구 용두동 34-1"
벚나무,용두공원,"서울특별시 동대문구 용두동 34-1"
매실나무,용두공원,"서울특별시 동대문구 용두동 34-1"
매실나무,용두공원,"서울특별시 동대문구 용두동 34-1"
살구나무,용두공원,"서울특별시 동대문구 용두동 34-1"
산수유,용두공원,"서울특별시 동대문구 용두동 34-1"
산수유,용두공원,"서울특별시 동대문구 용두동 34-1"
산수유,용두공원,"서울특별시 동대문구 용두동 34-1"
산수유,용두공원,"서울특별시 동대문구 용두동 34-1"
산수유,용두공원,"서울특별시 동대문구 용두동 34-1"
중국단풍,용두공원,"서울특별시 동대문구 용두동 34-1"
모과나무,용두공원,"서울특별시 동대문구 용두동 34-1"
중국단풍,용두공원,"서울특별시 동대문구 용두동 34-1"
참나무,용두공원,"서울특별시 동대문구 용두동 34-1"
모과나무,용두공원,"서울특별시 동대문구 용두동 34-1"
참나무,용두공원,"서울특별시 동대문구 용두동 34-1"
중국단풍,용두공원,"서울특별시 동대문구 용두동 34-1"
소나무,용두공원,"서울특별시 동대문구 용두동 34-1"
산수유,용두공원,"서울특별시 동대문구 용두동 34-1"
이팝나무,용두공원,"서울특별시 동대문구 용두동 34-1"
소나무,용두공원,"서울특별시 동대문구 용두동 34-1"
이팝나무,용두공원,"서울특별시 동대문구 용두동 34-1"
느티나무,용두공원,"서울특별시 동대문구 용두동 34-1"
소나무,용두공원,"서울특별시 동대문구 용두동 34-1"
소나무,용두공원,"서울특별시 동대문구 용두동 34-1"
소나무,용두공원,"서울특별시 동대문구 용두동 34-1"
소나무,용두공원,"서울특별시 동대문구 용두동 34-1"
소나무,용두공원,"서울특별시 동대문구 용두동 34-1"
소나무,용두공원,"서울특별시 동대문구 용두동 34-1"
소나무,용두공원,"서울특별시 동대문구 용두동 34-1"
소나무,용두공원,"서울특별시 동대문구 용두동 34-1"
소나무,용두공원,"서울특별시 동대문구 용두동 34-1"
소나무,용두공원,"서울특별시 동대문구 용두동 34-1"
소나무,용두공원,"서울특별시 동대문구 용두동 34-1"
소나무,용두공원,"서울특별시 동대문구 용두동 34-1"
소나무,용두공원,"서울특별시 동대문구 용두동 34-1"
소나무,용두공원,"서울특별시 동대문구 용두동 34-1"
소나무,용두공원,"서울특별시 동대문구 용두동 34-1"
이팝나무,용두공원,"서울특별시 동대문구 용두동 34-1"
단풍나무,용두공원,"서울특별시 동대문구 용두동 34-1"
단풍나무,용두공원,"서울특별시 동대문구 용두동 34-1"
단풍나무,용두공원,"서울특별시 동대문구 용두동 34-1"
백합나무,용두공원,"서울특별시 동대문구 용두동 34-1"
단풍나무,용두공원,"서울특별시 동대문구 용두동 34-1"
단풍나무,용두공원,"서울특별시 동대문구 용두동 34-1"
살구나무,용두공원,"서울특별시 동대문구 용두동 34-1"
백합나무,용두공원,"서울특별시 동대문구 용두동 34-1"
매실나무,용두공원,"서울특별시 동대문구 용두동 34-1"
단풍나무,용두공원,"서울특별시 동대문구 용두동 34-1"
백합나무,용두공원,"서울특별시 동대문구 용두동 34-1"
매실나무,용두공원,"서울특별시 동대문구 용두동 34-1"
소나무,용두공원,"서울특별시 동대문구 용두동 34-1"
단풍나무,용두공원,"서울특별시 동대문구 용두동 34-1"
소나무,용두공원,"서울특별시 동대문구 용두동 34-1"
소나무,용두공원,"서울특별시 동대문구 용두동 34-1"
매실나무,용두공원,"서울특별시 동대문구 용두동 34-1"
뽕나무,용두공원,"서울특별시 동대문구 용두동 34-1"
주목,용두공원,"서울특별시 동대문구 용두동 34-1"
주목,용두공원,"서울특별시 동대문구 용두동 34-1"
감나무,용두공원,"서울특별시 동대문구 용두동 34-1"
감나무,용두공원,"서울특별시 동대문구 용두동 34-1"
살구나무,용두공원,"서울특별시 동대문구 용두동 34-1"
감나무,용두공원,"서울특별시 동대문구 용두동 34-1"
단풍나무,용두공원,"서울특별시 동대문구 용두동 34-1"
자귀나무,용두공원,"서울특별시 동대문구 용두동 34-1"
단풍나무,용두공원,"서울특별시 동대문구 용두동 34-1"
백합나무,용두공원,"서울특별시 동대문구 용두동 34-1"
단풍나무,용두공원,"서울특별시 동대문구 용두동 34-1"
단풍나무,용두공원,"서울특별시 동대문구 용두동 34-1"
참나무,용두공원,"서울특별시 동대문구 용두동 34-1"
단풍나무,용두공원,"서울특별시 동대문구 용두동 34-1"
백합나무,용두공원,"서울특별시 동대문구 용두동 34-1"
소나무,용두공원,"서울특별시 동대문구 용두동 34-1"
소나무,용두공원,"서울특별시 동대문구 용두동 34-1"
소나무,용두공원,"서울특별시 동대문구 용두동 34-1"
참나무,용두공원,"서울특별시 동대문구 용두동 34-1"
단풍나무,용두공원,"서울특별시 동대문구 용두동 34-1"
참나무,용두공원,"서울특별시 동대문구 용두동 34-1"
이팝나무,용두공원,"서울특별시 동대문구 용두동 34-1"
벚나무,용두공원,"서울특별시 동대문구 용두동 34-1"
벚나무,용두공원,"서울특별시 동대문구 용두동 34-1"
단풍나무,용두공원,"서울특별시 동대문구 용두동 34-1"
단풍나무,용두공원,"서울특별시 동대문구 용두동 34-1"
단풍나무,용두공원,"서울특별시 동대문구 용두동 34-1"
때죽나무,용두공원,"서울특별시 동대문구 용두동 34-1"
백합나무,용두공원,"서울특별시 동대문구 용두동 34-1"
벚나무,용두공원,"서울특별시 동대문구 용두동 34-1"
벚나무,용두공원,"서울특별시 동대문구 용두동 34-1"
벚나무,용두공원,"서울특별시 동대문구 용두동 34-1"
소나무,용두공원,"서울특별시 동대문구 용두동 34-1"
단풍나무,용두공원,"서울특별시 동대문구 용두동 34-1"
단풍나무,용두공원,"서울특별시 동대문구 용두동 34-1"
버드나무,용두공원,"서울특별시 동대문구 용두동 34-1"
뽕나무,용두공원,"서울특별시 동대문구 용두동 34-1"
벚나무,용두공원,"서울특별시 동대문구 용두동 34-1"
소나무,용두공원,"서울특별시 동대문구 용두동 34-1"
단풍나무,용두공원,"서울특별시 동대문구 용두동 34-1"
참나무,용두공원,"서울특별시 동대문구 용두동 34-1"
단풍나무,용두공원,"서울특별시 동대문구 용두동 34-1"
벚나무,용두공원,"서울특별시 동대문구 용두동 34-1"
참나무,용두공원,"서울특별시 동대문구 용두동 34-1"
느티나무,용두공원,"서울특별시 동대문구 용두동 34-1"
벚나무,용두공원,"서울특별시 동대문구 용두동 34-1"
참나무,용두공원,"서울특별시 동대문구 용두동 34-1"
참나무,용두공원,"서울특별시 동대문구 용두동 34-1"
산딸나무,용두공원,"서울특별시 동대문구 용두동 34-1"
산딸나무,용두공원,"서울특별시 동대문구 용두동 34-1"
밤나무,용두공원,"서울특별시 동대문구 용두동 34-1"
살구나무,용두공원,"서울특별시 동대문구 용두동 34-1"
참나무,용두공원,"서울특별시 동대문구 용두동 34-1"
참나무,용두공원,"서울특별시 동대문구 용두동 34-1"
참나무,용두공원,"서울특별시 동대문구 용두동 34-1"
소나무,용두공원,"서울특별시 동대문구 용두동 34-1"
참나무,용두공원,"서울특별시 동대문구 용두동 34-1"
이팝나무,용두공원,"서울특별시 동대문구 용두동 34-1"
소나무,용두공원,"서울특별시 동대문구 용두동 34-1"
단풍나무,용두공원,"서울특별시 동대문구 용두동 34-1"
참나무,용두공원,"서울특별시 동대문구 용두동 34-1"
단풍나무,용두공원,"서울특별시 동대문구 용두동 34-1"
이팝나무,용두공원,"서울특별시 동대문구 용두동 34-1"
소나무,용두공원,"서울특별시 동대문구 용두동 34-1"
소나무,용두공원,"서울특별시 동대문구 용두동 34-1"
때죽나무,용두공원,"서울특별시 동대문구 용두동 34-1"
소나무,용두공원,"서울특별시 동대문구 용두동 34-1"
벚나무,용두공원,"서울특별시 동대문구 용두동 34-1"
단풍나무,용두공원,"서울특별시 동대문구 용두동 34-1"
단풍나무,용두공원,"서울특별시 동대문구 용두동 34-1"
단풍나무,용두공원,"서울특별시 동대문구 용두동 34-1"
향나무,용두공원,"서울특별시 동대문구 용두동 34-1"
이팝나무,용두공원,"서울특별시 동대문구 용두동 34-1"
벚나무,용두공원,"서울특별시 동대문구 용두동 34-1"
참나무,용두공원,"서울특별시 동대문구 용두동 34-1"
느티나무,용두공원,"서울특별시 동대문구 용두동 34-1"
잣나무,용두공원,"서울특별시 동대문구 용두동 34-1"
벚나무,용두공원,"서울특별시 동대문구 용두동 34-1"
이팝나무,용두공원,"서울특별시 동대문구 용두동 34-1"
단풍나무,용두공원,"서울특별시 동대문구 용두동 34-1"
이팝나무,용두공원,"서울특별시 동대문구 용두동 34-1"
단풍나무,용두공원,"서울특별시 동대문구 용두동 34-1"
벚나무,용두공원,"서울특별시 동대문구 용두동 34-1"
단풍나무,용두공원,"서울특별시 동대문구 용두동 34-1"
모과나무,용두공원,"서울특별시 동대문구 용두동 34-1"
단풍나무,용두공원,"서울특별시 동대문구 용두동 34-1"
잣나무,용두공원,"서울특별시 동대문구 용두동 34-1"
단풍나무,용두공원,"서울특별시 동대문구 용두동 34-1"
잣나무,용두공원,"서울특별시 동대문구 용두동 34-1"
모과나무,용두공원,"서울특별시 동대문구 용두동 34-1"
잣나무,용두공원,"서울특별시 동대문구 용두동 34-1"
잣나무,용두공원,"서울특별시 동대문구 용두동 34-1"
소나무,용두공원,"서울특별시 동대문구 용두동 34-1"
소나무,용두공원,"서울특별시 동대문구 용두동 34-1"
소나무,용두공원,"서울특별시 동대문구 용두동 34-1"
소나무,용두공원,"서울특별시 동대문구 용두동 34-1"
소나무,용두공원,"서울특별시 동대문구 용두동 34-1"
단풍나무,용두공원,"서울특별시 동대문구 용두동 34-1"
느티나무,용두공원,"서울특별시 동대문구 용두동 34-1"
느티나무,용두공원,"서울특별시 동대문구 용두동 34-1"
모과나무,용두공원,"서울특별시 동대문구 용두동 34-1"
향나무,용두공원,"서울특별시 동대문구 용두동 34-1"
단풍나무,용두공원,"서울특별시 동대문구 용두동 34-1"
향나무,용두공원,"서울특별시 동대문구 용두동 34-1"
단풍나무,용두공원,"서울특별시 동대문구 용두동 34-1"
벚나무,용두공원,"서울특별시 동대문구 용두동 34-1"
잣나무,용두공원,"서울특별시 동대문구 용두동 34-1"
단풍나무,용두공원,"서울특별시 동대문구 용두동 34-1"
소나무,용두공원,"서울특별시 동대문구 용두동 34-1"
잣나무,용두공원,"서울특별시 동대문구 용두동 34-1"
단풍나무,용두공원,"서울특별시 동대문구 용두동 34-1"
벚나무,용두공원,"서울특별시 동대문구 용두동 34-1"
소나무,용두공원,"서울특별시 동대문구 용두동 34-1"
단풍나무,용두공원,"서울특별시 동대문구 용두동 34-1"
참나무,용두공원,"서울특별시 동대문구 용두동 34-1"
단풍나무,용두공원,"서울특별시 동대문구 용두동 34-1"
벚나무,용두공원,"서울특별시 동대문구 용두동 34-1"
중국단풍,용두공원,"서울특별시 동대문구 용두동 34-1"
벚나무,용두공원,"서울특별시 동대문구 용두동 34-1"
산수유,용두공원,"서울특별시 동대문구 용두동 34-1"
벚나무,용두공원,"서울특별시 동대문구 용두동 34-1"
산수유,용두공원,"서울특별시 동대문구 용두동 34-1"
소나무,용두공원,"서울특별시 동대문구 용두동 34-1"
산수유,용두공원,"서울특별시 동대문구 용두동 34-1"
소나무,용두공원,"서울특별시 동대문구 용두동 34-1"
중국단풍,용두공원,"서울특별시 동대문구 용두동 34-1"
감나무,용두공원,"서울특별시 동대문구 용두동 34-1"
산수유,용두공원,"서울특별시 동대문구 용두동 34-1"
중국단풍,용두공원,"서울특별시 동대문구 용두동 34-1"
소나무,용두공원,"서울특별시 동대문구 용두동 34-1"
소나무,용두공원,"서울특별시 동대문구 용두동 34-1"
소나무,용두공원,"서울특별시 동대문구 용두동 34-1"
소나무,용두공원,"서울특별시 동대문구 용두동 34-1"
소나무,용두공원,"서울특별시 동대문구 용두동 34-1"
참나무,용두공원,"서울특별시 동대문구 용두동 34-1"
소나무,용두공원,"서울특별시 동대문구 용두동 34-1"
산수유,용두공원,"서울특별시 동대문구 용두동 34-1"
소나무,용두공원,"서울특별시 동대문구 용두동 34-1"
소나무,용두공원,"서울특별시 동대문구 용두동 34-1"
감나무,용두공원,"서울특별시 동대문구 용두동 34-1"
산딸나무,용두공원,"서울특별시 동대문구 용두동 34-1"
감나무,용두공원,"서울특별시 동대문구 용두동 34-1"
모과나무,용두공원,"서울특별시 동대문구 용두동 34-1"
산수유,용두공원,"서울특별시 동대문구 용두동 34-1"
주목,용두공원,"서울특별시 동대문구 용두동 34-1"
단풍나무,용두공원,"서울특별시 동대문구 용두동 34-1"
단풍나무,용두공원,"서울특별시 동대문구 용두동 34-1"
단풍나무,용두공원,"서울특별시 동대문구 용두동 34-1"
단풍나무,용두공원,"서울특별시 동대문구 용두동 34-1"
모과나무,용두공원,"서울특별시 동대문구 용두동 34-1"
느티나무,용두공원,"서울특별시 동대문구 용두동 34-1"
모과나무,용두공원,"서울특별시 동대문구 용두동 34-1"
주목,용두공원,"서울특별시 동대문구 용두동 34-1"
느티나무,용두공원,"서울특별시 동대문구 용두동 34-1"
감나무,용두공원,"서울특별시 동대문구 용두동 34-1"
느티나무,용두공원,"서울특별시 동대문구 용두동 34-1"
주목,용두공원,"서울특별시 동대문구 용두동 34-1"
단풍나무,용두공원,"서울특별시 동대문구 용두동 34-1"
모과나무,용두공원,"서울특별시 동대문구 용두동 34-1"
단풍나무,용두공원,"서울특별시 동대문구 용두동 34-1"
모과나무,용두공원,"서울특별시 동대문구 용두동 34-1"
단풍나무,용두공원,"서울특별시 동대문구 용두동 34-1"
느티나무,용두공원,"서울특별시 동대문구 용두동 34-1"
모과나무,용두공원,"서울특별시 동대문구 용두동 34-1"
산수유,용두공원,"서울특별시 동대문구 용두동 34-1"
산수유,용두공원,"서울특별시 동대문구 용두동 34-1"
벚나무,용두공원,"서울특별시 동대문구 용두동 34-1"
단풍나무,용두공원,"서울특별시 동대문구 용두동 34-1"
단풍나무,용두공원,"서울특별시 동대문구 용두동 34-1"
벚나무,용두공원,"서울특별시 동대문구 용두동 34-1"
단풍나무,용두공원,"서울특별시 동대문구 용두동 34-1"
왕벚나무,용두공원,"서울특별시 동대문구 용두동 34-1"
벚나무,용두공원,"서울특별시 동대문구 용두동 34-1"
벚나무,용두공원,"서울특별시 동대문구 용두동 34-1"
단풍나무,용두공원,"서울특별시 동대문구 용두동 34-1"
단풍나무,용두공원,"서울특별시 동대문구 용두동 34-1"
소나무,용두공원,"서울특별시 동대문구 용두동 34-1"
소나무,용두공원,"서울특별시 동대문구 용두동 34-1"
소나무,용두공원,"서울특별시 동대문구 용두동 34-1"
참나무,용두공원,"서울특별시 동대문구 용두동 34-1"
소나무,용두공원,"서울특별시 동대문구 용두동 34-1"
소나무,용두공원,"서울특별시 동대문구 용두동 34-1"
소나무,용두공원,"서울특별시 동대문구 용두동 34-1"
소나무,용두공원,"서울특별시 동대문구 용두동 34-1"
소나무,용두공원,"서울특별시 동대문구 용두동 34-1"
단풍나무,용두공원,"서울특별시 동대문구 용두동 34-1"
단풍나무,용두공원,"서울특별시 동대문구 용두동 34-1"
단풍나무,용두공원,"서울특별시 동대문구 용두동 34-1"
산딸나무,용두공원,"서울특별시 동대문구 용두동 34-1"
산딸나무,용두공원,"서울특별시 동대문구 용두동 34-1"
은행나무,용두공원,"서울특별시 동대문구 용두동 34-1"
산딸나무,용두공원,"서울특별시 동대문구 용두동 34-1"
느티나무,용두공원,"서울특별시 동대문구 용두동 34-1"
밤나무,용두공원,"서울특별시 동대문구 용두동 34-1"
단풍나무,용두공원,"서울특별시 동대문구 용두동 34-1"
단풍나무,용두공원,"서울특별시 동대문구 용두동 34-1"
단풍나무,용두공원,"서울특별시 동대문구 용두동 34-1"
단풍나무,용두공원,"서울특별시 동대문구 용두동 34-1"
단풍나무,용두공원,"서울특별시 동대문구 용두동 34-1"
벚나무,용두공원,"서울특별시 동대문구 용두동 34-1"
벚나무,용두공원,"서울특별시 동대문구 용두동 34-1"
중국단풍,용두공원,"서울특별시 동대문구 용두동 34-1"
중국단풍,용두공원,"서울특별시 동대문구 용두동 34-1"
단풍나무,용두공원,"서울특별시 동대문구 용두동 34-1"
중국단풍,용두공원,"서울특별시 동대문구 용두동 34-1"
단풍나무,용두공원,"서울특별시 동대문구 용두동 34-1"
단풍나무,용두공원,"서울특별시 동대문구 용두동 34-1"
단풍나무,용두공원,"서울특별시 동대문구 용두동 34-1"
벚나무,용두공원,"서울특별시 동대문구 용두동 34-1"
단풍나무,용두공원,"서울특별시 동대문구 용두동 34-1"
단풍나무,용두공원,"서울특별시 동대문구 용두동 34-1"
회화나무,용두공원,"서울특별시 동대문구 용두동 34-1"
벚나무,용두공원,"서울특별시 동대문구 용두동 34-1"
벚나무,용두공원,"서울특별시 동대문구 용두동 34-1"
잣나무,용두공원,"서울특별시 동대문구 용두동 34-1"
잣나무,용두공원,"서울특별시 동대문구 용두동 34-1"
잣나무,용두공원,"서울특별시 동대문구 용두동 34-1"
잣나무,용두공원,"서울특별시 동대문구 용두동 34-1"
벚나무,용두공원,"서울특별시 동대문구 용두동 34-1"
단풍나무,용두공원,"서울특별시 동대문구 용두동 34-1"
단풍나무,용두공원,"서울특별시 동대문구 용두동 34-1"
때죽나무,용두공원,"서울특별시 동대문구 용두동 34-1"
벚나무,용두공원,"서울특별시 동대문구 용두동 34-1"
때죽나무,용두공원,"서울특별시 동대문구 용두동 34-1"
때죽나무,용두공원,"서울특별시 동대문구 용두동 34-1"
때죽나무,용두공원,"서울특별시 동대문구 용두동 34-1"
산수유,용두공원,"서울특별시 동대문구 용두동 34-1"
잣나무,용두공원,"서울특별시 동대문구 용두동 34-1"
단풍나무,용두공원,"서울특별시 동대문구 용두동 34-1"
잣나무,용두공원,"서울특별시 동대문구 용두동 34-1"
잣나무,용두공원,"서울특별시 동대문구 용두동 34-1"
잣나무,용두공원,"서울특별시 동대문구 용두동 34-1"
벚나무,용두공원,"서울특별시 동대문구 용두동 34-1"
벚나무,용두공원,"서울특별시 동대문구 용두동 34-1"
때죽나무,용두공원,"서울특별시 동대문구 용두동 34-1"
벚나무,용두공원,"서울특별시 동대문구 용두동 34-1"
벚나무,용두공원,"서울특별시 동대문구 용두동 34-1"
단풍나무,용두공원,"서울특별시 동대문구 용두동 34-1"
단풍나무,용두공원,"서울특별시 동대문구 용두동 34-1"
잣나무,용두공원,"서울특별시 동대문구 용두동 34-1"
단풍나무,용두공원,"서울특별시 동대문구 용두동 34-1"
잣나무,용두공원,"서울특별시 동대문구 용두동 34-1"
단풍나무,용두공원,"서울특별시 동대문구 용두동 34-1"
잣나무,용두공원,"서울특별시 동대문구 용두동 34-1"
느티나무,용두공원,"서울특별시 동대문구 용두동 34-1"
잣나무,용두공원,"서울특별시 동대문구 용두동 34-1"
잣나무,용두공원,"서울특별시 동대문구 용두동 34-1"
단풍나무,용두공원,"서울특별시 동대문구 용두동 34-1"
단풍나무,용두공원,"서울특별시 동대문구 용두동 34-1"
단풍나무,용두공원,"서울특별시 동대문구 용두동 34-1"
산딸나무,용두공원,"서울특별시 동대문구 용두동 34-1"
벚나무,용두공원,"서울특별시 동대문구 용두동 34-1"
단풍나무,용두공원,"서울특별시 동대문구 용두동 34-1"
느티나무,용두공원,"서울특별시 동대문구 용두동 34-1"
느티나무,용두공원,"서울특별시 동대문구 용두동 34-1"
산딸나무,용두공원,"서울특별시 동대문구 용두동 34-1"
때죽나무,용두공원,"서울특별시 동대문구 용두동 34-1"
단풍나무,용두공원,"서울특별시 동대문구 용두동 34-1"
때죽나무,용두공원,"서울특별시 동대문구 용두동 34-1"
단풍나무,용두공원,"서울특별시 동대문구 용두동 34-1"
단풍나무,용두공원,"서울특별시 동대문구 용두동 34-1"
단풍나무,용두공원,"서울특별시 동대문구 용두동 34-1"
때죽나무,용두공원,"서울특별시 동대문구 용두동 34-1"
때죽나무,용두공원,"서울특별시 동대문구 용두동 34-1"
때죽나무,용두공원,"서울특별시 동대문구 용두동 34-1"
모과나무,용두공원,"서울특별시 동대문구 용두동 34-1"
잣나무,용두공원,"서울특별시 동대문구 용두동 34-1"
잣나무,용두공원,"서울특별시 동대문구 용두동 34-1"
모과나무,용두공원,"서울특별시 동대문구 용두동 34-1"
잣나무,용두공원,"서울특별시 동대문구 용두동 34-1"
모과나무,용두공원,"서울특별시 동대문구 용두동 34-1"
잣나무,용두공원,"서울특별시 동대문구 용두동 34-1"
모과나무,용두공원,"서울특별시 동대문구 용두동 34-1"
잣나무,용두공원,"서울특별시 동대문구 용두동 34-1"
잣나무,용두공원,"서울특별시 동대문구 용두동 34-1"
모과나무,용두공원,"서울특별시 동대문구 용두동 34-1"
산수유,용두공원,"서울특별시 동대문구 용두동 34-1"
산수유,용두공원,"서울특별시 동대문구 용두동 34-1"
산수유,용두공원,"서울특별시 동대문구 용두동 34-1"
산수유,용두공원,"서울특별시 동대문구 용두동 34-1"
잣나무,용두공원,"서울특별시 동대문구 용두동 34-1"
산수유,용두공원,"서울특별시 동대문구 용두동 34-1"
산수유,용두공원,"서울특별시 동대문구 용두동 34-1"
소나무,용두공원,"서울특별시 동대문구 용두동 34-1"
잣나무,용두공원,"서울특별시 동대문구 용두동 34-1"
모과나무,용두공원,"서울특별시 동대문구 용두동 34-1"
소나무,용두공원,"서울특별시 동대문구 용두동 34-1"
잣나무,용두공원,"서울특별시 동대문구 용두동 34-1"
모과나무,용두공원,"서울특별시 동대문구 용두동 34-1"
느티나무,용두공원,"서울특별시 동대문구 용두동 34-1"
잣나무,용두공원,"서울특별시 동대문구 용두동 34-1"
잣나무,용두공원,"서울특별시 동대문구 용두동 34-1"
벚나무,용두공원,"서울특별시 동대문구 용두동 34-1"
벚나무,용두공원,"서울특별시 동대문구 용두동 34-1"
벚나무,용두공원,"서울특별시 동대문구 용두동 34-1"
잣나무,용두공원,"서울특별시 동대문구 용두동 34-1"
단풍나무,용두공원,"서울특별시 동대문구 용두동 34-1"
소나무,용두공원,"서울특별시 동대문구 용두동 34-1"
잣나무,용두공원,"서울특별시 동대문구 용두동 34-1"
단풍나무,용두공원,"서울특별시 동대문구 용두동 34-1"
소나무,용두공원,"서울특별시 동대문구 용두동 34-1"
잣나무,용두공원,"서울특별시 동대문구 용두동 34-1"
잣나무,용두공원,"서울특별시 동대문구 용두동 34-1"
단풍나무,용두공원,"서울특별시 동대문구 용두동 34-1"
잣나무,용두공원,"서울특별시 동대문구 용두동 34-1"
느티나무,용두공원,"서울특별시 동대문구 용두동 34-1"
메타세쿼이아,용두공원,"서울특별시 동대문구 용두동 34-1"
잣나무,용두공원,"서울특별시 동대문구 용두동 34-1"
메타세쿼이아,용두공원,"서울특별시 동대문구 용두동 34-1"
잣나무,용두공원,"서울특별시 동대문구 용두동 34-1"
잣나무,용두공원,"서울특별시 동대문구 용두동 34-1"
산수유,용두공원,"서울특별시 동대문구 용두동 34-1"
벚나무,용두공원,"서울특별시 동대문구 용두동 34-1"
목련,용두공원,"서울특별시 동대문구 용두동 34-1"
잣나무,용두공원,"서울특별시 동대문구 용두동 34-1"
벚나무,용두공원,"서울특별시 동대문구 용두동 34-1"
벚나무,용두공원,"서울특별시 동대문구 용두동 34-1"
소나무,용두공원,"서울특별시 동대문구 용두동 34-1"
메타세쿼이아,용두공원,"서울특별시 동대문구 용두동 34-1"
벚나무,용두공원,"서울특별시 동대문구 용두동 34-1"
벚나무,용두공원,"서울특별시 동대문구 용두동 34-1"
벚나무,용두공원,"서울특별시 동대문구 용두동 34-1"
벚나무,용두공원,"서울특별시 동대문구 용두동 34-1"
잣나무,용두공원,"서울특별시 동대문구 용두동 34-1"
벚나무,용두공원,"서울특별시 동대문구 용두동 34-1"
느티나무,용두공원,"서울특별시 동대문구 용두동 34-1"
느티나무,용두공원,"서울특별시 동대문구 용두동 34-1"
느티나무,용두공원,"서울특별시 동대문구 용두동 34-1"
잣나무,용두공원,"서울특별시 동대문구 용두동 34-1"
메타세쿼이아,용두공원,"서울특별시 동대문구 용두동 34-1"
소나무,용두공원,"서울특별시 동대문구 용두동 34-1"
벚나무,용두공원,"서울특별시 동대문구 용두동 34-1"
느티나무,용두공원,"서울특별시 동대문구 용두동 34-1"
잣나무,용두공원,"서울특별시 동대문구 용두동 34-1"
벚나무,용두공원,"서울특별시 동대문구 용두동 34-1"
메타세쿼이아,용두공원,"서울특별시 동대문구 용두동 34-1"
잣나무,용두공원,"서울특별시 동대문구 용두동 34-1"
단풍나무,용두공원,"서울특별시 동대문구 용두동 34-1"
잣나무,용두공원,"서울특별시 동대문구 용두동 34-1"
소나무,용두공원,"서울특별시 동대문구 용두동 34-1"
메타세쿼이아,용두공원,"서울특별시 동대문구 용두동 34-1"
잣나무,용두공원,"서울특별시 동대문구 용두동 34-1"
벚나무,용두공원,"서울특별시 동대문구 용두동 34-1"
잣나무,용두공원,"서울특별시 동대문구 용두동 34-1"
메타세쿼이아,용두공원,"서울특별시 동대문구 용두동 34-1"
소나무,용두공원,"서울특별시 동대문구 용두동 34-1"
소나무,용두공원,"서울특별시 동대문구 용두동 34-1"
잣나무,용두공원,"서울특별시 동대문구 용두동 34-1"
메타세쿼이아,용두공원,"서울특별시 동대문구 용두동 34-1"
잣나무,용두공원,"서울특별시 동대문구 용두동 34-1"
잣나무,용두공원,"서울특별시 동대문구 용두동 34-1"
메타세쿼이아,용두공원,"서울특별시 동대문구 용두동 34-1"
소나무,용두공원,"서울특별시 동대문구 용두동 34-1"
잣나무,용두공원,"서울특별시 동대문구 용두동 34-1"
잣나무,용두공원,"서울특별시 동대문구 용두동 34-1"
소나무,용두공원,"서울특별시 동대문구 용두동 34-1"
잣나무,용두공원,"서울특별시 동대문구 용두동 34-1"
중국단풍,용두공원,"서울특별시 동대문구 용두동 34-1"
중국단풍,용두공원,"서울특별시 동대문구 용두동 34-1"
느티나무,용두공원,"서울특별시 동대문구 용두동 34-1"
소나무,용두공원,"서울특별시 동대문구 용두동 34-1"
중국단풍,용두공원,"서울특별시 동대문구 용두동 34-1"
소나무,용두공원,"서울특별시 동대문구 용두동 34-1"
중국단풍,용두공원,"서울특별시 동대문구 용두동 34-1"
잣나무,용두공원,"서울특별시 동대문구 용두동 34-1"
소나무,용두공원,"서울특별시 동대문구 용두동 34-1"
잣나무,용두공원,"서울특별시 동대문구 용두동 34-1"
잣나무,용두공원,"서울특별시 동대문구 용두동 34-1"
느티나무,용두공원,"서울특별시 동대문구 용두동 34-1"
잣나무,용두공원,"서울특별시 동대문구 용두동 34-1"
목련,용두공원,"서울특별시 동대문구 용두동 34-1"
느티나무,용두공원,"서울특별시 동대문구 용두동 34-1"
벚나무,용두공원,"서울특별시 동대문구 용두동 34-1"
잣나무,용두공원,"서울특별시 동대문구 용두동 34-1"
잣나무,용두공원,"서울특별시 동대문구 용두동 34-1"
느티나무,용두공원,"서울특별시 동대문구 용두동 34-1"
느티나무,용두공원,"서울특별시 동대문구 용두동 34-1"
소나무,용두공원,"서울특별시 동대문구 용두동 34-1"
참나무,용두공원,"서울특별시 동대문구 용두동 34-1"
중국단풍,용두공원,"서울특별시 동대문구 용두동 34-1"
느티나무,용두공원,"서울특별시 동대문구 용두동 34-1"
잣나무,용두공원,"서울특별시 동대문구 용두동 34-1"
느티나무,용두공원,"서울특별시 동대문구 용두동 34-1"
잣나무,용두공원,"서울특별시 동대문구 용두동 34-1"
잣나무,용두공원,"서울특별시 동대문구 용두동 34-1"
잣나무,용두공원,"서울특별시 동대문구 용두동 34-1"
벚나무,용두공원,"서울특별시 동대문구 용두동 34-1"
잣나무,용두공원,"서울특별시 동대문구 용두동 34-1"
벚나무,용두공원,"서울특별시 동대문구 용두동 34-1"
벚나무,용두공원,"서울특별시 동대문구 용두동 34-1"
벚나무,용두공원,"서울특별시 동대문구 용두동 34-1"
벚나무,용두공원,"서울특별시 동대문구 용두동 34-1"
산수유,용두공원,"서울특별시 동대문구 용두동 34-1"
벚나무,용두공원,"서울특별시 동대문구 용두동 34-1"
벚나무,용두공원,"서울특별시 동대문구 용두동 34-1"
잣나무,용두공원,"서울특별시 동대문구 용두동 34-1"
벚나무,용두공원,"서울특별시 동대문구 용두동 34-1"
잣나무,용두공원,"서울특별시 동대문구 용두동 34-1"
벚나무,용두공원,"서울특별시 동대문구 용두동 34-1"
목련,용두공원,"서울특별시 동대문구 용두동 34-1"
벚나무,용두공원,"서울특별시 동대문구 용두동 34-1"
벚나무,용두공원,"서울특별시 동대문구 용두동 34-1"
벚나무,용두공원,"서울특별시 동대문구 용두동 34-1"
잣나무,용두공원,"서울특별시 동대문구 용두동 34-1"
벚나무,용두공원,"서울특별시 동대문구 용두동 34-1"
모과나무,용두공원,"서울특별시 동대문구 용두동 34-1"
벚나무,용두공원,"서울특별시 동대문구 용두동 34-1"
느티나무,용두공원,"서울특별시 동대문구 용두동 34-1"
은행나무,용두공원,"서울특별시 동대문구 용두동 34-1"
잣나무,용두공원,"서울특별시 동대문구 용두동 34-1"
벚나무,용두공원,"서울특별시 동대문구 용두동 34-1"
소나무,용두공원,"서울특별시 동대문구 용두동 34-1"
소나무,용두공원,"서울특별시 동대문구 용두동 34-1"
벚나무,용두공원,"서울특별시 동대문구 용두동 34-1"
단풍나무,용두공원,"서울특별시 동대문구 용두동 34-1"
벚나무,용두공원,"서울특별시 동대문구 용두동 34-1"
벚나무,용두공원,"서울특별시 동대문구 용두동 34-1"
잣나무,용두공원,"서울특별시 동대문구 용두동 34-1"
소나무,용두공원,"서울특별시 동대문구 용두동 34-1"
잣나무,용두공원,"서울특별시 동대문구 용두동 34-1"
잣나무,용두공원,"서울특별시 동대문구 용두동 34-1"
잣나무,용두공원,"서울특별시 동대문구 용두동 34-1"
소나무,용두공원,"서울특별시 동대문구 용두동 34-1"
벚나무,용두공원,"서울특별시 동대문구 용두동 34-1"
소나무,용두공원,"서울특별시 동대문구 용두동 34-1"
단풍나무,용두공원,"서울특별시 동대문구 용두동 34-1"
단풍나무,용두공원,"서울특별시 동대문구 용두동 34-1"
소나무,용두공원,"서울특별시 동대문구 용두동 34-1"
소나무,용두공원,"서울특별시 동대문구 용두동 34-1"
소나무,용두공원,"서울특별시 동대문구 용두동 34-1"
소나무,용두공원,"서울특별시 동대문구 용두동 34-1"
소나무,용두공원,"서울특별시 동대문구 용두동 34-1"
소나무,용두공원,"서울특별시 동대문구 용두동 34-1"
소나무,용두공원,"서울특별시 동대문구 용두동 34-1"
벚나무,용두공원,"서울특별시 동대문구 용두동 34-1"
소나무,용두공원,"서울특별시 동대문구 용두동 34-1"
소나무,용두공원,"서울특별시 동대문구 용두동 34-1"
소나무,용두공원,"서울특별시 동대문구 용두동 34-1"
벚나무,용두공원,"서울특별시 동대문구 용두동 34-1"
소나무,용두공원,"서울특별시 동대문구 용두동 34-1"
소나무,용두공원,"서울특별시 동대문구 용두동 34-1"
소나무,용두공원,"서울특별시 동대문구 용두동 34-1"
소나무,용두공원,"서울특별시 동대문구 용두동 34-1"
소나무,용두공원,"서울특별시 동대문구 용두동 34-1"
소나무,용두공원,"서울특별시 동대문구 용두동 34-1"
소나무,용두공원,"서울특별시 동대문구 용두동 34-1"
벚나무,용두공원,"서울특별시 동대문구 용두동 34-1"
소나무,용두공원,"서울특별시 동대문구 용두동 34-1"
대추나무,용두공원,"서울특별시 동대문구 용두동 34-1"
소나무,용두공원,"서울특별시 동대문구 용두동 34-1"
대추나무,용두공원,"서울특별시 동대문구 용두동 34-1"
소나무,용두공원,"서울특별시 동대문구 용두동 34-1"
소나무,용두공원,"서울특별시 동대문구 용두동 34-1"
소나무,용두공원,"서울특별시 동대문구 용두동 34-1"
소나무,용두공원,"서울특별시 동대문구 용두동 34-1"
벚나무,용두공원,"서울특별시 동대문구 용두동 34-1"
벚나무,용두공원,"서울특별시 동대문구 용두동 34-1"
대추나무,용두공원,"서울특별시 동대문구 용두동 34-1"
단풍나무,용두공원,"서울특별시 동대문구 용두동 34-1"
단풍나무,용두공원,"서울특별시 동대문구 용두동 34-1"
벚나무,용두공원,"서울특별시 동대문구 용두동 34-1"
벚나무,용두공원,"서울특별시 동대문구 용두동 34-1"
단풍나무,용두공원,"서울특별시 동대문구 용두동 34-1"
벚나무,용두공원,"서울특별시 동대문구 용두동 34-1"
소나무,용두공원,"서울특별시 동대문구 용두동 34-1"
소나무,용두공원,"서울특별시 동대문구 용두동 34-1"
느티나무,용두공원,"서울특별시 동대문구 용두동 34-1"
소나무,용두공원,"서울특별시 동대문구 용두동 34-1"
느티나무,용두공원,"서울특별시 동대문구 용두동 34-1"
느티나무,용두공원,"서울특별시 동대문구 용두동 34-1"
은행나무,용두공원,"서울특별시 동대문구 용두동 34-1"
느티나무,용두공원,"서울특별시 동대문구 용두동 34-1"
느티나무,용두공원,"서울특별시 동대문구 용두동 34-1"
느티나무,용두공원,"서울특별시 동대문구 용두동 34-1"
느티나무,용두공원,"서울특별시 동대문구 용두동 34-1"
벚나무,용두공원,"서울특별시 동대문구 용두동 34-1"
느티나무,용두공원,"서울특별시 동대문구 용두동 34-1"
느티나무,용두공원,"서울특별시 동대문구 용두동 34-1"
느티나무,용두공원,"서울특별시 동대문구 용두동 34-1"
느티나무,용두공원,"서울특별시 동대문구 용두동 34-1"
느티나무,용두공원,"서울특별시 동대문구 용두동 34-1"
느티나무,용두공원,"서울특별시 동대문구 용두동 34-1"
단풍나무,용두공원,"서울특별시 동대문구 용두동 34-1"
대추나무,용두공원,"서울특별시 동대문구 용두동 34-1"
대추나무,용두공원,"서울특별시 동대문구 용두동 34-1"
단풍나무,용두공원,"서울특별시 동대문구 용두동 34-1"
단풍나무,용두공원,"서울특별시 동대문구 용두동 34-1"
버드나무,용두공원,"서울특별시 동대문구 용두동 34-1"
대추나무,용두공원,"서울특별시 동대문구 용두동 34-1"
대추나무,용두공원,"서울특별시 동대문구 용두동 34-1"
대추나무,용두공원,"서울특별시 동대문구 용두동 34-1"
목련,용두공원,"서울특별시 동대문구 용두동 34-1"
느티나무,용두공원,"서울특별시 동대문구 용두동 34-1"
느티나무,용두공원,"서울특별시 동대문구 용두동 34-1"
느티나무,용두공원,"서울특별시 동대문구 용두동 34-1"
느티나무,용두공원,"서울특별시 동대문구 용두동 34-1"
느티나무,용두공원,"서울특별시 동대문구 용두동 34-1"
느티나무,용두공원,"서울특별시 동대문구 용두동 34-1"
자귀나무,용두공원,"서울특별시 동대문구 용두동 34-1"
배롱나무,용두공원,"서울특별시 동대문구 용두동 34-1"
자귀나무,용두공원,"서울특별시 동대문구 용두동 34-1"
자귀나무,용두공원,"서울특별시 동대문구 용두동 34-1"
자귀나무,용두공원,"서울특별시 동대문구 용두동 34-1"
벚나무,용두공원,"서울특별시 동대문구 용두동 34-1"
벚나무,용두공원,"서울특별시 동대문구 용두동 34-1"
벚나무,용두공원,"서울특별시 동대문구 용두동 34-1"
벚나무,용두공원,"서울특별시 동대문구 용두동 34-1"
벚나무,용두공원,"서울특별시 동대문구 용두동 34-1"
벚나무,용두공원,"서울특별시 동대문구 용두동 34-1"
벚나무,용두공원,"서울특별시 동대문구 용두동 34-1"
단풍나무,용두공원,"서울특별시 동대문구 용두동 34-1"
벚나무,용두공원,"서울특별시 동대문구 용두동 34-1"
매실나무,용두공원,"서울특별시 동대문구 용두동 34-1"
매실나무,용두공원,"서울특별시 동대문구 용두동 34-1"
살구나무,용두공원,"서울특별시 동대문구 용두동 34-1"
산수유,용두공원,"서울특별시 동대문구 용두동 34-1"
산수유,용두공원,"서울특별시 동대문구 용두동 34-1"
산수유,용두공원,"서울특별시 동대문구 용두동 34-1"
산수유,용두공원,"서울특별시 동대문구 용두동 34-1"
산수유,용두공원,"서울특별시 동대문구 용두동 34-1"
중국단풍,용두공원,"서울특별시 동대문구 용두동 34-1"
모과나무,용두공원,"서울특별시 동대문구 용두동 34-1"
중국단풍,용두공원,"서울특별시 동대문구 용두동 34-1"
참나무,용두공원,"서울특별시 동대문구 용두동 34-1"
모과나무,용두공원,"서울특별시 동대문구 용두동 34-1"
참나무,용두공원,"서울특별시 동대문구 용두동 34-1"
중국단풍,용두공원,"서울특별시 동대문구 용두동 34-1"
소나무,용두공원,"서울특별시 동대문구 용두동 34-1"
산수유,용두공원,"서울특별시 동대문구 용두동 34-1"
이팝나무,용두공원,"서울특별시 동대문구 용두동 34-1"
소나무,용두공원,"서울특별시 동대문구 용두동 34-1"
이팝나무,용두공원,"서울특별시 동대문구 용두동 34-1"
느티나무,용두공원,"서울특별시 동대문구 용두동 34-1"
소나무,용두공원,"서울특별시 동대문구 용두동 34-1"
소나무,용두공원,"서울특별시 동대문구 용두동 34-1"
소나무,용두공원,"서울특별시 동대문구 용두동 34-1"
소나무,용두공원,"서울특별시 동대문구 용두동 34-1"
소나무,용두공원,"서울특별시 동대문구 용두동 34-1"
소나무,용두공원,"서울특별시 동대문구 용두동 34-1"
소나무,용두공원,"서울특별시 동대문구 용두동 34-1"
소나무,용두공원,"서울특별시 동대문구 용두동 34-1"
소나무,용두공원,"서울특별시 동대문구 용두동 34-1"
소나무,용두공원,"서울특별시 동대문구 용두동 34-1"
소나무,용두공원,"서울특별시 동대문구 용두동 34-1"
소나무,용두공원,"서울특별시 동대문구 용두동 34-1"
소나무,용두공원,"서울특별시 동대문구 용두동 34-1"
소나무,용두공원,"서울특별시 동대문구 용두동 34-1"
소나무,용두공원,"서울특별시 동대문구 용두동 34-1"
이팝나무,용두공원,"서울특별시 동대문구 용두동 34-1"
단풍나무,용두공원,"서울특별시 동대문구 용두동 34-1"
단풍나무,용두공원,"서울특별시 동대문구 용두동 34-1"
단풍나무,용두공원,"서울특별시 동대문구 용두동 34-1"
백합나무,용두공원,"서울특별시 동대문구 용두동 34-1"
단풍나무,용두공원,"서울특별시 동대문구 용두동 34-1"
단풍나무,용두공원,"서울특별시 동대문구 용두동 34-1"
살구나무,용두공원,"서울특별시 동대문구 용두동 34-1"
백합나무,용두공원,"서울특별시 동대문구 용두동 34-1"
매실나무,용두공원,"서울특별시 동대문구 용두동 34-1"
단풍나무,용두공원,"서울특별시 동대문구 용두동 34-1"
백합나무,용두공원,"서울특별시 동대문구 용두동 34-1"
매실나무,용두공원,"서울특별시 동대문구 용두동 34-1"
소나무,용두공원,"서울특별시 동대문구 용두동 34-1"
단풍나무,용두공원,"서울특별시 동대문구 용두동 34-1"
소나무,용두공원,"서울특별시 동대문구 용두동 34-1"
소나무,용두공원,"서울특별시 동대문구 용두동 34-1"
매실나무,용두공원,"서울특별시 동대문구 용두동 34-1"
뽕나무,용두공원,"서울특별시 동대문구 용두동 34-1"
주목,용두공원,"서울특별시 동대문구 용두동 34-1"
주목,용두공원,"서울특별시 동대문구 용두동 34-1"
감나무,용두공원,"서울특별시 동대문구 용두동 34-1"
감나무,용두공원,"서울특별시 동대문구 용두동 34-1"
살구나무,용두공원,"서울특별시 동대문구 용두동 34-1"
감나무,용두공원,"서울특별시 동대문구 용두동 34-1"
단풍나무,용두공원,"서울특별시 동대문구 용두동 34-1"
자귀나무,용두공원,"서울특별시 동대문구 용두동 34-1"
단풍나무,용두공원,"서울특별시 동대문구 용두동 34-1"
백합나무,용두공원,"서울특별시 동대문구 용두동 34-1"
단풍나무,용두공원,"서울특별시 동대문구 용두동 34-1"
단풍나무,용두공원,"서울특별시 동대문구 용두동 34-1"
참나무,용두공원,"서울특별시 동대문구 용두동 34-1"
단풍나무,용두공원,"서울특별시 동대문구 용두동 34-1"
백합나무,용두공원,"서울특별시 동대문구 용두동 34-1"
소나무,용두공원,"서울특별시 동대문구 용두동 34-1"
소나무,용두공원,"서울특별시 동대문구 용두동 34-1"
소나무,용두공원,"서울특별시 동대문구 용두동 34-1"
참나무,용두공원,"서울특별시 동대문구 용두동 34-1"
단풍나무,용두공원,"서울특별시 동대문구 용두동 34-1"
참나무,용두공원,"서울특별시 동대문구 용두동 34-1"
이팝나무,용두공원,"서울특별시 동대문구 용두동 34-1"
벚나무,용두공원,"서울특별시 동대문구 용두동 34-1"
벚나무,용두공원,"서울특별시 동대문구 용두동 34-1"
단풍나무,용두공원,"서울특별시 동대문구 용두동 34-1"
단풍나무,용두공원,"서울특별시 동대문구 용두동 34-1"
단풍나무,용두공원,"서울특별시 동대문구 용두동 34-1"
때죽나무,용두공원,"서울특별시 동대문구 용두동 34-1"
백합나무,용두공원,"서울특별시 동대문구 용두동 34-1"
벚나무,용두공원,"서울특별시 동대문구 용두동 34-1"
벚나무,용두공원,"서울특별시 동대문구 용두동 34-1"
벚나무,용두공원,"서울특별시 동대문구 용두동 34-1"
소나무,용두공원,"서울특별시 동대문구 용두동 34-1"
단풍나무,용두공원,"서울특별시 동대문구 용두동 34-1"
단풍나무,용두공원,"서울특별시 동대문구 용두동 34-1"
버드나무,용두공원,"서울특별시 동대문구 용두동 34-1"
뽕나무,용두공원,"서울특별시 동대문구 용두동 34-1"
벚나무,용두공원,"서울특별시 동대문구 용두동 34-1"
소나무,용두공원,"서울특별시 동대문구 용두동 34-1"
단풍나무,용두공원,"서울특별시 동대문구 용두동 34-1"
참나무,용두공원,"서울특별시 동대문구 용두동 34-1"
단풍나무,용두공원,"서울특별시 동대문구 용두동 34-1"
벚나무,용두공원,"서울특별시 동대문구 용두동 34-1"
참나무,용두공원,"서울특별시 동대문구 용두동 34-1"
느티나무,용두공원,"서울특별시 동대문구 용두동 34-1"
벚나무,용두공원,"서울특별시 동대문구 용두동 34-1"
참나무,용두공원,"서울특별시 동대문구 용두동 34-1"
참나무,용두공원,"서울특별시 동대문구 용두동 34-1"
산딸나무,용두공원,"서울특별시 동대문구 용두동 34-1"
산딸나무,용두공원,"서울특별시 동대문구 용두동 34-1"
밤나무,용두공원,"서울특별시 동대문구 용두동 34-1"
살구나무,용두공원,"서울특별시 동대문구 용두동 34-1"
참나무,용두공원,"서울특별시 동대문구 용두동 34-1"
참나무,용두공원,"서울특별시 동대문구 용두동 34-1"
참나무,용두공원,"서울특별시 동대문구 용두동 34-1"
소나무,용두공원,"서울특별시 동대문구 용두동 34-1"
참나무,용두공원,"서울특별시 동대문구 용두동 34-1"
이팝나무,용두공원,"서울특별시 동대문구 용두동 34-1"
소나무,용두공원,"서울특별시 동대문구 용두동 34-1"
단풍나무,용두공원,"서울특별시 동대문구 용두동 34-1"
참나무,용두공원,"서울특별시 동대문구 용두동 34-1"
단풍나무,용두공원,"서울특별시 동대문구 용두동 34-1"
이팝나무,용두공원,"서울특별시 동대문구 용두동 34-1"
소나무,용두공원,"서울특별시 동대문구 용두동 34-1"
소나무,용두공원,"서울특별시 동대문구 용두동 34-1"
때죽나무,용두공원,"서울특별시 동대문구 용두동 34-1"
소나무,용두공원,"서울특별시 동대문구 용두동 34-1"
벚나무,용두공원,"서울특별시 동대문구 용두동 34-1"
단풍나무,용두공원,"서울특별시 동대문구 용두동 34-1"
단풍나무,용두공원,"서울특별시 동대문구 용두동 34-1"
단풍나무,용두공원,"서울특별시 동대문구 용두동 34-1"
향나무,용두공원,"서울특별시 동대문구 용두동 34-1"
이팝나무,용두공원,"서울특별시 동대문구 용두동 34-1"
벚나무,용두공원,"서울특별시 동대문구 용두동 34-1"
참나무,용두공원,"서울특별시 동대문구 용두동 34-1"
느티나무,용두공원,"서울특별시 동대문구 용두동 34-1"
잣나무,용두공원,"서울특별시 동대문구 용두동 34-1"
벚나무,용두공원,"서울특별시 동대문구 용두동 34-1"
이팝나무,용두공원,"서울특별시 동대문구 용두동 34-1"
단풍나무,용두공원,"서울특별시 동대문구 용두동 34-1"
이팝나무,용두공원,"서울특별시 동대문구 용두동 34-1"
단풍나무,용두공원,"서울특별시 동대문구 용두동 34-1"
벚나무,용두공원,"서울특별시 동대문구 용두동 34-1"
단풍나무,용두공원,"서울특별시 동대문구 용두동 34-1"
모과나무,용두공원,"서울특별시 동대문구 용두동 34-1"
단풍나무,용두공원,"서울특별시 동대문구 용두동 34-1"
잣나무,용두공원,"서울특별시 동대문구 용두동 34-1"
단풍나무,용두공원,"서울특별시 동대문구 용두동 34-1"
잣나무,용두공원,"서울특별시 동대문구 용두동 34-1"
모과나무,용두공원,"서울특별시 동대문구 용두동 34-1"
잣나무,용두공원,"서울특별시 동대문구 용두동 34-1"
잣나무,용두공원,"서울특별시 동대문구 용두동 34-1"
소나무,용두공원,"서울특별시 동대문구 용두동 34-1"
소나무,용두공원,"서울특별시 동대문구 용두동 34-1"
소나무,용두공원,"서울특별시 동대문구 용두동 34-1"
소나무,용두공원,"서울특별시 동대문구 용두동 34-1"
소나무,용두공원,"서울특별시 동대문구 용두동 34-1"
단풍나무,용두공원,"서울특별시 동대문구 용두동 34-1"
느티나무,용두공원,"서울특별시 동대문구 용두동 34-1"
느티나무,용두공원,"서울특별시 동대문구 용두동 34-1"
모과나무,용두공원,"서울특별시 동대문구 용두동 34-1"
향나무,용두공원,"서울특별시 동대문구 용두동 34-1"
단풍나무,용두공원,"서울특별시 동대문구 용두동 34-1"
향나무,용두공원,"서울특별시 동대문구 용두동 34-1"
단풍나무,용두공원,"서울특별시 동대문구 용두동 34-1"
벚나무,용두공원,"서울특별시 동대문구 용두동 34-1"
잣나무,용두공원,"서울특별시 동대문구 용두동 34-1"
단풍나무,용두공원,"서울특별시 동대문구 용두동 34-1"
소나무,용두공원,"서울특별시 동대문구 용두동 34-1"
잣나무,용두공원,"서울특별시 동대문구 용두동 34-1"
단풍나무,용두공원,"서울특별시 동대문구 용두동 34-1"
벚나무,용두공원,"서울특별시 동대문구 용두동 34-1"
소나무,용두공원,"서울특별시 동대문구 용두동 34-1"
단풍나무,용두공원,"서울특별시 동대문구 용두동 34-1"
참나무,용두공원,"서울특별시 동대문구 용두동 34-1"
단풍나무,용두공원,"서울특별시 동대문구 용두동 34-1"
벚나무,용두공원,"서울특별시 동대문구 용두동 34-1"
중국단풍,용두공원,"서울특별시 동대문구 용두동 34-1"
벚나무,용두공원,"서울특별시 동대문구 용두동 34-1"
산수유,용두공원,"서울특별시 동대문구 용두동 34-1"
벚나무,용두공원,"서울특별시 동대문구 용두동 34-1"
산수유,용두공원,"서울특별시 동대문구 용두동 34-1"
소나무,용두공원,"서울특별시 동대문구 용두동 34-1"
산수유,용두공원,"서울특별시 동대문구 용두동 34-1"
소나무,용두공원,"서울특별시 동대문구 용두동 34-1"
중국단풍,용두공원,"서울특별시 동대문구 용두동 34-1"
감나무,용두공원,"서울특별시 동대문구 용두동 34-1"
산수유,용두공원,"서울특별시 동대문구 용두동 34-1"
중국단풍,용두공원,"서울특별시 동대문구 용두동 34-1"
소나무,용두공원,"서울특별시 동대문구 용두동 34-1"
소나무,용두공원,"서울특별시 동대문구 용두동 34-1"
소나무,용두공원,"서울특별시 동대문구 용두동 34-1"
소나무,용두공원,"서울특별시 동대문구 용두동 34-1"
소나무,용두공원,"서울특별시 동대문구 용두동 34-1"
참나무,용두공원,"서울특별시 동대문구 용두동 34-1"
소나무,용두공원,"서울특별시 동대문구 용두동 34-1"
산수유,용두공원,"서울특별시 동대문구 용두동 34-1"
소나무,용두공원,"서울특별시 동대문구 용두동 34-1"
소나무,용두공원,"서울특별시 동대문구 용두동 34-1"
감나무,용두공원,"서울특별시 동대문구 용두동 34-1"
산딸나무,용두공원,"서울특별시 동대문구 용두동 34-1"
감나무,용두공원,"서울특별시 동대문구 용두동 34-1"
모과나무,용두공원,"서울특별시 동대문구 용두동 34-1"
산수유,용두공원,"서울특별시 동대문구 용두동 34-1"
주목,용두공원,"서울특별시 동대문구 용두동 34-1"
단풍나무,용두공원,"서울특별시 동대문구 용두동 34-1"
단풍나무,용두공원,"서울특별시 동대문구 용두동 34-1"
단풍나무,용두공원,"서울특별시 동대문구 용두동 34-1"
단풍나무,용두공원,"서울특별시 동대문구 용두동 34-1"
모과나무,용두공원,"서울특별시 동대문구 용두동 34-1"
느티나무,용두공원,"서울특별시 동대문구 용두동 34-1"
모과나무,용두공원,"서울특별시 동대문구 용두동 34-1"
주목,용두공원,"서울특별시 동대문구 용두동 34-1"
느티나무,용두공원,"서울특별시 동대문구 용두동 34-1"
감나무,용두공원,"서울특별시 동대문구 용두동 34-1"
느티나무,용두공원,"서울특별시 동대문구 용두동 34-1"
주목,용두공원,"서울특별시 동대문구 용두동 34-1"
단풍나무,용두공원,"서울특별시 동대문구 용두동 34-1"
모과나무,용두공원,"서울특별시 동대문구 용두동 34-1"
단풍나무,용두공원,"서울특별시 동대문구 용두동 34-1"
모과나무,용두공원,"서울특별시 동대문구 용두동 34-1"
단풍나무,용두공원,"서울특별시 동대문구 용두동 34-1"
느티나무,용두공원,"서울특별시 동대문구 용두동 34-1"
모과나무,용두공원,"서울특별시 동대문구 용두동 34-1"
산수유,용두공원,"서울특별시 동대문구 용두동 34-1"
산수유,용두공원,"서울특별시 동대문구 용두동 34-1"
벚나무,용두공원,"서울특별시 동대문구 용두동 34-1"
단풍나무,용두공원,"서울특별시 동대문구 용두동 34-1"
단풍나무,용두공원,"서울특별시 동대문구 용두동 34-1"
벚나무,용두공원,"서울특별시 동대문구 용두동 34-1"
단풍나무,용두공원,"서울특별시 동대문구 용두동 34-1"
왕벚나무,용두공원,"서울특별시 동대문구 용두동 34-1"
벚나무,용두공원,"서울특별시 동대문구 용두동 34-1"
벚나무,용두공원,"서울특별시 동대문구 용두동 34-1"
단풍나무,용두공원,"서울특별시 동대문구 용두동 34-1"
단풍나무,용두공원,"서울특별시 동대문구 용두동 34-1"
소나무,용두공원,"서울특별시 동대문구 용두동 34-1"
소나무,용두공원,"서울특별시 동대문구 용두동 34-1"
소나무,용두공원,"서울특별시 동대문구 용두동 34-1"
참나무,용두공원,"서울특별시 동대문구 용두동 34-1"
소나무,용두공원,"서울특별시 동대문구 용두동 34-1"
소나무,용두공원,"서울특별시 동대문구 용두동 34-1"
소나무,용두공원,"서울특별시 동대문구 용두동 34-1"
소나무,용두공원,"서울특별시 동대문구 용두동 34-1"
소나무,용두공원,"서울특별시 동대문구 용두동 34-1"
단풍나무,용두공원,"서울특별시 동대문구 용두동 34-1"
단풍나무,용두공원,"서울특별시 동대문구 용두동 34-1"
단풍나무,용두공원,"서울특별시 동대문구 용두동 34-1"
산딸나무,용두공원,"서울특별시 동대문구 용두동 34-1"
산딸나무,용두공원,"서울특별시 동대문구 용두동 34-1"
은행나무,용두공원,"서울특별시 동대문구 용두동 34-1"
산딸나무,용두공원,"서울특별시 동대문구 용두동 34-1"
느티나무,용두공원,"서울특별시 동대문구 용두동 34-1"
밤나무,용두공원,"서울특별시 동대문구 용두동 34-1"
단풍나무,용두공원,"서울특별시 동대문구 용두동 34-1"
단풍나무,용두공원,"서울특별시 동대문구 용두동 34-1"
단풍나무,용두공원,"서울특별시 동대문구 용두동 34-1"
단풍나무,용두공원,"서울특별시 동대문구 용두동 34-1"
단풍나무,용두공원,"서울특별시 동대문구 용두동 34-1"
벚나무,용두공원,"서울특별시 동대문구 용두동 34-1"
벚나무,용두공원,"서울특별시 동대문구 용두동 34-1"
중국단풍,용두공원,"서울특별시 동대문구 용두동 34-1"
중국단풍,용두공원,"서울특별시 동대문구 용두동 34-1"
단풍나무,용두공원,"서울특별시 동대문구 용두동 34-1"
중국단풍,용두공원,"서울특별시 동대문구 용두동 34-1"
단풍나무,용두공원,"서울특별시 동대문구 용두동 34-1"
단풍나무,용두공원,"서울특별시 동대문구 용두동 34-1"
단풍나무,용두공원,"서울특별시 동대문구 용두동 34-1"
벚나무,용두공원,"서울특별시 동대문구 용두동 34-1"
단풍나무,용두공원,"서울특별시 동대문구 용두동 34-1"
단풍나무,용두공원,"서울특별시 동대문구 용두동 34-1"
회화나무,용두공원,"서울특별시 동대문구 용두동 34-1"
벚나무,용두공원,"서울특별시 동대문구 용두동 34-1"
벚나무,용두공원,"서울특별시 동대문구 용두동 34-1"
잣나무,용두공원,"서울특별시 동대문구 용두동 34-1"
잣나무,용두공원,"서울특별시 동대문구 용두동 34-1"
잣나무,용두공원,"서울특별시 동대문구 용두동 34-1"
잣나무,용두공원,"서울특별시 동대문구 용두동 34-1"
벚나무,용두공원,"서울특별시 동대문구 용두동 34-1"
단풍나무,용두공원,"서울특별시 동대문구 용두동 34-1"
단풍나무,용두공원,"서울특별시 동대문구 용두동 34-1"
때죽나무,용두공원,"서울특별시 동대문구 용두동 34-1"
벚나무,용두공원,"서울특별시 동대문구 용두동 34-1"
때죽나무,용두공원,"서울특별시 동대문구 용두동 34-1"
때죽나무,용두공원,"서울특별시 동대문구 용두동 34-1"
때죽나무,용두공원,"서울특별시 동대문구 용두동 34-1"
산수유,용두공원,"서울특별시 동대문구 용두동 34-1"
잣나무,용두공원,"서울특별시 동대문구 용두동 34-1"
단풍나무,용두공원,"서울특별시 동대문구 용두동 34-1"
잣나무,용두공원,"서울특별시 동대문구 용두동 34-1"
잣나무,용두공원,"서울특별시 동대문구 용두동 34-1"
잣나무,용두공원,"서울특별시 동대문구 용두동 34-1"
벚나무,용두공원,"서울특별시 동대문구 용두동 34-1"
벚나무,용두공원,"서울특별시 동대문구 용두동 34-1"
때죽나무,용두공원,"서울특별시 동대문구 용두동 34-1"
벚나무,용두공원,"서울특별시 동대문구 용두동 34-1"
벚나무,용두공원,"서울특별시 동대문구 용두동 34-1"
단풍나무,용두공원,"서울특별시 동대문구 용두동 34-1"
단풍나무,용두공원,"서울특별시 동대문구 용두동 34-1"
잣나무,용두공원,"서울특별시 동대문구 용두동 34-1"
단풍나무,용두공원,"서울특별시 동대문구 용두동 34-1"
잣나무,용두공원,"서울특별시 동대문구 용두동 34-1"
단풍나무,용두공원,"서울특별시 동대문구 용두동 34-1"
잣나무,용두공원,"서울특별시 동대문구 용두동 34-1"
느티나무,용두공원,"서울특별시 동대문구 용두동 34-1"
잣나무,용두공원,"서울특별시 동대문구 용두동 34-1"
잣나무,용두공원,"서울특별시 동대문구 용두동 34-1"
단풍나무,용두공원,"서울특별시 동대문구 용두동 34-1"
단풍나무,용두공원,"서울특별시 동대문구 용두동 34-1"
단풍나무,용두공원,"서울특별시 동대문구 용두동 34-1"
산딸나무,용두공원,"서울특별시 동대문구 용두동 34-1"
벚나무,용두공원,"서울특별시 동대문구 용두동 34-1"
단풍나무,용두공원,"서울특별시 동대문구 용두동 34-1"
느티나무,용두공원,"서울특별시 동대문구 용두동 34-1"
느티나무,용두공원,"서울특별시 동대문구 용두동 34-1"
산딸나무,용두공원,"서울특별시 동대문구 용두동 34-1"
때죽나무,용두공원,"서울특별시 동대문구 용두동 34-1"
단풍나무,용두공원,"서울특별시 동대문구 용두동 34-1"
때죽나무,용두공원,"서울특별시 동대문구 용두동 34-1"
단풍나무,용두공원,"서울특별시 동대문구 용두동 34-1"
단풍나무,용두공원,"서울특별시 동대문구 용두동 34-1"
단풍나무,용두공원,"서울특별시 동대문구 용두동 34-1"
때죽나무,용두공원,"서울특별시 동대문구 용두동 34-1"
때죽나무,용두공원,"서울특별시 동대문구 용두동 34-1"
때죽나무,용두공원,"서울특별시 동대문구 용두동 34-1"
모과나무,용두공원,"서울특별시 동대문구 용두동 34-1"
잣나무,용두공원,"서울특별시 동대문구 용두동 34-1"
잣나무,용두공원,"서울특별시 동대문구 용두동 34-1"
모과나무,용두공원,"서울특별시 동대문구 용두동 34-1"
잣나무,용두공원,"서울특별시 동대문구 용두동 34-1"
모과나무,용두공원,"서울특별시 동대문구 용두동 34-1"
잣나무,용두공원,"서울특별시 동대문구 용두동 34-1"
모과나무,용두공원,"서울특별시 동대문구 용두동 34-1"
잣나무,용두공원,"서울특별시 동대문구 용두동 34-1"
잣나무,용두공원,"서울특별시 동대문구 용두동 34-1"
모과나무,용두공원,"서울특별시 동대문구 용두동 34-1"
산수유,용두공원,"서울특별시 동대문구 용두동 34-1"
산수유,용두공원,"서울특별시 동대문구 용두동 34-1"
산수유,용두공원,"서울특별시 동대문구 용두동 34-1"
산수유,용두공원,"서울특별시 동대문구 용두동 34-1"
잣나무,용두공원,"서울특별시 동대문구 용두동 34-1"
산수유,용두공원,"서울특별시 동대문구 용두동 34-1"
산수유,용두공원,"서울특별시 동대문구 용두동 34-1"
소나무,용두공원,"서울특별시 동대문구 용두동 34-1"
잣나무,용두공원,"서울특별시 동대문구 용두동 34-1"
모과나무,용두공원,"서울특별시 동대문구 용두동 34-1"
소나무,용두공원,"서울특별시 동대문구 용두동 34-1"
잣나무,용두공원,"서울특별시 동대문구 용두동 34-1"
모과나무,용두공원,"서울특별시 동대문구 용두동 34-1"
느티나무,용두공원,"서울특별시 동대문구 용두동 34-1"
잣나무,용두공원,"서울특별시 동대문구 용두동 34-1"
잣나무,용두공원,"서울특별시 동대문구 용두동 34-1"
벚나무,용두공원,"서울특별시 동대문구 용두동 34-1"
벚나무,용두공원,"서울특별시 동대문구 용두동 34-1"
벚나무,용두공원,"서울특별시 동대문구 용두동 34-1"
잣나무,용두공원,"서울특별시 동대문구 용두동 34-1"
단풍나무,용두공원,"서울특별시 동대문구 용두동 34-1"
소나무,용두공원,"서울특별시 동대문구 용두동 34-1"
잣나무,용두공원,"서울특별시 동대문구 용두동 34-1"
단풍나무,용두공원,"서울특별시 동대문구 용두동 34-1"
소나무,용두공원,"서울특별시 동대문구 용두동 34-1"
잣나무,용두공원,"서울특별시 동대문구 용두동 34-1"
잣나무,용두공원,"서울특별시 동대문구 용두동 34-1"
단풍나무,용두공원,"서울특별시 동대문구 용두동 34-1"
잣나무,용두공원,"서울특별시 동대문구 용두동 34-1"
느티나무,용두공원,"서울특별시 동대문구 용두동 34-1"
메타세쿼이아,용두공원,"서울특별시 동대문구 용두동 34-1"
잣나무,용두공원,"서울특별시 동대문구 용두동 34-1"
메타세쿼이아,용두공원,"서울특별시 동대문구 용두동 34-1"
잣나무,용두공원,"서울특별시 동대문구 용두동 34-1"
잣나무,용두공원,"서울특별시 동대문구 용두동 34-1"
산수유,용두공원,"서울특별시 동대문구 용두동 34-1"
벚나무,용두공원,"서울특별시 동대문구 용두동 34-1"
목련,용두공원,"서울특별시 동대문구 용두동 34-1"
잣나무,용두공원,"서울특별시 동대문구 용두동 34-1"
벚나무,용두공원,"서울특별시 동대문구 용두동 34-1"
벚나무,용두공원,"서울특별시 동대문구 용두동 34-1"
소나무,용두공원,"서울특별시 동대문구 용두동 34-1"
메타세쿼이아,용두공원,"서울특별시 동대문구 용두동 34-1"
벚나무,용두공원,"서울특별시 동대문구 용두동 34-1"
벚나무,용두공원,"서울특별시 동대문구 용두동 34-1"
벚나무,용두공원,"서울특별시 동대문구 용두동 34-1"
벚나무,용두공원,"서울특별시 동대문구 용두동 34-1"
잣나무,용두공원,"서울특별시 동대문구 용두동 34-1"
벚나무,용두공원,"서울특별시 동대문구 용두동 34-1"
느티나무,용두공원,"서울특별시 동대문구 용두동 34-1"
느티나무,용두공원,"서울특별시 동대문구 용두동 34-1"
느티나무,용두공원,"서울특별시 동대문구 용두동 34-1"
잣나무,용두공원,"서울특별시 동대문구 용두동 34-1"
메타세쿼이아,용두공원,"서울특별시 동대문구 용두동 34-1"
소나무,용두공원,"서울특별시 동대문구 용두동 34-1"
벚나무,용두공원,"서울특별시 동대문구 용두동 34-1"
느티나무,용두공원,"서울특별시 동대문구 용두동 34-1"
잣나무,용두공원,"서울특별시 동대문구 용두동 34-1"
벚나무,용두공원,"서울특별시 동대문구 용두동 34-1"
메타세쿼이아,용두공원,"서울특별시 동대문구 용두동 34-1"
잣나무,용두공원,"서울특별시 동대문구 용두동 34-1"
단풍나무,용두공원,"서울특별시 동대문구 용두동 34-1"
잣나무,용두공원,"서울특별시 동대문구 용두동 34-1"
소나무,용두공원,"서울특별시 동대문구 용두동 34-1"
메타세쿼이아,용두공원,"서울특별시 동대문구 용두동 34-1"
잣나무,용두공원,"서울특별시 동대문구 용두동 34-1"
벚나무,용두공원,"서울특별시 동대문구 용두동 34-1"
잣나무,용두공원,"서울특별시 동대문구 용두동 34-1"
메타세쿼이아,용두공원,"서울특별시 동대문구 용두동 34-1"
소나무,용두공원,"서울특별시 동대문구 용두동 34-1"
소나무,용두공원,"서울특별시 동대문구 용두동 34-1"
잣나무,용두공원,"서울특별시 동대문구 용두동 34-1"
메타세쿼이아,용두공원,"서울특별시 동대문구 용두동 34-1"
잣나무,용두공원,"서울특별시 동대문구 용두동 34-1"
잣나무,용두공원,"서울특별시 동대문구 용두동 34-1"
메타세쿼이아,용두공원,"서울특별시 동대문구 용두동 34-1"
소나무,용두공원,"서울특별시 동대문구 용두동 34-1"
잣나무,용두공원,"서울특별시 동대문구 용두동 34-1"
잣나무,용두공원,"서울특별시 동대문구 용두동 34-1"
소나무,용두공원,"서울특별시 동대문구 용두동 34-1"
잣나무,용두공원,"서울특별시 동대문구 용두동 34-1"
중국단풍,용두공원,"서울특별시 동대문구 용두동 34-1"
중국단풍,용두공원,"서울특별시 동대문구 용두동 34-1"
느티나무,용두공원,"서울특별시 동대문구 용두동 34-1"
소나무,용두공원,"서울특별시 동대문구 용두동 34-1"
중국단풍,용두공원,"서울특별시 동대문구 용두동 34-1"
소나무,용두공원,"서울특별시 동대문구 용두동 34-1"
중국단풍,용두공원,"서울특별시 동대문구 용두동 34-1"
잣나무,용두공원,"서울특별시 동대문구 용두동 34-1"
소나무,용두공원,"서울특별시 동대문구 용두동 34-1"
잣나무,용두공원,"서울특별시 동대문구 용두동 34-1"
잣나무,용두공원,"서울특별시 동대문구 용두동 34-1"
느티나무,용두공원,"서울특별시 동대문구 용두동 34-1"
잣나무,용두공원,"서울특별시 동대문구 용두동 34-1"
목련,용두공원,"서울특별시 동대문구 용두동 34-1"
느티나무,용두공원,"서울특별시 동대문구 용두동 34-1"
벚나무,용두공원,"서울특별시 동대문구 용두동 34-1"
잣나무,용두공원,"서울특별시 동대문구 용두동 34-1"
잣나무,용두공원,"서울특별시 동대문구 용두동 34-1"
느티나무,용두공원,"서울특별시 동대문구 용두동 34-1"
느티나무,용두공원,"서울특별시 동대문구 용두동 34-1"
소나무,용두공원,"서울특별시 동대문구 용두동 34-1"
참나무,용두공원,"서울특별시 동대문구 용두동 34-1"
중국단풍,용두공원,"서울특별시 동대문구 용두동 34-1"
느티나무,용두공원,"서울특별시 동대문구 용두동 34-1"
잣나무,용두공원,"서울특별시 동대문구 용두동 34-1"
느티나무,용두공원,"서울특별시 동대문구 용두동 34-1"
잣나무,용두공원,"서울특별시 동대문구 용두동 34-1"
잣나무,용두공원,"서울특별시 동대문구 용두동 34-1"
잣나무,용두공원,"서울특별시 동대문구 용두동 34-1"
벚나무,용두공원,"서울특별시 동대문구 용두동 34-1"
잣나무,용두공원,"서울특별시 동대문구 용두동 34-1"
벚나무,용두공원,"서울특별시 동대문구 용두동 34-1"
벚나무,용두공원,"서울특별시 동대문구 용두동 34-1"
벚나무,용두공원,"서울특별시 동대문구 용두동 34-1"
벚나무,용두공원,"서울특별시 동대문구 용두동 34-1"
산수유,용두공원,"서울특별시 동대문구 용두동 34-1"
벚나무,용두공원,"서울특별시 동대문구 용두동 34-1"
벚나무,용두공원,"서울특별시 동대문구 용두동 34-1"
잣나무,용두공원,"서울특별시 동대문구 용두동 34-1"
벚나무,용두공원,"서울특별시 동대문구 용두동 34-1"
잣나무,용두공원,"서울특별시 동대문구 용두동 34-1"
벚나무,용두공원,"서울특별시 동대문구 용두동 34-1"
목련,용두공원,"서울특별시 동대문구 용두동 34-1"
벚나무,용두공원,"서울특별시 동대문구 용두동 34-1"
벚나무,용두공원,"서울특별시 동대문구 용두동 34-1"
벚나무,용두공원,"서울특별시 동대문구 용두동 34-1"
잣나무,용두공원,"서울특별시 동대문구 용두동 34-1"
벚나무,용두공원,"서울특별시 동대문구 용두동 34-1"
모과나무,용두공원,"서울특별시 동대문구 용두동 34-1"
벚나무,용두공원,"서울특별시 동대문구 용두동 34-1"
느티나무,용두공원,"서울특별시 동대문구 용두동 34-1"
은행나무,용두공원,"서울특별시 동대문구 용두동 34-1"
잣나무,용두공원,"서울특별시 동대문구 용두동 34-1"
벚나무,용두공원,"서울특별시 동대문구 용두동 34-1"
소나무,용두공원,"서울특별시 동대문구 용두동 34-1"
소나무,용두공원,"서울특별시 동대문구 용두동 34-1"
벚나무,용두공원,"서울특별시 동대문구 용두동 34-1"
단풍나무,용두공원,"서울특별시 동대문구 용두동 34-1"
벚나무,용두공원,"서울특별시 동대문구 용두동 34-1"
벚나무,용두공원,"서울특별시 동대문구 용두동 34-1"
잣나무,용두공원,"서울특별시 동대문구 용두동 34-1"
소나무,용두공원,"서울특별시 동대문구 용두동 34-1"
잣나무,용두공원,"서울특별시 동대문구 용두동 34-1"
잣나무,용두공원,"서울특별시 동대문구 용두동 34-1"
잣나무,용두공원,"서울특별시 동대문구 용두동 34-1"
소나무,용두공원,"서울특별시 동대문구 용두동 34-1"
벚나무,용두공원,"서울특별시 동대문구 용두동 34-1"
소나무,용두공원,"서울특별시 동대문구 용두동 34-1"
단풍나무,용두공원,"서울특별시 동대문구 용두동 34-1"
단풍나무,용두공원,"서울특별시 동대문구 용두동 34-1"
소나무,용두공원,"서울특별시 동대문구 용두동 34-1"
소나무,용두공원,"서울특별시 동대문구 용두동 34-1"
소나무,용두공원,"서울특별시 동대문구 용두동 34-1"
소나무,용두공원,"서울특별시 동대문구 용두동 34-1"
소나무,용두공원,"서울특별시 동대문구 용두동 34-1"
소나무,용두공원,"서울특별시 동대문구 용두동 34-1"
소나무,용두공원,"서울특별시 동대문구 용두동 34-1"
벚나무,용두공원,"서울특별시 동대문구 용두동 34-1"
소나무,용두공원,"서울특별시 동대문구 용두동 34-1"
소나무,용두공원,"서울특별시 동대문구 용두동 34-1"
소나무,용두공원,"서울특별시 동대문구 용두동 34-1"
벚나무,용두공원,"서울특별시 동대문구 용두동 34-1"
소나무,용두공원,"서울특별시 동대문구 용두동 34-1"
소나무,용두공원,"서울특별시 동대문구 용두동 34-1"
소나무,용두공원,"서울특별시 동대문구 용두동 34-1"
소나무,용두공원,"서울특별시 동대문구 용두동 34-1"
소나무,용두공원,"서울특별시 동대문구 용두동 34-1"
소나무,용두공원,"서울특별시 동대문구 용두동 34-1"
소나무,용두공원,"서울특별시 동대문구 용두동 34-1"
벚나무,용두공원,"서울특별시 동대문구 용두동 34-1"
소나무,용두공원,"서울특별시 동대문구 용두동 34-1"
대추나무,용두공원,"서울특별시 동대문구 용두동 34-1"
소나무,용두공원,"서울특별시 동대문구 용두동 34-1"
대추나무,용두공원,"서울특별시 동대문구 용두동 34-1"
소나무,용두공원,"서울특별시 동대문구 용두동 34-1"
소나무,용두공원,"서울특별시 동대문구 용두동 34-1"
소나무,용두공원,"서울특별시 동대문구 용두동 34-1"
소나무,용두공원,"서울특별시 동대문구 용두동 34-1"
벚나무,용두공원,"서울특별시 동대문구 용두동 34-1"
벚나무,용두공원,"서울특별시 동대문구 용두동 34-1"
대추나무,용두공원,"서울특별시 동대문구 용두동 34-1"
단풍나무,용두공원,"서울특별시 동대문구 용두동 34-1"
단풍나무,용두공원,"서울특별시 동대문구 용두동 34-1"
벚나무,용두공원,"서울특별시 동대문구 용두동 34-1"
벚나무,용두공원,"서울특별시 동대문구 용두동 34-1"
단풍나무,용두공원,"서울특별시 동대문구 용두동 34-1"
벚나무,용두공원,"서울특별시 동대문구 용두동 34-1"
소나무,용두공원,"서울특별시 동대문구 용두동 34-1"
소나무,용두공원,"서울특별시 동대문구 용두동 34-1"
느티나무,용두공원,"서울특별시 동대문구 용두동 34-1"
소나무,용두공원,"서울특별시 동대문구 용두동 34-1"
느티나무,용두공원,"서울특별시 동대문구 용두동 34-1"
느티나무,용두공원,"서울특별시 동대문구 용두동 34-1"
은행나무,용두공원,"서울특별시 동대문구 용두동 34-1"
느티나무,용두공원,"서울특별시 동대문구 용두동 34-1"
느티나무,용두공원,"서울특별시 동대문구 용두동 34-1"
느티나무,용두공원,"서울특별시 동대문구 용두동 34-1"
느티나무,용두공원,"서울특별시 동대문구 용두동 34-1"
벚나무,용두공원,"서울특별시 동대문구 용두동 34-1"
느티나무,용두공원,"서울특별시 동대문구 용두동 34-1"
느티나무,용두공원,"서울특별시 동대문구 용두동 34-1"
느티나무,용두공원,"서울특별시 동대문구 용두동 34-1"
느티나무,용두공원,"서울특별시 동대문구 용두동 34-1"
느티나무,용두공원,"서울특별시 동대문구 용두동 34-1"
느티나무,용두공원,"서울특별시 동대문구 용두동 34-1"
단풍나무,용두공원,"서울특별시 동대문구 용두동 34-1"
대추나무,용두공원,"서울특별시 동대문구 용두동 34-1"
대추나무,용두공원,"서울특별시 동대문구 용두동 34-1"
단풍나무,용두공원,"서울특별시 동대문구 용두동 34-1"
단풍나무,용두공원,"서울특별시 동대문구 용두동 34-1"
버드나무,용두공원,"서울특별시 동대문구 용두동 34-1"
대추나무,용두공원,"서울특별시 동대문구 용두동 34-1"
대추나무,용두공원,"서울특별시 동대문구 용두동 34-1"
대추나무,용두공원,"서울특별시 동대문구 용두동 34-1"
목련,용두공원,"서울특별시 동대문구 용두동 34-1"
느티나무,용두공원,"서울특별시 동대문구 용두동 34-1"
느티나무,용두공원,"서울특별시 동대문구 용두동 34-1"
느티나무,용두공원,"서울특별시 동대문구 용두동 34-1"
느티나무,용두공원,"서울특별시 동대문구 용두동 34-1"
느티나무,용두공원,"서울특별시 동대문구 용두동 34-1"
느티나무,용두공원,"서울특별시 동대문구 용두동 34-1"
자귀나무,용두공원,"서울특별시 동대문구 용두동 34-1"
배롱나무,용두공원,"서울특별시 동대문구 용두동 34-1"
자귀나무,용두공원,"서울특별시 동대문구 용두동 34-1"
자귀나무,용두공원,"서울특별시 동대문구 용두동 34-1"
자귀나무,용두공원,"서울특별시 동대문구 용두동 34-1"
벚나무,용두공원,"서울특별시 동대문구 용두동 34-1"
벚나무,용두공원,"서울특별시 동대문구 용두동 34-1"
벚나무,용두공원,"서울특별시 동대문구 용두동 34-1"
벚나무,용두공원,"서울특별시 동대문구 용두동 34-1"
벚나무,용두공원,"서울특별시 동대문구 용두동 34-1"
벚나무,용두공원,"서울특별시 동대문구 용두동 34-1"
벚나무,용두공원,"서울특별시 동대문구 용두동 34-1"
단풍나무,용두공원,"서울특별시 동대문구 용두동 34-1"
벚나무,용두공원,"서울특별시 동대문구 용두동 34-1"
매실나무,용두공원,"서울특별시 동대문구 용두동 34-1"
매실나무,용두공원,"서울특별시 동대문구 용두동 34-1"
살구나무,용두공원,"서울특별시 동대문구 용두동 34-1"
산수유,용두공원,"서울특별시 동대문구 용두동 34-1"
산수유,용두공원,"서울특별시 동대문구 용두동 34-1"
산수유,용두공원,"서울특별시 동대문구 용두동 34-1"
산수유,용두공원,"서울특별시 동대문구 용두동 34-1"
산수유,용두공원,"서울특별시 동대문구 용두동 34-1"
중국단풍,용두공원,"서울특별시 동대문구 용두동 34-1"
모과나무,용두공원,"서울특별시 동대문구 용두동 34-1"
중국단풍,용두공원,"서울특별시 동대문구 용두동 34-1"
참나무,용두공원,"서울특별시 동대문구 용두동 34-1"
모과나무,용두공원,"서울특별시 동대문구 용두동 34-1"
참나무,용두공원,"서울특별시 동대문구 용두동 34-1"
중국단풍,용두공원,"서울특별시 동대문구 용두동 34-1"
소나무,용두공원,"서울특별시 동대문구 용두동 34-1"
산수유,용두공원,"서울특별시 동대문구 용두동 34-1"
이팝나무,용두공원,"서울특별시 동대문구 용두동 34-1"
소나무,용두공원,"서울특별시 동대문구 용두동 34-1"
이팝나무,용두공원,"서울특별시 동대문구 용두동 34-1"
느티나무,용두공원,"서울특별시 동대문구 용두동 34-1"
소나무,용두공원,"서울특별시 동대문구 용두동 34-1"
소나무,용두공원,"서울특별시 동대문구 용두동 34-1"
소나무,용두공원,"서울특별시 동대문구 용두동 34-1"
소나무,용두공원,"서울특별시 동대문구 용두동 34-1"
소나무,용두공원,"서울특별시 동대문구 용두동 34-1"
소나무,용두공원,"서울특별시 동대문구 용두동 34-1"
소나무,용두공원,"서울특별시 동대문구 용두동 34-1"
소나무,용두공원,"서울특별시 동대문구 용두동 34-1"
소나무,용두공원,"서울특별시 동대문구 용두동 34-1"
소나무,용두공원,"서울특별시 동대문구 용두동 34-1"
소나무,용두공원,"서울특별시 동대문구 용두동 34-1"
소나무,용두공원,"서울특별시 동대문구 용두동 34-1"
소나무,용두공원,"서울특별시 동대문구 용두동 34-1"
소나무,용두공원,"서울특별시 동대문구 용두동 34-1"
소나무,용두공원,"서울특별시 동대문구 용두동 34-1"
이팝나무,용두공원,"서울특별시 동대문구 용두동 34-1"
단풍나무,용두공원,"서울특별시 동대문구 용두동 34-1"
단풍나무,용두공원,"서울특별시 동대문구 용두동 34-1"
단풍나무,용두공원,"서울특별시 동대문구 용두동 34-1"
백합나무,용두공원,"서울특별시 동대문구 용두동 34-1"
단풍나무,용두공원,"서울특별시 동대문구 용두동 34-1"
단풍나무,용두공원,"서울특별시 동대문구 용두동 34-1"
살구나무,용두공원,"서울특별시 동대문구 용두동 34-1"
백합나무,용두공원,"서울특별시 동대문구 용두동 34-1"
매실나무,용두공원,"서울특별시 동대문구 용두동 34-1"
단풍나무,용두공원,"서울특별시 동대문구 용두동 34-1"
백합나무,용두공원,"서울특별시 동대문구 용두동 34-1"
매실나무,용두공원,"서울특별시 동대문구 용두동 34-1"
소나무,용두공원,"서울특별시 동대문구 용두동 34-1"
단풍나무,용두공원,"서울특별시 동대문구 용두동 34-1"
소나무,용두공원,"서울특별시 동대문구 용두동 34-1"
소나무,용두공원,"서울특별시 동대문구 용두동 34-1"
매실나무,용두공원,"서울특별시 동대문구 용두동 34-1"
뽕나무,용두공원,"서울특별시 동대문구 용두동 34-1"
주목,용두공원,"서울특별시 동대문구 용두동 34-1"
주목,용두공원,"서울특별시 동대문구 용두동 34-1"
감나무,용두공원,"서울특별시 동대문구 용두동 34-1"
감나무,용두공원,"서울특별시 동대문구 용두동 34-1"
살구나무,용두공원,"서울특별시 동대문구 용두동 34-1"
감나무,용두공원,"서울특별시 동대문구 용두동 34-1"
단풍나무,용두공원,"서울특별시 동대문구 용두동 34-1"
자귀나무,용두공원,"서울특별시 동대문구 용두동 34-1"
단풍나무,용두공원,"서울특별시 동대문구 용두동 34-1"
백합나무,용두공원,"서울특별시 동대문구 용두동 34-1"
단풍나무,용두공원,"서울특별시 동대문구 용두동 34-1"
단풍나무,용두공원,"서울특별시 동대문구 용두동 34-1"
참나무,용두공원,"서울특별시 동대문구 용두동 34-1"
단풍나무,용두공원,"서울특별시 동대문구 용두동 34-1"
백합나무,용두공원,"서울특별시 동대문구 용두동 34-1"
소나무,용두공원,"서울특별시 동대문구 용두동 34-1"
소나무,용두공원,"서울특별시 동대문구 용두동 34-1"
소나무,용두공원,"서울특별시 동대문구 용두동 34-1"
참나무,용두공원,"서울특별시 동대문구 용두동 34-1"
단풍나무,용두공원,"서울특별시 동대문구 용두동 34-1"
참나무,용두공원,"서울특별시 동대문구 용두동 34-1"
이팝나무,용두공원,"서울특별시 동대문구 용두동 34-1"
벚나무,용두공원,"서울특별시 동대문구 용두동 34-1"
벚나무,용두공원,"서울특별시 동대문구 용두동 34-1"
단풍나무,용두공원,"서울특별시 동대문구 용두동 34-1"
단풍나무,용두공원,"서울특별시 동대문구 용두동 34-1"
단풍나무,용두공원,"서울특별시 동대문구 용두동 34-1"
때죽나무,용두공원,"서울특별시 동대문구 용두동 34-1"
백합나무,용두공원,"서울특별시 동대문구 용두동 34-1"
벚나무,용두공원,"서울특별시 동대문구 용두동 34-1"
벚나무,용두공원,"서울특별시 동대문구 용두동 34-1"
벚나무,용두공원,"서울특별시 동대문구 용두동 34-1"
소나무,용두공원,"서울특별시 동대문구 용두동 34-1"
단풍나무,용두공원,"서울특별시 동대문구 용두동 34-1"
단풍나무,용두공원,"서울특별시 동대문구 용두동 34-1"
버드나무,용두공원,"서울특별시 동대문구 용두동 34-1"
뽕나무,용두공원,"서울특별시 동대문구 용두동 34-1"
벚나무,용두공원,"서울특별시 동대문구 용두동 34-1"
소나무,용두공원,"서울특별시 동대문구 용두동 34-1"
단풍나무,용두공원,"서울특별시 동대문구 용두동 34-1"
참나무,용두공원,"서울특별시 동대문구 용두동 34-1"
단풍나무,용두공원,"서울특별시 동대문구 용두동 34-1"
벚나무,용두공원,"서울특별시 동대문구 용두동 34-1"
참나무,용두공원,"서울특별시 동대문구 용두동 34-1"
느티나무,용두공원,"서울특별시 동대문구 용두동 34-1"
벚나무,용두공원,"서울특별시 동대문구 용두동 34-1"
참나무,용두공원,"서울특별시 동대문구 용두동 34-1"
참나무,용두공원,"서울특별시 동대문구 용두동 34-1"
산딸나무,용두공원,"서울특별시 동대문구 용두동 34-1"
산딸나무,용두공원,"서울특별시 동대문구 용두동 34-1"
밤나무,용두공원,"서울특별시 동대문구 용두동 34-1"
살구나무,용두공원,"서울특별시 동대문구 용두동 34-1"
참나무,용두공원,"서울특별시 동대문구 용두동 34-1"
참나무,용두공원,"서울특별시 동대문구 용두동 34-1"
참나무,용두공원,"서울특별시 동대문구 용두동 34-1"
소나무,용두공원,"서울특별시 동대문구 용두동 34-1"
참나무,용두공원,"서울특별시 동대문구 용두동 34-1"
이팝나무,용두공원,"서울특별시 동대문구 용두동 34-1"
소나무,용두공원,"서울특별시 동대문구 용두동 34-1"
단풍나무,용두공원,"서울특별시 동대문구 용두동 34-1"
참나무,용두공원,"서울특별시 동대문구 용두동 34-1"
단풍나무,용두공원,"서울특별시 동대문구 용두동 34-1"
이팝나무,용두공원,"서울특별시 동대문구 용두동 34-1"
소나무,용두공원,"서울특별시 동대문구 용두동 34-1"
소나무,용두공원,"서울특별시 동대문구 용두동 34-1"
때죽나무,용두공원,"서울특별시 동대문구 용두동 34-1"
소나무,용두공원,"서울특별시 동대문구 용두동 34-1"
벚나무,용두공원,"서울특별시 동대문구 용두동 34-1"
단풍나무,용두공원,"서울특별시 동대문구 용두동 34-1"
단풍나무,용두공원,"서울특별시 동대문구 용두동 34-1"
단풍나무,용두공원,"서울특별시 동대문구 용두동 34-1"
향나무,용두공원,"서울특별시 동대문구 용두동 34-1"
이팝나무,용두공원,"서울특별시 동대문구 용두동 34-1"
벚나무,용두공원,"서울특별시 동대문구 용두동 34-1"
참나무,용두공원,"서울특별시 동대문구 용두동 34-1"
느티나무,용두공원,"서울특별시 동대문구 용두동 34-1"
잣나무,용두공원,"서울특별시 동대문구 용두동 34-1"
벚나무,용두공원,"서울특별시 동대문구 용두동 34-1"
이팝나무,용두공원,"서울특별시 동대문구 용두동 34-1"
단풍나무,용두공원,"서울특별시 동대문구 용두동 34-1"
이팝나무,용두공원,"서울특별시 동대문구 용두동 34-1"
단풍나무,용두공원,"서울특별시 동대문구 용두동 34-1"
벚나무,용두공원,"서울특별시 동대문구 용두동 34-1"
단풍나무,용두공원,"서울특별시 동대문구 용두동 34-1"
모과나무,용두공원,"서울특별시 동대문구 용두동 34-1"
단풍나무,용두공원,"서울특별시 동대문구 용두동 34-1"
잣나무,용두공원,"서울특별시 동대문구 용두동 34-1"
단풍나무,용두공원,"서울특별시 동대문구 용두동 34-1"
잣나무,용두공원,"서울특별시 동대문구 용두동 34-1"
모과나무,용두공원,"서울특별시 동대문구 용두동 34-1"
잣나무,용두공원,"서울특별시 동대문구 용두동 34-1"
잣나무,용두공원,"서울특별시 동대문구 용두동 34-1"
소나무,용두공원,"서울특별시 동대문구 용두동 34-1"
소나무,용두공원,"서울특별시 동대문구 용두동 34-1"
소나무,용두공원,"서울특별시 동대문구 용두동 34-1"
소나무,용두공원,"서울특별시 동대문구 용두동 34-1"
소나무,용두공원,"서울특별시 동대문구 용두동 34-1"
단풍나무,용두공원,"서울특별시 동대문구 용두동 34-1"
느티나무,용두공원,"서울특별시 동대문구 용두동 34-1"
느티나무,용두공원,"서울특별시 동대문구 용두동 34-1"
모과나무,용두공원,"서울특별시 동대문구 용두동 34-1"
향나무,용두공원,"서울특별시 동대문구 용두동 34-1"
단풍나무,용두공원,"서울특별시 동대문구 용두동 34-1"
향나무,용두공원,"서울특별시 동대문구 용두동 34-1"
단풍나무,용두공원,"서울특별시 동대문구 용두동 34-1"
벚나무,용두공원,"서울특별시 동대문구 용두동 34-1"
잣나무,용두공원,"서울특별시 동대문구 용두동 34-1"
단풍나무,용두공원,"서울특별시 동대문구 용두동 34-1"
소나무,용두공원,"서울특별시 동대문구 용두동 34-1"
잣나무,용두공원,"서울특별시 동대문구 용두동 34-1"
단풍나무,용두공원,"서울특별시 동대문구 용두동 34-1"
벚나무,용두공원,"서울특별시 동대문구 용두동 34-1"
소나무,용두공원,"서울특별시 동대문구 용두동 34-1"
단풍나무,용두공원,"서울특별시 동대문구 용두동 34-1"
참나무,용두공원,"서울특별시 동대문구 용두동 34-1"
단풍나무,용두공원,"서울특별시 동대문구 용두동 34-1"
벚나무,용두공원,"서울특별시 동대문구 용두동 34-1"
중국단풍,용두공원,"서울특별시 동대문구 용두동 34-1"
벚나무,용두공원,"서울특별시 동대문구 용두동 34-1"
산수유,용두공원,"서울특별시 동대문구 용두동 34-1"
벚나무,용두공원,"서울특별시 동대문구 용두동 34-1"
산수유,용두공원,"서울특별시 동대문구 용두동 34-1"
소나무,용두공원,"서울특별시 동대문구 용두동 34-1"
산수유,용두공원,"서울특별시 동대문구 용두동 34-1"
소나무,용두공원,"서울특별시 동대문구 용두동 34-1"
중국단풍,용두공원,"서울특별시 동대문구 용두동 34-1"
감나무,용두공원,"서울특별시 동대문구 용두동 34-1"
산수유,용두공원,"서울특별시 동대문구 용두동 34-1"
중국단풍,용두공원,"서울특별시 동대문구 용두동 34-1"
소나무,용두공원,"서울특별시 동대문구 용두동 34-1"
소나무,용두공원,"서울특별시 동대문구 용두동 34-1"
소나무,용두공원,"서울특별시 동대문구 용두동 34-1"
소나무,용두공원,"서울특별시 동대문구 용두동 34-1"
소나무,용두공원,"서울특별시 동대문구 용두동 34-1"
참나무,용두공원,"서울특별시 동대문구 용두동 34-1"
소나무,용두공원,"서울특별시 동대문구 용두동 34-1"
산수유,용두공원,"서울특별시 동대문구 용두동 34-1"
소나무,용두공원,"서울특별시 동대문구 용두동 34-1"
소나무,용두공원,"서울특별시 동대문구 용두동 34-1"
감나무,용두공원,"서울특별시 동대문구 용두동 34-1"
산딸나무,용두공원,"서울특별시 동대문구 용두동 34-1"
감나무,용두공원,"서울특별시 동대문구 용두동 34-1"
모과나무,용두공원,"서울특별시 동대문구 용두동 34-1"
산수유,용두공원,"서울특별시 동대문구 용두동 34-1"
주목,용두공원,"서울특별시 동대문구 용두동 34-1"
단풍나무,용두공원,"서울특별시 동대문구 용두동 34-1"
단풍나무,용두공원,"서울특별시 동대문구 용두동 34-1"
단풍나무,용두공원,"서울특별시 동대문구 용두동 34-1"
단풍나무,용두공원,"서울특별시 동대문구 용두동 34-1"
모과나무,용두공원,"서울특별시 동대문구 용두동 34-1"
느티나무,용두공원,"서울특별시 동대문구 용두동 34-1"
모과나무,용두공원,"서울특별시 동대문구 용두동 34-1"
주목,용두공원,"서울특별시 동대문구 용두동 34-1"
느티나무,용두공원,"서울특별시 동대문구 용두동 34-1"
감나무,용두공원,"서울특별시 동대문구 용두동 34-1"
느티나무,용두공원,"서울특별시 동대문구 용두동 34-1"
주목,용두공원,"서울특별시 동대문구 용두동 34-1"
단풍나무,용두공원,"서울특별시 동대문구 용두동 34-1"
모과나무,용두공원,"서울특별시 동대문구 용두동 34-1"
단풍나무,용두공원,"서울특별시 동대문구 용두동 34-1"
모과나무,용두공원,"서울특별시 동대문구 용두동 34-1"
단풍나무,용두공원,"서울특별시 동대문구 용두동 34-1"
느티나무,용두공원,"서울특별시 동대문구 용두동 34-1"
모과나무,용두공원,"서울특별시 동대문구 용두동 34-1"
산수유,용두공원,"서울특별시 동대문구 용두동 34-1"
산수유,용두공원,"서울특별시 동대문구 용두동 34-1"
벚나무,용두공원,"서울특별시 동대문구 용두동 34-1"
단풍나무,용두공원,"서울특별시 동대문구 용두동 34-1"
단풍나무,용두공원,"서울특별시 동대문구 용두동 34-1"
벚나무,용두공원,"서울특별시 동대문구 용두동 34-1"
단풍나무,용두공원,"서울특별시 동대문구 용두동 34-1"
왕벚나무,용두공원,"서울특별시 동대문구 용두동 34-1"
벚나무,용두공원,"서울특별시 동대문구 용두동 34-1"
벚나무,용두공원,"서울특별시 동대문구 용두동 34-1"
단풍나무,용두공원,"서울특별시 동대문구 용두동 34-1"
단풍나무,용두공원,"서울특별시 동대문구 용두동 34-1"
소나무,용두공원,"서울특별시 동대문구 용두동 34-1"
소나무,용두공원,"서울특별시 동대문구 용두동 34-1"
소나무,용두공원,"서울특별시 동대문구 용두동 34-1"
참나무,용두공원,"서울특별시 동대문구 용두동 34-1"
소나무,용두공원,"서울특별시 동대문구 용두동 34-1"
소나무,용두공원,"서울특별시 동대문구 용두동 34-1"
소나무,용두공원,"서울특별시 동대문구 용두동 34-1"
소나무,용두공원,"서울특별시 동대문구 용두동 34-1"
소나무,용두공원,"서울특별시 동대문구 용두동 34-1"
단풍나무,용두공원,"서울특별시 동대문구 용두동 34-1"
단풍나무,용두공원,"서울특별시 동대문구 용두동 34-1"
단풍나무,용두공원,"서울특별시 동대문구 용두동 34-1"
산딸나무,용두공원,"서울특별시 동대문구 용두동 34-1"
산딸나무,용두공원,"서울특별시 동대문구 용두동 34-1"
은행나무,용두공원,"서울특별시 동대문구 용두동 34-1"
산딸나무,용두공원,"서울특별시 동대문구 용두동 34-1"
느티나무,용두공원,"서울특별시 동대문구 용두동 34-1"
밤나무,용두공원,"서울특별시 동대문구 용두동 34-1"
단풍나무,용두공원,"서울특별시 동대문구 용두동 34-1"
단풍나무,용두공원,"서울특별시 동대문구 용두동 34-1"
단풍나무,용두공원,"서울특별시 동대문구 용두동 34-1"
단풍나무,용두공원,"서울특별시 동대문구 용두동 34-1"
단풍나무,용두공원,"서울특별시 동대문구 용두동 34-1"
벚나무,용두공원,"서울특별시 동대문구 용두동 34-1"
벚나무,용두공원,"서울특별시 동대문구 용두동 34-1"
중국단풍,용두공원,"서울특별시 동대문구 용두동 34-1"
중국단풍,용두공원,"서울특별시 동대문구 용두동 34-1"
단풍나무,용두공원,"서울특별시 동대문구 용두동 34-1"
중국단풍,용두공원,"서울특별시 동대문구 용두동 34-1"
단풍나무,용두공원,"서울특별시 동대문구 용두동 34-1"
단풍나무,용두공원,"서울특별시 동대문구 용두동 34-1"
단풍나무,용두공원,"서울특별시 동대문구 용두동 34-1"
벚나무,용두공원,"서울특별시 동대문구 용두동 34-1"
단풍나무,용두공원,"서울특별시 동대문구 용두동 34-1"
단풍나무,용두공원,"서울특별시 동대문구 용두동 34-1"
회화나무,용두공원,"서울특별시 동대문구 용두동 34-1"
벚나무,용두공원,"서울특별시 동대문구 용두동 34-1"
벚나무,용두공원,"서울특별시 동대문구 용두동 34-1"
잣나무,용두공원,"서울특별시 동대문구 용두동 34-1"
잣나무,용두공원,"서울특별시 동대문구 용두동 34-1"
잣나무,용두공원,"서울특별시 동대문구 용두동 34-1"
잣나무,용두공원,"서울특별시 동대문구 용두동 34-1"
벚나무,용두공원,"서울특별시 동대문구 용두동 34-1"
단풍나무,용두공원,"서울특별시 동대문구 용두동 34-1"
단풍나무,용두공원,"서울특별시 동대문구 용두동 34-1"
때죽나무,용두공원,"서울특별시 동대문구 용두동 34-1"
벚나무,용두공원,"서울특별시 동대문구 용두동 34-1"
때죽나무,용두공원,"서울특별시 동대문구 용두동 34-1"
때죽나무,용두공원,"서울특별시 동대문구 용두동 34-1"
때죽나무,용두공원,"서울특별시 동대문구 용두동 34-1"
산수유,용두공원,"서울특별시 동대문구 용두동 34-1"
잣나무,용두공원,"서울특별시 동대문구 용두동 34-1"
단풍나무,용두공원,"서울특별시 동대문구 용두동 34-1"
잣나무,용두공원,"서울특별시 동대문구 용두동 34-1"
잣나무,용두공원,"서울특별시 동대문구 용두동 34-1"
잣나무,용두공원,"서울특별시 동대문구 용두동 34-1"
벚나무,용두공원,"서울특별시 동대문구 용두동 34-1"
벚나무,용두공원,"서울특별시 동대문구 용두동 34-1"
때죽나무,용두공원,"서울특별시 동대문구 용두동 34-1"
벚나무,용두공원,"서울특별시 동대문구 용두동 34-1"
벚나무,용두공원,"서울특별시 동대문구 용두동 34-1"
단풍나무,용두공원,"서울특별시 동대문구 용두동 34-1"
단풍나무,용두공원,"서울특별시 동대문구 용두동 34-1"
잣나무,용두공원,"서울특별시 동대문구 용두동 34-1"
단풍나무,용두공원,"서울특별시 동대문구 용두동 34-1"
잣나무,용두공원,"서울특별시 동대문구 용두동 34-1"
단풍나무,용두공원,"서울특별시 동대문구 용두동 34-1"
잣나무,용두공원,"서울특별시 동대문구 용두동 34-1"
느티나무,용두공원,"서울특별시 동대문구 용두동 34-1"
잣나무,용두공원,"서울특별시 동대문구 용두동 34-1"
잣나무,용두공원,"서울특별시 동대문구 용두동 34-1"
단풍나무,용두공원,"서울특별시 동대문구 용두동 34-1"
단풍나무,용두공원,"서울특별시 동대문구 용두동 34-1"
단풍나무,용두공원,"서울특별시 동대문구 용두동 34-1"
산딸나무,용두공원,"서울특별시 동대문구 용두동 34-1"
벚나무,용두공원,"서울특별시 동대문구 용두동 34-1"
단풍나무,용두공원,"서울특별시 동대문구 용두동 34-1"
느티나무,용두공원,"서울특별시 동대문구 용두동 34-1"
느티나무,용두공원,"서울특별시 동대문구 용두동 34-1"
산딸나무,용두공원,"서울특별시 동대문구 용두동 34-1"
때죽나무,용두공원,"서울특별시 동대문구 용두동 34-1"
단풍나무,용두공원,"서울특별시 동대문구 용두동 34-1"
때죽나무,용두공원,"서울특별시 동대문구 용두동 34-1"
단풍나무,용두공원,"서울특별시 동대문구 용두동 34-1"
단풍나무,용두공원,"서울특별시 동대문구 용두동 34-1"
단풍나무,용두공원,"서울특별시 동대문구 용두동 34-1"
때죽나무,용두공원,"서울특별시 동대문구 용두동 34-1"
때죽나무,용두공원,"서울특별시 동대문구 용두동 34-1"
때죽나무,용두공원,"서울특별시 동대문구 용두동 34-1"
모과나무,용두공원,"서울특별시 동대문구 용두동 34-1"
잣나무,용두공원,"서울특별시 동대문구 용두동 34-1"
잣나무,용두공원,"서울특별시 동대문구 용두동 34-1"
모과나무,용두공원,"서울특별시 동대문구 용두동 34-1"
잣나무,용두공원,"서울특별시 동대문구 용두동 34-1"
모과나무,용두공원,"서울특별시 동대문구 용두동 34-1"
잣나무,용두공원,"서울특별시 동대문구 용두동 34-1"
모과나무,용두공원,"서울특별시 동대문구 용두동 34-1"
잣나무,용두공원,"서울특별시 동대문구 용두동 34-1"
잣나무,용두공원,"서울특별시 동대문구 용두동 34-1"
모과나무,용두공원,"서울특별시 동대문구 용두동 34-1"
산수유,용두공원,"서울특별시 동대문구 용두동 34-1"
산수유,용두공원,"서울특별시 동대문구 용두동 34-1"
산수유,용두공원,"서울특별시 동대문구 용두동 34-1"
산수유,용두공원,"서울특별시 동대문구 용두동 34-1"
잣나무,용두공원,"서울특별시 동대문구 용두동 34-1"
산수유,용두공원,"서울특별시 동대문구 용두동 34-1"
산수유,용두공원,"서울특별시 동대문구 용두동 34-1"
소나무,용두공원,"서울특별시 동대문구 용두동 34-1"
잣나무,용두공원,"서울특별시 동대문구 용두동 34-1"
모과나무,용두공원,"서울특별시 동대문구 용두동 34-1"
소나무,용두공원,"서울특별시 동대문구 용두동 34-1"
잣나무,용두공원,"서울특별시 동대문구 용두동 34-1"
모과나무,용두공원,"서울특별시 동대문구 용두동 34-1"
느티나무,용두공원,"서울특별시 동대문구 용두동 34-1"
잣나무,용두공원,"서울특별시 동대문구 용두동 34-1"
잣나무,용두공원,"서울특별시 동대문구 용두동 34-1"
벚나무,용두공원,"서울특별시 동대문구 용두동 34-1"
벚나무,용두공원,"서울특별시 동대문구 용두동 34-1"
벚나무,용두공원,"서울특별시 동대문구 용두동 34-1"
잣나무,용두공원,"서울특별시 동대문구 용두동 34-1"
단풍나무,용두공원,"서울특별시 동대문구 용두동 34-1"
소나무,용두공원,"서울특별시 동대문구 용두동 34-1"
잣나무,용두공원,"서울특별시 동대문구 용두동 34-1"
단풍나무,용두공원,"서울특별시 동대문구 용두동 34-1"
소나무,용두공원,"서울특별시 동대문구 용두동 34-1"
잣나무,용두공원,"서울특별시 동대문구 용두동 34-1"
잣나무,용두공원,"서울특별시 동대문구 용두동 34-1"
단풍나무,용두공원,"서울특별시 동대문구 용두동 34-1"
잣나무,용두공원,"서울특별시 동대문구 용두동 34-1"
느티나무,용두공원,"서울특별시 동대문구 용두동 34-1"
메타세쿼이아,용두공원,"서울특별시 동대문구 용두동 34-1"
잣나무,용두공원,"서울특별시 동대문구 용두동 34-1"
메타세쿼이아,용두공원,"서울특별시 동대문구 용두동 34-1"
잣나무,용두공원,"서울특별시 동대문구 용두동 34-1"
잣나무,용두공원,"서울특별시 동대문구 용두동 34-1"
산수유,용두공원,"서울특별시 동대문구 용두동 34-1"
벚나무,용두공원,"서울특별시 동대문구 용두동 34-1"
목련,용두공원,"서울특별시 동대문구 용두동 34-1"
잣나무,용두공원,"서울특별시 동대문구 용두동 34-1"
벚나무,용두공원,"서울특별시 동대문구 용두동 34-1"
벚나무,용두공원,"서울특별시 동대문구 용두동 34-1"
소나무,용두공원,"서울특별시 동대문구 용두동 34-1"
메타세쿼이아,용두공원,"서울특별시 동대문구 용두동 34-1"
벚나무,용두공원,"서울특별시 동대문구 용두동 34-1"
벚나무,용두공원,"서울특별시 동대문구 용두동 34-1"
벚나무,용두공원,"서울특별시 동대문구 용두동 34-1"
벚나무,용두공원,"서울특별시 동대문구 용두동 34-1"
잣나무,용두공원,"서울특별시 동대문구 용두동 34-1"
벚나무,용두공원,"서울특별시 동대문구 용두동 34-1"
느티나무,용두공원,"서울특별시 동대문구 용두동 34-1"
느티나무,용두공원,"서울특별시 동대문구 용두동 34-1"
느티나무,용두공원,"서울특별시 동대문구 용두동 34-1"
잣나무,용두공원,"서울특별시 동대문구 용두동 34-1"
메타세쿼이아,용두공원,"서울특별시 동대문구 용두동 34-1"
소나무,용두공원,"서울특별시 동대문구 용두동 34-1"
벚나무,용두공원,"서울특별시 동대문구 용두동 34-1"
느티나무,용두공원,"서울특별시 동대문구 용두동 34-1"
잣나무,용두공원,"서울특별시 동대문구 용두동 34-1"
벚나무,용두공원,"서울특별시 동대문구 용두동 34-1"
메타세쿼이아,용두공원,"서울특별시 동대문구 용두동 34-1"
잣나무,용두공원,"서울특별시 동대문구 용두동 34-1"
단풍나무,용두공원,"서울특별시 동대문구 용두동 34-1"
잣나무,용두공원,"서울특별시 동대문구 용두동 34-1"
소나무,용두공원,"서울특별시 동대문구 용두동 34-1"
메타세쿼이아,용두공원,"서울특별시 동대문구 용두동 34-1"
잣나무,용두공원,"서울특별시 동대문구 용두동 34-1"
벚나무,용두공원,"서울특별시 동대문구 용두동 34-1"
잣나무,용두공원,"서울특별시 동대문구 용두동 34-1"
메타세쿼이아,용두공원,"서울특별시 동대문구 용두동 34-1"
소나무,용두공원,"서울특별시 동대문구 용두동 34-1"
소나무,용두공원,"서울특별시 동대문구 용두동 34-1"
잣나무,용두공원,"서울특별시 동대문구 용두동 34-1"
메타세쿼이아,용두공원,"서울특별시 동대문구 용두동 34-1"
잣나무,용두공원,"서울특별시 동대문구 용두동 34-1"
잣나무,용두공원,"서울특별시 동대문구 용두동 34-1"
메타세쿼이아,용두공원,"서울특별시 동대문구 용두동 34-1"
소나무,용두공원,"서울특별시 동대문구 용두동 34-1"
잣나무,용두공원,"서울특별시 동대문구 용두동 34-1"
잣나무,용두공원,"서울특별시 동대문구 용두동 34-1"
소나무,용두공원,"서울특별시 동대문구 용두동 34-1"
잣나무,용두공원,"서울특별시 동대문구 용두동 34-1"
중국단풍,용두공원,"서울특별시 동대문구 용두동 34-1"
중국단풍,용두공원,"서울특별시 동대문구 용두동 34-1"
느티나무,용두공원,"서울특별시 동대문구 용두동 34-1"
소나무,용두공원,"서울특별시 동대문구 용두동 34-1"
중국단풍,용두공원,"서울특별시 동대문구 용두동 34-1"
소나무,용두공원,"서울특별시 동대문구 용두동 34-1"
중국단풍,용두공원,"서울특별시 동대문구 용두동 34-1"
잣나무,용두공원,"서울특별시 동대문구 용두동 34-1"
소나무,용두공원,"서울특별시 동대문구 용두동 34-1"
잣나무,용두공원,"서울특별시 동대문구 용두동 34-1"
잣나무,용두공원,"서울특별시 동대문구 용두동 34-1"
느티나무,용두공원,"서울특별시 동대문구 용두동 34-1"
잣나무,용두공원,"서울특별시 동대문구 용두동 34-1"
목련,용두공원,"서울특별시 동대문구 용두동 34-1"
느티나무,용두공원,"서울특별시 동대문구 용두동 34-1"
벚나무,용두공원,"서울특별시 동대문구 용두동 34-1"
잣나무,용두공원,"서울특별시 동대문구 용두동 34-1"
잣나무,용두공원,"서울특별시 동대문구 용두동 34-1"
느티나무,용두공원,"서울특별시 동대문구 용두동 34-1"
느티나무,용두공원,"서울특별시 동대문구 용두동 34-1"
소나무,용두공원,"서울특별시 동대문구 용두동 34-1"
참나무,용두공원,"서울특별시 동대문구 용두동 34-1"
중국단풍,용두공원,"서울특별시 동대문구 용두동 34-1"
느티나무,용두공원,"서울특별시 동대문구 용두동 34-1"
잣나무,용두공원,"서울특별시 동대문구 용두동 34-1"
느티나무,용두공원,"서울특별시 동대문구 용두동 34-1"
잣나무,용두공원,"서울특별시 동대문구 용두동 34-1"
잣나무,용두공원,"서울특별시 동대문구 용두동 34-1"
잣나무,용두공원,"서울특별시 동대문구 용두동 34-1"
벚나무,용두공원,"서울특별시 동대문구 용두동 34-1"
잣나무,용두공원,"서울특별시 동대문구 용두동 34-1"
벚나무,용두공원,"서울특별시 동대문구 용두동 34-1"
벚나무,용두공원,"서울특별시 동대문구 용두동 34-1"
벚나무,용두공원,"서울특별시 동대문구 용두동 34-1"
벚나무,용두공원,"서울특별시 동대문구 용두동 34-1"
산수유,용두공원,"서울특별시 동대문구 용두동 34-1"
벚나무,용두공원,"서울특별시 동대문구 용두동 34-1"
벚나무,용두공원,"서울특별시 동대문구 용두동 34-1"
잣나무,용두공원,"서울특별시 동대문구 용두동 34-1"
벚나무,용두공원,"서울특별시 동대문구 용두동 34-1"
잣나무,용두공원,"서울특별시 동대문구 용두동 34-1"
벚나무,용두공원,"서울특별시 동대문구 용두동 34-1"
목련,용두공원,"서울특별시 동대문구 용두동 34-1"
벚나무,용두공원,"서울특별시 동대문구 용두동 34-1"
벚나무,용두공원,"서울특별시 동대문구 용두동 34-1"
벚나무,용두공원,"서울특별시 동대문구 용두동 34-1"
잣나무,용두공원,"서울특별시 동대문구 용두동 34-1"
벚나무,용두공원,"서울특별시 동대문구 용두동 34-1"
모과나무,용두공원,"서울특별시 동대문구 용두동 34-1"
벚나무,용두공원,"서울특별시 동대문구 용두동 34-1"
느티나무,용두공원,"서울특별시 동대문구 용두동 34-1"
은행나무,용두공원,"서울특별시 동대문구 용두동 34-1"
잣나무,용두공원,"서울특별시 동대문구 용두동 34-1"
벚나무,용두공원,"서울특별시 동대문구 용두동 34-1"
소나무,용두공원,"서울특별시 동대문구 용두동 34-1"
소나무,용두공원,"서울특별시 동대문구 용두동 34-1"
벚나무,용두공원,"서울특별시 동대문구 용두동 34-1"
단풍나무,용두공원,"서울특별시 동대문구 용두동 34-1"
벚나무,용두공원,"서울특별시 동대문구 용두동 34-1"
벚나무,용두공원,"서울특별시 동대문구 용두동 34-1"
잣나무,용두공원,"서울특별시 동대문구 용두동 34-1"
소나무,용두공원,"서울특별시 동대문구 용두동 34-1"
잣나무,용두공원,"서울특별시 동대문구 용두동 34-1"
잣나무,용두공원,"서울특별시 동대문구 용두동 34-1"
잣나무,용두공원,"서울특별시 동대문구 용두동 34-1"
소나무,용두공원,"서울특별시 동대문구 용두동 34-1"
벚나무,용두공원,"서울특별시 동대문구 용두동 34-1"
소나무,용두공원,"서울특별시 동대문구 용두동 34-1"
단풍나무,용두공원,"서울특별시 동대문구 용두동 34-1"
단풍나무,용두공원,"서울특별시 동대문구 용두동 34-1"
소나무,용두공원,"서울특별시 동대문구 용두동 34-1"
소나무,용두공원,"서울특별시 동대문구 용두동 34-1"
소나무,용두공원,"서울특별시 동대문구 용두동 34-1"
소나무,용두공원,"서울특별시 동대문구 용두동 34-1"
소나무,용두공원,"서울특별시 동대문구 용두동 34-1"
소나무,용두공원,"서울특별시 동대문구 용두동 34-1"
소나무,용두공원,"서울특별시 동대문구 용두동 34-1"
벚나무,용두공원,"서울특별시 동대문구 용두동 34-1"
소나무,용두공원,"서울특별시 동대문구 용두동 34-1"
소나무,용두공원,"서울특별시 동대문구 용두동 34-1"
소나무,용두공원,"서울특별시 동대문구 용두동 34-1"
벚나무,용두공원,"서울특별시 동대문구 용두동 34-1"
소나무,용두공원,"서울특별시 동대문구 용두동 34-1"
소나무,용두공원,"서울특별시 동대문구 용두동 34-1"
소나무,용두공원,"서울특별시 동대문구 용두동 34-1"
소나무,용두공원,"서울특별시 동대문구 용두동 34-1"
소나무,용두공원,"서울특별시 동대문구 용두동 34-1"
소나무,용두공원,"서울특별시 동대문구 용두동 34-1"
소나무,용두공원,"서울특별시 동대문구 용두동 34-1"
벚나무,용두공원,"서울특별시 동대문구 용두동 34-1"
소나무,용두공원,"서울특별시 동대문구 용두동 34-1"
대추나무,용두공원,"서울특별시 동대문구 용두동 34-1"
소나무,용두공원,"서울특별시 동대문구 용두동 34-1"
대추나무,용두공원,"서울특별시 동대문구 용두동 34-1"
소나무,용두공원,"서울특별시 동대문구 용두동 34-1"
소나무,용두공원,"서울특별시 동대문구 용두동 34-1"
소나무,용두공원,"서울특별시 동대문구 용두동 34-1"
소나무,용두공원,"서울특별시 동대문구 용두동 34-1"
벚나무,용두공원,"서울특별시 동대문구 용두동 34-1"
벚나무,용두공원,"서울특별시 동대문구 용두동 34-1"
대추나무,용두공원,"서울특별시 동대문구 용두동 34-1"
단풍나무,용두공원,"서울특별시 동대문구 용두동 34-1"
단풍나무,용두공원,"서울특별시 동대문구 용두동 34-1"
벚나무,용두공원,"서울특별시 동대문구 용두동 34-1"
벚나무,용두공원,"서울특별시 동대문구 용두동 34-1"
단풍나무,용두공원,"서울특별시 동대문구 용두동 34-1"
벚나무,용두공원,"서울특별시 동대문구 용두동 34-1"
소나무,용두공원,"서울특별시 동대문구 용두동 34-1"
소나무,용두공원,"서울특별시 동대문구 용두동 34-1"
느티나무,용두공원,"서울특별시 동대문구 용두동 34-1"
소나무,용두공원,"서울특별시 동대문구 용두동 34-1"
느티나무,용두공원,"서울특별시 동대문구 용두동 34-1"
느티나무,용두공원,"서울특별시 동대문구 용두동 34-1"
은행나무,용두공원,"서울특별시 동대문구 용두동 34-1"
느티나무,용두공원,"서울특별시 동대문구 용두동 34-1"
느티나무,용두공원,"서울특별시 동대문구 용두동 34-1"
느티나무,용두공원,"서울특별시 동대문구 용두동 34-1"
느티나무,용두공원,"서울특별시 동대문구 용두동 34-1"
벚나무,용두공원,"서울특별시 동대문구 용두동 34-1"
느티나무,용두공원,"서울특별시 동대문구 용두동 34-1"
느티나무,용두공원,"서울특별시 동대문구 용두동 34-1"
느티나무,용두공원,"서울특별시 동대문구 용두동 34-1"
느티나무,용두공원,"서울특별시 동대문구 용두동 34-1"
느티나무,용두공원,"서울특별시 동대문구 용두동 34-1"
느티나무,용두공원,"서울특별시 동대문구 용두동 34-1"
단풍나무,용두공원,"서울특별시 동대문구 용두동 34-1"
대추나무,용두공원,"서울특별시 동대문구 용두동 34-1"
대추나무,용두공원,"서울특별시 동대문구 용두동 34-1"
단풍나무,용두공원,"서울특별시 동대문구 용두동 34-1"
단풍나무,용두공원,"서울특별시 동대문구 용두동 34-1"
버드나무,용두공원,"서울특별시 동대문구 용두동 34-1"
대추나무,용두공원,"서울특별시 동대문구 용두동 34-1"
대추나무,용두공원,"서울특별시 동대문구 용두동 34-1"
대추나무,용두공원,"서울특별시 동대문구 용두동 34-1"
목련,용두공원,"서울특별시 동대문구 용두동 34-1"
느티나무,용두공원,"서울특별시 동대문구 용두동 34-1"
느티나무,용두공원,"서울특별시 동대문구 용두동 34-1"
느티나무,용두공원,"서울특별시 동대문구 용두동 34-1"
느티나무,용두공원,"서울특별시 동대문구 용두동 34-1"
느티나무,용두공원,"서울특별시 동대문구 용두동 34-1"
느티나무,용두공원,"서울특별시 동대문구 용두동 34-1"
자귀나무,용두공원,"서울특별시 동대문구 용두동 34-1"
배롱나무,용두공원,"서울특별시 동대문구 용두동 34-1"
자귀나무,용두공원,"서울특별시 동대문구 용두동 34-1"
자귀나무,용두공원,"서울특별시 동대문구 용두동 34-1"
자귀나무,용두공원,"서울특별시 동대문구 용두동 34-1"
벚나무,용두공원,"서울특별시 동대문구 용두동 34-1"
벚나무,용두공원,"서울특별시 동대문구 용두동 34-1"
벚나무,용두공원,"서울특별시 동대문구 용두동 34-1"
벚나무,용두공원,"서울특별시 동대문구 용두동 34-1"
벚나무,용두공원,"서울특별시 동대문구 용두동 34-1"
벚나무,용두공원,"서울특별시 동대문구 용두동 34-1"
벚나무,용두공원,"서울특별시 동대문구 용두동 34-1"
단풍나무,용두공원,"서울특별시 동대문구 용두동 34-1"
벚나무,용두공원,"서울특별시 동대문구 용두동 34-1"
매실나무,용두공원,"서울특별시 동대문구 용두동 34-1"
매실나무,용두공원,"서울특별시 동대문구 용두동 34-1"
살구나무,용두공원,"서울특별시 동대문구 용두동 34-1"
산수유,용두공원,"서울특별시 동대문구 용두동 34-1"
산수유,용두공원,"서울특별시 동대문구 용두동 34-1"
산수유,용두공원,"서울특별시 동대문구 용두동 34-1"
산수유,용두공원,"서울특별시 동대문구 용두동 34-1"
산수유,용두공원,"서울특별시 동대문구 용두동 34-1"
중국단풍,용두공원,"서울특별시 동대문구 용두동 34-1"
모과나무,용두공원,"서울특별시 동대문구 용두동 34-1"
중국단풍,용두공원,"서울특별시 동대문구 용두동 34-1"
참나무,용두공원,"서울특별시 동대문구 용두동 34-1"
모과나무,용두공원,"서울특별시 동대문구 용두동 34-1"
참나무,용두공원,"서울특별시 동대문구 용두동 34-1"
중국단풍,용두공원,"서울특별시 동대문구 용두동 34-1"
소나무,용두공원,"서울특별시 동대문구 용두동 34-1"
산수유,용두공원,"서울특별시 동대문구 용두동 34-1"
이팝나무,용두공원,"서울특별시 동대문구 용두동 34-1"
소나무,용두공원,"서울특별시 동대문구 용두동 34-1"
이팝나무,용두공원,"서울특별시 동대문구 용두동 34-1"
느티나무,용두공원,"서울특별시 동대문구 용두동 34-1"
소나무,용두공원,"서울특별시 동대문구 용두동 34-1"
소나무,용두공원,"서울특별시 동대문구 용두동 34-1"
소나무,용두공원,"서울특별시 동대문구 용두동 34-1"
소나무,용두공원,"서울특별시 동대문구 용두동 34-1"
소나무,용두공원,"서울특별시 동대문구 용두동 34-1"
소나무,용두공원,"서울특별시 동대문구 용두동 34-1"
소나무,용두공원,"서울특별시 동대문구 용두동 34-1"
소나무,용두공원,"서울특별시 동대문구 용두동 34-1"
소나무,용두공원,"서울특별시 동대문구 용두동 34-1"
소나무,용두공원,"서울특별시 동대문구 용두동 34-1"
소나무,용두공원,"서울특별시 동대문구 용두동 34-1"
소나무,용두공원,"서울특별시 동대문구 용두동 34-1"
소나무,용두공원,"서울특별시 동대문구 용두동 34-1"
소나무,용두공원,"서울특별시 동대문구 용두동 34-1"
소나무,용두공원,"서울특별시 동대문구 용두동 34-1"
이팝나무,용두공원,"서울특별시 동대문구 용두동 34-1"
단풍나무,용두공원,"서울특별시 동대문구 용두동 34-1"
단풍나무,용두공원,"서울특별시 동대문구 용두동 34-1"
단풍나무,용두공원,"서울특별시 동대문구 용두동 34-1"
백합나무,용두공원,"서울특별시 동대문구 용두동 34-1"
단풍나무,용두공원,"서울특별시 동대문구 용두동 34-1"
단풍나무,용두공원,"서울특별시 동대문구 용두동 34-1"
살구나무,용두공원,"서울특별시 동대문구 용두동 34-1"
백합나무,용두공원,"서울특별시 동대문구 용두동 34-1"
매실나무,용두공원,"서울특별시 동대문구 용두동 34-1"
단풍나무,용두공원,"서울특별시 동대문구 용두동 34-1"
백합나무,용두공원,"서울특별시 동대문구 용두동 34-1"
매실나무,용두공원,"서울특별시 동대문구 용두동 34-1"
소나무,용두공원,"서울특별시 동대문구 용두동 34-1"
단풍나무,용두공원,"서울특별시 동대문구 용두동 34-1"
소나무,용두공원,"서울특별시 동대문구 용두동 34-1"
소나무,용두공원,"서울특별시 동대문구 용두동 34-1"
매실나무,용두공원,"서울특별시 동대문구 용두동 34-1"
뽕나무,용두공원,"서울특별시 동대문구 용두동 34-1"
주목,용두공원,"서울특별시 동대문구 용두동 34-1"
주목,용두공원,"서울특별시 동대문구 용두동 34-1"
감나무,용두공원,"서울특별시 동대문구 용두동 34-1"
감나무,용두공원,"서울특별시 동대문구 용두동 34-1"
살구나무,용두공원,"서울특별시 동대문구 용두동 34-1"
감나무,용두공원,"서울특별시 동대문구 용두동 34-1"
단풍나무,용두공원,"서울특별시 동대문구 용두동 34-1"
자귀나무,용두공원,"서울특별시 동대문구 용두동 34-1"
단풍나무,용두공원,"서울특별시 동대문구 용두동 34-1"
백합나무,용두공원,"서울특별시 동대문구 용두동 34-1"
단풍나무,용두공원,"서울특별시 동대문구 용두동 34-1"
단풍나무,용두공원,"서울특별시 동대문구 용두동 34-1"
참나무,용두공원,"서울특별시 동대문구 용두동 34-1"
단풍나무,용두공원,"서울특별시 동대문구 용두동 34-1"
백합나무,용두공원,"서울특별시 동대문구 용두동 34-1"
소나무,용두공원,"서울특별시 동대문구 용두동 34-1"
소나무,용두공원,"서울특별시 동대문구 용두동 34-1"
소나무,용두공원,"서울특별시 동대문구 용두동 34-1"
참나무,용두공원,"서울특별시 동대문구 용두동 34-1"
단풍나무,용두공원,"서울특별시 동대문구 용두동 34-1"
참나무,용두공원,"서울특별시 동대문구 용두동 34-1"
이팝나무,용두공원,"서울특별시 동대문구 용두동 34-1"
벚나무,용두공원,"서울특별시 동대문구 용두동 34-1"
벚나무,용두공원,"서울특별시 동대문구 용두동 34-1"
단풍나무,용두공원,"서울특별시 동대문구 용두동 34-1"
단풍나무,용두공원,"서울특별시 동대문구 용두동 34-1"
단풍나무,용두공원,"서울특별시 동대문구 용두동 34-1"
때죽나무,용두공원,"서울특별시 동대문구 용두동 34-1"
백합나무,용두공원,"서울특별시 동대문구 용두동 34-1"
벚나무,용두공원,"서울특별시 동대문구 용두동 34-1"
벚나무,용두공원,"서울특별시 동대문구 용두동 34-1"
벚나무,용두공원,"서울특별시 동대문구 용두동 34-1"
소나무,용두공원,"서울특별시 동대문구 용두동 34-1"
단풍나무,용두공원,"서울특별시 동대문구 용두동 34-1"
단풍나무,용두공원,"서울특별시 동대문구 용두동 34-1"
버드나무,용두공원,"서울특별시 동대문구 용두동 34-1"
뽕나무,용두공원,"서울특별시 동대문구 용두동 34-1"
벚나무,용두공원,"서울특별시 동대문구 용두동 34-1"
소나무,용두공원,"서울특별시 동대문구 용두동 34-1"
단풍나무,용두공원,"서울특별시 동대문구 용두동 34-1"
참나무,용두공원,"서울특별시 동대문구 용두동 34-1"
단풍나무,용두공원,"서울특별시 동대문구 용두동 34-1"
벚나무,용두공원,"서울특별시 동대문구 용두동 34-1"
참나무,용두공원,"서울특별시 동대문구 용두동 34-1"
느티나무,용두공원,"서울특별시 동대문구 용두동 34-1"
벚나무,용두공원,"서울특별시 동대문구 용두동 34-1"
참나무,용두공원,"서울특별시 동대문구 용두동 34-1"
참나무,용두공원,"서울특별시 동대문구 용두동 34-1"
산딸나무,용두공원,"서울특별시 동대문구 용두동 34-1"
산딸나무,용두공원,"서울특별시 동대문구 용두동 34-1"
밤나무,용두공원,"서울특별시 동대문구 용두동 34-1"
살구나무,용두공원,"서울특별시 동대문구 용두동 34-1"
참나무,용두공원,"서울특별시 동대문구 용두동 34-1"
참나무,용두공원,"서울특별시 동대문구 용두동 34-1"
참나무,용두공원,"서울특별시 동대문구 용두동 34-1"
소나무,용두공원,"서울특별시 동대문구 용두동 34-1"
참나무,용두공원,"서울특별시 동대문구 용두동 34-1"
이팝나무,용두공원,"서울특별시 동대문구 용두동 34-1"
소나무,용두공원,"서울특별시 동대문구 용두동 34-1"
단풍나무,용두공원,"서울특별시 동대문구 용두동 34-1"
참나무,용두공원,"서울특별시 동대문구 용두동 34-1"
단풍나무,용두공원,"서울특별시 동대문구 용두동 34-1"
이팝나무,용두공원,"서울특별시 동대문구 용두동 34-1"
소나무,용두공원,"서울특별시 동대문구 용두동 34-1"
소나무,용두공원,"서울특별시 동대문구 용두동 34-1"
때죽나무,용두공원,"서울특별시 동대문구 용두동 34-1"
소나무,용두공원,"서울특별시 동대문구 용두동 34-1"
벚나무,용두공원,"서울특별시 동대문구 용두동 34-1"
단풍나무,용두공원,"서울특별시 동대문구 용두동 34-1"
단풍나무,용두공원,"서울특별시 동대문구 용두동 34-1"
단풍나무,용두공원,"서울특별시 동대문구 용두동 34-1"
향나무,용두공원,"서울특별시 동대문구 용두동 34-1"
이팝나무,용두공원,"서울특별시 동대문구 용두동 34-1"
벚나무,용두공원,"서울특별시 동대문구 용두동 34-1"
참나무,용두공원,"서울특별시 동대문구 용두동 34-1"
느티나무,용두공원,"서울특별시 동대문구 용두동 34-1"
잣나무,용두공원,"서울특별시 동대문구 용두동 34-1"
벚나무,용두공원,"서울특별시 동대문구 용두동 34-1"
이팝나무,용두공원,"서울특별시 동대문구 용두동 34-1"
단풍나무,용두공원,"서울특별시 동대문구 용두동 34-1"
이팝나무,용두공원,"서울특별시 동대문구 용두동 34-1"
단풍나무,용두공원,"서울특별시 동대문구 용두동 34-1"
벚나무,용두공원,"서울특별시 동대문구 용두동 34-1"
단풍나무,용두공원,"서울특별시 동대문구 용두동 34-1"
모과나무,용두공원,"서울특별시 동대문구 용두동 34-1"
단풍나무,용두공원,"서울특별시 동대문구 용두동 34-1"
잣나무,용두공원,"서울특별시 동대문구 용두동 34-1"
단풍나무,용두공원,"서울특별시 동대문구 용두동 34-1"
잣나무,용두공원,"서울특별시 동대문구 용두동 34-1"
모과나무,용두공원,"서울특별시 동대문구 용두동 34-1"
잣나무,용두공원,"서울특별시 동대문구 용두동 34-1"
잣나무,용두공원,"서울특별시 동대문구 용두동 34-1"
소나무,용두공원,"서울특별시 동대문구 용두동 34-1"
소나무,용두공원,"서울특별시 동대문구 용두동 34-1"
소나무,용두공원,"서울특별시 동대문구 용두동 34-1"
소나무,용두공원,"서울특별시 동대문구 용두동 34-1"
소나무,용두공원,"서울특별시 동대문구 용두동 34-1"
단풍나무,용두공원,"서울특별시 동대문구 용두동 34-1"
느티나무,용두공원,"서울특별시 동대문구 용두동 34-1"
느티나무,용두공원,"서울특별시 동대문구 용두동 34-1"
모과나무,용두공원,"서울특별시 동대문구 용두동 34-1"
향나무,용두공원,"서울특별시 동대문구 용두동 34-1"
단풍나무,용두공원,"서울특별시 동대문구 용두동 34-1"
향나무,용두공원,"서울특별시 동대문구 용두동 34-1"
단풍나무,용두공원,"서울특별시 동대문구 용두동 34-1"
벚나무,용두공원,"서울특별시 동대문구 용두동 34-1"
잣나무,용두공원,"서울특별시 동대문구 용두동 34-1"
단풍나무,용두공원,"서울특별시 동대문구 용두동 34-1"
소나무,용두공원,"서울특별시 동대문구 용두동 34-1"
잣나무,용두공원,"서울특별시 동대문구 용두동 34-1"
단풍나무,용두공원,"서울특별시 동대문구 용두동 34-1"
벚나무,용두공원,"서울특별시 동대문구 용두동 34-1"
소나무,용두공원,"서울특별시 동대문구 용두동 34-1"
단풍나무,용두공원,"서울특별시 동대문구 용두동 34-1"
참나무,용두공원,"서울특별시 동대문구 용두동 34-1"
단풍나무,용두공원,"서울특별시 동대문구 용두동 34-1"
벚나무,용두공원,"서울특별시 동대문구 용두동 34-1"
중국단풍,용두공원,"서울특별시 동대문구 용두동 34-1"
벚나무,용두공원,"서울특별시 동대문구 용두동 34-1"
산수유,용두공원,"서울특별시 동대문구 용두동 34-1"
벚나무,용두공원,"서울특별시 동대문구 용두동 34-1"
산수유,용두공원,"서울특별시 동대문구 용두동 34-1"
소나무,용두공원,"서울특별시 동대문구 용두동 34-1"
산수유,용두공원,"서울특별시 동대문구 용두동 34-1"
소나무,용두공원,"서울특별시 동대문구 용두동 34-1"
중국단풍,용두공원,"서울특별시 동대문구 용두동 34-1"
감나무,용두공원,"서울특별시 동대문구 용두동 34-1"
산수유,용두공원,"서울특별시 동대문구 용두동 34-1"
중국단풍,용두공원,"서울특별시 동대문구 용두동 34-1"
소나무,용두공원,"서울특별시 동대문구 용두동 34-1"
소나무,용두공원,"서울특별시 동대문구 용두동 34-1"
소나무,용두공원,"서울특별시 동대문구 용두동 34-1"
소나무,용두공원,"서울특별시 동대문구 용두동 34-1"
소나무,용두공원,"서울특별시 동대문구 용두동 34-1"
참나무,용두공원,"서울특별시 동대문구 용두동 34-1"
소나무,용두공원,"서울특별시 동대문구 용두동 34-1"
산수유,용두공원,"서울특별시 동대문구 용두동 34-1"
소나무,용두공원,"서울특별시 동대문구 용두동 34-1"
소나무,용두공원,"서울특별시 동대문구 용두동 34-1"
감나무,용두공원,"서울특별시 동대문구 용두동 34-1"
산딸나무,용두공원,"서울특별시 동대문구 용두동 34-1"
감나무,용두공원,"서울특별시 동대문구 용두동 34-1"
모과나무,용두공원,"서울특별시 동대문구 용두동 34-1"
산수유,용두공원,"서울특별시 동대문구 용두동 34-1"
주목,용두공원,"서울특별시 동대문구 용두동 34-1"
단풍나무,용두공원,"서울특별시 동대문구 용두동 34-1"
단풍나무,용두공원,"서울특별시 동대문구 용두동 34-1"
단풍나무,용두공원,"서울특별시 동대문구 용두동 34-1"
단풍나무,용두공원,"서울특별시 동대문구 용두동 34-1"
모과나무,용두공원,"서울특별시 동대문구 용두동 34-1"
느티나무,용두공원,"서울특별시 동대문구 용두동 34-1"
모과나무,용두공원,"서울특별시 동대문구 용두동 34-1"
주목,용두공원,"서울특별시 동대문구 용두동 34-1"
느티나무,용두공원,"서울특별시 동대문구 용두동 34-1"
감나무,용두공원,"서울특별시 동대문구 용두동 34-1"
느티나무,용두공원,"서울특별시 동대문구 용두동 34-1"
주목,용두공원,"서울특별시 동대문구 용두동 34-1"
단풍나무,용두공원,"서울특별시 동대문구 용두동 34-1"
모과나무,용두공원,"서울특별시 동대문구 용두동 34-1"
단풍나무,용두공원,"서울특별시 동대문구 용두동 34-1"
모과나무,용두공원,"서울특별시 동대문구 용두동 34-1"
단풍나무,용두공원,"서울특별시 동대문구 용두동 34-1"
느티나무,용두공원,"서울특별시 동대문구 용두동 34-1"
모과나무,용두공원,"서울특별시 동대문구 용두동 34-1"
산수유,용두공원,"서울특별시 동대문구 용두동 34-1"
산수유,용두공원,"서울특별시 동대문구 용두동 34-1"
벚나무,용두공원,"서울특별시 동대문구 용두동 34-1"
단풍나무,용두공원,"서울특별시 동대문구 용두동 34-1"
단풍나무,용두공원,"서울특별시 동대문구 용두동 34-1"
벚나무,용두공원,"서울특별시 동대문구 용두동 34-1"
단풍나무,용두공원,"서울특별시 동대문구 용두동 34-1"
왕벚나무,용두공원,"서울특별시 동대문구 용두동 34-1"
벚나무,용두공원,"서울특별시 동대문구 용두동 34-1"
벚나무,용두공원,"서울특별시 동대문구 용두동 34-1"
단풍나무,용두공원,"서울특별시 동대문구 용두동 34-1"
단풍나무,용두공원,"서울특별시 동대문구 용두동 34-1"
소나무,용두공원,"서울특별시 동대문구 용두동 34-1"
소나무,용두공원,"서울특별시 동대문구 용두동 34-1"
소나무,용두공원,"서울특별시 동대문구 용두동 34-1"
참나무,용두공원,"서울특별시 동대문구 용두동 34-1"
소나무,용두공원,"서울특별시 동대문구 용두동 34-1"
소나무,용두공원,"서울특별시 동대문구 용두동 34-1"
소나무,용두공원,"서울특별시 동대문구 용두동 34-1"
소나무,용두공원,"서울특별시 동대문구 용두동 34-1"
소나무,용두공원,"서울특별시 동대문구 용두동 34-1"
단풍나무,용두공원,"서울특별시 동대문구 용두동 34-1"
단풍나무,용두공원,"서울특별시 동대문구 용두동 34-1"
단풍나무,용두공원,"서울특별시 동대문구 용두동 34-1"
산딸나무,용두공원,"서울특별시 동대문구 용두동 34-1"
산딸나무,용두공원,"서울특별시 동대문구 용두동 34-1"
은행나무,용두공원,"서울특별시 동대문구 용두동 34-1"
산딸나무,용두공원,"서울특별시 동대문구 용두동 34-1"
느티나무,용두공원,"서울특별시 동대문구 용두동 34-1"
밤나무,용두공원,"서울특별시 동대문구 용두동 34-1"
단풍나무,용두공원,"서울특별시 동대문구 용두동 34-1"
단풍나무,용두공원,"서울특별시 동대문구 용두동 34-1"
단풍나무,용두공원,"서울특별시 동대문구 용두동 34-1"
단풍나무,용두공원,"서울특별시 동대문구 용두동 34-1"
단풍나무,용두공원,"서울특별시 동대문구 용두동 34-1"
벚나무,용두공원,"서울특별시 동대문구 용두동 34-1"
벚나무,용두공원,"서울특별시 동대문구 용두동 34-1"
중국단풍,용두공원,"서울특별시 동대문구 용두동 34-1"
중국단풍,용두공원,"서울특별시 동대문구 용두동 34-1"
단풍나무,용두공원,"서울특별시 동대문구 용두동 34-1"
중국단풍,용두공원,"서울특별시 동대문구 용두동 34-1"
단풍나무,용두공원,"서울특별시 동대문구 용두동 34-1"
단풍나무,용두공원,"서울특별시 동대문구 용두동 34-1"
단풍나무,용두공원,"서울특별시 동대문구 용두동 34-1"
벚나무,용두공원,"서울특별시 동대문구 용두동 34-1"
단풍나무,용두공원,"서울특별시 동대문구 용두동 34-1"
단풍나무,용두공원,"서울특별시 동대문구 용두동 34-1"
회화나무,용두공원,"서울특별시 동대문구 용두동 34-1"
벚나무,용두공원,"서울특별시 동대문구 용두동 34-1"
벚나무,용두공원,"서울특별시 동대문구 용두동 34-1"
잣나무,용두공원,"서울특별시 동대문구 용두동 34-1"
잣나무,용두공원,"서울특별시 동대문구 용두동 34-1"
잣나무,용두공원,"서울특별시 동대문구 용두동 34-1"
잣나무,용두공원,"서울특별시 동대문구 용두동 34-1"
벚나무,용두공원,"서울특별시 동대문구 용두동 34-1"
단풍나무,용두공원,"서울특별시 동대문구 용두동 34-1"
단풍나무,용두공원,"서울특별시 동대문구 용두동 34-1"
때죽나무,용두공원,"서울특별시 동대문구 용두동 34-1"
벚나무,용두공원,"서울특별시 동대문구 용두동 34-1"
때죽나무,용두공원,"서울특별시 동대문구 용두동 34-1"
때죽나무,용두공원,"서울특별시 동대문구 용두동 34-1"
때죽나무,용두공원,"서울특별시 동대문구 용두동 34-1"
산수유,용두공원,"서울특별시 동대문구 용두동 34-1"
잣나무,용두공원,"서울특별시 동대문구 용두동 34-1"
단풍나무,용두공원,"서울특별시 동대문구 용두동 34-1"
잣나무,용두공원,"서울특별시 동대문구 용두동 34-1"
잣나무,용두공원,"서울특별시 동대문구 용두동 34-1"
잣나무,용두공원,"서울특별시 동대문구 용두동 34-1"
벚나무,용두공원,"서울특별시 동대문구 용두동 34-1"
벚나무,용두공원,"서울특별시 동대문구 용두동 34-1"
때죽나무,용두공원,"서울특별시 동대문구 용두동 34-1"
벚나무,용두공원,"서울특별시 동대문구 용두동 34-1"
벚나무,용두공원,"서울특별시 동대문구 용두동 34-1"
단풍나무,용두공원,"서울특별시 동대문구 용두동 34-1"
단풍나무,용두공원,"서울특별시 동대문구 용두동 34-1"
잣나무,용두공원,"서울특별시 동대문구 용두동 34-1"
단풍나무,용두공원,"서울특별시 동대문구 용두동 34-1"
잣나무,용두공원,"서울특별시 동대문구 용두동 34-1"
단풍나무,용두공원,"서울특별시 동대문구 용두동 34-1"
잣나무,용두공원,"서울특별시 동대문구 용두동 34-1"
느티나무,용두공원,"서울특별시 동대문구 용두동 34-1"
잣나무,용두공원,"서울특별시 동대문구 용두동 34-1"
잣나무,용두공원,"서울특별시 동대문구 용두동 34-1"
단풍나무,용두공원,"서울특별시 동대문구 용두동 34-1"
단풍나무,용두공원,"서울특별시 동대문구 용두동 34-1"
단풍나무,용두공원,"서울특별시 동대문구 용두동 34-1"
산딸나무,용두공원,"서울특별시 동대문구 용두동 34-1"
벚나무,용두공원,"서울특별시 동대문구 용두동 34-1"
단풍나무,용두공원,"서울특별시 동대문구 용두동 34-1"
느티나무,용두공원,"서울특별시 동대문구 용두동 34-1"
느티나무,용두공원,"서울특별시 동대문구 용두동 34-1"
산딸나무,용두공원,"서울특별시 동대문구 용두동 34-1"
때죽나무,용두공원,"서울특별시 동대문구 용두동 34-1"
단풍나무,용두공원,"서울특별시 동대문구 용두동 34-1"
때죽나무,용두공원,"서울특별시 동대문구 용두동 34-1"
단풍나무,용두공원,"서울특별시 동대문구 용두동 34-1"
단풍나무,용두공원,"서울특별시 동대문구 용두동 34-1"
단풍나무,용두공원,"서울특별시 동대문구 용두동 34-1"
때죽나무,용두공원,"서울특별시 동대문구 용두동 34-1"
때죽나무,용두공원,"서울특별시 동대문구 용두동 34-1"
때죽나무,용두공원,"서울특별시 동대문구 용두동 34-1"
모과나무,용두공원,"서울특별시 동대문구 용두동 34-1"
잣나무,용두공원,"서울특별시 동대문구 용두동 34-1"
잣나무,용두공원,"서울특별시 동대문구 용두동 34-1"
모과나무,용두공원,"서울특별시 동대문구 용두동 34-1"
잣나무,용두공원,"서울특별시 동대문구 용두동 34-1"
모과나무,용두공원,"서울특별시 동대문구 용두동 34-1"
잣나무,용두공원,"서울특별시 동대문구 용두동 34-1"
모과나무,용두공원,"서울특별시 동대문구 용두동 34-1"
잣나무,용두공원,"서울특별시 동대문구 용두동 34-1"
잣나무,용두공원,"서울특별시 동대문구 용두동 34-1"
모과나무,용두공원,"서울특별시 동대문구 용두동 34-1"
산수유,용두공원,"서울특별시 동대문구 용두동 34-1"
산수유,용두공원,"서울특별시 동대문구 용두동 34-1"
산수유,용두공원,"서울특별시 동대문구 용두동 34-1"
산수유,용두공원,"서울특별시 동대문구 용두동 34-1"
잣나무,용두공원,"서울특별시 동대문구 용두동 34-1"
산수유,용두공원,"서울특별시 동대문구 용두동 34-1"
산수유,용두공원,"서울특별시 동대문구 용두동 34-1"
소나무,용두공원,"서울특별시 동대문구 용두동 34-1"
잣나무,용두공원,"서울특별시 동대문구 용두동 34-1"
모과나무,용두공원,"서울특별시 동대문구 용두동 34-1"
소나무,용두공원,"서울특별시 동대문구 용두동 34-1"
잣나무,용두공원,"서울특별시 동대문구 용두동 34-1"
모과나무,용두공원,"서울특별시 동대문구 용두동 34-1"
느티나무,용두공원,"서울특별시 동대문구 용두동 34-1"
잣나무,용두공원,"서울특별시 동대문구 용두동 34-1"
잣나무,용두공원,"서울특별시 동대문구 용두동 34-1"
벚나무,용두공원,"서울특별시 동대문구 용두동 34-1"
벚나무,용두공원,"서울특별시 동대문구 용두동 34-1"
벚나무,용두공원,"서울특별시 동대문구 용두동 34-1"
잣나무,용두공원,"서울특별시 동대문구 용두동 34-1"
단풍나무,용두공원,"서울특별시 동대문구 용두동 34-1"
소나무,용두공원,"서울특별시 동대문구 용두동 34-1"
잣나무,용두공원,"서울특별시 동대문구 용두동 34-1"
단풍나무,용두공원,"서울특별시 동대문구 용두동 34-1"
소나무,용두공원,"서울특별시 동대문구 용두동 34-1"
잣나무,용두공원,"서울특별시 동대문구 용두동 34-1"
잣나무,용두공원,"서울특별시 동대문구 용두동 34-1"
단풍나무,용두공원,"서울특별시 동대문구 용두동 34-1"
잣나무,용두공원,"서울특별시 동대문구 용두동 34-1"
느티나무,용두공원,"서울특별시 동대문구 용두동 34-1"
메타세쿼이아,용두공원,"서울특별시 동대문구 용두동 34-1"
잣나무,용두공원,"서울특별시 동대문구 용두동 34-1"
메타세쿼이아,용두공원,"서울특별시 동대문구 용두동 34-1"
잣나무,용두공원,"서울특별시 동대문구 용두동 34-1"
잣나무,용두공원,"서울특별시 동대문구 용두동 34-1"
산수유,용두공원,"서울특별시 동대문구 용두동 34-1"
벚나무,용두공원,"서울특별시 동대문구 용두동 34-1"
목련,용두공원,"서울특별시 동대문구 용두동 34-1"
잣나무,용두공원,"서울특별시 동대문구 용두동 34-1"
벚나무,용두공원,"서울특별시 동대문구 용두동 34-1"
벚나무,용두공원,"서울특별시 동대문구 용두동 34-1"
소나무,용두공원,"서울특별시 동대문구 용두동 34-1"
메타세쿼이아,용두공원,"서울특별시 동대문구 용두동 34-1"
벚나무,용두공원,"서울특별시 동대문구 용두동 34-1"
벚나무,용두공원,"서울특별시 동대문구 용두동 34-1"
벚나무,용두공원,"서울특별시 동대문구 용두동 34-1"
벚나무,용두공원,"서울특별시 동대문구 용두동 34-1"
잣나무,용두공원,"서울특별시 동대문구 용두동 34-1"
벚나무,용두공원,"서울특별시 동대문구 용두동 34-1"
느티나무,용두공원,"서울특별시 동대문구 용두동 34-1"
느티나무,용두공원,"서울특별시 동대문구 용두동 34-1"
느티나무,용두공원,"서울특별시 동대문구 용두동 34-1"
잣나무,용두공원,"서울특별시 동대문구 용두동 34-1"
메타세쿼이아,용두공원,"서울특별시 동대문구 용두동 34-1"
소나무,용두공원,"서울특별시 동대문구 용두동 34-1"
벚나무,용두공원,"서울특별시 동대문구 용두동 34-1"
느티나무,용두공원,"서울특별시 동대문구 용두동 34-1"
잣나무,용두공원,"서울특별시 동대문구 용두동 34-1"
벚나무,용두공원,"서울특별시 동대문구 용두동 34-1"
메타세쿼이아,용두공원,"서울특별시 동대문구 용두동 34-1"
잣나무,용두공원,"서울특별시 동대문구 용두동 34-1"
단풍나무,용두공원,"서울특별시 동대문구 용두동 34-1"
잣나무,용두공원,"서울특별시 동대문구 용두동 34-1"
소나무,용두공원,"서울특별시 동대문구 용두동 34-1"
메타세쿼이아,용두공원,"서울특별시 동대문구 용두동 34-1"
잣나무,용두공원,"서울특별시 동대문구 용두동 34-1"
벚나무,용두공원,"서울특별시 동대문구 용두동 34-1"
잣나무,용두공원,"서울특별시 동대문구 용두동 34-1"
메타세쿼이아,용두공원,"서울특별시 동대문구 용두동 34-1"
소나무,용두공원,"서울특별시 동대문구 용두동 34-1"
소나무,용두공원,"서울특별시 동대문구 용두동 34-1"
잣나무,용두공원,"서울특별시 동대문구 용두동 34-1"
메타세쿼이아,용두공원,"서울특별시 동대문구 용두동 34-1"
잣나무,용두공원,"서울특별시 동대문구 용두동 34-1"
잣나무,용두공원,"서울특별시 동대문구 용두동 34-1"
메타세쿼이아,용두공원,"서울특별시 동대문구 용두동 34-1"
소나무,용두공원,"서울특별시 동대문구 용두동 34-1"
잣나무,용두공원,"서울특별시 동대문구 용두동 34-1"
잣나무,용두공원,"서울특별시 동대문구 용두동 34-1"
소나무,용두공원,"서울특별시 동대문구 용두동 34-1"
잣나무,용두공원,"서울특별시 동대문구 용두동 34-1"
중국단풍,용두공원,"서울특별시 동대문구 용두동 34-1"
중국단풍,용두공원,"서울특별시 동대문구 용두동 34-1"
느티나무,용두공원,"서울특별시 동대문구 용두동 34-1"
소나무,용두공원,"서울특별시 동대문구 용두동 34-1"
중국단풍,용두공원,"서울특별시 동대문구 용두동 34-1"
소나무,용두공원,"서울특별시 동대문구 용두동 34-1"
중국단풍,용두공원,"서울특별시 동대문구 용두동 34-1"
잣나무,용두공원,"서울특별시 동대문구 용두동 34-1"
소나무,용두공원,"서울특별시 동대문구 용두동 34-1"
잣나무,용두공원,"서울특별시 동대문구 용두동 34-1"
잣나무,용두공원,"서울특별시 동대문구 용두동 34-1"
느티나무,용두공원,"서울특별시 동대문구 용두동 34-1"
잣나무,용두공원,"서울특별시 동대문구 용두동 34-1"
목련,용두공원,"서울특별시 동대문구 용두동 34-1"
느티나무,용두공원,"서울특별시 동대문구 용두동 34-1"
벚나무,용두공원,"서울특별시 동대문구 용두동 34-1"
잣나무,용두공원,"서울특별시 동대문구 용두동 34-1"
잣나무,용두공원,"서울특별시 동대문구 용두동 34-1"
느티나무,용두공원,"서울특별시 동대문구 용두동 34-1"
느티나무,용두공원,"서울특별시 동대문구 용두동 34-1"
소나무,용두공원,"서울특별시 동대문구 용두동 34-1"
참나무,용두공원,"서울특별시 동대문구 용두동 34-1"
중국단풍,용두공원,"서울특별시 동대문구 용두동 34-1"
느티나무,용두공원,"서울특별시 동대문구 용두동 34-1"
잣나무,용두공원,"서울특별시 동대문구 용두동 34-1"
느티나무,용두공원,"서울특별시 동대문구 용두동 34-1"
잣나무,용두공원,"서울특별시 동대문구 용두동 34-1"
잣나무,용두공원,"서울특별시 동대문구 용두동 34-1"
잣나무,용두공원,"서울특별시 동대문구 용두동 34-1"
벚나무,용두공원,"서울특별시 동대문구 용두동 34-1"
잣나무,용두공원,"서울특별시 동대문구 용두동 34-1"
벚나무,용두공원,"서울특별시 동대문구 용두동 34-1"
벚나무,용두공원,"서울특별시 동대문구 용두동 34-1"
벚나무,용두공원,"서울특별시 동대문구 용두동 34-1"
벚나무,용두공원,"서울특별시 동대문구 용두동 34-1"
산수유,용두공원,"서울특별시 동대문구 용두동 34-1"
벚나무,용두공원,"서울특별시 동대문구 용두동 34-1"
벚나무,용두공원,"서울특별시 동대문구 용두동 34-1"
잣나무,용두공원,"서울특별시 동대문구 용두동 34-1"
벚나무,용두공원,"서울특별시 동대문구 용두동 34-1"
잣나무,용두공원,"서울특별시 동대문구 용두동 34-1"
벚나무,용두공원,"서울특별시 동대문구 용두동 34-1"
목련,용두공원,"서울특별시 동대문구 용두동 34-1"
벚나무,용두공원,"서울특별시 동대문구 용두동 34-1"
벚나무,용두공원,"서울특별시 동대문구 용두동 34-1"
벚나무,용두공원,"서울특별시 동대문구 용두동 34-1"
잣나무,용두공원,"서울특별시 동대문구 용두동 34-1"
벚나무,용두공원,"서울특별시 동대문구 용두동 34-1"
모과나무,용두공원,"서울특별시 동대문구 용두동 34-1"
벚나무,용두공원,"서울특별시 동대문구 용두동 34-1"
느티나무,용두공원,"서울특별시 동대문구 용두동 34-1"
은행나무,용두공원,"서울특별시 동대문구 용두동 34-1"
잣나무,용두공원,"서울특별시 동대문구 용두동 34-1"
벚나무,용두공원,"서울특별시 동대문구 용두동 34-1"
소나무,용두공원,"서울특별시 동대문구 용두동 34-1"
소나무,용두공원,"서울특별시 동대문구 용두동 34-1"
벚나무,용두공원,"서울특별시 동대문구 용두동 34-1"
단풍나무,용두공원,"서울특별시 동대문구 용두동 34-1"
벚나무,용두공원,"서울특별시 동대문구 용두동 34-1"
벚나무,용두공원,"서울특별시 동대문구 용두동 34-1"
잣나무,용두공원,"서울특별시 동대문구 용두동 34-1"
소나무,용두공원,"서울특별시 동대문구 용두동 34-1"
잣나무,용두공원,"서울특별시 동대문구 용두동 34-1"
잣나무,용두공원,"서울특별시 동대문구 용두동 34-1"
잣나무,용두공원,"서울특별시 동대문구 용두동 34-1"
소나무,용두공원,"서울특별시 동대문구 용두동 34-1"
벚나무,용두공원,"서울특별시 동대문구 용두동 34-1"
소나무,용두공원,"서울특별시 동대문구 용두동 34-1"
단풍나무,용두공원,"서울특별시 동대문구 용두동 34-1"
단풍나무,용두공원,"서울특별시 동대문구 용두동 34-1"
소나무,용두공원,"서울특별시 동대문구 용두동 34-1"
소나무,용두공원,"서울특별시 동대문구 용두동 34-1"
소나무,용두공원,"서울특별시 동대문구 용두동 34-1"
소나무,용두공원,"서울특별시 동대문구 용두동 34-1"
소나무,용두공원,"서울특별시 동대문구 용두동 34-1"
소나무,용두공원,"서울특별시 동대문구 용두동 34-1"
소나무,용두공원,"서울특별시 동대문구 용두동 34-1"
벚나무,용두공원,"서울특별시 동대문구 용두동 34-1"
소나무,용두공원,"서울특별시 동대문구 용두동 34-1"
소나무,용두공원,"서울특별시 동대문구 용두동 34-1"
소나무,용두공원,"서울특별시 동대문구 용두동 34-1"
벚나무,용두공원,"서울특별시 동대문구 용두동 34-1"
소나무,용두공원,"서울특별시 동대문구 용두동 34-1"
소나무,용두공원,"서울특별시 동대문구 용두동 34-1"
소나무,용두공원,"서울특별시 동대문구 용두동 34-1"
소나무,용두공원,"서울특별시 동대문구 용두동 34-1"
소나무,용두공원,"서울특별시 동대문구 용두동 34-1"
소나무,용두공원,"서울특별시 동대문구 용두동 34-1"
소나무,용두공원,"서울특별시 동대문구 용두동 34-1"
벚나무,용두공원,"서울특별시 동대문구 용두동 34-1"
소나무,용두공원,"서울특별시 동대문구 용두동 34-1"
대추나무,용두공원,"서울특별시 동대문구 용두동 34-1"
소나무,용두공원,"서울특별시 동대문구 용두동 34-1"
대추나무,용두공원,"서울특별시 동대문구 용두동 34-1"
소나무,용두공원,"서울특별시 동대문구 용두동 34-1"
소나무,용두공원,"서울특별시 동대문구 용두동 34-1"
소나무,용두공원,"서울특별시 동대문구 용두동 34-1"
소나무,용두공원,"서울특별시 동대문구 용두동 34-1"
벚나무,용두공원,"서울특별시 동대문구 용두동 34-1"
벚나무,용두공원,"서울특별시 동대문구 용두동 34-1"
대추나무,용두공원,"서울특별시 동대문구 용두동 34-1"
단풍나무,용두공원,"서울특별시 동대문구 용두동 34-1"
단풍나무,용두공원,"서울특별시 동대문구 용두동 34-1"
벚나무,용두공원,"서울특별시 동대문구 용두동 34-1"
벚나무,용두공원,"서울특별시 동대문구 용두동 34-1"
단풍나무,용두공원,"서울특별시 동대문구 용두동 34-1"
벚나무,용두공원,"서울특별시 동대문구 용두동 34-1"
소나무,용두공원,"서울특별시 동대문구 용두동 34-1"
소나무,용두공원,"서울특별시 동대문구 용두동 34-1"
느티나무,용두공원,"서울특별시 동대문구 용두동 34-1"
소나무,용두공원,"서울특별시 동대문구 용두동 34-1"
느티나무,용두공원,"서울특별시 동대문구 용두동 34-1"
느티나무,용두공원,"서울특별시 동대문구 용두동 34-1"
은행나무,용두공원,"서울특별시 동대문구 용두동 34-1"
느티나무,용두공원,"서울특별시 동대문구 용두동 34-1"
느티나무,용두공원,"서울특별시 동대문구 용두동 34-1"
느티나무,용두공원,"서울특별시 동대문구 용두동 34-1"
느티나무,용두공원,"서울특별시 동대문구 용두동 34-1"
벚나무,용두공원,"서울특별시 동대문구 용두동 34-1"
느티나무,용두공원,"서울특별시 동대문구 용두동 34-1"
느티나무,용두공원,"서울특별시 동대문구 용두동 34-1"
느티나무,용두공원,"서울특별시 동대문구 용두동 34-1"
느티나무,용두공원,"서울특별시 동대문구 용두동 34-1"
느티나무,용두공원,"서울특별시 동대문구 용두동 34-1"
느티나무,용두공원,"서울특별시 동대문구 용두동 34-1"
단풍나무,용두공원,"서울특별시 동대문구 용두동 34-1"
대추나무,용두공원,"서울특별시 동대문구 용두동 34-1"
대추나무,용두공원,"서울특별시 동대문구 용두동 34-1"
단풍나무,용두공원,"서울특별시 동대문구 용두동 34-1"
단풍나무,용두공원,"서울특별시 동대문구 용두동 34-1"
버드나무,용두공원,"서울특별시 동대문구 용두동 34-1"
대추나무,용두공원,"서울특별시 동대문구 용두동 34-1"
대추나무,용두공원,"서울특별시 동대문구 용두동 34-1"
대추나무,용두공원,"서울특별시 동대문구 용두동 34-1"
목련,용두공원,"서울특별시 동대문구 용두동 34-1"
느티나무,용두공원,"서울특별시 동대문구 용두동 34-1"
느티나무,용두공원,"서울특별시 동대문구 용두동 34-1"
느티나무,용두공원,"서울특별시 동대문구 용두동 34-1"
느티나무,용두공원,"서울특별시 동대문구 용두동 34-1"
느티나무,용두공원,"서울특별시 동대문구 용두동 34-1"
느티나무,용두공원,"서울특별시 동대문구 용두동 34-1"
자귀나무,용두공원,"서울특별시 동대문구 용두동 34-1"
배롱나무,용두공원,"서울특별시 동대문구 용두동 34-1"
자귀나무,용두공원,"서울특별시 동대문구 용두동 34-1"
자귀나무,용두공원,"서울특별시 동대문구 용두동 34-1"
자귀나무,용두공원,"서울특별시 동대문구 용두동 34-1"
벚나무,용두공원,"서울특별시 동대문구 용두동 34-1"
벚나무,용두공원,"서울특별시 동대문구 용두동 34-1"
벚나무,용두공원,"서울특별시 동대문구 용두동 34-1"
벚나무,용두공원,"서울특별시 동대문구 용두동 34-1"
벚나무,용두공원,"서울특별시 동대문구 용두동 34-1"
벚나무,용두공원,"서울특별시 동대문구 용두동 34-1"
벚나무,용두공원,"서울특별시 동대문구 용두동 34-1"
단풍나무,용두공원,"서울특별시 동대문구 용두동 34-1"
벚나무,용두공원,"서울특별시 동대문구 용두동 34-1"
매실나무,용두공원,"서울특별시 동대문구 용두동 34-1"
매실나무,용두공원,"서울특별시 동대문구 용두동 34-1"
살구나무,용두공원,"서울특별시 동대문구 용두동 34-1"
산수유,용두공원,"서울특별시 동대문구 용두동 34-1"
산수유,용두공원,"서울특별시 동대문구 용두동 34-1"
산수유,용두공원,"서울특별시 동대문구 용두동 34-1"
산수유,용두공원,"서울특별시 동대문구 용두동 34-1"
산수유,용두공원,"서울특별시 동대문구 용두동 34-1"
중국단풍,용두공원,"서울특별시 동대문구 용두동 34-1"
모과나무,용두공원,"서울특별시 동대문구 용두동 34-1"
중국단풍,용두공원,"서울특별시 동대문구 용두동 34-1"
참나무,용두공원,"서울특별시 동대문구 용두동 34-1"
모과나무,용두공원,"서울특별시 동대문구 용두동 34-1"
참나무,용두공원,"서울특별시 동대문구 용두동 34-1"
중국단풍,용두공원,"서울특별시 동대문구 용두동 34-1"
소나무,용두공원,"서울특별시 동대문구 용두동 34-1"
산수유,용두공원,"서울특별시 동대문구 용두동 34-1"
이팝나무,용두공원,"서울특별시 동대문구 용두동 34-1"
소나무,용두공원,"서울특별시 동대문구 용두동 34-1"
이팝나무,용두공원,"서울특별시 동대문구 용두동 34-1"
느티나무,용두공원,"서울특별시 동대문구 용두동 34-1"
소나무,용두공원,"서울특별시 동대문구 용두동 34-1"
소나무,용두공원,"서울특별시 동대문구 용두동 34-1"
소나무,용두공원,"서울특별시 동대문구 용두동 34-1"
소나무,용두공원,"서울특별시 동대문구 용두동 34-1"
소나무,용두공원,"서울특별시 동대문구 용두동 34-1"
소나무,용두공원,"서울특별시 동대문구 용두동 34-1"
소나무,용두공원,"서울특별시 동대문구 용두동 34-1"
소나무,용두공원,"서울특별시 동대문구 용두동 34-1"
소나무,용두공원,"서울특별시 동대문구 용두동 34-1"
소나무,용두공원,"서울특별시 동대문구 용두동 34-1"
소나무,용두공원,"서울특별시 동대문구 용두동 34-1"
소나무,용두공원,"서울특별시 동대문구 용두동 34-1"
소나무,용두공원,"서울특별시 동대문구 용두동 34-1"
소나무,용두공원,"서울특별시 동대문구 용두동 34-1"
소나무,용두공원,"서울특별시 동대문구 용두동 34-1"
이팝나무,용두공원,"서울특별시 동대문구 용두동 34-1"
단풍나무,용두공원,"서울특별시 동대문구 용두동 34-1"
단풍나무,용두공원,"서울특별시 동대문구 용두동 34-1"
단풍나무,용두공원,"서울특별시 동대문구 용두동 34-1"
백합나무,용두공원,"서울특별시 동대문구 용두동 34-1"
단풍나무,용두공원,"서울특별시 동대문구 용두동 34-1"
단풍나무,용두공원,"서울특별시 동대문구 용두동 34-1"
살구나무,용두공원,"서울특별시 동대문구 용두동 34-1"
백합나무,용두공원,"서울특별시 동대문구 용두동 34-1"
매실나무,용두공원,"서울특별시 동대문구 용두동 34-1"
단풍나무,용두공원,"서울특별시 동대문구 용두동 34-1"
백합나무,용두공원,"서울특별시 동대문구 용두동 34-1"
매실나무,용두공원,"서울특별시 동대문구 용두동 34-1"
소나무,용두공원,"서울특별시 동대문구 용두동 34-1"
단풍나무,용두공원,"서울특별시 동대문구 용두동 34-1"
소나무,용두공원,"서울특별시 동대문구 용두동 34-1"
소나무,용두공원,"서울특별시 동대문구 용두동 34-1"
매실나무,용두공원,"서울특별시 동대문구 용두동 34-1"
뽕나무,용두공원,"서울특별시 동대문구 용두동 34-1"
주목,용두공원,"서울특별시 동대문구 용두동 34-1"
주목,용두공원,"서울특별시 동대문구 용두동 34-1"
감나무,용두공원,"서울특별시 동대문구 용두동 34-1"
감나무,용두공원,"서울특별시 동대문구 용두동 34-1"
살구나무,용두공원,"서울특별시 동대문구 용두동 34-1"
감나무,용두공원,"서울특별시 동대문구 용두동 34-1"
단풍나무,용두공원,"서울특별시 동대문구 용두동 34-1"
자귀나무,용두공원,"서울특별시 동대문구 용두동 34-1"
단풍나무,용두공원,"서울특별시 동대문구 용두동 34-1"
백합나무,용두공원,"서울특별시 동대문구 용두동 34-1"
단풍나무,용두공원,"서울특별시 동대문구 용두동 34-1"
단풍나무,용두공원,"서울특별시 동대문구 용두동 34-1"
참나무,용두공원,"서울특별시 동대문구 용두동 34-1"
단풍나무,용두공원,"서울특별시 동대문구 용두동 34-1"
백합나무,용두공원,"서울특별시 동대문구 용두동 34-1"
소나무,용두공원,"서울특별시 동대문구 용두동 34-1"
소나무,용두공원,"서울특별시 동대문구 용두동 34-1"
소나무,용두공원,"서울특별시 동대문구 용두동 34-1"
참나무,용두공원,"서울특별시 동대문구 용두동 34-1"
단풍나무,용두공원,"서울특별시 동대문구 용두동 34-1"
참나무,용두공원,"서울특별시 동대문구 용두동 34-1"
이팝나무,용두공원,"서울특별시 동대문구 용두동 34-1"
벚나무,용두공원,"서울특별시 동대문구 용두동 34-1"
벚나무,용두공원,"서울특별시 동대문구 용두동 34-1"
단풍나무,용두공원,"서울특별시 동대문구 용두동 34-1"
단풍나무,용두공원,"서울특별시 동대문구 용두동 34-1"
단풍나무,용두공원,"서울특별시 동대문구 용두동 34-1"
때죽나무,용두공원,"서울특별시 동대문구 용두동 34-1"
백합나무,용두공원,"서울특별시 동대문구 용두동 34-1"
벚나무,용두공원,"서울특별시 동대문구 용두동 34-1"
벚나무,용두공원,"서울특별시 동대문구 용두동 34-1"
벚나무,용두공원,"서울특별시 동대문구 용두동 34-1"
소나무,용두공원,"서울특별시 동대문구 용두동 34-1"
단풍나무,용두공원,"서울특별시 동대문구 용두동 34-1"
단풍나무,용두공원,"서울특별시 동대문구 용두동 34-1"
버드나무,용두공원,"서울특별시 동대문구 용두동 34-1"
뽕나무,용두공원,"서울특별시 동대문구 용두동 34-1"
벚나무,용두공원,"서울특별시 동대문구 용두동 34-1"
소나무,용두공원,"서울특별시 동대문구 용두동 34-1"
단풍나무,용두공원,"서울특별시 동대문구 용두동 34-1"
참나무,용두공원,"서울특별시 동대문구 용두동 34-1"
단풍나무,용두공원,"서울특별시 동대문구 용두동 34-1"
벚나무,용두공원,"서울특별시 동대문구 용두동 34-1"
참나무,용두공원,"서울특별시 동대문구 용두동 34-1"
느티나무,용두공원,"서울특별시 동대문구 용두동 34-1"
벚나무,용두공원,"서울특별시 동대문구 용두동 34-1"
참나무,용두공원,"서울특별시 동대문구 용두동 34-1"
참나무,용두공원,"서울특별시 동대문구 용두동 34-1"
산딸나무,용두공원,"서울특별시 동대문구 용두동 34-1"
산딸나무,용두공원,"서울특별시 동대문구 용두동 34-1"
밤나무,용두공원,"서울특별시 동대문구 용두동 34-1"
살구나무,용두공원,"서울특별시 동대문구 용두동 34-1"
참나무,용두공원,"서울특별시 동대문구 용두동 34-1"
참나무,용두공원,"서울특별시 동대문구 용두동 34-1"
참나무,용두공원,"서울특별시 동대문구 용두동 34-1"
소나무,용두공원,"서울특별시 동대문구 용두동 34-1"
참나무,용두공원,"서울특별시 동대문구 용두동 34-1"
이팝나무,용두공원,"서울특별시 동대문구 용두동 34-1"
소나무,용두공원,"서울특별시 동대문구 용두동 34-1"
단풍나무,용두공원,"서울특별시 동대문구 용두동 34-1"
참나무,용두공원,"서울특별시 동대문구 용두동 34-1"
단풍나무,용두공원,"서울특별시 동대문구 용두동 34-1"
이팝나무,용두공원,"서울특별시 동대문구 용두동 34-1"
소나무,용두공원,"서울특별시 동대문구 용두동 34-1"
소나무,용두공원,"서울특별시 동대문구 용두동 34-1"
때죽나무,용두공원,"서울특별시 동대문구 용두동 34-1"
소나무,용두공원,"서울특별시 동대문구 용두동 34-1"
벚나무,용두공원,"서울특별시 동대문구 용두동 34-1"
단풍나무,용두공원,"서울특별시 동대문구 용두동 34-1"
단풍나무,용두공원,"서울특별시 동대문구 용두동 34-1"
단풍나무,용두공원,"서울특별시 동대문구 용두동 34-1"
향나무,용두공원,"서울특별시 동대문구 용두동 34-1"
이팝나무,용두공원,"서울특별시 동대문구 용두동 34-1"
벚나무,용두공원,"서울특별시 동대문구 용두동 34-1"
참나무,용두공원,"서울특별시 동대문구 용두동 34-1"
느티나무,용두공원,"서울특별시 동대문구 용두동 34-1"
잣나무,용두공원,"서울특별시 동대문구 용두동 34-1"
벚나무,용두공원,"서울특별시 동대문구 용두동 34-1"
이팝나무,용두공원,"서울특별시 동대문구 용두동 34-1"
단풍나무,용두공원,"서울특별시 동대문구 용두동 34-1"
이팝나무,용두공원,"서울특별시 동대문구 용두동 34-1"
단풍나무,용두공원,"서울특별시 동대문구 용두동 34-1"
벚나무,용두공원,"서울특별시 동대문구 용두동 34-1"
단풍나무,용두공원,"서울특별시 동대문구 용두동 34-1"
모과나무,용두공원,"서울특별시 동대문구 용두동 34-1"
단풍나무,용두공원,"서울특별시 동대문구 용두동 34-1"
잣나무,용두공원,"서울특별시 동대문구 용두동 34-1"
단풍나무,용두공원,"서울특별시 동대문구 용두동 34-1"
잣나무,용두공원,"서울특별시 동대문구 용두동 34-1"
모과나무,용두공원,"서울특별시 동대문구 용두동 34-1"
잣나무,용두공원,"서울특별시 동대문구 용두동 34-1"
잣나무,용두공원,"서울특별시 동대문구 용두동 34-1"
소나무,용두공원,"서울특별시 동대문구 용두동 34-1"
소나무,용두공원,"서울특별시 동대문구 용두동 34-1"
소나무,용두공원,"서울특별시 동대문구 용두동 34-1"
소나무,용두공원,"서울특별시 동대문구 용두동 34-1"
소나무,용두공원,"서울특별시 동대문구 용두동 34-1"
단풍나무,용두공원,"서울특별시 동대문구 용두동 34-1"
느티나무,용두공원,"서울특별시 동대문구 용두동 34-1"
느티나무,용두공원,"서울특별시 동대문구 용두동 34-1"
모과나무,용두공원,"서울특별시 동대문구 용두동 34-1"
향나무,용두공원,"서울특별시 동대문구 용두동 34-1"
단풍나무,용두공원,"서울특별시 동대문구 용두동 34-1"
향나무,용두공원,"서울특별시 동대문구 용두동 34-1"
단풍나무,용두공원,"서울특별시 동대문구 용두동 34-1"
벚나무,용두공원,"서울특별시 동대문구 용두동 34-1"
잣나무,용두공원,"서울특별시 동대문구 용두동 34-1"
단풍나무,용두공원,"서울특별시 동대문구 용두동 34-1"
소나무,용두공원,"서울특별시 동대문구 용두동 34-1"
잣나무,용두공원,"서울특별시 동대문구 용두동 34-1"
단풍나무,용두공원,"서울특별시 동대문구 용두동 34-1"
벚나무,용두공원,"서울특별시 동대문구 용두동 34-1"
소나무,용두공원,"서울특별시 동대문구 용두동 34-1"
단풍나무,용두공원,"서울특별시 동대문구 용두동 34-1"
참나무,용두공원,"서울특별시 동대문구 용두동 34-1"
단풍나무,용두공원,"서울특별시 동대문구 용두동 34-1"
벚나무,용두공원,"서울특별시 동대문구 용두동 34-1"
중국단풍,용두공원,"서울특별시 동대문구 용두동 34-1"
벚나무,용두공원,"서울특별시 동대문구 용두동 34-1"
산수유,용두공원,"서울특별시 동대문구 용두동 34-1"
벚나무,용두공원,"서울특별시 동대문구 용두동 34-1"
산수유,용두공원,"서울특별시 동대문구 용두동 34-1"
소나무,용두공원,"서울특별시 동대문구 용두동 34-1"
산수유,용두공원,"서울특별시 동대문구 용두동 34-1"
소나무,용두공원,"서울특별시 동대문구 용두동 34-1"
중국단풍,용두공원,"서울특별시 동대문구 용두동 34-1"
감나무,용두공원,"서울특별시 동대문구 용두동 34-1"
산수유,용두공원,"서울특별시 동대문구 용두동 34-1"
중국단풍,용두공원,"서울특별시 동대문구 용두동 34-1"
소나무,용두공원,"서울특별시 동대문구 용두동 34-1"
소나무,용두공원,"서울특별시 동대문구 용두동 34-1"
소나무,용두공원,"서울특별시 동대문구 용두동 34-1"
소나무,용두공원,"서울특별시 동대문구 용두동 34-1"
소나무,용두공원,"서울특별시 동대문구 용두동 34-1"
참나무,용두공원,"서울특별시 동대문구 용두동 34-1"
소나무,용두공원,"서울특별시 동대문구 용두동 34-1"
산수유,용두공원,"서울특별시 동대문구 용두동 34-1"
소나무,용두공원,"서울특별시 동대문구 용두동 34-1"
소나무,용두공원,"서울특별시 동대문구 용두동 34-1"
감나무,용두공원,"서울특별시 동대문구 용두동 34-1"
산딸나무,용두공원,"서울특별시 동대문구 용두동 34-1"
감나무,용두공원,"서울특별시 동대문구 용두동 34-1"
모과나무,용두공원,"서울특별시 동대문구 용두동 34-1"
산수유,용두공원,"서울특별시 동대문구 용두동 34-1"
주목,용두공원,"서울특별시 동대문구 용두동 34-1"
단풍나무,용두공원,"서울특별시 동대문구 용두동 34-1"
단풍나무,용두공원,"서울특별시 동대문구 용두동 34-1"
단풍나무,용두공원,"서울특별시 동대문구 용두동 34-1"
단풍나무,용두공원,"서울특별시 동대문구 용두동 34-1"
모과나무,용두공원,"서울특별시 동대문구 용두동 34-1"
느티나무,용두공원,"서울특별시 동대문구 용두동 34-1"
모과나무,용두공원,"서울특별시 동대문구 용두동 34-1"
주목,용두공원,"서울특별시 동대문구 용두동 34-1"
느티나무,용두공원,"서울특별시 동대문구 용두동 34-1"
감나무,용두공원,"서울특별시 동대문구 용두동 34-1"
느티나무,용두공원,"서울특별시 동대문구 용두동 34-1"
주목,용두공원,"서울특별시 동대문구 용두동 34-1"
단풍나무,용두공원,"서울특별시 동대문구 용두동 34-1"
모과나무,용두공원,"서울특별시 동대문구 용두동 34-1"
단풍나무,용두공원,"서울특별시 동대문구 용두동 34-1"
모과나무,용두공원,"서울특별시 동대문구 용두동 34-1"
단풍나무,용두공원,"서울특별시 동대문구 용두동 34-1"
느티나무,용두공원,"서울특별시 동대문구 용두동 34-1"
모과나무,용두공원,"서울특별시 동대문구 용두동 34-1"
산수유,용두공원,"서울특별시 동대문구 용두동 34-1"
산수유,용두공원,"서울특별시 동대문구 용두동 34-1"
벚나무,용두공원,"서울특별시 동대문구 용두동 34-1"
단풍나무,용두공원,"서울특별시 동대문구 용두동 34-1"
단풍나무,용두공원,"서울특별시 동대문구 용두동 34-1"
벚나무,용두공원,"서울특별시 동대문구 용두동 34-1"
단풍나무,용두공원,"서울특별시 동대문구 용두동 34-1"
왕벚나무,용두공원,"서울특별시 동대문구 용두동 34-1"
벚나무,용두공원,"서울특별시 동대문구 용두동 34-1"
벚나무,용두공원,"서울특별시 동대문구 용두동 34-1"
단풍나무,용두공원,"서울특별시 동대문구 용두동 34-1"
단풍나무,용두공원,"서울특별시 동대문구 용두동 34-1"
소나무,용두공원,"서울특별시 동대문구 용두동 34-1"
소나무,용두공원,"서울특별시 동대문구 용두동 34-1"
소나무,용두공원,"서울특별시 동대문구 용두동 34-1"
참나무,용두공원,"서울특별시 동대문구 용두동 34-1"
소나무,용두공원,"서울특별시 동대문구 용두동 34-1"
소나무,용두공원,"서울특별시 동대문구 용두동 34-1"
소나무,용두공원,"서울특별시 동대문구 용두동 34-1"
소나무,용두공원,"서울특별시 동대문구 용두동 34-1"
소나무,용두공원,"서울특별시 동대문구 용두동 34-1"
단풍나무,용두공원,"서울특별시 동대문구 용두동 34-1"
단풍나무,용두공원,"서울특별시 동대문구 용두동 34-1"
단풍나무,용두공원,"서울특별시 동대문구 용두동 34-1"
산딸나무,용두공원,"서울특별시 동대문구 용두동 34-1"
산딸나무,용두공원,"서울특별시 동대문구 용두동 34-1"
은행나무,용두공원,"서울특별시 동대문구 용두동 34-1"
산딸나무,용두공원,"서울특별시 동대문구 용두동 34-1"
느티나무,용두공원,"서울특별시 동대문구 용두동 34-1"
밤나무,용두공원,"서울특별시 동대문구 용두동 34-1"
단풍나무,용두공원,"서울특별시 동대문구 용두동 34-1"
단풍나무,용두공원,"서울특별시 동대문구 용두동 34-1"
단풍나무,용두공원,"서울특별시 동대문구 용두동 34-1"
단풍나무,용두공원,"서울특별시 동대문구 용두동 34-1"
단풍나무,용두공원,"서울특별시 동대문구 용두동 34-1"
벚나무,용두공원,"서울특별시 동대문구 용두동 34-1"
벚나무,용두공원,"서울특별시 동대문구 용두동 34-1"
중국단풍,용두공원,"서울특별시 동대문구 용두동 34-1"
중국단풍,용두공원,"서울특별시 동대문구 용두동 34-1"
단풍나무,용두공원,"서울특별시 동대문구 용두동 34-1"
중국단풍,용두공원,"서울특별시 동대문구 용두동 34-1"
단풍나무,용두공원,"서울특별시 동대문구 용두동 34-1"
단풍나무,용두공원,"서울특별시 동대문구 용두동 34-1"
단풍나무,용두공원,"서울특별시 동대문구 용두동 34-1"
벚나무,용두공원,"서울특별시 동대문구 용두동 34-1"
단풍나무,용두공원,"서울특별시 동대문구 용두동 34-1"
단풍나무,용두공원,"서울특별시 동대문구 용두동 34-1"
회화나무,용두공원,"서울특별시 동대문구 용두동 34-1"
벚나무,용두공원,"서울특별시 동대문구 용두동 34-1"
벚나무,용두공원,"서울특별시 동대문구 용두동 34-1"
잣나무,용두공원,"서울특별시 동대문구 용두동 34-1"
잣나무,용두공원,"서울특별시 동대문구 용두동 34-1"
잣나무,용두공원,"서울특별시 동대문구 용두동 34-1"
잣나무,용두공원,"서울특별시 동대문구 용두동 34-1"
벚나무,용두공원,"서울특별시 동대문구 용두동 34-1"
단풍나무,용두공원,"서울특별시 동대문구 용두동 34-1"
단풍나무,용두공원,"서울특별시 동대문구 용두동 34-1"
때죽나무,용두공원,"서울특별시 동대문구 용두동 34-1"
벚나무,용두공원,"서울특별시 동대문구 용두동 34-1"
때죽나무,용두공원,"서울특별시 동대문구 용두동 34-1"
때죽나무,용두공원,"서울특별시 동대문구 용두동 34-1"
때죽나무,용두공원,"서울특별시 동대문구 용두동 34-1"
산수유,용두공원,"서울특별시 동대문구 용두동 34-1"
잣나무,용두공원,"서울특별시 동대문구 용두동 34-1"
단풍나무,용두공원,"서울특별시 동대문구 용두동 34-1"
잣나무,용두공원,"서울특별시 동대문구 용두동 34-1"
잣나무,용두공원,"서울특별시 동대문구 용두동 34-1"
잣나무,용두공원,"서울특별시 동대문구 용두동 34-1"
벚나무,용두공원,"서울특별시 동대문구 용두동 34-1"
벚나무,용두공원,"서울특별시 동대문구 용두동 34-1"
때죽나무,용두공원,"서울특별시 동대문구 용두동 34-1"
벚나무,용두공원,"서울특별시 동대문구 용두동 34-1"
벚나무,용두공원,"서울특별시 동대문구 용두동 34-1"
단풍나무,용두공원,"서울특별시 동대문구 용두동 34-1"
단풍나무,용두공원,"서울특별시 동대문구 용두동 34-1"
잣나무,용두공원,"서울특별시 동대문구 용두동 34-1"
단풍나무,용두공원,"서울특별시 동대문구 용두동 34-1"
잣나무,용두공원,"서울특별시 동대문구 용두동 34-1"
단풍나무,용두공원,"서울특별시 동대문구 용두동 34-1"
잣나무,용두공원,"서울특별시 동대문구 용두동 34-1"
느티나무,용두공원,"서울특별시 동대문구 용두동 34-1"
잣나무,용두공원,"서울특별시 동대문구 용두동 34-1"
잣나무,용두공원,"서울특별시 동대문구 용두동 34-1"
단풍나무,용두공원,"서울특별시 동대문구 용두동 34-1"
단풍나무,용두공원,"서울특별시 동대문구 용두동 34-1"
단풍나무,용두공원,"서울특별시 동대문구 용두동 34-1"
산딸나무,용두공원,"서울특별시 동대문구 용두동 34-1"
벚나무,용두공원,"서울특별시 동대문구 용두동 34-1"
단풍나무,용두공원,"서울특별시 동대문구 용두동 34-1"
느티나무,용두공원,"서울특별시 동대문구 용두동 34-1"
느티나무,용두공원,"서울특별시 동대문구 용두동 34-1"
산딸나무,용두공원,"서울특별시 동대문구 용두동 34-1"
때죽나무,용두공원,"서울특별시 동대문구 용두동 34-1"
단풍나무,용두공원,"서울특별시 동대문구 용두동 34-1"
때죽나무,용두공원,"서울특별시 동대문구 용두동 34-1"
단풍나무,용두공원,"서울특별시 동대문구 용두동 34-1"
단풍나무,용두공원,"서울특별시 동대문구 용두동 34-1"
단풍나무,용두공원,"서울특별시 동대문구 용두동 34-1"
때죽나무,용두공원,"서울특별시 동대문구 용두동 34-1"
때죽나무,용두공원,"서울특별시 동대문구 용두동 34-1"
때죽나무,용두공원,"서울특별시 동대문구 용두동 34-1"
모과나무,용두공원,"서울특별시 동대문구 용두동 34-1"
잣나무,용두공원,"서울특별시 동대문구 용두동 34-1"
잣나무,용두공원,"서울특별시 동대문구 용두동 34-1"
모과나무,용두공원,"서울특별시 동대문구 용두동 34-1"
잣나무,용두공원,"서울특별시 동대문구 용두동 34-1"
모과나무,용두공원,"서울특별시 동대문구 용두동 34-1"
잣나무,용두공원,"서울특별시 동대문구 용두동 34-1"
모과나무,용두공원,"서울특별시 동대문구 용두동 34-1"
잣나무,용두공원,"서울특별시 동대문구 용두동 34-1"
잣나무,용두공원,"서울특별시 동대문구 용두동 34-1"
모과나무,용두공원,"서울특별시 동대문구 용두동 34-1"
산수유,용두공원,"서울특별시 동대문구 용두동 34-1"
산수유,용두공원,"서울특별시 동대문구 용두동 34-1"
산수유,용두공원,"서울특별시 동대문구 용두동 34-1"
산수유,용두공원,"서울특별시 동대문구 용두동 34-1"
잣나무,용두공원,"서울특별시 동대문구 용두동 34-1"
산수유,용두공원,"서울특별시 동대문구 용두동 34-1"
산수유,용두공원,"서울특별시 동대문구 용두동 34-1"
소나무,용두공원,"서울특별시 동대문구 용두동 34-1"
잣나무,용두공원,"서울특별시 동대문구 용두동 34-1"
모과나무,용두공원,"서울특별시 동대문구 용두동 34-1"
소나무,용두공원,"서울특별시 동대문구 용두동 34-1"
잣나무,용두공원,"서울특별시 동대문구 용두동 34-1"
모과나무,용두공원,"서울특별시 동대문구 용두동 34-1"
느티나무,용두공원,"서울특별시 동대문구 용두동 34-1"
잣나무,용두공원,"서울특별시 동대문구 용두동 34-1"
잣나무,용두공원,"서울특별시 동대문구 용두동 34-1"
벚나무,용두공원,"서울특별시 동대문구 용두동 34-1"
벚나무,용두공원,"서울특별시 동대문구 용두동 34-1"
벚나무,용두공원,"서울특별시 동대문구 용두동 34-1"
잣나무,용두공원,"서울특별시 동대문구 용두동 34-1"
단풍나무,용두공원,"서울특별시 동대문구 용두동 34-1"
소나무,용두공원,"서울특별시 동대문구 용두동 34-1"
잣나무,용두공원,"서울특별시 동대문구 용두동 34-1"
단풍나무,용두공원,"서울특별시 동대문구 용두동 34-1"
소나무,용두공원,"서울특별시 동대문구 용두동 34-1"
잣나무,용두공원,"서울특별시 동대문구 용두동 34-1"
잣나무,용두공원,"서울특별시 동대문구 용두동 34-1"
단풍나무,용두공원,"서울특별시 동대문구 용두동 34-1"
잣나무,용두공원,"서울특별시 동대문구 용두동 34-1"
느티나무,용두공원,"서울특별시 동대문구 용두동 34-1"
메타세쿼이아,용두공원,"서울특별시 동대문구 용두동 34-1"
잣나무,용두공원,"서울특별시 동대문구 용두동 34-1"
메타세쿼이아,용두공원,"서울특별시 동대문구 용두동 34-1"
잣나무,용두공원,"서울특별시 동대문구 용두동 34-1"
잣나무,용두공원,"서울특별시 동대문구 용두동 34-1"
산수유,용두공원,"서울특별시 동대문구 용두동 34-1"
벚나무,용두공원,"서울특별시 동대문구 용두동 34-1"
목련,용두공원,"서울특별시 동대문구 용두동 34-1"
잣나무,용두공원,"서울특별시 동대문구 용두동 34-1"
벚나무,용두공원,"서울특별시 동대문구 용두동 34-1"
벚나무,용두공원,"서울특별시 동대문구 용두동 34-1"
소나무,용두공원,"서울특별시 동대문구 용두동 34-1"
메타세쿼이아,용두공원,"서울특별시 동대문구 용두동 34-1"
벚나무,용두공원,"서울특별시 동대문구 용두동 34-1"
벚나무,용두공원,"서울특별시 동대문구 용두동 34-1"
벚나무,용두공원,"서울특별시 동대문구 용두동 34-1"
벚나무,용두공원,"서울특별시 동대문구 용두동 34-1"
잣나무,용두공원,"서울특별시 동대문구 용두동 34-1"
벚나무,용두공원,"서울특별시 동대문구 용두동 34-1"
느티나무,용두공원,"서울특별시 동대문구 용두동 34-1"
느티나무,용두공원,"서울특별시 동대문구 용두동 34-1"
느티나무,용두공원,"서울특별시 동대문구 용두동 34-1"
잣나무,용두공원,"서울특별시 동대문구 용두동 34-1"
메타세쿼이아,용두공원,"서울특별시 동대문구 용두동 34-1"
소나무,용두공원,"서울특별시 동대문구 용두동 34-1"
벚나무,용두공원,"서울특별시 동대문구 용두동 34-1"
느티나무,용두공원,"서울특별시 동대문구 용두동 34-1"
잣나무,용두공원,"서울특별시 동대문구 용두동 34-1"
벚나무,용두공원,"서울특별시 동대문구 용두동 34-1"
메타세쿼이아,용두공원,"서울특별시 동대문구 용두동 34-1"
잣나무,용두공원,"서울특별시 동대문구 용두동 34-1"
단풍나무,용두공원,"서울특별시 동대문구 용두동 34-1"
잣나무,용두공원,"서울특별시 동대문구 용두동 34-1"
소나무,용두공원,"서울특별시 동대문구 용두동 34-1"
메타세쿼이아,용두공원,"서울특별시 동대문구 용두동 34-1"
잣나무,용두공원,"서울특별시 동대문구 용두동 34-1"
벚나무,용두공원,"서울특별시 동대문구 용두동 34-1"
잣나무,용두공원,"서울특별시 동대문구 용두동 34-1"
메타세쿼이아,용두공원,"서울특별시 동대문구 용두동 34-1"
소나무,용두공원,"서울특별시 동대문구 용두동 34-1"
소나무,용두공원,"서울특별시 동대문구 용두동 34-1"
잣나무,용두공원,"서울특별시 동대문구 용두동 34-1"
메타세쿼이아,용두공원,"서울특별시 동대문구 용두동 34-1"
잣나무,용두공원,"서울특별시 동대문구 용두동 34-1"
잣나무,용두공원,"서울특별시 동대문구 용두동 34-1"
메타세쿼이아,용두공원,"서울특별시 동대문구 용두동 34-1"
소나무,용두공원,"서울특별시 동대문구 용두동 34-1"
잣나무,용두공원,"서울특별시 동대문구 용두동 34-1"
잣나무,용두공원,"서울특별시 동대문구 용두동 34-1"
소나무,용두공원,"서울특별시 동대문구 용두동 34-1"
잣나무,용두공원,"서울특별시 동대문구 용두동 34-1"
중국단풍,용두공원,"서울특별시 동대문구 용두동 34-1"
중국단풍,용두공원,"서울특별시 동대문구 용두동 34-1"
느티나무,용두공원,"서울특별시 동대문구 용두동 34-1"
소나무,용두공원,"서울특별시 동대문구 용두동 34-1"
중국단풍,용두공원,"서울특별시 동대문구 용두동 34-1"
소나무,용두공원,"서울특별시 동대문구 용두동 34-1"
중국단풍,용두공원,"서울특별시 동대문구 용두동 34-1"
잣나무,용두공원,"서울특별시 동대문구 용두동 34-1"
소나무,용두공원,"서울특별시 동대문구 용두동 34-1"
잣나무,용두공원,"서울특별시 동대문구 용두동 34-1"
잣나무,용두공원,"서울특별시 동대문구 용두동 34-1"
느티나무,용두공원,"서울특별시 동대문구 용두동 34-1"
잣나무,용두공원,"서울특별시 동대문구 용두동 34-1"
목련,용두공원,"서울특별시 동대문구 용두동 34-1"
느티나무,용두공원,"서울특별시 동대문구 용두동 34-1"
벚나무,용두공원,"서울특별시 동대문구 용두동 34-1"
잣나무,용두공원,"서울특별시 동대문구 용두동 34-1"
잣나무,용두공원,"서울특별시 동대문구 용두동 34-1"
느티나무,용두공원,"서울특별시 동대문구 용두동 34-1"
느티나무,용두공원,"서울특별시 동대문구 용두동 34-1"
소나무,용두공원,"서울특별시 동대문구 용두동 34-1"
참나무,용두공원,"서울특별시 동대문구 용두동 34-1"
중국단풍,용두공원,"서울특별시 동대문구 용두동 34-1"
느티나무,용두공원,"서울특별시 동대문구 용두동 34-1"
잣나무,용두공원,"서울특별시 동대문구 용두동 34-1"
느티나무,용두공원,"서울특별시 동대문구 용두동 34-1"
잣나무,용두공원,"서울특별시 동대문구 용두동 34-1"
잣나무,용두공원,"서울특별시 동대문구 용두동 34-1"
잣나무,용두공원,"서울특별시 동대문구 용두동 34-1"
벚나무,용두공원,"서울특별시 동대문구 용두동 34-1"
잣나무,용두공원,"서울특별시 동대문구 용두동 34-1"
벚나무,용두공원,"서울특별시 동대문구 용두동 34-1"
벚나무,용두공원,"서울특별시 동대문구 용두동 34-1"
벚나무,용두공원,"서울특별시 동대문구 용두동 34-1"
벚나무,용두공원,"서울특별시 동대문구 용두동 34-1"
산수유,용두공원,"서울특별시 동대문구 용두동 34-1"
벚나무,용두공원,"서울특별시 동대문구 용두동 34-1"
벚나무,용두공원,"서울특별시 동대문구 용두동 34-1"
잣나무,용두공원,"서울특별시 동대문구 용두동 34-1"
벚나무,용두공원,"서울특별시 동대문구 용두동 34-1"
잣나무,용두공원,"서울특별시 동대문구 용두동 34-1"
벚나무,용두공원,"서울특별시 동대문구 용두동 34-1"
목련,용두공원,"서울특별시 동대문구 용두동 34-1"
벚나무,용두공원,"서울특별시 동대문구 용두동 34-1"
벚나무,용두공원,"서울특별시 동대문구 용두동 34-1"
벚나무,용두공원,"서울특별시 동대문구 용두동 34-1"
잣나무,용두공원,"서울특별시 동대문구 용두동 34-1"
벚나무,용두공원,"서울특별시 동대문구 용두동 34-1"
모과나무,용두공원,"서울특별시 동대문구 용두동 34-1"
벚나무,용두공원,"서울특별시 동대문구 용두동 34-1"
느티나무,용두공원,"서울특별시 동대문구 용두동 34-1"
은행나무,용두공원,"서울특별시 동대문구 용두동 34-1"
잣나무,용두공원,"서울특별시 동대문구 용두동 34-1"
벚나무,용두공원,"서울특별시 동대문구 용두동 34-1"
소나무,용두공원,"서울특별시 동대문구 용두동 34-1"
소나무,용두공원,"서울특별시 동대문구 용두동 34-1"
벚나무,용두공원,"서울특별시 동대문구 용두동 34-1"
단풍나무,용두공원,"서울특별시 동대문구 용두동 34-1"
벚나무,용두공원,"서울특별시 동대문구 용두동 34-1"
벚나무,용두공원,"서울특별시 동대문구 용두동 34-1"
잣나무,용두공원,"서울특별시 동대문구 용두동 34-1"
소나무,용두공원,"서울특별시 동대문구 용두동 34-1"
잣나무,용두공원,"서울특별시 동대문구 용두동 34-1"
잣나무,용두공원,"서울특별시 동대문구 용두동 34-1"
잣나무,용두공원,"서울특별시 동대문구 용두동 34-1"
소나무,용두공원,"서울특별시 동대문구 용두동 34-1"
벚나무,용두공원,"서울특별시 동대문구 용두동 34-1"
소나무,용두공원,"서울특별시 동대문구 용두동 34-1"
단풍나무,용두공원,"서울특별시 동대문구 용두동 34-1"
단풍나무,용두공원,"서울특별시 동대문구 용두동 34-1"
소나무,용두공원,"서울특별시 동대문구 용두동 34-1"
소나무,용두공원,"서울특별시 동대문구 용두동 34-1"
소나무,용두공원,"서울특별시 동대문구 용두동 34-1"
소나무,용두공원,"서울특별시 동대문구 용두동 34-1"
소나무,용두공원,"서울특별시 동대문구 용두동 34-1"
소나무,용두공원,"서울특별시 동대문구 용두동 34-1"
소나무,용두공원,"서울특별시 동대문구 용두동 34-1"
벚나무,용두공원,"서울특별시 동대문구 용두동 34-1"
소나무,용두공원,"서울특별시 동대문구 용두동 34-1"
소나무,용두공원,"서울특별시 동대문구 용두동 34-1"
소나무,용두공원,"서울특별시 동대문구 용두동 34-1"
벚나무,용두공원,"서울특별시 동대문구 용두동 34-1"
소나무,용두공원,"서울특별시 동대문구 용두동 34-1"
소나무,용두공원,"서울특별시 동대문구 용두동 34-1"
소나무,용두공원,"서울특별시 동대문구 용두동 34-1"
소나무,용두공원,"서울특별시 동대문구 용두동 34-1"
소나무,용두공원,"서울특별시 동대문구 용두동 34-1"
소나무,용두공원,"서울특별시 동대문구 용두동 34-1"
소나무,용두공원,"서울특별시 동대문구 용두동 34-1"
벚나무,용두공원,"서울특별시 동대문구 용두동 34-1"
소나무,용두공원,"서울특별시 동대문구 용두동 34-1"
대추나무,용두공원,"서울특별시 동대문구 용두동 34-1"
소나무,용두공원,"서울특별시 동대문구 용두동 34-1"
대추나무,용두공원,"서울특별시 동대문구 용두동 34-1"
소나무,용두공원,"서울특별시 동대문구 용두동 34-1"
소나무,용두공원,"서울특별시 동대문구 용두동 34-1"
소나무,용두공원,"서울특별시 동대문구 용두동 34-1"
소나무,용두공원,"서울특별시 동대문구 용두동 34-1"
벚나무,용두공원,"서울특별시 동대문구 용두동 34-1"
벚나무,용두공원,"서울특별시 동대문구 용두동 34-1"
대추나무,용두공원,"서울특별시 동대문구 용두동 34-1"
단풍나무,용두공원,"서울특별시 동대문구 용두동 34-1"
단풍나무,용두공원,"서울특별시 동대문구 용두동 34-1"
벚나무,용두공원,"서울특별시 동대문구 용두동 34-1"
벚나무,용두공원,"서울특별시 동대문구 용두동 34-1"
단풍나무,용두공원,"서울특별시 동대문구 용두동 34-1"
벚나무,용두공원,"서울특별시 동대문구 용두동 34-1"
소나무,용두공원,"서울특별시 동대문구 용두동 34-1"
소나무,용두공원,"서울특별시 동대문구 용두동 34-1"
느티나무,용두공원,"서울특별시 동대문구 용두동 34-1"
소나무,용두공원,"서울특별시 동대문구 용두동 34-1"
느티나무,용두공원,"서울특별시 동대문구 용두동 34-1"
느티나무,용두공원,"서울특별시 동대문구 용두동 34-1"
은행나무,용두공원,"서울특별시 동대문구 용두동 34-1"
느티나무,용두공원,"서울특별시 동대문구 용두동 34-1"
느티나무,용두공원,"서울특별시 동대문구 용두동 34-1"
느티나무,용두공원,"서울특별시 동대문구 용두동 34-1"
느티나무,용두공원,"서울특별시 동대문구 용두동 34-1"
벚나무,용두공원,"서울특별시 동대문구 용두동 34-1"
느티나무,용두공원,"서울특별시 동대문구 용두동 34-1"
느티나무,용두공원,"서울특별시 동대문구 용두동 34-1"
느티나무,용두공원,"서울특별시 동대문구 용두동 34-1"
느티나무,용두공원,"서울특별시 동대문구 용두동 34-1"
느티나무,용두공원,"서울특별시 동대문구 용두동 34-1"
느티나무,용두공원,"서울특별시 동대문구 용두동 34-1"
단풍나무,용두공원,"서울특별시 동대문구 용두동 34-1"
대추나무,용두공원,"서울특별시 동대문구 용두동 34-1"
대추나무,용두공원,"서울특별시 동대문구 용두동 34-1"
단풍나무,용두공원,"서울특별시 동대문구 용두동 34-1"
단풍나무,용두공원,"서울특별시 동대문구 용두동 34-1"
버드나무,용두공원,"서울특별시 동대문구 용두동 34-1"
대추나무,용두공원,"서울특별시 동대문구 용두동 34-1"
대추나무,용두공원,"서울특별시 동대문구 용두동 34-1"
대추나무,용두공원,"서울특별시 동대문구 용두동 34-1"
목련,용두공원,"서울특별시 동대문구 용두동 34-1"
느티나무,용두공원,"서울특별시 동대문구 용두동 34-1"
느티나무,용두공원,"서울특별시 동대문구 용두동 34-1"
느티나무,용두공원,"서울특별시 동대문구 용두동 34-1"
느티나무,용두공원,"서울특별시 동대문구 용두동 34-1"
느티나무,용두공원,"서울특별시 동대문구 용두동 34-1"
느티나무,용두공원,"서울특별시 동대문구 용두동 34-1"
자귀나무,용두공원,"서울특별시 동대문구 용두동 34-1"
배롱나무,용두공원,"서울특별시 동대문구 용두동 34-1"
자귀나무,용두공원,"서울특별시 동대문구 용두동 34-1"
자귀나무,용두공원,"서울특별시 동대문구 용두동 34-1"
자귀나무,용두공원,"서울특별시 동대문구 용두동 34-1"
벚나무,용두공원,"서울특별시 동대문구 용두동 34-1"
벚나무,용두공원,"서울특별시 동대문구 용두동 34-1"
벚나무,용두공원,"서울특별시 동대문구 용두동 34-1"
벚나무,용두공원,"서울특별시 동대문구 용두동 34-1"
벚나무,용두공원,"서울특별시 동대문구 용두동 34-1"
벚나무,용두공원,"서울특별시 동대문구 용두동 34-1"
벚나무,용두공원,"서울특별시 동대문구 용두동 34-1"
단풍나무,용두공원,"서울특별시 동대문구 용두동 34-1"
벚나무,용두공원,"서울특별시 동대문구 용두동 34-1"
매실나무,용두공원,"서울특별시 동대문구 용두동 34-1"
매실나무,용두공원,"서울특별시 동대문구 용두동 34-1"
살구나무,용두공원,"서울특별시 동대문구 용두동 34-1"
산수유,용두공원,"서울특별시 동대문구 용두동 34-1"
산수유,용두공원,"서울특별시 동대문구 용두동 34-1"
산수유,용두공원,"서울특별시 동대문구 용두동 34-1"
산수유,용두공원,"서울특별시 동대문구 용두동 34-1"
산수유,용두공원,"서울특별시 동대문구 용두동 34-1"
중국단풍,용두공원,"서울특별시 동대문구 용두동 34-1"
모과나무,용두공원,"서울특별시 동대문구 용두동 34-1"
중국단풍,용두공원,"서울특별시 동대문구 용두동 34-1"
참나무,용두공원,"서울특별시 동대문구 용두동 34-1"
모과나무,용두공원,"서울특별시 동대문구 용두동 34-1"
참나무,용두공원,"서울특별시 동대문구 용두동 34-1"
중국단풍,용두공원,"서울특별시 동대문구 용두동 34-1"
소나무,용두공원,"서울특별시 동대문구 용두동 34-1"
산수유,용두공원,"서울특별시 동대문구 용두동 34-1"
이팝나무,용두공원,"서울특별시 동대문구 용두동 34-1"
소나무,용두공원,"서울특별시 동대문구 용두동 34-1"
이팝나무,용두공원,"서울특별시 동대문구 용두동 34-1"
느티나무,용두공원,"서울특별시 동대문구 용두동 34-1"
소나무,용두공원,"서울특별시 동대문구 용두동 34-1"
소나무,용두공원,"서울특별시 동대문구 용두동 34-1"
소나무,용두공원,"서울특별시 동대문구 용두동 34-1"
소나무,용두공원,"서울특별시 동대문구 용두동 34-1"
소나무,용두공원,"서울특별시 동대문구 용두동 34-1"
소나무,용두공원,"서울특별시 동대문구 용두동 34-1"
소나무,용두공원,"서울특별시 동대문구 용두동 34-1"
소나무,용두공원,"서울특별시 동대문구 용두동 34-1"
소나무,용두공원,"서울특별시 동대문구 용두동 34-1"
소나무,용두공원,"서울특별시 동대문구 용두동 34-1"
소나무,용두공원,"서울특별시 동대문구 용두동 34-1"
소나무,용두공원,"서울특별시 동대문구 용두동 34-1"
소나무,용두공원,"서울특별시 동대문구 용두동 34-1"
소나무,용두공원,"서울특별시 동대문구 용두동 34-1"
소나무,용두공원,"서울특별시 동대문구 용두동 34-1"
이팝나무,용두공원,"서울특별시 동대문구 용두동 34-1"
단풍나무,용두공원,"서울특별시 동대문구 용두동 34-1"
단풍나무,용두공원,"서울특별시 동대문구 용두동 34-1"
단풍나무,용두공원,"서울특별시 동대문구 용두동 34-1"
백합나무,용두공원,"서울특별시 동대문구 용두동 34-1"
단풍나무,용두공원,"서울특별시 동대문구 용두동 34-1"
단풍나무,용두공원,"서울특별시 동대문구 용두동 34-1"
살구나무,용두공원,"서울특별시 동대문구 용두동 34-1"
백합나무,용두공원,"서울특별시 동대문구 용두동 34-1"
매실나무,용두공원,"서울특별시 동대문구 용두동 34-1"
단풍나무,용두공원,"서울특별시 동대문구 용두동 34-1"
백합나무,용두공원,"서울특별시 동대문구 용두동 34-1"
매실나무,용두공원,"서울특별시 동대문구 용두동 34-1"
소나무,용두공원,"서울특별시 동대문구 용두동 34-1"
단풍나무,용두공원,"서울특별시 동대문구 용두동 34-1"
소나무,용두공원,"서울특별시 동대문구 용두동 34-1"
소나무,용두공원,"서울특별시 동대문구 용두동 34-1"
매실나무,용두공원,"서울특별시 동대문구 용두동 34-1"
뽕나무,용두공원,"서울특별시 동대문구 용두동 34-1"
주목,용두공원,"서울특별시 동대문구 용두동 34-1"
주목,용두공원,"서울특별시 동대문구 용두동 34-1"
감나무,용두공원,"서울특별시 동대문구 용두동 34-1"
감나무,용두공원,"서울특별시 동대문구 용두동 34-1"
살구나무,용두공원,"서울특별시 동대문구 용두동 34-1"
감나무,용두공원,"서울특별시 동대문구 용두동 34-1"
단풍나무,용두공원,"서울특별시 동대문구 용두동 34-1"
자귀나무,용두공원,"서울특별시 동대문구 용두동 34-1"
단풍나무,용두공원,"서울특별시 동대문구 용두동 34-1"
백합나무,용두공원,"서울특별시 동대문구 용두동 34-1"
단풍나무,용두공원,"서울특별시 동대문구 용두동 34-1"
단풍나무,용두공원,"서울특별시 동대문구 용두동 34-1"
참나무,용두공원,"서울특별시 동대문구 용두동 34-1"
단풍나무,용두공원,"서울특별시 동대문구 용두동 34-1"
백합나무,용두공원,"서울특별시 동대문구 용두동 34-1"
소나무,용두공원,"서울특별시 동대문구 용두동 34-1"
소나무,용두공원,"서울특별시 동대문구 용두동 34-1"
소나무,용두공원,"서울특별시 동대문구 용두동 34-1"
참나무,용두공원,"서울특별시 동대문구 용두동 34-1"
단풍나무,용두공원,"서울특별시 동대문구 용두동 34-1"
참나무,용두공원,"서울특별시 동대문구 용두동 34-1"
이팝나무,용두공원,"서울특별시 동대문구 용두동 34-1"
벚나무,용두공원,"서울특별시 동대문구 용두동 34-1"
벚나무,용두공원,"서울특별시 동대문구 용두동 34-1"
단풍나무,용두공원,"서울특별시 동대문구 용두동 34-1"
단풍나무,용두공원,"서울특별시 동대문구 용두동 34-1"
단풍나무,용두공원,"서울특별시 동대문구 용두동 34-1"
때죽나무,용두공원,"서울특별시 동대문구 용두동 34-1"
백합나무,용두공원,"서울특별시 동대문구 용두동 34-1"
벚나무,용두공원,"서울특별시 동대문구 용두동 34-1"
벚나무,용두공원,"서울특별시 동대문구 용두동 34-1"
벚나무,용두공원,"서울특별시 동대문구 용두동 34-1"
소나무,용두공원,"서울특별시 동대문구 용두동 34-1"
단풍나무,용두공원,"서울특별시 동대문구 용두동 34-1"
단풍나무,용두공원,"서울특별시 동대문구 용두동 34-1"
버드나무,용두공원,"서울특별시 동대문구 용두동 34-1"
뽕나무,용두공원,"서울특별시 동대문구 용두동 34-1"
벚나무,용두공원,"서울특별시 동대문구 용두동 34-1"
소나무,용두공원,"서울특별시 동대문구 용두동 34-1"
단풍나무,용두공원,"서울특별시 동대문구 용두동 34-1"
참나무,용두공원,"서울특별시 동대문구 용두동 34-1"
단풍나무,용두공원,"서울특별시 동대문구 용두동 34-1"
벚나무,용두공원,"서울특별시 동대문구 용두동 34-1"
참나무,용두공원,"서울특별시 동대문구 용두동 34-1"
느티나무,용두공원,"서울특별시 동대문구 용두동 34-1"
벚나무,용두공원,"서울특별시 동대문구 용두동 34-1"
참나무,용두공원,"서울특별시 동대문구 용두동 34-1"
참나무,용두공원,"서울특별시 동대문구 용두동 34-1"
산딸나무,용두공원,"서울특별시 동대문구 용두동 34-1"
산딸나무,용두공원,"서울특별시 동대문구 용두동 34-1"
밤나무,용두공원,"서울특별시 동대문구 용두동 34-1"
살구나무,용두공원,"서울특별시 동대문구 용두동 34-1"
참나무,용두공원,"서울특별시 동대문구 용두동 34-1"
참나무,용두공원,"서울특별시 동대문구 용두동 34-1"
참나무,용두공원,"서울특별시 동대문구 용두동 34-1"
소나무,용두공원,"서울특별시 동대문구 용두동 34-1"
참나무,용두공원,"서울특별시 동대문구 용두동 34-1"
이팝나무,용두공원,"서울특별시 동대문구 용두동 34-1"
소나무,용두공원,"서울특별시 동대문구 용두동 34-1"
단풍나무,용두공원,"서울특별시 동대문구 용두동 34-1"
참나무,용두공원,"서울특별시 동대문구 용두동 34-1"
단풍나무,용두공원,"서울특별시 동대문구 용두동 34-1"
이팝나무,용두공원,"서울특별시 동대문구 용두동 34-1"
소나무,용두공원,"서울특별시 동대문구 용두동 34-1"
소나무,용두공원,"서울특별시 동대문구 용두동 34-1"
때죽나무,용두공원,"서울특별시 동대문구 용두동 34-1"
소나무,용두공원,"서울특별시 동대문구 용두동 34-1"
벚나무,용두공원,"서울특별시 동대문구 용두동 34-1"
단풍나무,용두공원,"서울특별시 동대문구 용두동 34-1"
단풍나무,용두공원,"서울특별시 동대문구 용두동 34-1"
단풍나무,용두공원,"서울특별시 동대문구 용두동 34-1"
향나무,용두공원,"서울특별시 동대문구 용두동 34-1"
이팝나무,용두공원,"서울특별시 동대문구 용두동 34-1"
벚나무,용두공원,"서울특별시 동대문구 용두동 34-1"
참나무,용두공원,"서울특별시 동대문구 용두동 34-1"
느티나무,용두공원,"서울특별시 동대문구 용두동 34-1"
잣나무,용두공원,"서울특별시 동대문구 용두동 34-1"
벚나무,용두공원,"서울특별시 동대문구 용두동 34-1"
이팝나무,용두공원,"서울특별시 동대문구 용두동 34-1"
단풍나무,용두공원,"서울특별시 동대문구 용두동 34-1"
이팝나무,용두공원,"서울특별시 동대문구 용두동 34-1"
단풍나무,용두공원,"서울특별시 동대문구 용두동 34-1"
벚나무,용두공원,"서울특별시 동대문구 용두동 34-1"
단풍나무,용두공원,"서울특별시 동대문구 용두동 34-1"
모과나무,용두공원,"서울특별시 동대문구 용두동 34-1"
단풍나무,용두공원,"서울특별시 동대문구 용두동 34-1"
잣나무,용두공원,"서울특별시 동대문구 용두동 34-1"
단풍나무,용두공원,"서울특별시 동대문구 용두동 34-1"
잣나무,용두공원,"서울특별시 동대문구 용두동 34-1"
모과나무,용두공원,"서울특별시 동대문구 용두동 34-1"
잣나무,용두공원,"서울특별시 동대문구 용두동 34-1"
잣나무,용두공원,"서울특별시 동대문구 용두동 34-1"
소나무,용두공원,"서울특별시 동대문구 용두동 34-1"
소나무,용두공원,"서울특별시 동대문구 용두동 34-1"
소나무,용두공원,"서울특별시 동대문구 용두동 34-1"
소나무,용두공원,"서울특별시 동대문구 용두동 34-1"
소나무,용두공원,"서울특별시 동대문구 용두동 34-1"
단풍나무,용두공원,"서울특별시 동대문구 용두동 34-1"
느티나무,용두공원,"서울특별시 동대문구 용두동 34-1"
느티나무,용두공원,"서울특별시 동대문구 용두동 34-1"
모과나무,용두공원,"서울특별시 동대문구 용두동 34-1"
향나무,용두공원,"서울특별시 동대문구 용두동 34-1"
단풍나무,용두공원,"서울특별시 동대문구 용두동 34-1"
향나무,용두공원,"서울특별시 동대문구 용두동 34-1"
단풍나무,용두공원,"서울특별시 동대문구 용두동 34-1"
벚나무,용두공원,"서울특별시 동대문구 용두동 34-1"
잣나무,용두공원,"서울특별시 동대문구 용두동 34-1"
단풍나무,용두공원,"서울특별시 동대문구 용두동 34-1"
소나무,용두공원,"서울특별시 동대문구 용두동 34-1"
잣나무,용두공원,"서울특별시 동대문구 용두동 34-1"
단풍나무,용두공원,"서울특별시 동대문구 용두동 34-1"
벚나무,용두공원,"서울특별시 동대문구 용두동 34-1"
소나무,용두공원,"서울특별시 동대문구 용두동 34-1"
단풍나무,용두공원,"서울특별시 동대문구 용두동 34-1"
참나무,용두공원,"서울특별시 동대문구 용두동 34-1"
단풍나무,용두공원,"서울특별시 동대문구 용두동 34-1"
벚나무,용두공원,"서울특별시 동대문구 용두동 34-1"
중국단풍,용두공원,"서울특별시 동대문구 용두동 34-1"
벚나무,용두공원,"서울특별시 동대문구 용두동 34-1"
산수유,용두공원,"서울특별시 동대문구 용두동 34-1"
벚나무,용두공원,"서울특별시 동대문구 용두동 34-1"
산수유,용두공원,"서울특별시 동대문구 용두동 34-1"
소나무,용두공원,"서울특별시 동대문구 용두동 34-1"
산수유,용두공원,"서울특별시 동대문구 용두동 34-1"
소나무,용두공원,"서울특별시 동대문구 용두동 34-1"
중국단풍,용두공원,"서울특별시 동대문구 용두동 34-1"
감나무,용두공원,"서울특별시 동대문구 용두동 34-1"
산수유,용두공원,"서울특별시 동대문구 용두동 34-1"
중국단풍,용두공원,"서울특별시 동대문구 용두동 34-1"
소나무,용두공원,"서울특별시 동대문구 용두동 34-1"
소나무,용두공원,"서울특별시 동대문구 용두동 34-1"
소나무,용두공원,"서울특별시 동대문구 용두동 34-1"
소나무,용두공원,"서울특별시 동대문구 용두동 34-1"
소나무,용두공원,"서울특별시 동대문구 용두동 34-1"
참나무,용두공원,"서울특별시 동대문구 용두동 34-1"
소나무,용두공원,"서울특별시 동대문구 용두동 34-1"
산수유,용두공원,"서울특별시 동대문구 용두동 34-1"
소나무,용두공원,"서울특별시 동대문구 용두동 34-1"
소나무,용두공원,"서울특별시 동대문구 용두동 34-1"
감나무,용두공원,"서울특별시 동대문구 용두동 34-1"
산딸나무,용두공원,"서울특별시 동대문구 용두동 34-1"
감나무,용두공원,"서울특별시 동대문구 용두동 34-1"
모과나무,용두공원,"서울특별시 동대문구 용두동 34-1"
산수유,용두공원,"서울특별시 동대문구 용두동 34-1"
주목,용두공원,"서울특별시 동대문구 용두동 34-1"
단풍나무,용두공원,"서울특별시 동대문구 용두동 34-1"
단풍나무,용두공원,"서울특별시 동대문구 용두동 34-1"
단풍나무,용두공원,"서울특별시 동대문구 용두동 34-1"
단풍나무,용두공원,"서울특별시 동대문구 용두동 34-1"
모과나무,용두공원,"서울특별시 동대문구 용두동 34-1"
느티나무,용두공원,"서울특별시 동대문구 용두동 34-1"
모과나무,용두공원,"서울특별시 동대문구 용두동 34-1"
주목,용두공원,"서울특별시 동대문구 용두동 34-1"
느티나무,용두공원,"서울특별시 동대문구 용두동 34-1"
감나무,용두공원,"서울특별시 동대문구 용두동 34-1"
느티나무,용두공원,"서울특별시 동대문구 용두동 34-1"
주목,용두공원,"서울특별시 동대문구 용두동 34-1"
단풍나무,용두공원,"서울특별시 동대문구 용두동 34-1"
모과나무,용두공원,"서울특별시 동대문구 용두동 34-1"
단풍나무,용두공원,"서울특별시 동대문구 용두동 34-1"
모과나무,용두공원,"서울특별시 동대문구 용두동 34-1"
단풍나무,용두공원,"서울특별시 동대문구 용두동 34-1"
느티나무,용두공원,"서울특별시 동대문구 용두동 34-1"
모과나무,용두공원,"서울특별시 동대문구 용두동 34-1"
산수유,용두공원,"서울특별시 동대문구 용두동 34-1"
산수유,용두공원,"서울특별시 동대문구 용두동 34-1"
벚나무,용두공원,"서울특별시 동대문구 용두동 34-1"
단풍나무,용두공원,"서울특별시 동대문구 용두동 34-1"
단풍나무,용두공원,"서울특별시 동대문구 용두동 34-1"
벚나무,용두공원,"서울특별시 동대문구 용두동 34-1"
단풍나무,용두공원,"서울특별시 동대문구 용두동 34-1"
왕벚나무,용두공원,"서울특별시 동대문구 용두동 34-1"
벚나무,용두공원,"서울특별시 동대문구 용두동 34-1"
벚나무,용두공원,"서울특별시 동대문구 용두동 34-1"
단풍나무,용두공원,"서울특별시 동대문구 용두동 34-1"
단풍나무,용두공원,"서울특별시 동대문구 용두동 34-1"
소나무,용두공원,"서울특별시 동대문구 용두동 34-1"
소나무,용두공원,"서울특별시 동대문구 용두동 34-1"
소나무,용두공원,"서울특별시 동대문구 용두동 34-1"
참나무,용두공원,"서울특별시 동대문구 용두동 34-1"
소나무,용두공원,"서울특별시 동대문구 용두동 34-1"
소나무,용두공원,"서울특별시 동대문구 용두동 34-1"
소나무,용두공원,"서울특별시 동대문구 용두동 34-1"
소나무,용두공원,"서울특별시 동대문구 용두동 34-1"
소나무,용두공원,"서울특별시 동대문구 용두동 34-1"
단풍나무,용두공원,"서울특별시 동대문구 용두동 34-1"
단풍나무,용두공원,"서울특별시 동대문구 용두동 34-1"
단풍나무,용두공원,"서울특별시 동대문구 용두동 34-1"
산딸나무,용두공원,"서울특별시 동대문구 용두동 34-1"
산딸나무,용두공원,"서울특별시 동대문구 용두동 34-1"
은행나무,용두공원,"서울특별시 동대문구 용두동 34-1"
산딸나무,용두공원,"서울특별시 동대문구 용두동 34-1"
느티나무,용두공원,"서울특별시 동대문구 용두동 34-1"
밤나무,용두공원,"서울특별시 동대문구 용두동 34-1"
단풍나무,용두공원,"서울특별시 동대문구 용두동 34-1"
단풍나무,용두공원,"서울특별시 동대문구 용두동 34-1"
단풍나무,용두공원,"서울특별시 동대문구 용두동 34-1"
단풍나무,용두공원,"서울특별시 동대문구 용두동 34-1"
단풍나무,용두공원,"서울특별시 동대문구 용두동 34-1"
벚나무,용두공원,"서울특별시 동대문구 용두동 34-1"
벚나무,용두공원,"서울특별시 동대문구 용두동 34-1"
중국단풍,용두공원,"서울특별시 동대문구 용두동 34-1"
중국단풍,용두공원,"서울특별시 동대문구 용두동 34-1"
단풍나무,용두공원,"서울특별시 동대문구 용두동 34-1"
중국단풍,용두공원,"서울특별시 동대문구 용두동 34-1"
단풍나무,용두공원,"서울특별시 동대문구 용두동 34-1"
단풍나무,용두공원,"서울특별시 동대문구 용두동 34-1"
단풍나무,용두공원,"서울특별시 동대문구 용두동 34-1"
벚나무,용두공원,"서울특별시 동대문구 용두동 34-1"
단풍나무,용두공원,"서울특별시 동대문구 용두동 34-1"
단풍나무,용두공원,"서울특별시 동대문구 용두동 34-1"
회화나무,용두공원,"서울특별시 동대문구 용두동 34-1"
벚나무,용두공원,"서울특별시 동대문구 용두동 34-1"
벚나무,용두공원,"서울특별시 동대문구 용두동 34-1"
잣나무,용두공원,"서울특별시 동대문구 용두동 34-1"
잣나무,용두공원,"서울특별시 동대문구 용두동 34-1"
잣나무,용두공원,"서울특별시 동대문구 용두동 34-1"
잣나무,용두공원,"서울특별시 동대문구 용두동 34-1"
벚나무,용두공원,"서울특별시 동대문구 용두동 34-1"
단풍나무,용두공원,"서울특별시 동대문구 용두동 34-1"
단풍나무,용두공원,"서울특별시 동대문구 용두동 34-1"
때죽나무,용두공원,"서울특별시 동대문구 용두동 34-1"
벚나무,용두공원,"서울특별시 동대문구 용두동 34-1"
때죽나무,용두공원,"서울특별시 동대문구 용두동 34-1"
때죽나무,용두공원,"서울특별시 동대문구 용두동 34-1"
때죽나무,용두공원,"서울특별시 동대문구 용두동 34-1"
산수유,용두공원,"서울특별시 동대문구 용두동 34-1"
잣나무,용두공원,"서울특별시 동대문구 용두동 34-1"
단풍나무,용두공원,"서울특별시 동대문구 용두동 34-1"
잣나무,용두공원,"서울특별시 동대문구 용두동 34-1"
잣나무,용두공원,"서울특별시 동대문구 용두동 34-1"
잣나무,용두공원,"서울특별시 동대문구 용두동 34-1"
벚나무,용두공원,"서울특별시 동대문구 용두동 34-1"
벚나무,용두공원,"서울특별시 동대문구 용두동 34-1"
때죽나무,용두공원,"서울특별시 동대문구 용두동 34-1"
벚나무,용두공원,"서울특별시 동대문구 용두동 34-1"
벚나무,용두공원,"서울특별시 동대문구 용두동 34-1"
단풍나무,용두공원,"서울특별시 동대문구 용두동 34-1"
단풍나무,용두공원,"서울특별시 동대문구 용두동 34-1"
잣나무,용두공원,"서울특별시 동대문구 용두동 34-1"
단풍나무,용두공원,"서울특별시 동대문구 용두동 34-1"
잣나무,용두공원,"서울특별시 동대문구 용두동 34-1"
단풍나무,용두공원,"서울특별시 동대문구 용두동 34-1"
잣나무,용두공원,"서울특별시 동대문구 용두동 34-1"
느티나무,용두공원,"서울특별시 동대문구 용두동 34-1"
잣나무,용두공원,"서울특별시 동대문구 용두동 34-1"
잣나무,용두공원,"서울특별시 동대문구 용두동 34-1"
단풍나무,용두공원,"서울특별시 동대문구 용두동 34-1"
단풍나무,용두공원,"서울특별시 동대문구 용두동 34-1"
단풍나무,용두공원,"서울특별시 동대문구 용두동 34-1"
산딸나무,용두공원,"서울특별시 동대문구 용두동 34-1"
벚나무,용두공원,"서울특별시 동대문구 용두동 34-1"
단풍나무,용두공원,"서울특별시 동대문구 용두동 34-1"
느티나무,용두공원,"서울특별시 동대문구 용두동 34-1"
느티나무,용두공원,"서울특별시 동대문구 용두동 34-1"
산딸나무,용두공원,"서울특별시 동대문구 용두동 34-1"
때죽나무,용두공원,"서울특별시 동대문구 용두동 34-1"
단풍나무,용두공원,"서울특별시 동대문구 용두동 34-1"
때죽나무,용두공원,"서울특별시 동대문구 용두동 34-1"
단풍나무,용두공원,"서울특별시 동대문구 용두동 34-1"
단풍나무,용두공원,"서울특별시 동대문구 용두동 34-1"
단풍나무,용두공원,"서울특별시 동대문구 용두동 34-1"
때죽나무,용두공원,"서울특별시 동대문구 용두동 34-1"
때죽나무,용두공원,"서울특별시 동대문구 용두동 34-1"
때죽나무,용두공원,"서울특별시 동대문구 용두동 34-1"
모과나무,용두공원,"서울특별시 동대문구 용두동 34-1"
잣나무,용두공원,"서울특별시 동대문구 용두동 34-1"
잣나무,용두공원,"서울특별시 동대문구 용두동 34-1"
모과나무,용두공원,"서울특별시 동대문구 용두동 34-1"
잣나무,용두공원,"서울특별시 동대문구 용두동 34-1"
모과나무,용두공원,"서울특별시 동대문구 용두동 34-1"
잣나무,용두공원,"서울특별시 동대문구 용두동 34-1"
모과나무,용두공원,"서울특별시 동대문구 용두동 34-1"
잣나무,용두공원,"서울특별시 동대문구 용두동 34-1"
잣나무,용두공원,"서울특별시 동대문구 용두동 34-1"
모과나무,용두공원,"서울특별시 동대문구 용두동 34-1"
산수유,용두공원,"서울특별시 동대문구 용두동 34-1"
산수유,용두공원,"서울특별시 동대문구 용두동 34-1"
산수유,용두공원,"서울특별시 동대문구 용두동 34-1"
산수유,용두공원,"서울특별시 동대문구 용두동 34-1"
잣나무,용두공원,"서울특별시 동대문구 용두동 34-1"
산수유,용두공원,"서울특별시 동대문구 용두동 34-1"
산수유,용두공원,"서울특별시 동대문구 용두동 34-1"
소나무,용두공원,"서울특별시 동대문구 용두동 34-1"
잣나무,용두공원,"서울특별시 동대문구 용두동 34-1"
모과나무,용두공원,"서울특별시 동대문구 용두동 34-1"
소나무,용두공원,"서울특별시 동대문구 용두동 34-1"
잣나무,용두공원,"서울특별시 동대문구 용두동 34-1"
모과나무,용두공원,"서울특별시 동대문구 용두동 34-1"
느티나무,용두공원,"서울특별시 동대문구 용두동 34-1"
잣나무,용두공원,"서울특별시 동대문구 용두동 34-1"
잣나무,용두공원,"서울특별시 동대문구 용두동 34-1"
벚나무,용두공원,"서울특별시 동대문구 용두동 34-1"
벚나무,용두공원,"서울특별시 동대문구 용두동 34-1"
벚나무,용두공원,"서울특별시 동대문구 용두동 34-1"
잣나무,용두공원,"서울특별시 동대문구 용두동 34-1"
단풍나무,용두공원,"서울특별시 동대문구 용두동 34-1"
소나무,용두공원,"서울특별시 동대문구 용두동 34-1"
잣나무,용두공원,"서울특별시 동대문구 용두동 34-1"
단풍나무,용두공원,"서울특별시 동대문구 용두동 34-1"
소나무,용두공원,"서울특별시 동대문구 용두동 34-1"
잣나무,용두공원,"서울특별시 동대문구 용두동 34-1"
잣나무,용두공원,"서울특별시 동대문구 용두동 34-1"
단풍나무,용두공원,"서울특별시 동대문구 용두동 34-1"
잣나무,용두공원,"서울특별시 동대문구 용두동 34-1"
느티나무,용두공원,"서울특별시 동대문구 용두동 34-1"
메타세쿼이아,용두공원,"서울특별시 동대문구 용두동 34-1"
잣나무,용두공원,"서울특별시 동대문구 용두동 34-1"
메타세쿼이아,용두공원,"서울특별시 동대문구 용두동 34-1"
잣나무,용두공원,"서울특별시 동대문구 용두동 34-1"
잣나무,용두공원,"서울특별시 동대문구 용두동 34-1"
산수유,용두공원,"서울특별시 동대문구 용두동 34-1"
벚나무,용두공원,"서울특별시 동대문구 용두동 34-1"
목련,용두공원,"서울특별시 동대문구 용두동 34-1"
잣나무,용두공원,"서울특별시 동대문구 용두동 34-1"
벚나무,용두공원,"서울특별시 동대문구 용두동 34-1"
벚나무,용두공원,"서울특별시 동대문구 용두동 34-1"
소나무,용두공원,"서울특별시 동대문구 용두동 34-1"
메타세쿼이아,용두공원,"서울특별시 동대문구 용두동 34-1"
벚나무,용두공원,"서울특별시 동대문구 용두동 34-1"
벚나무,용두공원,"서울특별시 동대문구 용두동 34-1"
벚나무,용두공원,"서울특별시 동대문구 용두동 34-1"
벚나무,용두공원,"서울특별시 동대문구 용두동 34-1"
잣나무,용두공원,"서울특별시 동대문구 용두동 34-1"
벚나무,용두공원,"서울특별시 동대문구 용두동 34-1"
느티나무,용두공원,"서울특별시 동대문구 용두동 34-1"
느티나무,용두공원,"서울특별시 동대문구 용두동 34-1"
느티나무,용두공원,"서울특별시 동대문구 용두동 34-1"
잣나무,용두공원,"서울특별시 동대문구 용두동 34-1"
메타세쿼이아,용두공원,"서울특별시 동대문구 용두동 34-1"
소나무,용두공원,"서울특별시 동대문구 용두동 34-1"
벚나무,용두공원,"서울특별시 동대문구 용두동 34-1"
느티나무,용두공원,"서울특별시 동대문구 용두동 34-1"
잣나무,용두공원,"서울특별시 동대문구 용두동 34-1"
벚나무,용두공원,"서울특별시 동대문구 용두동 34-1"
메타세쿼이아,용두공원,"서울특별시 동대문구 용두동 34-1"
잣나무,용두공원,"서울특별시 동대문구 용두동 34-1"
단풍나무,용두공원,"서울특별시 동대문구 용두동 34-1"
잣나무,용두공원,"서울특별시 동대문구 용두동 34-1"
소나무,용두공원,"서울특별시 동대문구 용두동 34-1"
메타세쿼이아,용두공원,"서울특별시 동대문구 용두동 34-1"
잣나무,용두공원,"서울특별시 동대문구 용두동 34-1"
벚나무,용두공원,"서울특별시 동대문구 용두동 34-1"
잣나무,용두공원,"서울특별시 동대문구 용두동 34-1"
메타세쿼이아,용두공원,"서울특별시 동대문구 용두동 34-1"
소나무,용두공원,"서울특별시 동대문구 용두동 34-1"
소나무,용두공원,"서울특별시 동대문구 용두동 34-1"
잣나무,용두공원,"서울특별시 동대문구 용두동 34-1"
메타세쿼이아,용두공원,"서울특별시 동대문구 용두동 34-1"
잣나무,용두공원,"서울특별시 동대문구 용두동 34-1"
잣나무,용두공원,"서울특별시 동대문구 용두동 34-1"
메타세쿼이아,용두공원,"서울특별시 동대문구 용두동 34-1"
소나무,용두공원,"서울특별시 동대문구 용두동 34-1"
잣나무,용두공원,"서울특별시 동대문구 용두동 34-1"
잣나무,용두공원,"서울특별시 동대문구 용두동 34-1"
소나무,용두공원,"서울특별시 동대문구 용두동 34-1"
잣나무,용두공원,"서울특별시 동대문구 용두동 34-1"
중국단풍,용두공원,"서울특별시 동대문구 용두동 34-1"
중국단풍,용두공원,"서울특별시 동대문구 용두동 34-1"
느티나무,용두공원,"서울특별시 동대문구 용두동 34-1"
소나무,용두공원,"서울특별시 동대문구 용두동 34-1"
중국단풍,용두공원,"서울특별시 동대문구 용두동 34-1"
소나무,용두공원,"서울특별시 동대문구 용두동 34-1"
중국단풍,용두공원,"서울특별시 동대문구 용두동 34-1"
잣나무,용두공원,"서울특별시 동대문구 용두동 34-1"
소나무,용두공원,"서울특별시 동대문구 용두동 34-1"
잣나무,용두공원,"서울특별시 동대문구 용두동 34-1"
잣나무,용두공원,"서울특별시 동대문구 용두동 34-1"
느티나무,용두공원,"서울특별시 동대문구 용두동 34-1"
잣나무,용두공원,"서울특별시 동대문구 용두동 34-1"
목련,용두공원,"서울특별시 동대문구 용두동 34-1"
느티나무,용두공원,"서울특별시 동대문구 용두동 34-1"
벚나무,용두공원,"서울특별시 동대문구 용두동 34-1"
잣나무,용두공원,"서울특별시 동대문구 용두동 34-1"
잣나무,용두공원,"서울특별시 동대문구 용두동 34-1"
느티나무,용두공원,"서울특별시 동대문구 용두동 34-1"
느티나무,용두공원,"서울특별시 동대문구 용두동 34-1"
소나무,용두공원,"서울특별시 동대문구 용두동 34-1"
참나무,용두공원,"서울특별시 동대문구 용두동 34-1"
중국단풍,용두공원,"서울특별시 동대문구 용두동 34-1"
느티나무,용두공원,"서울특별시 동대문구 용두동 34-1"
잣나무,용두공원,"서울특별시 동대문구 용두동 34-1"
느티나무,용두공원,"서울특별시 동대문구 용두동 34-1"
잣나무,용두공원,"서울특별시 동대문구 용두동 34-1"
잣나무,용두공원,"서울특별시 동대문구 용두동 34-1"
잣나무,용두공원,"서울특별시 동대문구 용두동 34-1"
벚나무,용두공원,"서울특별시 동대문구 용두동 34-1"
잣나무,용두공원,"서울특별시 동대문구 용두동 34-1"
벚나무,용두공원,"서울특별시 동대문구 용두동 34-1"
벚나무,용두공원,"서울특별시 동대문구 용두동 34-1"
벚나무,용두공원,"서울특별시 동대문구 용두동 34-1"
벚나무,용두공원,"서울특별시 동대문구 용두동 34-1"
산수유,용두공원,"서울특별시 동대문구 용두동 34-1"
벚나무,용두공원,"서울특별시 동대문구 용두동 34-1"
벚나무,용두공원,"서울특별시 동대문구 용두동 34-1"
잣나무,용두공원,"서울특별시 동대문구 용두동 34-1"
벚나무,용두공원,"서울특별시 동대문구 용두동 34-1"
잣나무,용두공원,"서울특별시 동대문구 용두동 34-1"
벚나무,용두공원,"서울특별시 동대문구 용두동 34-1"
목련,용두공원,"서울특별시 동대문구 용두동 34-1"
벚나무,용두공원,"서울특별시 동대문구 용두동 34-1"
벚나무,용두공원,"서울특별시 동대문구 용두동 34-1"
벚나무,용두공원,"서울특별시 동대문구 용두동 34-1"
잣나무,용두공원,"서울특별시 동대문구 용두동 34-1"
벚나무,용두공원,"서울특별시 동대문구 용두동 34-1"
모과나무,용두공원,"서울특별시 동대문구 용두동 34-1"
벚나무,용두공원,"서울특별시 동대문구 용두동 34-1"
느티나무,용두공원,"서울특별시 동대문구 용두동 34-1"
은행나무,용두공원,"서울특별시 동대문구 용두동 34-1"
잣나무,용두공원,"서울특별시 동대문구 용두동 34-1"
벚나무,용두공원,"서울특별시 동대문구 용두동 34-1"
소나무,용두공원,"서울특별시 동대문구 용두동 34-1"
소나무,용두공원,"서울특별시 동대문구 용두동 34-1"
벚나무,용두공원,"서울특별시 동대문구 용두동 34-1"
단풍나무,용두공원,"서울특별시 동대문구 용두동 34-1"
벚나무,용두공원,"서울특별시 동대문구 용두동 34-1"
벚나무,용두공원,"서울특별시 동대문구 용두동 34-1"
잣나무,용두공원,"서울특별시 동대문구 용두동 34-1"
소나무,용두공원,"서울특별시 동대문구 용두동 34-1"
잣나무,용두공원,"서울특별시 동대문구 용두동 34-1"
잣나무,용두공원,"서울특별시 동대문구 용두동 34-1"
잣나무,용두공원,"서울특별시 동대문구 용두동 34-1"
소나무,용두공원,"서울특별시 동대문구 용두동 34-1"
벚나무,용두공원,"서울특별시 동대문구 용두동 34-1"
소나무,용두공원,"서울특별시 동대문구 용두동 34-1"
단풍나무,용두공원,"서울특별시 동대문구 용두동 34-1"
단풍나무,용두공원,"서울특별시 동대문구 용두동 34-1"
소나무,용두공원,"서울특별시 동대문구 용두동 34-1"
소나무,용두공원,"서울특별시 동대문구 용두동 34-1"
소나무,용두공원,"서울특별시 동대문구 용두동 34-1"
소나무,용두공원,"서울특별시 동대문구 용두동 34-1"
소나무,용두공원,"서울특별시 동대문구 용두동 34-1"
소나무,용두공원,"서울특별시 동대문구 용두동 34-1"
소나무,용두공원,"서울특별시 동대문구 용두동 34-1"
벚나무,용두공원,"서울특별시 동대문구 용두동 34-1"
소나무,용두공원,"서울특별시 동대문구 용두동 34-1"
소나무,용두공원,"서울특별시 동대문구 용두동 34-1"
소나무,용두공원,"서울특별시 동대문구 용두동 34-1"
벚나무,용두공원,"서울특별시 동대문구 용두동 34-1"
소나무,용두공원,"서울특별시 동대문구 용두동 34-1"
소나무,용두공원,"서울특별시 동대문구 용두동 34-1"
소나무,용두공원,"서울특별시 동대문구 용두동 34-1"
소나무,용두공원,"서울특별시 동대문구 용두동 34-1"
소나무,용두공원,"서울특별시 동대문구 용두동 34-1"
소나무,용두공원,"서울특별시 동대문구 용두동 34-1"
소나무,용두공원,"서울특별시 동대문구 용두동 34-1"
벚나무,용두공원,"서울특별시 동대문구 용두동 34-1"
소나무,용두공원,"서울특별시 동대문구 용두동 34-1"
대추나무,용두공원,"서울특별시 동대문구 용두동 34-1"
소나무,용두공원,"서울특별시 동대문구 용두동 34-1"
대추나무,용두공원,"서울특별시 동대문구 용두동 34-1"
소나무,용두공원,"서울특별시 동대문구 용두동 34-1"
소나무,용두공원,"서울특별시 동대문구 용두동 34-1"
소나무,용두공원,"서울특별시 동대문구 용두동 34-1"
소나무,용두공원,"서울특별시 동대문구 용두동 34-1"
벚나무,용두공원,"서울특별시 동대문구 용두동 34-1"
벚나무,용두공원,"서울특별시 동대문구 용두동 34-1"
대추나무,용두공원,"서울특별시 동대문구 용두동 34-1"
단풍나무,용두공원,"서울특별시 동대문구 용두동 34-1"
단풍나무,용두공원,"서울특별시 동대문구 용두동 34-1"
벚나무,용두공원,"서울특별시 동대문구 용두동 34-1"
벚나무,용두공원,"서울특별시 동대문구 용두동 34-1"
단풍나무,용두공원,"서울특별시 동대문구 용두동 34-1"
벚나무,용두공원,"서울특별시 동대문구 용두동 34-1"
소나무,용두공원,"서울특별시 동대문구 용두동 34-1"
소나무,용두공원,"서울특별시 동대문구 용두동 34-1"
느티나무,용두공원,"서울특별시 동대문구 용두동 34-1"
소나무,용두공원,"서울특별시 동대문구 용두동 34-1"
느티나무,용두공원,"서울특별시 동대문구 용두동 34-1"
느티나무,용두공원,"서울특별시 동대문구 용두동 34-1"
은행나무,용두공원,"서울특별시 동대문구 용두동 34-1"
느티나무,용두공원,"서울특별시 동대문구 용두동 34-1"
느티나무,용두공원,"서울특별시 동대문구 용두동 34-1"
느티나무,용두공원,"서울특별시 동대문구 용두동 34-1"
느티나무,용두공원,"서울특별시 동대문구 용두동 34-1"
벚나무,용두공원,"서울특별시 동대문구 용두동 34-1"
NULL,NULL,"서울특별시 동대문구 이문동 292-100"
NULL,NULL,"서울특별시 동대문구 이문동 255-223"
NULL,NULL,"서울특별시 동대문구 이문동 209-1"
NULL,NULL,"서울특별시 동대문구 이문동 255-223"
NULL,NULL,"서울특별시 동대문구 제기동 909"
NULL,NULL,"서울특별시 동대문구 이문동 209-1"
NULL,NULL,"서울특별시 동대문구 이문동 255-223"
NULL,NULL,"서울특별시 동대문구 용두동 130-16"
NULL,NULL,"서울특별시 동대문구 청량리동 317-1"
NULL,NULL,"서울특별시 동대문구 이문동 209-1"
NULL,NULL,"서울특별시 동대문구 제기동 136-207"
NULL,NULL,"서울특별시 동대문구 이문동 209-1"
NULL,NULL,"서울특별시 동대문구 회기동 60-172"
NULL,NULL,"서울특별시 동대문구 이문동 209-1"
NULL,NULL,"서울특별시 동대문구 이문동 292-100"
NULL,NULL,"서울특별시 동대문구 제기동 136-207"
NULL,NULL,"서울특별시 동대문구 제기동 136-207"
NULL,NULL,"서울특별시 동대문구 이문동 209-1"
NULL,NULL,"서울특별시 동대문구 이문동 209-1"
NULL,NULL,"서울특별시 동대문구 제기동 136-207"
NULL,NULL,"서울특별시 동대문구 이문동 255-223"
NULL,NULL,"서울특별시 동대문구 이문동 255-223"
NULL,NULL,"서울특별시 동대문구 제기동 1150-6"
NULL,NULL,"서울특별시 동대문구 이문동 220-202"
NULL,NULL,"서울특별시 동대문구 제기동 136-207"
NULL,NULL,"서울특별시 동대문구 제기동 136-207"
NULL,NULL,"서울특별시 동대문구 이문동 292-100"
NULL,NULL,"서울특별시 동대문구 이문동 209-1"
NULL,NULL,"서울특별시 동대문구 용두동 39-316"
NULL,NULL,"서울특별시 동대문구 제기동 136-207"
NULL,NULL,"서울특별시 동대문구 용두동 130-16"
NULL,NULL,"서울특별시 동대문구 이문동 209-1"
NULL,NULL,"서울특별시 동대문구 이문동 209-1"
NULL,NULL,"서울특별시 동대문구 이문동 220-202"
NULL,NULL,"서울특별시 동대문구 제기동 136-207"
NULL,NULL,"서울특별시 동대문구 용두동 130-16"
NULL,NULL,"서울특별시 동대문구 제기동 136-207"
NULL,NULL,"서울특별시 동대문구 제기동 909"
NULL,NULL,"서울특별시 동대문구 이문동 255-223"
NULL,NULL,"서울특별시 동대문구 이문동 209-1"
NULL,NULL,"서울특별시 동대문구 이문동 255-223"
NULL,NULL,"서울특별시 동대문구 이문동 209-1"
NULL,NULL,"서울특별시 동대문구 이문동 255-223"
NULL,NULL,"서울특별시 동대문구 제기동 909"
NULL,NULL,"서울특별시 동대문구 용두동 130-16"
NULL,NULL,"서울특별시 동대문구 제기동 909"
NULL,NULL,"서울특별시 동대문구 이문동 209-1"
NULL,NULL,"서울특별시 동대문구 이문동 209-1"
NULL,NULL,"서울특별시 동대문구 이문동 255-223"
NULL,NULL,"서울특별시 동대문구 제기동 909"
NULL,NULL,"서울특별시 동대문구 장안동 336-2"
NULL,NULL,"서울특별시 동대문구 이문동 255-223"
NULL,NULL,"서울특별시 동대문구 이문동 255-223"
NULL,NULL,"서울특별시 동대문구 제기동 909"
NULL,NULL,"서울특별시 동대문구 용두동 253-65"
NULL,NULL,"서울특별시 동대문구 용두동 253-65"
NULL,NULL,"서울특별시 동대문구 이문동 354-5"
NULL,NULL,"서울특별시 동대문구 이문동 354-5"
NULL,NULL,"서울특별시 동대문구 이문동 354-5"
NULL,NULL,"서울특별시 동대문구 이문동 354-5"
NULL,NULL,"서울특별시 동대문구 제기동 888-18"
NULL,NULL,"서울특별시 동대문구 전농동 645-2"
NULL,NULL,"서울특별시 동대문구 전농동 655-34"
NULL,NULL,"서울특별시 동대문구 제기동 888-18"
NULL,NULL,"서울특별시 동대문구 전농동 645-2"
NULL,NULL,"서울특별시 동대문구 이문동 354-5"
NULL,NULL,"서울특별시 동대문구 전농동 645-2"
NULL,NULL,"서울특별시 동대문구 전농동 645-2"
NULL,NULL,"서울특별시 동대문구 이문동 354-5"
NULL,NULL,"서울특별시 동대문구 전농동 655-34"
NULL,NULL,"서울특별시 동대문구 이문동 354-5"
NULL,NULL,"서울특별시 동대문구 이문동 354-5"
NULL,NULL,"서울특별시 동대문구 이문동 354-5"
NULL,NULL,"서울특별시 동대문구 전농동 645-2"
NULL,NULL,"서울특별시 동대문구 전농동 645-2"
NULL,NULL,"서울특별시 동대문구 제기동 888-18"
NULL,NULL,"서울특별시 동대문구 전농동 645-2"
NULL,NULL,"서울특별시 동대문구 이문동 354-5"
NULL,NULL,"서울특별시 동대문구 이문동 354-5"
NULL,NULL,"서울특별시 동대문구 이문동 354-5"
NULL,NULL,"서울특별시 동대문구 이문동 354-5"
NULL,NULL,"서울특별시 동대문구 이문동 354-5"
NULL,NULL,"서울특별시 동대문구 이문동 354-5"
NULL,NULL,"서울특별시 동대문구 이문동 354-5"
NULL,NULL,"서울특별시 동대문구 이문동 354-5"
NULL,NULL,"서울특별시 동대문구 이문동 354-5"
NULL,NULL,"서울특별시 동대문구 이문동 354-5"
NULL,NULL,"서울특별시 동대문구 이문동 354-5"
NULL,NULL,"서울특별시 동대문구 이문동 354-5"
NULL,NULL,"서울특별시 동대문구 이문동 354-5"
NULL,NULL,"서울특별시 동대문구 전농동 645-2"
NULL,NULL,"서울특별시 동대문구 전농동 645-2"
NULL,NULL,"서울특별시 동대문구 전농동 645-2"
NULL,NULL,"서울특별시 동대문구 전농동 645-2"
NULL,NULL,"서울특별시 동대문구 전농동 655-34"
NULL,NULL,"서울특별시 동대문구 제기동 122-117"
NULL,NULL,"서울특별시 동대문구 이문동 287-19"
NULL,NULL,"서울특별시 동대문구 전농동 645-2"
NULL,NULL,"서울특별시 동대문구 제기동 888-18"
NULL,NULL,"서울특별시 동대문구 제기동 888-18"
NULL,NULL,"서울특별시 동대문구 제기동 888-18"
NULL,NULL,"서울특별시 동대문구 제기동 1142-20"
NULL,NULL,"서울특별시 동대문구 이문동 354-5"
NULL,NULL,"서울특별시 동대문구 이문동 354-5"
NULL,NULL,"서울특별시 동대문구 이문동 354-5"
NULL,NULL,"서울특별시 동대문구 이문동 354-5"
NULL,NULL,"서울특별시 동대문구 이문동 354-5"
NULL,NULL,"서울특별시 동대문구 이문동 354-5"
NULL,NULL,"서울특별시 동대문구 이문동 354-5"
NULL,NULL,"서울특별시 동대문구 이문동 354-5"
NULL,NULL,"서울특별시 동대문구 이문동 354-5"
NULL,NULL,"서울특별시 동대문구 이문동 354-5"
NULL,NULL,"서울특별시 동대문구 이문동 354-5"
NULL,NULL,"서울특별시 동대문구 이문동 354-5"
NULL,NULL,"서울특별시 동대문구 이문동 354-5"
NULL,NULL,"서울특별시 동대문구 휘경동 120-1"
NULL,NULL,"서울특별시 동대문구 휘경동 120-1"
NULL,NULL,"서울특별시 동대문구 용두동 237-69"
NULL,NULL,"서울특별시 동대문구 전농동 124-19"
NULL,NULL,"서울특별시 동대문구 전농동 124-19"
NULL,NULL,"서울특별시 동대문구 전농동 124-19"
NULL,NULL,"서울특별시 동대문구 용두동 150-38"
NULL,NULL,"서울특별시 동대문구 휘경동 43-149"
NULL,NULL,"서울특별시 동대문구 회기동 45-70"
NULL,NULL,"서울특별시 동대문구 용두동 150-38"
NULL,NULL,"서울특별시 동대문구 용두동 150-38"
NULL,NULL,"서울특별시 동대문구 용두동 150-38"
NULL,NULL,"서울특별시 동대문구 용두동 150-38"
NULL,NULL,"서울특별시 동대문구 용두동 150-38"
NULL,NULL,"서울특별시 동대문구 용두동 150-38"
NULL,NULL,"서울특별시 동대문구 용두동 150-38"
NULL,NULL,"서울특별시 동대문구 용두동 150-38"
NULL,NULL,"서울특별시 동대문구 용두동 150-38"
NULL,NULL,"서울특별시 동대문구 용두동 150-38"
NULL,NULL,"서울특별시 동대문구 용두동 150-38"
NULL,NULL,"서울특별시 동대문구 용두동 150-38"
NULL,NULL,"서울특별시 동대문구 제기동 190-2"
NULL,NULL,"서울특별시 동대문구 전농동 124-19"
NULL,NULL,"서울특별시 동대문구 회기동 45-70"
NULL,NULL,"서울특별시 동대문구 장안동 307-3"
NULL,NULL,"서울특별시 동대문구 전농동 31-42"
NULL,NULL,"서울특별시 동대문구 용두동 150-38"
NULL,NULL,"서울특별시 동대문구 용두동 150-38"
NULL,NULL,"서울특별시 동대문구 전농동 667-4"
NULL,NULL,"서울특별시 동대문구 회기동 105-16"
NULL,NULL,"서울특별시 동대문구 휘경동 108-3"
NULL,NULL,"서울특별시 동대문구 청량리동 205-845"
NULL,NULL,"서울특별시 동대문구 휘경동 147-6"
NULL,NULL,"서울특별시 동대문구 청량리동 205-379"
NULL,NULL,"서울특별시 동대문구 이문동 256-13"
NULL,NULL,"서울특별시 동대문구 전농동 672-2"
NULL,NULL,"서울특별시 동대문구 전농동 672-2"
NULL,NULL,"서울특별시 동대문구 휘경동 147-6"
NULL,NULL,"서울특별시 동대문구 전농동 667-4"
NULL,NULL,"서울특별시 동대문구 전농동 667-4"
NULL,NULL,"서울특별시 동대문구 휘경동 147-6"
NULL,NULL,"서울특별시 동대문구 전농동 667-4"
NULL,NULL,"서울특별시 동대문구 전농동 667-4"
NULL,NULL,"서울특별시 동대문구 회기동 105-16"
NULL,NULL,"서울특별시 동대문구 회기동 105-16"
NULL,NULL,"서울특별시 동대문구 전농동 667-4"
NULL,NULL,"서울특별시 동대문구 전농동 667-4"
NULL,NULL,"서울특별시 동대문구 휘경동 147-6"
NULL,NULL,"서울특별시 동대문구 전농동 1-171"
NULL,NULL,"서울특별시 동대문구 휘경동 147-6"
NULL,NULL,"서울특별시 동대문구 답십리동 498-53"
NULL,NULL,"서울특별시 동대문구 휘경동 147-6"
NULL,NULL,"서울특별시 동대문구 휘경동 147-6"
NULL,NULL,"서울특별시 동대문구 회기동 105-16"
NULL,NULL,"서울특별시 동대문구 전농동 1-171"
NULL,NULL,"서울특별시 동대문구 전농동 667-4"
NULL,NULL,"서울특별시 동대문구 회기동 105-16"
NULL,NULL,"서울특별시 동대문구 휘경동 147-6"
NULL,NULL,"서울특별시 동대문구 휘경동 147-6"
NULL,NULL,"서울특별시 동대문구 휘경동 147-6"
NULL,NULL,"서울특별시 동대문구 답십리동 498-53"
NULL,NULL,"서울특별시 동대문구 전농동 667-4"
NULL,NULL,"서울특별시 동대문구 회기동 105-16"
NULL,NULL,"서울특별시 동대문구 답십리동 498-53"
NULL,NULL,"서울특별시 동대문구 휘경동 147-6"
NULL,NULL,"서울특별시 동대문구 휘경동 147-6"
NULL,NULL,"서울특별시 동대문구 전농동 672-2"
NULL,NULL,"서울특별시 동대문구 전농동 667-4"
NULL,NULL,"서울특별시 동대문구 휘경동 147-6"
NULL,NULL,"서울특별시 동대문구 전농동 667-4"
NULL,NULL,"서울특별시 동대문구 전농동 667-4"
NULL,NULL,"서울특별시 동대문구 휘경동 147-6"
NULL,NULL,"서울특별시 동대문구 청량리동 205-845"
NULL,NULL,"서울특별시 동대문구 전농동 667-4"
NULL,NULL,"서울특별시 동대문구 전농동 667-4"
NULL,NULL,"서울특별시 동대문구 전농동 667-4"
NULL,NULL,"서울특별시 동대문구 전농동 672-2"
NULL,NULL,"서울특별시 동대문구 전농동 1-171"
NULL,NULL,"서울특별시 동대문구 휘경동 147-6"
NULL,NULL,"서울특별시 동대문구 휘경동 147-6"
NULL,NULL,"서울특별시 동대문구 답십리동 498-53"
NULL,NULL,"서울특별시 동대문구 회기동 105-16"
NULL,NULL,"서울특별시 동대문구 휘경동 147-6"
NULL,NULL,"서울특별시 동대문구 전농동 667-4"
NULL,NULL,"서울특별시 동대문구 휘경동 147-6"
NULL,NULL,"서울특별시 동대문구 답십리동 498-53"
NULL,NULL,"서울특별시 동대문구 답십리동 498-53"
NULL,NULL,"서울특별시 동대문구 답십리동 498-53"
NULL,NULL,"서울특별시 동대문구 전농동 222-10"
NULL,NULL,"서울특별시 동대문구 제기동 918"
NULL,NULL,"서울특별시 동대문구 전농동 667-4"
NULL,NULL,"서울특별시 동대문구 용두동 255-58"
NULL,NULL,"서울특별시 동대문구 용두동 255-58"
NULL,NULL,"서울특별시 동대문구 청량리동 산 1-141"
NULL,NULL,"서울특별시 동대문구 답십리동 2-56"
NULL,NULL,"서울특별시 동대문구 청량리동 산 1-141"
NULL,NULL,"서울특별시 동대문구 답십리동 2-56"
NULL,NULL,"서울특별시 동대문구 답십리동 2-56"
NULL,NULL,"서울특별시 동대문구 답십리동 2-56"
NULL,NULL,"서울특별시 동대문구 청량리동 산 1-141"
NULL,NULL,"서울특별시 동대문구 청량리동 산 1-141"
NULL,NULL,"서울특별시 동대문구 답십리동 2-56"
NULL,NULL,"서울특별시 동대문구 답십리동 2-56"
NULL,NULL,"서울특별시 동대문구 답십리동 2-56"
NULL,NULL,"서울특별시 동대문구 답십리동 2-56"
NULL,NULL,"서울특별시 동대문구 청량리동 산 1-141"
NULL,NULL,"서울특별시 동대문구 답십리동 539"
NULL,NULL,"서울특별시 동대문구 청량리동 산 1-141"
NULL,NULL,"서울특별시 동대문구 답십리동 2-56"
NULL,NULL,"서울특별시 동대문구 청량리동 산 1-141"
NULL,NULL,"서울특별시 동대문구 이문동 354-70"
NULL,NULL,"서울특별시 동대문구 이문동 354-70"
NULL,NULL,"서울특별시 동대문구 이문동 354-70"
NULL,NULL,"서울특별시 동대문구 이문동 354-70"
NULL,NULL,"서울특별시 동대문구 이문동 354-70"
NULL,NULL,"서울특별시 동대문구 이문동 354-70"
NULL,NULL,"서울특별시 동대문구 청량리동 205-553"
NULL,NULL,"서울특별시 동대문구 제기동 796"
NULL,NULL,"서울특별시 동대문구 청량리동 205-287"
NULL,NULL,"서울특별시 동대문구 회기동 60-263"
NULL,NULL,"서울특별시 동대문구 회기동 60-263"
NULL,NULL,"서울특별시 동대문구 장안동 101-1"
NULL,NULL,"서울특별시 동대문구 전농동 183-37"
NULL,NULL,"서울특별시 동대문구 장안동 101-1"
NULL,NULL,"서울특별시 동대문구 전농동 194-1"
NULL,NULL,"서울특별시 동대문구 장안동 101-1"
NULL,NULL,"서울특별시 동대문구 장안동 101-1"
NULL,NULL,"서울특별시 동대문구 제기동 796"
NULL,NULL,"서울특별시 동대문구 제기동 952-1"
NULL,NULL,"서울특별시 동대문구 제기동 892-64"
NULL,NULL,"서울특별시 동대문구 제기동 892-64"
NULL,NULL,"서울특별시 동대문구 장안동 101-1"
NULL,NULL,"서울특별시 동대문구 장안동 101-1"
NULL,NULL,"서울특별시 동대문구 신설동 76-82"
NULL,NULL,"서울특별시 동대문구 신설동 76-82"
NULL,NULL,"서울특별시 동대문구 제기동 796"
NULL,NULL,"서울특별시 동대문구 신설동 76-82"
NULL,NULL,"서울특별시 동대문구 신설동 76-82"
NULL,NULL,"서울특별시 동대문구 신설동 76-82"
NULL,NULL,"서울특별시 동대문구 신설동 76-82"
NULL,NULL,"서울특별시 동대문구 신설동 76-82"
NULL,NULL,"서울특별시 동대문구 신설동 76-82"
NULL,NULL,"서울특별시 동대문구 제기동 892-64"
NULL,NULL,"서울특별시 동대문구 장안동 101-1"
NULL,NULL,"서울특별시 동대문구 장안동 101-1"
NULL,NULL,"서울특별시 동대문구 신설동 76-82"
NULL,NULL,"서울특별시 동대문구 신설동 76-82"
NULL,NULL,"서울특별시 동대문구 신설동 76-82"
NULL,NULL,"서울특별시 동대문구 신설동 76-82"
NULL,NULL,"서울특별시 동대문구 신설동 76-82"
NULL,NULL,"서울특별시 동대문구 신설동 76-82"
NULL,NULL,"서울특별시 동대문구 신설동 76-82"
NULL,NULL,"서울특별시 동대문구 답십리동 236-20"
NULL,NULL,"서울특별시 동대문구 답십리동 236-20"
NULL,NULL,"서울특별시 동대문구 장안동 456-13"
NULL,NULL,"서울특별시 동대문구 제기동 136-11"
NULL,NULL,"서울특별시 동대문구 제기동 241-26"
NULL,NULL,"서울특별시 동대문구 전농동 644-101"
NULL,NULL,"서울특별시 동대문구 제기동 892-170"
NULL,NULL,"서울특별시 동대문구 장안동 456-13"
NULL,NULL,"서울특별시 동대문구 장안동 456-13"
NULL,NULL,"서울특별시 동대문구 장안동 456-13"
NULL,NULL,"서울특별시 동대문구 전농동 623-4"
NULL,NULL,"서울특별시 동대문구 장안동 456-13"
NULL,NULL,"서울특별시 동대문구 장안동 456-13"
NULL,NULL,"서울특별시 동대문구 전농동 623-4"
NULL,NULL,"서울특별시 동대문구 장안동 456-13"
NULL,NULL,"서울특별시 동대문구 장안동 474-1"
NULL,NULL,"서울특별시 동대문구 전농동 644-101"
NULL,NULL,"서울특별시 동대문구 휘경동 121-7"
NULL,NULL,"서울특별시 동대문구 전농동 644-103"
NULL,NULL,"서울특별시 동대문구 제기동 919"
NULL,NULL,"서울특별시 동대문구 장안동 151-15"
NULL,NULL,"서울특별시 동대문구 답십리동 236-20"
NULL,NULL,"서울특별시 동대문구 휘경동 121-7"
NULL,NULL,"서울특별시 동대문구 장안동 456-13"
NULL,NULL,"서울특별시 동대문구 청량리동 203-34"
NULL,NULL,"서울특별시 동대문구 답십리동 236-20"
NULL,NULL,"서울특별시 동대문구 장안동 456-13"
NULL,NULL,"서울특별시 동대문구 제기동 919"
NULL,NULL,"서울특별시 동대문구 답십리동 236-20"
NULL,NULL,"서울특별시 동대문구 장안동 474-1"
NULL,NULL,"서울특별시 동대문구 장안동 456-13"
NULL,NULL,"서울특별시 동대문구 장안동 456-13"
NULL,NULL,"서울특별시 동대문구 전농동 155-7"
NULL,NULL,"서울특별시 동대문구 이문동 50"
NULL,NULL,"서울특별시 동대문구 이문동 50"
NULL,NULL,"서울특별시 동대문구 이문동 50"
NULL,NULL,"서울특별시 동대문구 이문동 50"
NULL,NULL,"서울특별시 동대문구 이문동 50"
NULL,NULL,"서울특별시 동대문구 이문동 50"
NULL,NULL,"서울특별시 동대문구 이문동 50"
NULL,NULL,"서울특별시 동대문구 이문동 50"
NULL,NULL,"서울특별시 동대문구 이문동 50"
NULL,NULL,"서울특별시 동대문구 이문동 50"
NULL,NULL,"서울특별시 동대문구 이문동 50"
NULL,NULL,"서울특별시 동대문구 이문동 50"
NULL,NULL,"서울특별시 동대문구 이문동 50"
NULL,NULL,"서울특별시 동대문구 이문동 50"
NULL,NULL,"서울특별시 동대문구 전농동 558-174"
NULL,NULL,"서울특별시 동대문구 전농동 558-174"
NULL,NULL,"서울특별시 동대문구 전농동 558-174"
NULL,NULL,"서울특별시 동대문구 전농동 558-174"
NULL,NULL,"서울특별시 동대문구 전농동 558-174"
NULL,NULL,"서울특별시 동대문구 용두동 255-101"
NULL,NULL,"서울특별시 동대문구 이문동 209-20"
NULL,NULL,"서울특별시 동대문구 전농동 620-67"
NULL,NULL,"서울특별시 동대문구 전농동 620-67"
NULL,NULL,"서울특별시 동대문구 전농동 620-67"
NULL,NULL,"서울특별시 동대문구 전농동 620-67"
NULL,NULL,"서울특별시 동대문구 전농동 620-67"
NULL,NULL,"서울특별시 동대문구 전농동 620-67"
NULL,NULL,"서울특별시 동대문구 전농동 620-67"
NULL,NULL,"서울특별시 동대문구 전농동 620-67"
NULL,NULL,"서울특별시 동대문구 전농동 620-67"
NULL,NULL,"서울특별시 동대문구 전농동 620-67"
NULL,NULL,"서울특별시 동대문구 전농동 620-67"
NULL,NULL,"서울특별시 동대문구 전농동 620-67"
NULL,NULL,"서울특별시 동대문구 전농동 620-67"
NULL,NULL,"서울특별시 동대문구 전농동 620-67"
NULL,NULL,"서울특별시 동대문구 전농동 620-67"
NULL,NULL,"서울특별시 동대문구 전농동 620-67"
NULL,NULL,"서울특별시 동대문구 이문동 94-6"
NULL,NULL,"서울특별시 동대문구 전농동 620-67"
NULL,NULL,"서울특별시 동대문구 전농동 620-67"
NULL,NULL,"서울특별시 동대문구 전농동 620-67"
NULL,NULL,"서울특별시 동대문구 전농동 620-67"
NULL,NULL,"서울특별시 동대문구 전농동 620-67"
NULL,NULL,"서울특별시 동대문구 전농동 620-67"
NULL,NULL,"서울특별시 동대문구 전농동 620-67"
NULL,NULL,"서울특별시 동대문구 전농동 620-67"
NULL,NULL,"서울특별시 동대문구 전농동 620-67"
NULL,NULL,"서울특별시 동대문구 전농동 620-67"
NULL,NULL,"서울특별시 동대문구 제기동 122-652"
NULL,NULL,"서울특별시 동대문구 전농동 620-67"
NULL,NULL,"서울특별시 동대문구 전농동 620-67"
NULL,NULL,"서울특별시 동대문구 전농동 620-67"
NULL,NULL,"서울특별시 동대문구 전농동 620-67"
NULL,NULL,"서울특별시 동대문구 이문동 115-80"
NULL,NULL,"서울특별시 동대문구 용두동 206-2"
NULL,NULL,"서울특별시 동대문구 용두동 206-2"
NULL,NULL,"서울특별시 동대문구 전농동 620-67"
NULL,NULL,"서울특별시 동대문구 전농동 620-67"
NULL,NULL,"서울특별시 동대문구 전농동 620-67"
NULL,NULL,"서울특별시 동대문구 전농동 620-67"
NULL,NULL,"서울특별시 동대문구 전농동 620-67"
NULL,NULL,"서울특별시 동대문구 전농동 620-67"
NULL,NULL,"서울특별시 동대문구 전농동 620-67"
NULL,NULL,"서울특별시 동대문구 전농동 620-67"
NULL,NULL,"서울특별시 동대문구 전농동 620-67"
NULL,NULL,"서울특별시 동대문구 이문동 209-20"
NULL,NULL,"서울특별시 동대문구 전농동 620-67"
NULL,NULL,"서울특별시 동대문구 전농동 620-67"
NULL,NULL,"서울특별시 동대문구 전농동 620-67"
NULL,NULL,"서울특별시 동대문구 전농동 620-67"
NULL,NULL,"서울특별시 동대문구 전농동 620-67"
NULL,NULL,"서울특별시 동대문구 전농동 620-67"
NULL,NULL,"서울특별시 동대문구 전농동 620-67"
NULL,NULL,"서울특별시 동대문구 전농동 620-67"
NULL,NULL,"서울특별시 동대문구 전농동 620-67"
NULL,NULL,"서울특별시 동대문구 전농동 620-67"
NULL,NULL,"서울특별시 동대문구 전농동 620-67"
NULL,NULL,"서울특별시 동대문구 전농동 620-67"
NULL,NULL,"서울특별시 동대문구 전농동 620-67"
NULL,NULL,"서울특별시 동대문구 전농동 620-67"
NULL,NULL,"서울특별시 동대문구 전농동 620-67"
NULL,NULL,"서울특별시 동대문구 전농동 620-67"
NULL,NULL,"서울특별시 동대문구 전농동 620-67"
NULL,NULL,"서울특별시 동대문구 전농동 620-67"
NULL,NULL,"서울특별시 동대문구 전농동 620-67"
NULL,NULL,"서울특별시 동대문구 전농동 620-67"
NULL,NULL,"서울특별시 동대문구 휘경동 108-31"
NULL,NULL,"서울특별시 동대문구 전농동 620-67"
NULL,NULL,"서울특별시 동대문구 전농동 620-67"
NULL,NULL,"서울특별시 동대문구 전농동 620-67"
NULL,NULL,"서울특별시 동대문구 전농동 620-67"
NULL,NULL,"서울특별시 동대문구 전농동 620-67"
NULL,NULL,"서울특별시 동대문구 전농동 620-67"
NULL,NULL,"서울특별시 동대문구 전농동 620-67"
NULL,NULL,"서울특별시 동대문구 전농동 620-67"
NULL,NULL,"서울특별시 동대문구 용두동 206-2"
NULL,NULL,"서울특별시 동대문구 장안동 470-2"
NULL,NULL,"서울특별시 동대문구 장안동 470-2"
NULL,NULL,"서울특별시 동대문구 장안동 470-2"
NULL,NULL,"서울특별시 동대문구 장안동 470-2"
NULL,NULL,"서울특별시 동대문구 휘경동 39-74"
NULL,NULL,"서울특별시 동대문구 장안동 470-2"
NULL,NULL,"서울특별시 동대문구 장안동 470-2"
NULL,NULL,"서울특별시 동대문구 장안동 470-2"
NULL,NULL,"서울특별시 동대문구 용두동 775"
NULL,NULL,"서울특별시 동대문구 장안동 470-2"
NULL,NULL,"서울특별시 동대문구 장안동 470-2"
NULL,NULL,"서울특별시 동대문구 장안동 470-2"
NULL,NULL,"서울특별시 동대문구 장안동 470-2"
NULL,NULL,"서울특별시 동대문구 이문동 255-260"
NULL,NULL,"서울특별시 동대문구 장안동 470-2"
NULL,NULL,"서울특별시 동대문구 전농동 305-11"
NULL,NULL,"서울특별시 동대문구 용두동 775"
NULL,NULL,"서울특별시 동대문구 답십리동 261-1"
NULL,NULL,"서울특별시 동대문구 회기동 347"
NULL,NULL,"서울특별시 동대문구 장안동 100-12"
NULL,NULL,"서울특별시 동대문구 장안동 470-2"
NULL,NULL,"서울특별시 동대문구 장안동 470-2"
NULL,NULL,"서울특별시 동대문구 장안동 470-2"
NULL,NULL,"서울특별시 동대문구 장안동 470-2"
NULL,NULL,"서울특별시 동대문구 전농동 573"
NULL,NULL,"서울특별시 동대문구 장안동 470-2"
NULL,NULL,"서울특별시 동대문구 답십리동 261-1"
NULL,NULL,"서울특별시 동대문구 장안동 470-2"
NULL,NULL,"서울특별시 동대문구 장안동 470-2"
NULL,NULL,"서울특별시 동대문구 장안동 470-2"
NULL,NULL,"서울특별시 동대문구 장안동 470-2"
NULL,NULL,"서울특별시 동대문구 장안동 470-2"
NULL,NULL,"서울특별시 동대문구 장안동 470-2"
NULL,NULL,"서울특별시 동대문구 장안동 470-2"
NULL,NULL,"서울특별시 동대문구 용두동 775"
NULL,NULL,"서울특별시 동대문구 장안동 470-2"
NULL,NULL,"서울특별시 동대문구 장안동 470-2"
NULL,NULL,"서울특별시 동대문구 전농동 305-11"
NULL,NULL,"서울특별시 동대문구 장안동 470-2"
NULL,NULL,"서울특별시 동대문구 답십리동 261-1"
NULL,NULL,"서울특별시 동대문구 장안동 470-2"
NULL,NULL,"서울특별시 동대문구 장안동 470-2"
NULL,NULL,"서울특별시 동대문구 장안동 100-12"
NULL,NULL,"서울특별시 동대문구 장안동 470-2"
NULL,NULL,"서울특별시 동대문구 장안동 470-2"
NULL,NULL,"서울특별시 동대문구 장안동 470-2"
NULL,NULL,"서울특별시 동대문구 장안동 100-12"
NULL,NULL,"서울특별시 동대문구 이문동 353-13"
NULL,NULL,"서울특별시 동대문구 이문동 353-13"
NULL,NULL,"서울특별시 동대문구 이문동 353-13"
NULL,NULL,"서울특별시 동대문구 이문동 353-13"
NULL,NULL,"서울특별시 동대문구 이문동 353-13"
NULL,NULL,"서울특별시 동대문구 이문동 353-13"
NULL,NULL,"서울특별시 동대문구 이문동 353-13"
NULL,NULL,"서울특별시 동대문구 이문동 353-13"
NULL,NULL,"서울특별시 동대문구 이문동 353-13"
NULL,NULL,"서울특별시 동대문구 이문동 353-13"
NULL,NULL,"서울특별시 동대문구 이문동 353-13"
NULL,NULL,"서울특별시 동대문구 이문동 353-13"
NULL,NULL,"서울특별시 동대문구 이문동 353-13"
NULL,NULL,"서울특별시 동대문구 이문동 353-13"
NULL,NULL,"서울특별시 동대문구 이문동 353-13"
NULL,NULL,"서울특별시 동대문구 이문동 353-13"
NULL,NULL,"서울특별시 동대문구 이문동 353-13"
NULL,NULL,"서울특별시 동대문구 이문동 353-13"
NULL,NULL,"서울특별시 동대문구 이문동 353-13"
NULL,NULL,"서울특별시 동대문구 이문동 353-13"
NULL,NULL,"서울특별시 동대문구 이문동 353-13"
NULL,NULL,"서울특별시 동대문구 이문동 353-13"
NULL,NULL,"서울특별시 동대문구 이문동 353-13"
NULL,NULL,"서울특별시 동대문구 이문동 353-13"
NULL,NULL,"서울특별시 동대문구 이문동 353-13"
NULL,NULL,"서울특별시 동대문구 이문동 353-13"
NULL,NULL,"서울특별시 동대문구 이문동 353-13"
NULL,NULL,"서울특별시 동대문구 이문동 353-13"
NULL,NULL,"서울특별시 동대문구 이문동 353-13"
NULL,NULL,"서울특별시 동대문구 이문동 353-13"
NULL,NULL,"서울특별시 동대문구 이문동 353-13"
NULL,NULL,"서울특별시 동대문구 이문동 353-13"
NULL,NULL,"서울특별시 동대문구 이문동 353-13"
NULL,NULL,"서울특별시 동대문구 이문동 353-13"
NULL,NULL,"서울특별시 동대문구 이문동7-1"
NULL,NULL,"서울특별시 동대문구 이문동 48-4"
NULL,NULL,"서울특별시 동대문구 이문동 48-4"
NULL,NULL,"서울특별시 동대문구 이문동 48-4"
NULL,NULL,"서울특별시 동대문구 이문동 48-4"
NULL,NULL,"서울특별시 동대문구 이문동 48-4"
NULL,NULL,"서울특별시 동대문구 이문동 48-4"
NULL,NULL,"서울특별시 동대문구 용두동 251-60"
NULL,NULL,"서울특별시 동대문구 장안동 217-4"
NULL,NULL,"서울특별시 동대문구 장안동 469-4"
NULL,NULL,"서울특별시 동대문구 장안동 141-2"
NULL,NULL,"서울특별시 동대문구 장안동 469-4"
NULL,NULL,"서울특별시 동대문구 답십리동 936"
NULL,NULL,"서울특별시 동대문구 제기동 1142-29"
NULL,NULL,"서울특별시 동대문구 전농동 1-120"
NULL,NULL,"서울특별시 동대문구 답십리동 936"
NULL,NULL,"서울특별시 동대문구 장안동 469-4"
NULL,NULL,"서울특별시 동대문구 장안동 469-4"
NULL,NULL,"서울특별시 동대문구 장안동 141-2"
NULL,NULL,"서울특별시 동대문구 장안동 469-4"
NULL,NULL,"서울특별시 동대문구 장안동 141-2"
NULL,NULL,"서울특별시 동대문구 장안동 141-2"
NULL,NULL,"서울특별시 동대문구 제기동 1142-29"
NULL,NULL,"서울특별시 동대문구 장안동 469-4"
NULL,NULL,"서울특별시 동대문구 장안동 469-4"
NULL,NULL,"서울특별시 동대문구 장안동 141-2"
NULL,NULL,"서울특별시 동대문구 장안동 469-4"
NULL,NULL,"서울특별시 동대문구 전농동 1-120"
NULL,NULL,"서울특별시 동대문구 답십리동 936"
NULL,NULL,"서울특별시 동대문구 장안동 469-4"
NULL,NULL,"서울특별시 동대문구 장안동 141-2"
NULL,NULL,"서울특별시 동대문구 제기동 1142-29"
NULL,NULL,"서울특별시 동대문구 장안동 469-4"
NULL,NULL,"서울특별시 동대문구 장안동 141-2"
NULL,NULL,"서울특별시 동대문구 전농동 499-22"
NULL,NULL,"서울특별시 동대문구 장안동 141-2"
NULL,NULL,"서울특별시 동대문구 장안동 469-4"
NULL,NULL,"서울특별시 동대문구 답십리동 440-14"
NULL,NULL,"서울특별시 동대문구 장안동 141-2"
NULL,NULL,"서울특별시 동대문구 청량리동 225-7"
NULL,NULL,"서울특별시 동대문구 장안동 469-4"
NULL,NULL,"서울특별시 동대문구 장안동 141-2"
NULL,NULL,"서울특별시 동대문구 답십리동 936"
NULL,NULL,"서울특별시 동대문구 제기동 165-21"
NULL,NULL,"서울특별시 동대문구 장안동 469-4"
NULL,NULL,"서울특별시 동대문구 장안동 469-4"
NULL,NULL,"서울특별시 동대문구 장안동 469-4"
NULL,NULL,"서울특별시 동대문구 제기동 1142-29"
NULL,NULL,"서울특별시 동대문구 장안동 469-4"
NULL,NULL,"서울특별시 동대문구 제기동 1142-29"
NULL,NULL,"서울특별시 동대문구 장안동 469-4"
NULL,NULL,"서울특별시 동대문구 장안동 469-4"
NULL,NULL,"서울특별시 동대문구 장안동 469-4"
NULL,NULL,"서울특별시 동대문구 장안동 141-2"
NULL,NULL,"서울특별시 동대문구 장안동 141-2"
NULL,NULL,"서울특별시 동대문구 장안동 141-2"
NULL,NULL,"서울특별시 동대문구 장안동 469-4"
NULL,NULL,"서울특별시 동대문구 전농동 1-192"
NULL,NULL,"서울특별시 동대문구 제기동 165-21"
NULL,NULL,"서울특별시 동대문구 장안동 141-2"
NULL,NULL,"서울특별시 동대문구 제기동 165-21"
NULL,NULL,"서울특별시 동대문구 제기동 1142-29"
NULL,NULL,"서울특별시 동대문구 장안동 469-4"
NULL,NULL,"서울특별시 동대문구 장안동 141-2"
NULL,NULL,"서울특별시 동대문구 답십리동 936"
NULL,NULL,"서울특별시 동대문구 장안동 141-2"
NULL,NULL,"서울특별시 동대문구 장안동 469-4"
NULL,NULL,"서울특별시 동대문구 제기동 165-21"
NULL,NULL,"서울특별시 동대문구 제기동 165-21"
NULL,NULL,"서울특별시 동대문구 장안동 469-4"
NULL,NULL,"서울특별시 동대문구 장안동 141-2"
NULL,NULL,"서울특별시 동대문구 장안동 469-4"
NULL,NULL,"서울특별시 동대문구 제기동 165-21"
NULL,NULL,"서울특별시 동대문구 장안동 469-4"
NULL,NULL,"서울특별시 동대문구 장안동 141-2"
NULL,NULL,"서울특별시 동대문구 답십리동 936"
NULL,NULL,"서울특별시 동대문구 답십리동 936"
NULL,NULL,"서울특별시 동대문구 장안동 141-2"
NULL,NULL,"서울특별시 동대문구 장안동 141-2"
NULL,NULL,"서울특별시 동대문구 답십리동 440-14"
NULL,NULL,"서울특별시 동대문구 휘경동 316-4"
NULL,NULL,"서울특별시 동대문구 장안동 141-2"
NULL,NULL,"서울특별시 동대문구 장안동 469-4"
NULL,NULL,"서울특별시 동대문구 장안동 141-2"
NULL,NULL,"서울특별시 동대문구 장안동 141-2"
NULL,NULL,"서울특별시 동대문구 장안동 141-2"
NULL,NULL,"서울특별시 동대문구 휘경동 348"
NULL,NULL,"서울특별시 동대문구 휘경동 348"
NULL,NULL,"서울특별시 동대문구 휘경동 348"
NULL,NULL,"서울특별시 동대문구 장안동 469-4"
NULL,NULL,"서울특별시 동대문구 장안동 141-2"
NULL,NULL,"서울특별시 동대문구 장안동 141-2"
NULL,NULL,"서울특별시 동대문구 답십리동 530-2"
NULL,NULL,"서울특별시 동대문구 답십리동 530-2"
NULL,NULL,"서울특별시 동대문구 답십리동 530-2"
NULL,NULL,"서울특별시 동대문구 답십리동 530-2"
NULL,NULL,"서울특별시 동대문구 답십리동 530-2"
NULL,NULL,"서울특별시 동대문구 답십리동 530-2"
NULL,NULL,"서울특별시 동대문구 답십리동 530-2"
NULL,NULL,"서울특별시 동대문구 답십리동 645-9"
NULL,NULL,"서울특별시 동대문구 답십리동 530-2"
NULL,NULL,"서울특별시 동대문구 답십리동 530-2"
NULL,NULL,"서울특별시 동대문구 답십리동 530-2"
NULL,NULL,"서울특별시 동대문구 전농동 569-5"
NULL,NULL,"서울특별시 동대문구 답십리동 530-2"
NULL,NULL,"서울특별시 동대문구 답십리동 530-2"
NULL,NULL,"서울특별시 동대문구 답십리동 530-2"
NULL,NULL,"서울특별시 동대문구 답십리동 530-2"
NULL,NULL,"서울특별시 동대문구 전농동 493-4"
NULL,NULL,"서울특별시 동대문구 장안동 331-15"
NULL,NULL,"서울특별시 동대문구 답십리동 530-2"
NULL,NULL,"서울특별시 동대문구 답십리동 530-2"
NULL,NULL,"서울특별시 동대문구 답십리동 530-2"
NULL,NULL,"서울특별시 동대문구 답십리동 530-2"
NULL,NULL,"서울특별시 동대문구 전농동 569-5"
NULL,NULL,"서울특별시 동대문구 답십리동 530-2"
NULL,NULL,"서울특별시 동대문구 답십리동 530-2"
NULL,NULL,"서울특별시 동대문구 답십리동 645-9"
NULL,NULL,"서울특별시 동대문구 장안동 331-15"
NULL,NULL,"서울특별시 동대문구 답십리동 530-2"
NULL,NULL,"서울특별시 동대문구 답십리동 530-2"
NULL,NULL,"서울특별시 동대문구 답십리동 530-2"
NULL,NULL,"서울특별시 동대문구 답십리동 530-2"
NULL,NULL,"서울특별시 동대문구 전농동 569-5"
NULL,NULL,"서울특별시 동대문구 전농동 493-4"
NULL,NULL,"서울특별시 동대문구 답십리동 530-2"
NULL,NULL,"서울특별시 동대문구 답십리동 530-2"
NULL,NULL,"서울특별시 동대문구 답십리동 530-2"
NULL,NULL,"서울특별시 동대문구 이문동 237-114"
NULL,NULL,"서울특별시 동대문구 답십리동 530-2"
NULL,NULL,"서울특별시 동대문구 답십리동 530-2"
NULL,NULL,"서울특별시 동대문구 답십리동 530-2"
NULL,NULL,"서울특별시 동대문구 답십리동 530-2"
NULL,NULL,"서울특별시 동대문구 전농동 493-4"
NULL,NULL,"서울특별시 동대문구 답십리동 530-2"
NULL,NULL,"서울특별시 동대문구 답십리동 530-2"
NULL,NULL,"서울특별시 동대문구 답십리동 530-2"
NULL,NULL,"서울특별시 동대문구 답십리동 530-2"
NULL,NULL,"서울특별시 동대문구 답십리동 530-2"
NULL,NULL,"서울특별시 동대문구 이문동 116-39"
NULL,NULL,"서울특별시 동대문구 답십리동 530-2"
NULL,NULL,"서울특별시 동대문구 이문동 116-39"
NULL,NULL,"서울특별시 동대문구 이문동 116-39"
NULL,NULL,"서울특별시 동대문구 답십리동 530-2"
NULL,NULL,"서울특별시 동대문구 답십리동 530-2"
NULL,NULL,"서울특별시 동대문구 답십리동 530-2"
NULL,NULL,"서울특별시 동대문구 답십리동 530-2"
NULL,NULL,"서울특별시 동대문구 전농동 493-4"
NULL,NULL,"서울특별시 동대문구 답십리동 530-2"
NULL,NULL,"서울특별시 동대문구 답십리동 530-2"
NULL,NULL,"서울특별시 동대문구 답십리동 530-2"
NULL,NULL,"서울특별시 동대문구 장안동 331-15"
NULL,NULL,"서울특별시 동대문구 답십리동 530-2"
NULL,NULL,"서울특별시 동대문구 전농동 569-5"
NULL,NULL,"서울특별시 동대문구 이문동 363-29"
NULL,NULL,"서울특별시 동대문구 답십리동 530-2"
NULL,NULL,"서울특별시 동대문구 답십리동 530-2"
NULL,NULL,"서울특별시 동대문구 답십리동 530-2"
NULL,NULL,"서울특별시 동대문구 답십리동 530-2"
NULL,NULL,"서울특별시 동대문구 장안동 331-15"
NULL,NULL,"서울특별시 동대문구 답십리동 530-2"
NULL,NULL,"서울특별시 동대문구 답십리동 530-2"
NULL,NULL,"서울특별시 동대문구 이문동 116-39"
NULL,NULL,"서울특별시 동대문구 답십리동 530-2"
NULL,NULL,"서울특별시 동대문구 답십리동 530-2"
NULL,NULL,"서울특별시 동대문구 장안동 331-15"
NULL,NULL,"서울특별시 동대문구 답십리동 530-2"
NULL,NULL,"서울특별시 동대문구 전농동 493-4"
NULL,NULL,"서울특별시 동대문구 답십리동 530-2"
NULL,NULL,"서울특별시 동대문구 답십리동 530-2"
NULL,NULL,"서울특별시 동대문구 장안동 331-15"
NULL,NULL,"서울특별시 동대문구 답십리동 645-9"
NULL,NULL,"서울특별시 동대문구 답십리동 530-2"
NULL,NULL,"서울특별시 동대문구 답십리동 530-2"
NULL,NULL,"서울특별시 동대문구 답십리동 530-2"
NULL,NULL,"서울특별시 동대문구 답십리동 530-2"
NULL,NULL,"서울특별시 동대문구 답십리동 530-2"
NULL,NULL,"서울특별시 동대문구 답십리동 645-9"
NULL,NULL,"서울특별시 동대문구 답십리동 530-2"
NULL,NULL,"서울특별시 동대문구 답십리동 530-2"
NULL,NULL,"서울특별시 동대문구 답십리동 530-2"
NULL,NULL,"서울특별시 동대문구 답십리동 530-2"
NULL,NULL,"서울특별시 동대문구 답십리동 530-2"
NULL,NULL,"서울특별시 동대문구 답십리동 530-2"
NULL,NULL,"서울특별시 동대문구 답십리동 645-9"
NULL,NULL,"서울특별시 동대문구 전농동 493-4"
NULL,NULL,"서울특별시 동대문구 답십리동 530-2"
NULL,NULL,"서울특별시 동대문구 답십리동 530-2"
NULL,NULL,"서울특별시 동대문구 답십리동 530-2"
NULL,NULL,"서울특별시 동대문구 답십리동 530-2"
NULL,NULL,"서울특별시 동대문구 답십리동 530-2"
NULL,NULL,"서울특별시 동대문구 이문동 85-90"
NULL,NULL,"서울특별시 동대문구 이문동 85-90"
NULL,NULL,"서울특별시 동대문구 이문동 85-90"
NULL,NULL,"서울특별시 동대문구 답십리동 530-2"
NULL,NULL,"서울특별시 동대문구 답십리동 530-2"
NULL,NULL,"서울특별시 동대문구 답십리동 530-2"
NULL,NULL,"서울특별시 동대문구 답십리동 530-2"
NULL,NULL,"서울특별시 동대문구 답십리동 530-2"
NULL,NULL,"서울특별시 동대문구 답십리동 530-2"
NULL,NULL,"서울특별시 동대문구 답십리동 530-2"
NULL,NULL,"서울특별시 동대문구 답십리동 530-2"
NULL,NULL,"서울특별시 동대문구 답십리동 530-2"
NULL,NULL,"서울특별시 동대문구 답십리동 530-2"
NULL,NULL,"서울특별시 동대문구 전농동 569-5"
NULL,NULL,"서울특별시 동대문구 답십리동 530-2"
NULL,NULL,"서울특별시 동대문구 답십리동 530-2"
NULL,NULL,"서울특별시 동대문구 답십리동 530-2"
NULL,NULL,"서울특별시 동대문구 답십리동 645-9"
NULL,NULL,"서울특별시 동대문구 답십리동 530-2"
NULL,NULL,"서울특별시 동대문구 답십리동 530-2"
NULL,NULL,"서울특별시 동대문구 답십리동 530-2"
NULL,NULL,"서울특별시 동대문구 답십리동 530-2"
NULL,NULL,"서울특별시 동대문구 답십리동 530-2"
NULL,NULL,"서울특별시 동대문구 답십리동 530-2"
NULL,NULL,"서울특별시 동대문구 답십리동 530-2"
NULL,NULL,"서울특별시 동대문구 답십리동 645-9"
NULL,NULL,"서울특별시 동대문구 답십리동 645-9"
NULL,NULL,"서울특별시 동대문구 신설동 92-44"
NULL,NULL,"서울특별시 동대문구 답십리동 530-2"
NULL,NULL,"서울특별시 동대문구 휘경동 336-10"
NULL,NULL,"서울특별시 동대문구 제기동 1147"
NULL,NULL,"서울특별시 동대문구 휘경동 336-10"
NULL,NULL,"서울특별시 동대문구 휘경동 336-10"
NULL,NULL,"서울특별시 동대문구 휘경동 312-263"
NULL,NULL,"서울특별시 동대문구 휘경동 255-14"
NULL,NULL,"서울특별시 동대문구 휘경동 122-6"
NULL,NULL,"서울특별시 동대문구 청량리동 산 1-211"
NULL,NULL,"서울특별시 동대문구 휘경동 336-10"
NULL,NULL,"서울특별시 동대문구 휘경동 336-10"
NULL,NULL,"서울특별시 동대문구 휘경동 336-10"
NULL,NULL,"서울특별시 동대문구 답십리동 552"
NULL,NULL,"서울특별시 동대문구 이문동 213-5"
NULL,NULL,"서울특별시 동대문구 답십리동 552"
NULL,NULL,"서울특별시 동대문구 답십리동 552"
NULL,NULL,"서울특별시 동대문구 답십리동 552"
NULL,NULL,"서울특별시 동대문구 답십리동 552"
NULL,NULL,"서울특별시 동대문구 답십리동 552"
NULL,NULL,"서울특별시 동대문구 답십리동 552"
NULL,NULL,"서울특별시 동대문구 답십리동 552"
NULL,NULL,"서울특별시 동대문구 이문동 255-259"
NULL,NULL,"서울특별시 동대문구 답십리동 552"
NULL,NULL,"서울특별시 동대문구 답십리동 552"
NULL,NULL,"서울특별시 동대문구 답십리동 552"
NULL,NULL,"서울특별시 동대문구 이문동 255-259"
NULL,NULL,"서울특별시 동대문구 답십리동 552"
NULL,NULL,"서울특별시 동대문구 답십리동 552"
NULL,NULL,"서울특별시 동대문구 이문동 213-5"
NULL,NULL,"서울특별시 동대문구 답십리동 552"
NULL,NULL,"서울특별시 동대문구 답십리동 552"
NULL,NULL,"서울특별시 동대문구 답십리동 552"
NULL,NULL,"서울특별시 동대문구 답십리동 108-1"
NULL,NULL,"서울특별시 동대문구 답십리동 108-1"
NULL,NULL,"서울특별시 동대문구 답십리동 552"
NULL,NULL,"서울특별시 동대문구 답십리동 552"
NULL,NULL,"서울특별시 동대문구 답십리동 552"
NULL,NULL,"서울특별시 동대문구 장안동 469-12"
NULL,NULL,"서울특별시 동대문구 휘경동 66-1"
NULL,NULL,"서울특별시 동대문구 장안동 469-12"
NULL,NULL,"서울특별시 동대문구 휘경동 66-1"
NULL,NULL,"서울특별시 동대문구 휘경동 32-1"
NULL,NULL,"서울특별시 동대문구 장안동 469-12"
NULL,NULL,"서울특별시 동대문구 전농동 188-5"
NULL,NULL,"서울특별시 동대문구 휘경동 66-1"
NULL,NULL,"서울특별시 동대문구 휘경동 32-1"
NULL,NULL,"서울특별시 동대문구 장안동 469-12"
NULL,NULL,"서울특별시 동대문구 답십리동 439-4"
NULL,NULL,"서울특별시 동대문구 휘경동 32-1"
NULL,NULL,"서울특별시 동대문구 장안동 469-12"
NULL,NULL,"서울특별시 동대문구 휘경동 43-257"
NULL,NULL,"서울특별시 동대문구 장안동 469-12"
NULL,NULL,"서울특별시 동대문구 장안동 469-12"
NULL,NULL,"서울특별시 동대문구 휘경동 43-257"
NULL,NULL,"서울특별시 동대문구 휘경동 43-257"
NULL,NULL,"서울특별시 동대문구 장안동 469-12"
NULL,NULL,"서울특별시 동대문구 휘경동 66-1"
NULL,NULL,"서울특별시 동대문구 휘경동 43-257"
NULL,NULL,"서울특별시 동대문구 휘경동 43-257"
NULL,NULL,"서울특별시 동대문구 장안동 469-12"
NULL,NULL,"서울특별시 동대문구 휘경동 66-1"
NULL,NULL,"서울특별시 동대문구 장안동 469-12"
NULL,NULL,"서울특별시 동대문구 장안동 469-12"
NULL,NULL,"서울특별시 동대문구 휘경동 43-257"
NULL,NULL,"서울특별시 동대문구 장안동 469-12"
NULL,NULL,"서울특별시 동대문구 휘경동 43-257"
NULL,NULL,"서울특별시 동대문구 장안동 469-12"
NULL,NULL,"서울특별시 동대문구 휘경동 43-257"
NULL,NULL,"서울특별시 동대문구 휘경동 66-1"
NULL,NULL,"서울특별시 동대문구 장안동 469-12"
NULL,NULL,"서울특별시 동대문구 장안동 469-12"
NULL,NULL,"서울특별시 동대문구 장안동 469-12"
NULL,NULL,"서울특별시 동대문구 장안동 469-12"
NULL,NULL,"서울특별시 동대문구 장안동 469-12"
NULL,NULL,"서울특별시 동대문구 장안동 469-12"
NULL,NULL,"서울특별시 동대문구 장안동 469-12"
NULL,NULL,"서울특별시 동대문구 장안동 469-12"
NULL,NULL,"서울특별시 동대문구 장안동 469-12"
NULL,NULL,"서울특별시 동대문구 장안동 469-12"
NULL,NULL,"서울특별시 동대문구 장안동 469-12"
NULL,NULL,"서울특별시 동대문구 제기동 934"
NULL,NULL,"서울특별시 동대문구 장안동 469-12"
NULL,NULL,"서울특별시 동대문구 휘경동 43-257"
NULL,NULL,"서울특별시 동대문구 휘경동 66-1"
NULL,NULL,"서울특별시 동대문구 휘경동 43-257"
NULL,NULL,"서울특별시 동대문구 장안동 469-12"
NULL,NULL,"서울특별시 동대문구 휘경동 43-257"
NULL,NULL,"서울특별시 동대문구 전농동 188-5"
NULL,NULL,"서울특별시 동대문구 전농동 10-10"
NULL,NULL,"서울특별시 동대문구 전농동 10-10"
NULL,NULL,"서울특별시 동대문구 전농동 10-10"
NULL,NULL,"서울특별시 동대문구 전농동 10-10"
NULL,NULL,"서울특별시 동대문구 휘경동 43-257"
NULL,NULL,"서울특별시 동대문구 장안동 469-12"
NULL,NULL,"서울특별시 동대문구 장안동 469-12"
NULL,NULL,"서울특별시 동대문구 휘경동 43-257"
NULL,NULL,"서울특별시 동대문구 전농동 10-10"
NULL,NULL,"서울특별시 동대문구 휘경동 66-1"
NULL,NULL,"서울특별시 동대문구 휘경동 43-257"
NULL,NULL,"서울특별시 동대문구 신설동 97-8"
NULL,NULL,"서울특별시 동대문구 장안동 469-12"
NULL,NULL,"서울특별시 동대문구 휘경동 66-1"
NULL,NULL,"서울특별시 동대문구 장안동 469-12"
NULL,NULL,"서울특별시 동대문구 장안동 469-12"
NULL,NULL,"서울특별시 동대문구 휘경동 66-1"
NULL,NULL,"서울특별시 동대문구 장안동 469-12"
NULL,NULL,"서울특별시 동대문구 장안동 469-12"
NULL,NULL,"서울특별시 동대문구 휘경동 32-1"
NULL,NULL,"서울특별시 동대문구 휘경동 32-1"
NULL,NULL,"서울특별시 동대문구 답십리동 439-4"
NULL,NULL,"서울특별시 동대문구 휘경동 66-1"
NULL,NULL,"서울특별시 동대문구 답십리동 241-8"
NULL,NULL,"서울특별시 동대문구 신설동 97-8"
NULL,NULL,"서울특별시 동대문구 신설동 97-8"
NULL,NULL,"서울특별시 동대문구 신설동 97-8"
NULL,NULL,"서울특별시 동대문구 신설동 97-8"
NULL,NULL,"서울특별시 동대문구 신설동 97-8"
NULL,NULL,"서울특별시 동대문구 신설동 97-8"
NULL,NULL,"서울특별시 동대문구 신설동 97-8"
NULL,NULL,"서울특별시 동대문구 신설동 97-8"
NULL,NULL,"서울특별시 동대문구 신설동 97-8"
NULL,NULL,"서울특별시 동대문구 신설동 97-8"
NULL,NULL,"서울특별시 동대문구 신설동 97-8"
NULL,NULL,"서울특별시 동대문구 신설동 97-8"
NULL,NULL,"서울특별시 동대문구 신설동 97-8"
NULL,NULL,"서울특별시 동대문구 신설동 97-8"
NULL,NULL,"서울특별시 동대문구 신설동 97-8"
NULL,NULL,"서울특별시 동대문구 신설동 97-8"
NULL,NULL,"서울특별시 동대문구 신설동 97-8"
NULL,NULL,"서울특별시 동대문구 신설동 97-8"
NULL,NULL,"서울특별시 동대문구 신설동 97-8"
NULL,NULL,"서울특별시 동대문구 신설동 97-8"
NULL,NULL,"서울특별시 동대문구 신설동 97-8"
NULL,NULL,"서울특별시 동대문구 신설동 97-8"
NULL,NULL,"서울특별시 동대문구 신설동 97-8"
NULL,NULL,"서울특별시 동대문구 신설동 97-8"
NULL,NULL,"서울특별시 동대문구 신설동 97-8"
NULL,NULL,"서울특별시 동대문구 신설동 97-8"
NULL,NULL,"서울특별시 동대문구 신설동 97-8"
NULL,NULL,"서울특별시 동대문구 신설동 97-8"
NULL,NULL,"서울특별시 동대문구 신설동 97-8"
NULL,NULL,"서울특별시 동대문구 신설동 97-8"
NULL,NULL,"서울특별시 동대문구 신설동 97-8"
NULL,NULL,"서울특별시 동대문구 신설동 97-8"
NULL,NULL,"서울특별시 동대문구 회기동 60-1"
NULL,NULL,"서울특별시 동대문구 회기동 60-1"
NULL,NULL,"서울특별시 동대문구 회기동 60-1"
NULL,NULL,"서울특별시 동대문구 이문동 217-6"
NULL,NULL,"서울특별시 동대문구 회기동 60-1"
NULL,NULL,"서울특별시 동대문구 회기동 60-1"
NULL,NULL,"서울특별시 동대문구 회기동 60-1"
NULL,NULL,"서울특별시 동대문구 회기동 60-1"
NULL,NULL,"서울특별시 동대문구 이문동 217-6"
NULL,NULL,"서울특별시 동대문구 이문동 217-6"
NULL,NULL,"서울특별시 동대문구 이문동 217-6"
NULL,NULL,"서울특별시 동대문구 회기동 60-1"
NULL,NULL,"서울특별시 동대문구 전농동 625-6"
NULL,NULL,"서울특별시 동대문구 회기동 60-1"
NULL,NULL,"서울특별시 동대문구 회기동 60-1"
NULL,NULL,"서울특별시 동대문구 회기동 60-1"
NULL,NULL,"서울특별시 동대문구 회기동 60-1"
NULL,NULL,"서울특별시 동대문구 신설동 109-7"
NULL,NULL,"서울특별시 동대문구 이문동 217-6"
NULL,NULL,"서울특별시 동대문구 용두동 39-929"
NULL,NULL,"서울특별시 동대문구 이문동 217-6"
NULL,NULL,"서울특별시 동대문구 회기동 60-1"
NULL,NULL,"서울특별시 동대문구 신설동 109-7"
NULL,NULL,"서울특별시 동대문구 회기동 60-1"
NULL,NULL,"서울특별시 동대문구 이문동 217-6"
NULL,NULL,"서울특별시 동대문구 이문동 217-6"
NULL,NULL,"서울특별시 동대문구 용두동 39-929"
NULL,NULL,"서울특별시 동대문구 회기동 60-1"
NULL,NULL,"서울특별시 동대문구 회기동 60-1"
NULL,NULL,"서울특별시 동대문구 이문동 217-6"
NULL,NULL,"서울특별시 동대문구 이문동 217-6"
NULL,NULL,"서울특별시 동대문구 회기동 60-1"
NULL,NULL,"서울특별시 동대문구 회기동 60-1"
NULL,NULL,"서울특별시 동대문구 회기동 60-1"
NULL,NULL,"서울특별시 동대문구 회기동 60-1"
NULL,NULL,"서울특별시 동대문구 회기동 60-1"
NULL,NULL,"서울특별시 동대문구 회기동 60-1"
NULL,NULL,"서울특별시 동대문구 회기동 60-1"
NULL,NULL,"서울특별시 동대문구 회기동 60-1"
NULL,NULL,"서울특별시 동대문구 회기동 60-1"
NULL,NULL,"서울특별시 동대문구 이문동 217-6"
NULL,NULL,"서울특별시 동대문구 이문동 173-84"
NULL,NULL,"서울특별시 동대문구 회기동 60-1"
NULL,NULL,"서울특별시 동대문구 이문동 217-6"
NULL,NULL,"서울특별시 동대문구 이문동 217-6"
NULL,NULL,"서울특별시 동대문구 회기동 60-1"
NULL,NULL,"서울특별시 동대문구 이문동 217-6"
NULL,NULL,"서울특별시 동대문구 이문동 217-6"
NULL,NULL,"서울특별시 동대문구 회기동 60-1"
NULL,NULL,"서울특별시 동대문구 회기동 60-1"
NULL,NULL,"서울특별시 동대문구 이문동 217-6"
NULL,NULL,"서울특별시 동대문구 회기동 60-1"
NULL,NULL,"서울특별시 동대문구 회기동 60-1"
NULL,NULL,"서울특별시 동대문구 회기동 60-1"
NULL,NULL,"서울특별시 동대문구 이문동 217-6"
NULL,NULL,"서울특별시 동대문구 회기동 60-1"
NULL,NULL,"서울특별시 동대문구 이문동 173-84"
NULL,NULL,"서울특별시 동대문구 이문동 173-84"
NULL,NULL,"서울특별시 동대문구 회기동 60-1"
NULL,NULL,"서울특별시 동대문구 신설동 109-7"
NULL,NULL,"서울특별시 동대문구 회기동 60-1"
NULL,NULL,"서울특별시 동대문구 용두동 39-929"
NULL,NULL,"서울특별시 동대문구 휘경동 261-3"
NULL,NULL,"서울특별시 동대문구 이문동 217-6"
NULL,NULL,"서울특별시 동대문구 이문동 217-6"
NULL,NULL,"서울특별시 동대문구 회기동 60-1"
NULL,NULL,"서울특별시 동대문구 회기동 60-1"
NULL,NULL,"서울특별시 동대문구 회기동 60-1"
NULL,NULL,"서울특별시 동대문구 신설동 109-7"
NULL,NULL,"서울특별시 동대문구 회기동 60-1"
NULL,NULL,"서울특별시 동대문구 회기동 60-1"
NULL,NULL,"서울특별시 동대문구 이문동 217-6"
NULL,NULL,"서울특별시 동대문구 이문동 217-6"
NULL,NULL,"서울특별시 동대문구 회기동 60-1"
NULL,NULL,"서울특별시 동대문구 이문동 217-6"
NULL,NULL,"서울특별시 동대문구 이문동 217-6"
NULL,NULL,"서울특별시 동대문구 회기동 60-1"
NULL,NULL,"서울특별시 동대문구 이문동 217-6"
NULL,NULL,"서울특별시 동대문구 회기동 60-1"
NULL,NULL,"서울특별시 동대문구 회기동 60-1"
NULL,NULL,"서울특별시 동대문구 회기동 60-1"
NULL,NULL,"서울특별시 동대문구 이문동 217-6"
NULL,NULL,"서울특별시 동대문구 이문동 217-6"
NULL,NULL,"서울특별시 동대문구 이문동 217-6"
NULL,NULL,"서울특별시 동대문구 이문동 217-6"
NULL,NULL,"서울특별시 동대문구 이문동 217-6"
NULL,NULL,"서울특별시 동대문구 이문동 217-6"
NULL,NULL,"서울특별시 동대문구 이문동 217-6"
NULL,NULL,"서울특별시 동대문구 용두동 757-23"
NULL,NULL,"서울특별시 동대문구 용두동 757-23"
NULL,NULL,"서울특별시 동대문구 용두동 255-48"
NULL,NULL,"서울특별시 동대문구 전농동 150-84"
NULL,NULL,"서울특별시 동대문구 전농동 625-5"
NULL,NULL,"서울특별시 동대문구 전농동 150-84"
NULL,NULL,"서울특별시 동대문구 제기동 148-88"
NULL,NULL,"서울특별시 동대문구 답십리동 4-294"
NULL,NULL,"서울특별시 동대문구 전농동 150-84"
NULL,NULL,"서울특별시 동대문구 용두동 193-60"
NULL,NULL,"서울특별시 동대문구 제기동 122-57"
NULL,NULL,"서울특별시 동대문구 전농동 150-84"
NULL,NULL,"서울특별시 동대문구 전농동 625-5"
NULL,NULL,"서울특별시 동대문구 용두동 39-313"
NULL,NULL,"서울특별시 동대문구 용두동 791-3"
NULL,NULL,"서울특별시 동대문구 전농동 150-84"
NULL,NULL,"서울특별시 동대문구 장안동 334-10"
NULL,NULL,"서울특별시 동대문구 전농동 150-84"
NULL,NULL,"서울특별시 동대문구 전농동 150-84"
NULL,NULL,"서울특별시 동대문구 전농동 150-84"
NULL,NULL,"서울특별시 동대문구 용두동 791-3"
NULL,NULL,"서울특별시 동대문구 전농동 150-84"
NULL,NULL,"서울특별시 동대문구 장안동 334-10"
NULL,NULL,"서울특별시 동대문구 전농동 150-84"
NULL,NULL,"서울특별시 동대문구 장안동 334-10"
NULL,NULL,"서울특별시 동대문구 전농동 625-5"
NULL,NULL,"서울특별시 동대문구 용두동 791-3"
NULL,NULL,"서울특별시 동대문구 용두동 791-3"
NULL,NULL,"서울특별시 동대문구 용두동 791-3"
NULL,NULL,"서울특별시 동대문구 용두동 791-3"
NULL,NULL,"서울특별시 동대문구 용두동 791-3"
NULL,NULL,"서울특별시 동대문구 전농동 150-84"
NULL,NULL,"서울특별시 동대문구 용두동 791-3"
NULL,NULL,"서울특별시 동대문구 용두동 791-3"
NULL,NULL,"서울특별시 동대문구 용두동 791-3"
NULL,NULL,"서울특별시 동대문구 용두동 791-3"
NULL,NULL,"서울특별시 동대문구 용두동 791-3"
NULL,NULL,"서울특별시 동대문구 용두동 791-3"
NULL,NULL,"서울특별시 동대문구 제기동 122-57"
NULL,NULL,"서울특별시 동대문구 전농동 625-5"
NULL,NULL,"서울특별시 동대문구 전농동 150-84"
NULL,NULL,"서울특별시 동대문구 용두동 791-3"
NULL,NULL,"서울특별시 동대문구 용두동 791-3"
NULL,NULL,"서울특별시 동대문구 전농동 150-84"
NULL,NULL,"서울특별시 동대문구 제기동 122-57"
NULL,NULL,"서울특별시 동대문구 이문동 120-20"
NULL,NULL,"서울특별시 동대문구 전농동 150-84"
NULL,NULL,"서울특별시 동대문구 이문동 46-16"
NULL,NULL,"서울특별시 동대문구 이문동 46-16"
NULL,NULL,"서울특별시 동대문구 이문동 46-16"
NULL,NULL,"서울특별시 동대문구 이문동 46-16"
NULL,NULL,"서울특별시 동대문구 이문동 46-16"
NULL,NULL,"서울특별시 동대문구 이문동 46-16"
NULL,NULL,"서울특별시 동대문구 이문동 46-16"
NULL,NULL,"서울특별시 동대문구 이문동 46-16"
NULL,NULL,"서울특별시 동대문구 이문동 46-16"
NULL,NULL,"서울특별시 동대문구 용두동 791-3"
NULL,NULL,"서울특별시 동대문구 용두동 791-3"
NULL,NULL,"서울특별시 동대문구 용두동 791-3"
NULL,NULL,"서울특별시 동대문구 용두동 791-3"
NULL,NULL,"서울특별시 동대문구 용두동 791-3"
NULL,NULL,"서울특별시 동대문구 용두동 791-3"
NULL,NULL,"서울특별시 동대문구 용두동 791-3"
NULL,NULL,"서울특별시 동대문구 용두동 255-12"
NULL,NULL,"서울특별시 동대문구 신설동 92-34"
NULL,NULL,"서울특별시 동대문구 이문동 325-1"
NULL,NULL,"서울특별시 동대문구 이문동 325-1"
NULL,NULL,"서울특별시 동대문구 전농동 129-71"
NULL,NULL,"서울특별시 동대문구 휘경동 42-6"
NULL,NULL,"서울특별시 동대문구 장안동 473-2"
NULL,NULL,"서울특별시 동대문구 용두동 168-15"
NULL,NULL,"서울특별시 동대문구 장안동 473-2"
NULL,NULL,"서울특별시 동대문구 답십리동 495-4"
NULL,NULL,"서울특별시 동대문구 전농동 129-71"
NULL,NULL,"서울특별시 동대문구 장안동 473-2"
NULL,NULL,"서울특별시 동대문구 휘경동 33-4"
NULL,NULL,"서울특별시 동대문구 전농동 25-2"
NULL,NULL,"서울특별시 동대문구 전농동 129-71"
NULL,NULL,"서울특별시 동대문구 전농동 25-2"
NULL,NULL,"서울특별시 동대문구 장안동 473-2"
NULL,NULL,"서울특별시 동대문구 전농동 129-71"
NULL,NULL,"서울특별시 동대문구 전농동 25-2"
NULL,NULL,"서울특별시 동대문구 이문동 325-1"
NULL,NULL,"서울특별시 동대문구 신설동 92-34"
NULL,NULL,"서울특별시 동대문구 제기동 190-11"
NULL,NULL,"서울특별시 동대문구 전농동 129-71"
NULL,NULL,"서울특별시 동대문구 장안동 473-2"
NULL,NULL,"서울특별시 동대문구 휘경동 42-6"
NULL,NULL,"서울특별시 동대문구 이문동 325-1"
NULL,NULL,"서울특별시 동대문구 휘경동 42-6"
NULL,NULL,"서울특별시 동대문구 이문동 325-1"
NULL,NULL,"서울특별시 동대문구 신설동 92-34"
NULL,NULL,"서울특별시 동대문구 장안동 473-2"
NULL,NULL,"서울특별시 동대문구 전농동 129-71"
NULL,NULL,"서울특별시 동대문구 이문동 325-1"
NULL,NULL,"서울특별시 동대문구 신설동 92-34"
NULL,NULL,"서울특별시 동대문구 장안동 473-2"
NULL,NULL,"서울특별시 동대문구 전농동 25-2"
NULL,NULL,"서울특별시 동대문구 전농동 25-2"
NULL,NULL,"서울특별시 동대문구 전농동 25-2"
NULL,NULL,"서울특별시 동대문구 전농동 25-2"
NULL,NULL,"서울특별시 동대문구 신설동 92-34"
NULL,NULL,"서울특별시 동대문구 이문동 325-1"
NULL,NULL,"서울특별시 동대문구 휘경동 49-191"
NULL,NULL,"서울특별시 동대문구 전농동 25-2"
NULL,NULL,"서울특별시 동대문구 휘경동 42-6"
NULL,NULL,"서울특별시 동대문구 전농동 25-2"
NULL,NULL,"서울특별시 동대문구 신설동 92-34"
NULL,NULL,"서울특별시 동대문구 신설동 92-34"
NULL,NULL,"서울특별시 동대문구 신설동 100-27"
NULL,NULL,"서울특별시 동대문구 신설동 92-34"
NULL,NULL,"서울특별시 동대문구 휘경동 42-6"
NULL,NULL,"서울특별시 동대문구 장안동 473-2"
NULL,NULL,"서울특별시 동대문구 휘경동 42-6"
NULL,NULL,"서울특별시 동대문구 이문동 325-1"
NULL,NULL,"서울특별시 동대문구 제기동 190-11"
NULL,NULL,"서울특별시 동대문구 신설동 92-34"
NULL,NULL,"서울특별시 동대문구 전농동 25-2"
NULL,NULL,"서울특별시 동대문구 휘경동 42-6"
NULL,NULL,"서울특별시 동대문구 휘경동 42-6"
NULL,NULL,"서울특별시 동대문구 휘경동 33-4"
NULL,NULL,"서울특별시 동대문구 휘경동 42-6"
NULL,NULL,"서울특별시 동대문구 장안동 473-2"
NULL,NULL,"서울특별시 동대문구 신설동 92-34"
NULL,NULL,"서울특별시 동대문구 휘경동 42-6"
NULL,NULL,"서울특별시 동대문구 전농동 129-71"
NULL,NULL,"서울특별시 동대문구 전농동 25-2"
NULL,NULL,"서울특별시 동대문구 휘경동 42-6"
NULL,NULL,"서울특별시 동대문구 이문동 325-1"
NULL,NULL,"서울특별시 동대문구 휘경동 42-6"
NULL,NULL,"서울특별시 동대문구 휘경동 49-20"
NULL,NULL,"서울특별시 동대문구 휘경동 42-6"
NULL,NULL,"서울특별시 동대문구 용두동 168-15"
NULL,NULL,"서울특별시 동대문구 이문동 325-1"
NULL,NULL,"서울특별시 동대문구 장안동 473-2"
NULL,NULL,"서울특별시 동대문구 전농동 25-2"
NULL,NULL,"서울특별시 동대문구 신설동 92-34"
NULL,NULL,"서울특별시 동대문구 전농동 25-2"
NULL,NULL,"서울특별시 동대문구 신설동 92-34"
NULL,NULL,"서울특별시 동대문구 휘경동 42-6"
NULL,NULL,"서울특별시 동대문구 전농동 25-2"
NULL,NULL,"서울특별시 동대문구 장안동 473-2"
NULL,NULL,"서울특별시 동대문구 전농동 25-2"
NULL,NULL,"서울특별시 동대문구 이문동 325-1"
NULL,NULL,"서울특별시 동대문구 신설동 92-34"
NULL,NULL,"서울특별시 동대문구 신설동 92-34"
NULL,NULL,"서울특별시 동대문구 이문동 325-1"
NULL,NULL,"서울특별시 동대문구 신설동 92-34"
NULL,NULL,"서울특별시 동대문구 신설동 92-34"
NULL,NULL,"서울특별시 동대문구 이문동 255-262"
NULL,NULL,"서울특별시 동대문구 신설동 92-34"
NULL,NULL,"서울특별시 동대문구 장안동 473-2"
NULL,NULL,"서울특별시 동대문구 전농동 25-2"
NULL,NULL,"서울특별시 동대문구 전농동 25-2"
NULL,NULL,"서울특별시 동대문구 신설동 92-34"
NULL,NULL,"서울특별시 동대문구 이문동 325-1"
NULL,NULL,"서울특별시 동대문구 장안동 473-2"
NULL,NULL,"서울특별시 동대문구 전농동 25-2"
NULL,NULL,"서울특별시 동대문구 휘경동 42-6"
NULL,NULL,"서울특별시 동대문구 신설동 92-34"
NULL,NULL,"서울특별시 동대문구 신설동 92-34"
NULL,NULL,"서울특별시 동대문구 장안동 473-2"
NULL,NULL,"서울특별시 동대문구 신설동 92-34"
NULL,NULL,"서울특별시 동대문구 신설동 92-34"
NULL,NULL,"서울특별시 동대문구 장안동 473-2"
NULL,NULL,"서울특별시 동대문구 전농동 25-2"
NULL,NULL,"서울특별시 동대문구 장안동 473-2"
NULL,NULL,"서울특별시 동대문구 신설동 92-34"
NULL,NULL,"서울특별시 동대문구 휘경동 42-6"
NULL,NULL,"서울특별시 동대문구 전농동 25-2"
NULL,NULL,"서울특별시 동대문구 장안동 473-2"
NULL,NULL,"서울특별시 동대문구 전농동 25-2"
NULL,NULL,"서울특별시 동대문구 전농동 25-2"
NULL,NULL,"서울특별시 동대문구 신설동 92-34"
NULL,NULL,"서울특별시 동대문구 전농동 25-2"
NULL,NULL,"서울특별시 동대문구 휘경동 42-6"
NULL,NULL,"서울특별시 동대문구 신설동 92-34"
NULL,NULL,"서울특별시 동대문구 전농동 129-71"
NULL,NULL,"서울특별시 동대문구 전농동 25-2"
NULL,NULL,"서울특별시 동대문구 제기동 190-11"
NULL,NULL,"서울특별시 동대문구 장안동 473-2"
NULL,NULL,"서울특별시 동대문구 신설동 92-34"
NULL,NULL,"서울특별시 동대문구 장안동 473-2"
NULL,NULL,"서울특별시 동대문구 휘경동 42-6"
NULL,NULL,"서울특별시 동대문구 휘경동 49-20"
NULL,NULL,"서울특별시 동대문구 장안동 473-2"
NULL,NULL,"서울특별시 동대문구 전농동 25-2"
NULL,NULL,"서울특별시 동대문구 전농동 25-2"
NULL,NULL,"서울특별시 동대문구 신설동 92-34"
NULL,NULL,"서울특별시 동대문구 휘경동 49-20"
NULL,NULL,"서울특별시 동대문구 휘경동 42-6"
NULL,NULL,"서울특별시 동대문구 장안동 473-2"
NULL,NULL,"서울특별시 동대문구 이문동 325-1"
NULL,NULL,"서울특별시 동대문구 전농동 129-71"
NULL,NULL,"서울특별시 동대문구 전농동 25-2"
NULL,NULL,"서울특별시 동대문구 장안동 473-2"
NULL,NULL,"서울특별시 동대문구 이문동 325-1"
NULL,NULL,"서울특별시 동대문구 전농동 25-2"
NULL,NULL,"서울특별시 동대문구 청량리동 205-488"
NULL,NULL,"서울특별시 동대문구 장안동 473-2"
NULL,NULL,"서울특별시 동대문구 신설동 92-34"
NULL,NULL,"서울특별시 동대문구 장안동 473-2"
NULL,NULL,"서울특별시 동대문구 용두동 130-17"
NULL,NULL,"서울특별시 동대문구 회기동 58-2"
NULL,NULL,"서울특별시 동대문구 장안동 473-2"
NULL,NULL,"서울특별시 동대문구 휘경동 42-6"
NULL,NULL,"서울특별시 동대문구 장안동 473-2"
NULL,NULL,"서울특별시 동대문구 신설동 92-34"
NULL,NULL,"서울특별시 동대문구 휘경동 49-20"
NULL,NULL,"서울특별시 동대문구 제기동 153"
NULL,NULL,"서울특별시 동대문구 제기동 190-11"
NULL,NULL,"서울특별시 동대문구 신설동 92-34"
NULL,NULL,"서울특별시 동대문구 용두동 213-2"
NULL,NULL,"서울특별시 동대문구 신설동 92-34"
NULL,NULL,"서울특별시 동대문구 제기동 190-11"
NULL,NULL,"서울특별시 동대문구 신설동 92-34"
NULL,NULL,"서울특별시 동대문구 장안동 473-2"
NULL,NULL,"서울특별시 동대문구 전농동 25-2"
NULL,NULL,"서울특별시 동대문구 전농동 25-2"
NULL,NULL,"서울특별시 동대문구 장안동 473-2"
NULL,NULL,"서울특별시 동대문구 휘경동 42-6"
NULL,NULL,"서울특별시 동대문구 전농동 129-71"
NULL,NULL,"서울특별시 동대문구 신설동 92-34"
NULL,NULL,"서울특별시 동대문구 전농동 25-2"
NULL,NULL,"서울특별시 동대문구 신설동 92-34"
NULL,NULL,"서울특별시 동대문구 장안동 473-2"
NULL,NULL,"서울특별시 동대문구 장안동 473-2"
NULL,NULL,"서울특별시 동대문구 장안동 473-2"
NULL,NULL,"서울특별시 동대문구 장안동 473-2"
NULL,NULL,"서울특별시 동대문구 이문동 325-1"
NULL,NULL,"서울특별시 동대문구 장안동 473-2"
NULL,NULL,"서울특별시 동대문구 이문동 325-1"
NULL,NULL,"서울특별시 동대문구 장안동 473-2"
NULL,NULL,"서울특별시 동대문구 용두동 213-2"
NULL,NULL,"서울특별시 동대문구 장안동 473-2"
NULL,NULL,"서울특별시 동대문구 전농동 312"
NULL,NULL,"서울특별시 동대문구 휘경동 42-6"
NULL,NULL,"서울특별시 동대문구 장안동 473-2"
NULL,NULL,"서울특별시 동대문구 신설동 92-34"
NULL,NULL,"서울특별시 동대문구 전농동 25-2"
NULL,NULL,"서울특별시 동대문구 전농동 25-2"
NULL,NULL,"서울특별시 동대문구 전농동 25-2"
NULL,NULL,"서울특별시 동대문구 휘경동 42-6"
NULL,NULL,"서울특별시 동대문구 휘경동 42-6"
NULL,NULL,"서울특별시 동대문구 전농동 25-2"
NULL,NULL,"서울특별시 동대문구 신설동 92-34"
NULL,NULL,"서울특별시 동대문구 용두동 168-15"
NULL,NULL,"서울특별시 동대문구 장안동 473-2"
NULL,NULL,"서울특별시 동대문구 휘경동 42-6"
NULL,NULL,"서울특별시 동대문구 휘경동 42-6"
NULL,NULL,"서울특별시 동대문구 전농동 25-2"
NULL,NULL,"서울특별시 동대문구 휘경동 49-20"
NULL,NULL,"서울특별시 동대문구 장안동 473-2"
NULL,NULL,"서울특별시 동대문구 신설동 92-34"
NULL,NULL,"서울특별시 동대문구 휘경동 42-6"
NULL,NULL,"서울특별시 동대문구 전농동 25-2"
NULL,NULL,"서울특별시 동대문구 이문동 325-1"
NULL,NULL,"서울특별시 동대문구 전농동 25-2"
NULL,NULL,"서울특별시 동대문구 장안동 473-2"
NULL,NULL,"서울특별시 동대문구 신설동 92-34"
NULL,NULL,"서울특별시 동대문구 휘경동 42-6"
NULL,NULL,"서울특별시 동대문구 휘경동 42-6"
NULL,NULL,"서울특별시 동대문구 휘경동 42-6"
NULL,NULL,"서울특별시 동대문구 휘경동 42-6"
NULL,NULL,"서울특별시 동대문구 휘경동 42-6"
NULL,NULL,"서울특별시 동대문구 휘경동 42-6"
NULL,NULL,"서울특별시 동대문구 휘경동 42-6"
NULL,NULL,"서울특별시 동대문구 휘경동 42-6"
NULL,NULL,"서울특별시 동대문구 장안동 473-2"
NULL,NULL,"서울특별시 동대문구 장안동 473-2"
NULL,NULL,"서울특별시 동대문구 장안동 473-2"
NULL,NULL,"서울특별시 동대문구 장안동 473-2"
NULL,NULL,"서울특별시 동대문구 장안동 473-2"
NULL,NULL,"서울특별시 동대문구 장안동 473-2"
NULL,NULL,"서울특별시 동대문구 장안동 473-2"
NULL,NULL,"서울특별시 동대문구 장안동 473-2"
NULL,NULL,"서울특별시 동대문구 장안동 473-2"
NULL,NULL,"서울특별시 동대문구 장안동 473-2"
NULL,NULL,"서울특별시 동대문구 장안동 473-2"
NULL,NULL,"서울특별시 동대문구 장안동 473-2"
NULL,NULL,"서울특별시 동대문구 장안동 473-2"
NULL,NULL,"서울특별시 동대문구 장안동 473-2"
NULL,NULL,"서울특별시 동대문구 장안동 473-2"
NULL,NULL,"서울특별시 동대문구 장안동 473-2"
NULL,NULL,"서울특별시 동대문구 장안동 473-2"
NULL,NULL,"서울특별시 동대문구 장안동 473-2"
NULL,NULL,"서울특별시 동대문구 장안동 473-2"
NULL,NULL,"서울특별시 동대문구 장안동 473-2"
NULL,NULL,"서울특별시 동대문구 장안동 473-2"
NULL,NULL,"서울특별시 동대문구 전농동 25-2"
NULL,NULL,"서울특별시 동대문구 전농동 25-2"
NULL,NULL,"서울특별시 동대문구 전농동 25-2"
NULL,NULL,"서울특별시 동대문구 전농동 25-2"
NULL,NULL,"서울특별시 동대문구 전농동 25-2"
NULL,NULL,"서울특별시 동대문구 전농동 25-2"
NULL,NULL,"서울특별시 동대문구 전농동 25-2"
NULL,NULL,"서울특별시 동대문구 전농동 25-2"
NULL,NULL,"서울특별시 동대문구 전농동 25-2"
NULL,NULL,"서울특별시 동대문구 전농동 25-2"
NULL,NULL,"서울특별시 동대문구 이문동 59"
NULL,NULL,"서울특별시 동대문구 이문동 59"
NULL,NULL,"서울특별시 동대문구 이문동 59"
NULL,NULL,"서울특별시 동대문구 이문동 59"
NULL,NULL,"서울특별시 동대문구 이문동 59"
NULL,NULL,"서울특별시 동대문구 이문동 59"
NULL,NULL,"서울특별시 동대문구 이문동 59"
NULL,NULL,"서울특별시 동대문구 이문동 59"
NULL,NULL,"서울특별시 동대문구 이문동 59"
NULL,NULL,"서울특별시 동대문구 이문동 59"
NULL,NULL,"서울특별시 동대문구 이문동 59"
NULL,NULL,"서울특별시 동대문구 이문동 59"
NULL,NULL,"서울특별시 동대문구 이문동 59"
NULL,NULL,"서울특별시 동대문구 이문동 59"
NULL,NULL,"서울특별시 동대문구 이문동 59"
NULL,NULL,"서울특별시 동대문구 이문동 59"
NULL,NULL,"서울특별시 동대문구 이문동 59"
NULL,NULL,"서울특별시 동대문구 이문동 59"
NULL,NULL,"서울특별시 동대문구 이문동 59"
NULL,NULL,"서울특별시 동대문구 이문동 59"
NULL,NULL,"서울특별시 동대문구 이문동 59"
NULL,NULL,"서울특별시 동대문구 이문동 59"
NULL,NULL,"서울특별시 동대문구 이문동 59"
NULL,NULL,"서울특별시 동대문구 제기동 190-11"
NULL,NULL,"서울특별시 동대문구 제기동 153"
NULL,NULL,"서울특별시 동대문구 제기동 153"
NULL,NULL,"서울특별시 동대문구 전농동 25-2"
NULL,NULL,"서울특별시 동대문구 전농동 25-2"
NULL,NULL,"서울특별시 동대문구 신설동 92-34"
NULL,NULL,"서울특별시 동대문구 신설동 92-34"
NULL,NULL,"서울특별시 동대문구 신설동 92-34"
NULL,NULL,"서울특별시 동대문구 신설동 92-34"
NULL,NULL,"서울특별시 동대문구 휘경동 42-6"
NULL,NULL,"서울특별시 동대문구 휘경동 49-20"
NULL,NULL,"서울특별시 동대문구 휘경동 49-20"
NULL,NULL,"서울특별시 동대문구 휘경동 372-3"
NULL,NULL,"서울특별시 동대문구 휘경동 372-3"
NULL,NULL,"서울특별시 동대문구 전농동 124-64"
NULL,NULL,"서울특별시 동대문구 휘경동 255-3"
NULL,NULL,"서울특별시 동대문구 휘경동 255-3"
NULL,NULL,"서울특별시 동대문구 휘경동 255-3"
NULL,NULL,"서울특별시 동대문구 이문동 237-3"
NULL,NULL,"서울특별시 동대문구 제기동 1032"
NULL,NULL,"서울특별시 동대문구 휘경동 255-3"
NULL,NULL,"서울특별시 동대문구 이문동 237-3"
NULL,NULL,"서울특별시 동대문구 이문동 237-3"
NULL,NULL,"서울특별시 동대문구 전농동 679-8"
NULL,NULL,"서울특별시 동대문구 휘경동 255-3"
NULL,NULL,"서울특별시 동대문구 휘경동 372-3"
NULL,NULL,"서울특별시 동대문구 휘경동 372-3"
NULL,NULL,"서울특별시 동대문구 휘경동 255-3"
NULL,NULL,"서울특별시 동대문구 휘경동 372-3"
NULL,NULL,"서울특별시 동대문구 휘경동 372-3"
NULL,NULL,"서울특별시 동대문구 휘경동 372-3"
NULL,NULL,"서울특별시 동대문구 휘경동 372-3"
NULL,NULL,"서울특별시 동대문구 제기동 1032"
NULL,NULL,"서울특별시 동대문구 휘경동 255-3"
NULL,NULL,"서울특별시 동대문구 휘경동 43-281"
NULL,NULL,"서울특별시 동대문구 이문동 237-3"
NULL,NULL,"서울특별시 동대문구 휘경동 255-3"
NULL,NULL,"서울특별시 동대문구 휘경동 255-3"
NULL,NULL,"서울특별시 동대문구 회기동 60-244"
NULL,NULL,"서울특별시 동대문구 휘경동 372-3"
NULL,NULL,"서울특별시 동대문구 휘경동 372-3"
NULL,NULL,"서울특별시 동대문구 휘경동 255-3"
NULL,NULL,"서울특별시 동대문구 휘경동 255-3"
NULL,NULL,"서울특별시 동대문구 전농동 124-64"
NULL,NULL,"서울특별시 동대문구 휘경동 255-3"
NULL,NULL,"서울특별시 동대문구 휘경동 255-3"
NULL,NULL,"서울특별시 동대문구 휘경동 255-3"
NULL,NULL,"서울특별시 동대문구 전농동 124-64"
NULL,NULL,"서울특별시 동대문구 휘경동 255-3"
NULL,NULL,"서울특별시 동대문구 휘경동 372-3"
NULL,NULL,"서울특별시 동대문구 휘경동 255-3"
NULL,NULL,"서울특별시 동대문구 이문동 237-3"
NULL,NULL,"서울특별시 동대문구 이문동 120-1"
NULL,NULL,"서울특별시 동대문구 휘경동 372-3"
NULL,NULL,"서울특별시 동대문구 휘경동 255-3"
NULL,NULL,"서울특별시 동대문구 휘경동 255-3"
NULL,NULL,"서울특별시 동대문구 휘경동 372-3"
NULL,NULL,"서울특별시 동대문구 휘경동 372-3"
NULL,NULL,"서울특별시 동대문구 이문동 237-3"
NULL,NULL,"서울특별시 동대문구 휘경동 255-3"
NULL,NULL,"서울특별시 동대문구 휘경동 255-3"
NULL,NULL,"서울특별시 동대문구 휘경동 372-3"
NULL,NULL,"서울특별시 동대문구 전농동 124-64"
NULL,NULL,"서울특별시 동대문구 휘경동 255-3"
NULL,NULL,"서울특별시 동대문구 휘경동 255-3"
NULL,NULL,"서울특별시 동대문구 휘경동 372-3"
NULL,NULL,"서울특별시 동대문구 휘경동 372-3"
NULL,NULL,"서울특별시 동대문구 휘경동 255-3"
NULL,NULL,"서울특별시 동대문구 휘경동 255-3"
NULL,NULL,"서울특별시 동대문구 휘경동 372-3"
NULL,NULL,"서울특별시 동대문구 휘경동 372-3"
NULL,NULL,"서울특별시 동대문구 휘경동 255-3"
NULL,NULL,"서울특별시 동대문구 휘경동 255-3"
NULL,NULL,"서울특별시 동대문구 휘경동 372-3"
NULL,NULL,"서울특별시 동대문구 휘경동 255-3"
NULL,NULL,"서울특별시 동대문구 휘경동 255-3"
NULL,NULL,"서울특별시 동대문구 휘경동 372-3"
NULL,NULL,"서울특별시 동대문구 휘경동 372-3"
NULL,NULL,"서울특별시 동대문구 휘경동 255-3"
NULL,NULL,"서울특별시 동대문구 휘경동 255-3"
NULL,NULL,"서울특별시 동대문구 전농동 124-64"
NULL,NULL,"서울특별시 동대문구 휘경동 372-3"
NULL,NULL,"서울특별시 동대문구 제기동 1032"
NULL,NULL,"서울특별시 동대문구 휘경동 372-3"
NULL,NULL,"서울특별시 동대문구 휘경동 372-3"
NULL,NULL,"서울특별시 동대문구 휘경동 255-3"
NULL,NULL,"서울특별시 동대문구 휘경동 372-3"
NULL,NULL,"서울특별시 동대문구 이문동 237-3"
NULL,NULL,"서울특별시 동대문구 휘경동 255-3"
NULL,NULL,"서울특별시 동대문구 휘경동 255-3"
NULL,NULL,"서울특별시 동대문구 휘경동 344"
NULL,NULL,"서울특별시 동대문구 전농동 124-64"
NULL,NULL,"서울특별시 동대문구 이문동 120-1"
NULL,NULL,"서울특별시 동대문구 휘경동 255-3"
NULL,NULL,"서울특별시 동대문구 휘경동 255-3"
NULL,NULL,"서울특별시 동대문구 휘경동 372-3"
NULL,NULL,"서울특별시 동대문구 휘경동 255-3"
NULL,NULL,"서울특별시 동대문구 휘경동 372-3"
NULL,NULL,"서울특별시 동대문구 휘경동 372-3"
NULL,NULL,"서울특별시 동대문구 휘경동 255-3"
NULL,NULL,"서울특별시 동대문구 휘경동 372-3"
NULL,NULL,"서울특별시 동대문구 휘경동 344"
NULL,NULL,"서울특별시 동대문구 용두동 696-6"
NULL,NULL,"서울특별시 동대문구 답십리동 951-3"
NULL,NULL,"서울특별시 동대문구 용두동 696-6"
NULL,NULL,"서울특별시 동대문구 용두동 696-6"
NULL,NULL,"서울특별시 동대문구 용두동 696-6"
NULL,NULL,"서울특별시 동대문구 답십리동 951-3"
NULL,NULL,"서울특별시 동대문구 용두동 696-6"
NULL,NULL,"서울특별시 동대문구 용두동 696-6"
NULL,NULL,"서울특별시 동대문구 회기동 60-110"
NULL,NULL,"서울특별시 동대문구 장안동 245-13"
NULL,NULL,"서울특별시 동대문구 용두동 696-6"
NULL,NULL,"서울특별시 동대문구 답십리동 951-3"
NULL,NULL,"서울특별시 동대문구 답십리동 951-3"
NULL,NULL,"서울특별시 동대문구 용두동 696-6"
NULL,NULL,"서울특별시 동대문구 제기동 892-66"
NULL,NULL,"서울특별시 동대문구 제기동 892-66"
NULL,NULL,"서울특별시 동대문구 답십리동 951-3"
NULL,NULL,"서울특별시 동대문구 답십리동 951-3"
NULL,NULL,"서울특별시 동대문구 제기동 892-66"
NULL,NULL,"서울특별시 동대문구 이문동 114-18"
NULL,NULL,"서울특별시 동대문구 제기동 892-66"
NULL,NULL,"서울특별시 동대문구 제기동 892-66"
NULL,NULL,"서울특별시 동대문구 장안동 245-13"
NULL,NULL,"서울특별시 동대문구 회기동 45-35"
NULL,NULL,"서울특별시 동대문구 제기동 892-66"
NULL,NULL,"서울특별시 동대문구 장안동 245-13"
NULL,NULL,"서울특별시 동대문구 답십리동 951-3"
NULL,NULL,"서울특별시 동대문구 용두동 696-6"
NULL,NULL,"서울특별시 동대문구 제기동 892-66"
NULL,NULL,"서울특별시 동대문구 휘경동 312-39"
NULL,NULL,"서울특별시 동대문구 장안동 245-13"
NULL,NULL,"서울특별시 동대문구 답십리동 951-3"
NULL,NULL,"서울특별시 동대문구 장안동 245-13"
NULL,NULL,"서울특별시 동대문구 용두동 696-6"
NULL,NULL,"서울특별시 동대문구 답십리동 951-3"
NULL,NULL,"서울특별시 동대문구 답십리동 951-3"
NULL,NULL,"서울특별시 동대문구 답십리동 951-3"
NULL,NULL,"서울특별시 동대문구 장안동 245-13"
NULL,NULL,"서울특별시 동대문구 장안동 245-13"
NULL,NULL,"서울특별시 동대문구 용두동 696-6"
NULL,NULL,"서울특별시 동대문구 답십리동 951-3"
NULL,NULL,"서울특별시 동대문구 용두동 696-6"
NULL,NULL,"서울특별시 동대문구 장안동 245-13"
NULL,NULL,"서울특별시 동대문구 답십리동 951-3"
NULL,NULL,"서울특별시 동대문구 장안동 332-5"
NULL,NULL,"서울특별시 동대문구 제기동 892-66"
NULL,NULL,"서울특별시 동대문구 용두동 696-6"
NULL,NULL,"서울특별시 동대문구 답십리동 951-3"
NULL,NULL,"서울특별시 동대문구 전농동 222-105"
NULL,NULL,"서울특별시 동대문구 용두동 696-6"
NULL,NULL,"서울특별시 동대문구 용두동 696-6"
NULL,NULL,"서울특별시 동대문구 용두동 696-6"
NULL,NULL,"서울특별시 동대문구 용두동 696-6"
NULL,NULL,"서울특별시 동대문구 용두동 696-6"
NULL,NULL,"서울특별시 동대문구 용두동 696-6"
NULL,NULL,"서울특별시 동대문구 용두동 696-6"
NULL,NULL,"서울특별시 동대문구 용두동 696-6"
NULL,NULL,"서울특별시 동대문구 용두동 255-20"
NULL,NULL,"서울특별시 동대문구 용두동 255-20"
NULL,NULL,"서울특별시 동대문구 용두동 255-20"
NULL,NULL,"서울특별시 동대문구 이문동 238-2"
NULL,NULL,"서울특별시 동대문구 답십리동 2-17"
NULL,NULL,"서울특별시 동대문구 답십리동 2-17"
NULL,NULL,"서울특별시 동대문구 답십리동 2-17"
NULL,NULL,"서울특별시 동대문구 이문동 238-2"
NULL,NULL,"서울특별시 동대문구 이문동 238-2"
NULL,NULL,"서울특별시 동대문구 전농동 655-30"
NULL,NULL,"서울특별시 동대문구 답십리동 2-17"
NULL,NULL,"서울특별시 동대문구 답십리동 2-17"
NULL,NULL,"서울특별시 동대문구 답십리동 2-17"
NULL,NULL,"서울특별시 동대문구 답십리동 2-17"
NULL,NULL,"서울특별시 동대문구 이문동 238-2"
NULL,NULL,"서울특별시 동대문구 답십리동 2-17"
NULL,NULL,"서울특별시 동대문구 답십리동 2-17"
NULL,NULL,"서울특별시 동대문구 답십리동 2-17"
NULL,NULL,"서울특별시 동대문구 이문동 114-19"
NULL,NULL,"서울특별시 동대문구 답십리동 2-17"
NULL,NULL,"서울특별시 동대문구 답십리동 2-17"
NULL,NULL,"서울특별시 동대문구 이문동 238-2"
NULL,NULL,"서울특별시 동대문구 답십리동 2-17"
NULL,NULL,"서울특별시 동대문구 답십리동 2-17"
NULL,NULL,"서울특별시 동대문구 이문동 238-2"
NULL,NULL,"서울특별시 동대문구 용두동 39-9"
NULL,NULL,"서울특별시 동대문구 용두동 39-9"
NULL,NULL,"서울특별시 동대문구 답십리동 2-17"
NULL,NULL,"서울특별시 동대문구 답십리동 2-17"
NULL,NULL,"서울특별시 동대문구 이문동 238-2"
NULL,NULL,"서울특별시 동대문구 이문동 238-2"
NULL,NULL,"서울특별시 동대문구 답십리동 2-17"
NULL,NULL,"서울특별시 동대문구 이문동 238-2"
NULL,NULL,"서울특별시 동대문구 답십리동 2-17"
NULL,NULL,"서울특별시 동대문구 답십리동 2-17"
NULL,NULL,"서울특별시 동대문구 답십리동 2-17"
NULL,NULL,"서울특별시 동대문구 이문동 238-2"
NULL,NULL,"서울특별시 동대문구 이문동 238-2"
NULL,NULL,"서울특별시 동대문구 답십리동 2-17"
NULL,NULL,"서울특별시 동대문구 장안동 479-2"
NULL,NULL,"서울특별시 동대문구 답십리동 2-17"
NULL,NULL,"서울특별시 동대문구 이문동 238-2"
NULL,NULL,"서울특별시 동대문구 이문동 238-2"
NULL,NULL,"서울특별시 동대문구 이문동 238-2"
NULL,NULL,"서울특별시 동대문구 이문동 238-2"
NULL,NULL,"서울특별시 동대문구 이문동 238-2"
NULL,NULL,"서울특별시 동대문구 답십리동 917"
NULL,NULL,"서울특별시 동대문구 휘경동 42-3"
NULL,NULL,"서울특별시 동대문구 휘경동 42-3"
NULL,NULL,"서울특별시 동대문구 휘경동 42-3"
NULL,NULL,"서울특별시 동대문구 전농동 103-322"
NULL,NULL,"서울특별시 동대문구 답십리동 917"
NULL,NULL,"서울특별시 동대문구 휘경동 42-3"
NULL,NULL,"서울특별시 동대문구 전농동 141-154"
NULL,NULL,"서울특별시 동대문구 신설동 50-2"
NULL,NULL,"서울특별시 동대문구 휘경동 43-152"
NULL,NULL,"서울특별시 동대문구 회기동 77-43"
NULL,NULL,"서울특별시 동대문구 휘경동 42-3"
NULL,NULL,"서울특별시 동대문구 휘경동 42-3"
NULL,NULL,"서울특별시 동대문구 휘경동 42-3"
NULL,NULL,"서울특별시 동대문구 휘경동 42-3"
NULL,NULL,"서울특별시 동대문구 휘경동 42-3"
NULL,NULL,"서울특별시 동대문구 휘경동 42-3"
NULL,NULL,"서울특별시 동대문구 답십리동 917"
NULL,NULL,"서울특별시 동대문구 이문동 54"
NULL,NULL,"서울특별시 동대문구 용두동 118-86"
NULL,NULL,"서울특별시 동대문구 용두동 150-4"
NULL,NULL,"서울특별시 동대문구 답십리동 534"
NULL,NULL,"서울특별시 동대문구 장안동 469-5"
NULL,NULL,"서울특별시 동대문구 용두동 150-4"
NULL,NULL,"서울특별시 동대문구 답십리동 534"
NULL,NULL,"서울특별시 동대문구 용두동 118-86"
NULL,NULL,"서울특별시 동대문구 답십리동 534"
NULL,NULL,"서울특별시 동대문구 답십리동 534"
NULL,NULL,"서울특별시 동대문구 답십리동 534"
NULL,NULL,"서울특별시 동대문구 용두동 150-4"
NULL,NULL,"서울특별시 동대문구 장안동 469-5"
NULL,NULL,"서울특별시 동대문구 장안동 469-5"
NULL,NULL,"서울특별시 동대문구 용두동 150-4"
NULL,NULL,"서울특별시 동대문구 답십리동 534"
NULL,NULL,"서울특별시 동대문구 답십리동 534"
NULL,NULL,"서울특별시 동대문구 답십리동 534"
NULL,NULL,"서울특별시 동대문구 제기동 1150-1"
NULL,NULL,"서울특별시 동대문구 답십리동 534"
NULL,NULL,"서울특별시 동대문구 용두동 150-4"
NULL,NULL,"서울특별시 동대문구 답십리동 534"
NULL,NULL,"서울특별시 동대문구 청량리동 205-382"
NULL,NULL,"서울특별시 동대문구 용두동 150-4"
NULL,NULL,"서울특별시 동대문구 답십리동 534"
NULL,NULL,"서울특별시 동대문구 답십리동 534"
NULL,NULL,"서울특별시 동대문구 답십리동 534"
NULL,NULL,"서울특별시 동대문구 용두동 150-4"
NULL,NULL,"서울특별시 동대문구 답십리동 534"
NULL,NULL,"서울특별시 동대문구 제기동 1150-1"
NULL,NULL,"서울특별시 동대문구 답십리동 534"
NULL,NULL,"서울특별시 동대문구 제기동 1150-1"
NULL,NULL,"서울특별시 동대문구 답십리동 534"
NULL,NULL,"서울특별시 동대문구 장안동 469-5"
NULL,NULL,"서울특별시 동대문구 답십리동 534"
NULL,NULL,"서울특별시 동대문구 장안동 469-5"
NULL,NULL,"서울특별시 동대문구 답십리동 534"
NULL,NULL,"서울특별시 동대문구 답십리동 534"
NULL,NULL,"서울특별시 동대문구 제기동 1150-1"
NULL,NULL,"서울특별시 동대문구 답십리동 534"
NULL,NULL,"서울특별시 동대문구 제기동 1150-1"
NULL,NULL,"서울특별시 동대문구 제기동 1150-1"
NULL,NULL,"서울특별시 동대문구 청량리동 205-382"
NULL,NULL,"서울특별시 동대문구 용두동 150-4"
NULL,NULL,"서울특별시 동대문구 답십리동 534"
NULL,NULL,"서울특별시 동대문구 답십리동 534"
NULL,NULL,"서울특별시 동대문구 답십리동 534"
NULL,NULL,"서울특별시 동대문구 제기동 1150-1"
NULL,NULL,"서울특별시 동대문구 용두동 150-4"
NULL,NULL,"서울특별시 동대문구 제기동 1150-1"
NULL,NULL,"서울특별시 동대문구 답십리동 534"
NULL,NULL,"서울특별시 동대문구 장안동 469-5"
NULL,NULL,"서울특별시 동대문구 답십리동 534"
NULL,NULL,"서울특별시 동대문구 답십리동 534"
NULL,NULL,"서울특별시 동대문구 장안동 469-5"
NULL,NULL,"서울특별시 동대문구 이문동 220-113"
NULL,NULL,"서울특별시 동대문구 장안동 469-5"
NULL,NULL,"서울특별시 동대문구 답십리동 534"
NULL,NULL,"서울특별시 동대문구 장안동 469-5"
NULL,NULL,"서울특별시 동대문구 답십리동 534"
NULL,NULL,"서울특별시 동대문구 답십리동 534"
NULL,NULL,"서울특별시 동대문구 답십리동 534"
NULL,NULL,"서울특별시 동대문구 답십리동 534"
NULL,NULL,"서울특별시 동대문구 답십리동 534"
NULL,NULL,"서울특별시 동대문구 장안동 469-5"
NULL,NULL,"서울특별시 동대문구 장안동 141-30"
NULL,NULL,"서울특별시 동대문구 장안동 469-5"
NULL,NULL,"서울특별시 동대문구 장안동 469-5"
NULL,NULL,"서울특별시 동대문구 장안동 469-5"
NULL,NULL,"서울특별시 동대문구 장안동 469-5"
NULL,NULL,"서울특별시 동대문구 장안동 469-5"
NULL,NULL,"서울특별시 동대문구 답십리동 534"
NULL,NULL,"서울특별시 동대문구 용두동 251-103"
NULL,NULL,"서울특별시 동대문구 용두동 251-103"
NULL,NULL,"서울특별시 동대문구 전농동 155-4"
NULL,NULL,"서울특별시 동대문구 신설동 42-3"
NULL,NULL,"서울특별시 동대문구 전농동 150-108"
NULL,NULL,"서울특별시 동대문구 전농동 150-108"
NULL,NULL,"서울특별시 동대문구 제기동 853"
NULL,NULL,"서울특별시 동대문구 제기동 855"
NULL,NULL,"서울특별시 동대문구 제기동 855"
NULL,NULL,"서울특별시 동대문구 제기동 855"
NULL,NULL,"서울특별시 동대문구 제기동 855"
NULL,NULL,"서울특별시 동대문구 제기동 855"
NULL,NULL,"서울특별시 동대문구 제기동 853"
NULL,NULL,"서울특별시 동대문구 전농동 150-108"
NULL,NULL,"서울특별시 동대문구 답십리동 243-1"
NULL,NULL,"서울특별시 동대문구 답십리동 952-6"
NULL,NULL,"서울특별시 동대문구 전농동 150-108"
NULL,NULL,"서울특별시 동대문구 신설동 42-3"
NULL,NULL,"서울특별시 동대문구 제기동 853"
NULL,NULL,"서울특별시 동대문구 제기동 855"
NULL,NULL,"서울특별시 동대문구 제기동 855"
NULL,NULL,"서울특별시 동대문구 제기동 855"
NULL,NULL,"서울특별시 동대문구 제기동 855"
NULL,NULL,"서울특별시 동대문구 제기동 855"
NULL,NULL,"서울특별시 동대문구 신설동 42-3"
NULL,NULL,"서울특별시 동대문구 신설동 42-3"
NULL,NULL,"서울특별시 동대문구 신설동 42-3"
NULL,NULL,"서울특별시 동대문구 신설동 42-3"
NULL,NULL,"서울특별시 동대문구 신설동 42-3"
NULL,NULL,"서울특별시 동대문구 신설동 42-3"
NULL,NULL,"서울특별시 동대문구 신설동 42-3"
NULL,NULL,"서울특별시 동대문구 신설동 42-3"
NULL,NULL,"서울특별시 동대문구 신설동 42-3"
NULL,NULL,"서울특별시 동대문구 신설동 42-3"
NULL,NULL,"서울특별시 동대문구 신설동 42-3"
NULL,NULL,"서울특별시 동대문구 신설동 42-3"
NULL,NULL,"서울특별시 동대문구 전농동 646-19"
NULL,NULL,"서울특별시 동대문구 제기동 855"
NULL,NULL,"서울특별시 동대문구 제기동 853"
NULL,NULL,"서울특별시 동대문구 제기동 855"
NULL,NULL,"서울특별시 동대문구 청량리동 산 5-9"
NULL,NULL,"서울특별시 동대문구 장안동 469-2"
NULL,NULL,"서울특별시 동대문구 장안동 469-2"
NULL,NULL,"서울특별시 동대문구 장안동 469-2"
NULL,NULL,"서울특별시 동대문구 답십리동 36-2"
NULL,NULL,"서울특별시 동대문구 답십리동 472-103"
NULL,NULL,"서울특별시 동대문구 답십리동 472-103"
NULL,NULL,"서울특별시 동대문구 장안동 469-2"
NULL,NULL,"서울특별시 동대문구 용두동 748"
NULL,NULL,"서울특별시 동대문구 이문동 237-100"
NULL,NULL,"서울특별시 동대문구 청량리동 산 5-9"
NULL,NULL,"서울특별시 동대문구 청량리동 산 5-9"
NULL,NULL,"서울특별시 동대문구 답십리동 472-103"
NULL,NULL,"서울특별시 동대문구 휘경동 312-20"
NULL,NULL,"서울특별시 동대문구 답십리동 472-103"
NULL,NULL,"서울특별시 동대문구 장안동 469-2"
NULL,NULL,"서울특별시 동대문구 답십리동 36-2"
NULL,NULL,"서울특별시 동대문구 용두동 748"
NULL,NULL,"서울특별시 동대문구 청량리동 산 5-9"
NULL,NULL,"서울특별시 동대문구 용두동 748"
NULL,NULL,"서울특별시 동대문구 청량리동 산 5-9"
NULL,NULL,"서울특별시 동대문구 장안동 469-2"
NULL,NULL,"서울특별시 동대문구 장안동 469-2"
NULL,NULL,"서울특별시 동대문구 장안동 469-2"
NULL,NULL,"서울특별시 동대문구 장안동 469-2"
NULL,NULL,"서울특별시 동대문구 용두동 748"
NULL,NULL,"서울특별시 동대문구 답십리동 472-103"
NULL,NULL,"서울특별시 동대문구 청량리동 산 5-9"
NULL,NULL,"서울특별시 동대문구 장안동 469-2"
NULL,NULL,"서울특별시 동대문구 답십리동 472-103"
NULL,NULL,"서울특별시 동대문구 답십리동 472-103"
NULL,NULL,"서울특별시 동대문구 청량리동 산 5-9"
NULL,NULL,"서울특별시 동대문구 장안동 469-2"
NULL,NULL,"서울특별시 동대문구 용두동 748"
NULL,NULL,"서울특별시 동대문구 장안동 469-2"
NULL,NULL,"서울특별시 동대문구 답십리동 36-2"
NULL,NULL,"서울특별시 동대문구 청량리동 산 5-9"
NULL,NULL,"서울특별시 동대문구 휘경동 312-20"
NULL,NULL,"서울특별시 동대문구 장안동 469-2"
NULL,NULL,"서울특별시 동대문구 장안동 331-3"
NULL,NULL,"서울특별시 동대문구 장안동 469-2"
NULL,NULL,"서울특별시 동대문구 청량리동 산 5-9"
NULL,NULL,"서울특별시 동대문구 장안동 331-3"
NULL,NULL,"서울특별시 동대문구 장안동 469-2"
NULL,NULL,"서울특별시 동대문구 전농동 314-5"
NULL,NULL,"서울특별시 동대문구 청량리동 산 5-9"
NULL,NULL,"서울특별시 동대문구 답십리동 36-2"
NULL,NULL,"서울특별시 동대문구 답십리동 36-2"
NULL,NULL,"서울특별시 동대문구 용두동 748"
NULL,NULL,"서울특별시 동대문구 답십리동 36-2"
NULL,NULL,"서울특별시 동대문구 휘경동 산 6-54"
NULL,NULL,"서울특별시 동대문구 장안동 469-2"
NULL,NULL,"서울특별시 동대문구 장안동 469-2"
NULL,NULL,"서울특별시 동대문구 용두동 791"
NULL,NULL,"서울특별시 동대문구 용두동 748"
NULL,NULL,"서울특별시 동대문구 청량리동 산 5-9"
NULL,NULL,"서울특별시 동대문구 장안동 469-2"
NULL,NULL,"서울특별시 동대문구 장안동 469-2"
NULL,NULL,"서울특별시 동대문구 장안동 469-2"
NULL,NULL,"서울특별시 동대문구 장안동 469-2"
NULL,NULL,"서울특별시 동대문구 청량리동 산 5-9"
NULL,NULL,"서울특별시 동대문구 답십리동 36-2"
NULL,NULL,"서울특별시 동대문구 청량리동 산 5-9"
NULL,NULL,"서울특별시 동대문구 장안동 469-2"
NULL,NULL,"서울특별시 동대문구 이문동 237-100"
NULL,NULL,"서울특별시 동대문구 장안동 469-2"
NULL,NULL,"서울특별시 동대문구 청량리동 산 5-9"
NULL,NULL,"서울특별시 동대문구 제기동 252"
NULL,NULL,"서울특별시 동대문구 답십리동 472-103"
NULL,NULL,"서울특별시 동대문구 장안동 469-2"
NULL,NULL,"서울특별시 동대문구 장안동 469-2"
NULL,NULL,"서울특별시 동대문구 장안동 469-2"
NULL,NULL,"서울특별시 동대문구 장안동 469-2"
NULL,NULL,"서울특별시 동대문구 장안동 469-2"
NULL,NULL,"서울특별시 동대문구 장안동 469-2"
NULL,NULL,"서울특별시 동대문구 장안동 469-2"
NULL,NULL,"서울특별시 동대문구 답십리동 472-103"
NULL,NULL,"서울특별시 동대문구 용두동 748"
NULL,NULL,"서울특별시 동대문구 장안동 469-2"
NULL,NULL,"서울특별시 동대문구 장안동 469-2"
NULL,NULL,"서울특별시 동대문구 장안동 469-2"
NULL,NULL,"서울특별시 동대문구 장안동 469-2"
NULL,NULL,"서울특별시 동대문구 장안동 469-2"
NULL,NULL,"서울특별시 동대문구 장안동 469-2"
NULL,NULL,"서울특별시 동대문구 장안동 469-2"
NULL,NULL,"서울특별시 동대문구 답십리동 36-2"
NULL,NULL,"서울특별시 동대문구 청량리동 산 5-9"
NULL,NULL,"서울특별시 동대문구 청량리동 산 5-9"
NULL,NULL,"서울특별시 동대문구 신설동 100-21"
NULL,NULL,"서울특별시 동대문구 신설동 100-21"
NULL,NULL,"서울특별시 동대문구 용두동 791"
NULL,NULL,"서울특별시 동대문구 용두동 255-10"
NULL,NULL,"서울특별시 동대문구 신설동 76-5"
NULL,NULL,"서울특별시 동대문구 신설동 76-5"
NULL,NULL,"서울특별시 동대문구 신설동 76-5"
NULL,NULL,"서울특별시 동대문구 이문동 292-90"
NULL,NULL,"서울특별시 동대문구 신설동 76-5"
NULL,NULL,"서울특별시 동대문구 전농동 150-56"
NULL,NULL,"서울특별시 동대문구 전농동 3-89"
NULL,NULL,"서울특별시 동대문구 이문동 292-90"
NULL,NULL,"서울특별시 동대문구 신설동 76-5"
NULL,NULL,"서울특별시 동대문구 전농동 497-3"
NULL,NULL,"서울특별시 동대문구 신설동 76-5"
NULL,NULL,"서울특별시 동대문구 신설동 76-5"
NULL,NULL,"서울특별시 동대문구 신설동 76-5"
NULL,NULL,"서울특별시 동대문구 전농동 497-3"
NULL,NULL,"서울특별시 동대문구 전농동 497-3"
NULL,NULL,"서울특별시 동대문구 전농동 497-3"
NULL,NULL,"서울특별시 동대문구 신설동 76-5"
NULL,NULL,"서울특별시 동대문구 신설동 76-5"
NULL,NULL,"서울특별시 동대문구 전농동 497-3"
NULL,NULL,"서울특별시 동대문구 신설동 76-5"
NULL,NULL,"서울특별시 동대문구 신설동 76-5"
NULL,NULL,"서울특별시 동대문구 답십리동 446"
NULL,NULL,"서울특별시 동대문구 전농동 497-3"
NULL,NULL,"서울특별시 동대문구 전농동 643-29"
NULL,NULL,"서울특별시 동대문구 전농동 643-29"
NULL,NULL,"서울특별시 동대문구 전농동 497-3"
NULL,NULL,"서울특별시 동대문구 이문동 292-90"
NULL,NULL,"서울특별시 동대문구 전농동 3-89"
NULL,NULL,"서울특별시 동대문구 전농동 497-3"
NULL,NULL,"서울특별시 동대문구 회기동 45-131"
NULL,NULL,"서울특별시 동대문구 전농동 497-3"
NULL,NULL,"서울특별시 동대문구 전농동 150-56"
NULL,NULL,"서울특별시 동대문구 전농동 3-89"
NULL,NULL,"서울특별시 동대문구 신설동 76-5"
NULL,NULL,"서울특별시 동대문구 전농동 3-89"
NULL,NULL,"서울특별시 동대문구 전농동 497-3"
NULL,NULL,"서울특별시 동대문구 전농동 497-3"
NULL,NULL,"서울특별시 동대문구 신설동 76-5"
NULL,NULL,"서울특별시 동대문구 전농동 497-3"
NULL,NULL,"서울특별시 동대문구 전농동 497-3"
NULL,NULL,"서울특별시 동대문구 신설동 76-5"
NULL,NULL,"서울특별시 동대문구 전농동 497-3"
NULL,NULL,"서울특별시 동대문구 신설동 76-5"
NULL,NULL,"서울특별시 동대문구 전농동 3-89"
NULL,NULL,"서울특별시 동대문구 이문동 292-90"
NULL,NULL,"서울특별시 동대문구 전농동 3-89"
NULL,NULL,"서울특별시 동대문구 전농동 3-89"
NULL,NULL,"서울특별시 동대문구 전농동 497-3"
NULL,NULL,"서울특별시 동대문구 신설동 76-5"
NULL,NULL,"서울특별시 동대문구 전농동 643-29"
NULL,NULL,"서울특별시 동대문구 전농동 643-29"
NULL,NULL,"서울특별시 동대문구 신설동 76-5"
NULL,NULL,"서울특별시 동대문구 전농동 497-3"
NULL,NULL,"서울특별시 동대문구 신설동 76-5"
NULL,NULL,"서울특별시 동대문구 전농동 643-29"
NULL,NULL,"서울특별시 동대문구 전농동 497-3"
NULL,NULL,"서울특별시 동대문구 전농동 643-29"
NULL,NULL,"서울특별시 동대문구 신설동 76-5"
NULL,NULL,"서울특별시 동대문구 전농동 3-89"
NULL,NULL,"서울특별시 동대문구 장안동 481-5"
NULL,NULL,"서울특별시 동대문구 신설동 76-5"
NULL,NULL,"서울특별시 동대문구 전농동 497-3"
NULL,NULL,"서울특별시 동대문구 전농동 643-29"
NULL,NULL,"서울특별시 동대문구 전농동 3-89"
NULL,NULL,"서울특별시 동대문구 이문동 173-92"
NULL,NULL,"서울특별시 동대문구 이문동 91-2"
NULL,NULL,"서울특별시 동대문구 이문동 91-2"
NULL,NULL,"서울특별시 동대문구 이문동 91-2"
NULL,NULL,"서울특별시 동대문구 전농동 150-56"
NULL,NULL,"서울특별시 동대문구 답십리동 1005-2"
NULL,NULL,"서울특별시 동대문구 답십리동 1005-2"
NULL,NULL,"서울특별시 동대문구 답십리동 1005-2"
NULL,NULL,"서울특별시 동대문구 답십리동 1005-2"
NULL,NULL,"서울특별시 동대문구 답십리동 1005-2"
NULL,NULL,"서울특별시 동대문구 답십리동 1005-2"
NULL,NULL,"서울특별시 동대문구 답십리동 1005-2"
NULL,NULL,"서울특별시 동대문구 답십리동 1005-2"
NULL,NULL,"서울특별시 동대문구 답십리동 1005-2"
NULL,NULL,"서울특별시 동대문구 답십리동 1005-2"
NULL,NULL,"서울특별시 동대문구 답십리동 1005-2"
NULL,NULL,"서울특별시 동대문구 신설동 114-74"
NULL,NULL,"서울특별시 동대문구 답십리동 1005-2"
NULL,NULL,"서울특별시 동대문구 답십리동 1005-2"
NULL,NULL,"서울특별시 동대문구 답십리동 1005-2"
NULL,NULL,"서울특별시 동대문구 답십리동 1005-2"
NULL,NULL,"서울특별시 동대문구 답십리동 1005-2"
NULL,NULL,"서울특별시 동대문구 답십리동 1005-2"
NULL,NULL,"서울특별시 동대문구 답십리동 1005-2"
NULL,NULL,"서울특별시 동대문구 답십리동 1005-2"
NULL,NULL,"서울특별시 동대문구 답십리동 1005-2"
NULL,NULL,"서울특별시 동대문구 답십리동 1005-2"
NULL,NULL,"서울특별시 동대문구 답십리동 1005-2"
NULL,NULL,"서울특별시 동대문구 답십리동 1005-2"
NULL,NULL,"서울특별시 동대문구 답십리동 1005-2"
NULL,NULL,"서울특별시 동대문구 답십리동 1005-2"
NULL,NULL,"서울특별시 동대문구 답십리동 1005-2"
NULL,NULL,"서울특별시 동대문구 답십리동 1005-2"
NULL,NULL,"서울특별시 동대문구 답십리동 1005-2"
NULL,NULL,"서울특별시 동대문구 답십리동 1005-2"
NULL,NULL,"서울특별시 동대문구 답십리동 1005-2"
NULL,NULL,"서울특별시 동대문구 답십리동 1005-2"
NULL,NULL,"서울특별시 동대문구 답십리동 1005-2"
NULL,NULL,"서울특별시 동대문구 답십리동 1005-2"
NULL,NULL,"서울특별시 동대문구 답십리동 1005-2"
NULL,NULL,"서울특별시 동대문구 답십리동 1005-2"
NULL,NULL,"서울특별시 동대문구 답십리동 1005-2"
NULL,NULL,"서울특별시 동대문구 답십리동 1005-2"
NULL,NULL,"서울특별시 동대문구 답십리동 1005-2"
NULL,NULL,"서울특별시 동대문구 답십리동 1005-2"
NULL,NULL,"서울특별시 동대문구 답십리동 1005-2"
NULL,NULL,"서울특별시 동대문구 답십리동 1005-2"
NULL,NULL,"서울특별시 동대문구 답십리동 1005-2"
NULL,NULL,"서울특별시 동대문구 신설동 76-5"
NULL,NULL,"서울특별시 동대문구 신설동 76-5"
NULL,NULL,"서울특별시 동대문구 신설동 76-5"
NULL,NULL,"서울특별시 동대문구 신설동 76-5"
NULL,NULL,"서울특별시 동대문구 신설동 76-5"
NULL,NULL,"서울특별시 동대문구 신설동 76-5"
NULL,NULL,"서울특별시 동대문구 신설동 76-5"
NULL,NULL,"서울특별시 동대문구 신설동 76-5"
NULL,NULL,"서울특별시 동대문구 신설동 76-5"
NULL,NULL,"서울특별시 동대문구 제기동 696"
NULL,NULL,"서울특별시 동대문구 답십리동 489-42"
NULL,NULL,"서울특별시 동대문구 휘경동 산 6-35"
NULL,NULL,"서울특별시 동대문구 휘경동 108-36"
NULL,NULL,"서울특별시 동대문구 제기동 696"
NULL,NULL,"서울특별시 동대문구 휘경동 산 6-35"
NULL,NULL,"서울특별시 동대문구 휘경동 산 6-35"
NULL,NULL,"서울특별시 동대문구 휘경동 49-16"
NULL,NULL,"서울특별시 동대문구 휘경동 산 6-35"
NULL,NULL,"서울특별시 동대문구 휘경동 146-75"
NULL,NULL,"서울특별시 동대문구 전농동 652-3"
NULL,NULL,"서울특별시 동대문구 휘경동 49-16"
NULL,NULL,"서울특별시 동대문구 휘경동 산 6-35"
NULL,NULL,"서울특별시 동대문구 휘경동 산 6-35"
NULL,NULL,"서울특별시 동대문구 휘경동 산 6-35"
NULL,NULL,"서울특별시 동대문구 휘경동 산 6-35"
NULL,NULL,"서울특별시 동대문구 휘경동 산 6-35"
NULL,NULL,"서울특별시 동대문구 휘경동 산 6-35"
NULL,NULL,"서울특별시 동대문구 휘경동 산 6-35"
NULL,NULL,"서울특별시 동대문구 휘경동 산 6-35"
NULL,NULL,"서울특별시 동대문구 답십리동 111-3"
NULL,NULL,"서울특별시 동대문구 휘경동 산 6-35"
NULL,NULL,"서울특별시 동대문구 휘경동 산 6-35"
NULL,NULL,"서울특별시 동대문구 휘경동 산 6-35"
NULL,NULL,"서울특별시 동대문구 휘경동 49-16"
NULL,NULL,"서울특별시 동대문구 휘경동 산 6-35"
NULL,NULL,"서울특별시 동대문구 제기동 696"
NULL,NULL,"서울특별시 동대문구 제기동 696"
NULL,NULL,"서울특별시 동대문구 휘경동 108-36"
NULL,NULL,"서울특별시 동대문구 휘경동 산 6-35"
NULL,NULL,"서울특별시 동대문구 휘경동 산 6-35"
NULL,NULL,"서울특별시 동대문구 휘경동 146-75"
NULL,NULL,"서울특별시 동대문구 휘경동 146-75"
NULL,NULL,"서울특별시 동대문구 휘경동 96-5"
NULL,NULL,"서울특별시 동대문구 회기동 60-148"
NULL,NULL,"서울특별시 동대문구 장안동 217-1"
NULL,NULL,"서울특별시 동대문구 장안동 217-1"
NULL,NULL,"서울특별시 동대문구 전농동 103-524"
NULL,NULL,"서울특별시 동대문구 장안동 480-11"
NULL,NULL,"서울특별시 동대문구 장안동 217-1"
NULL,NULL,"서울특별시 동대문구 휘경동 33-3"
NULL,NULL,"서울특별시 동대문구 장안동 217-1"
NULL,NULL,"서울특별시 동대문구 장안동 217-1"
NULL,NULL,"서울특별시 동대문구 장안동 217-1"
NULL,NULL,"서울특별시 동대문구 장안동 217-1"
NULL,NULL,"서울특별시 동대문구 장안동 217-1"
NULL,NULL,"서울특별시 동대문구 장안동 217-1"
NULL,NULL,"서울특별시 동대문구 휘경동 255-47"
NULL,NULL,"서울특별시 동대문구 장안동 217-1"
NULL,NULL,"서울특별시 동대문구 휘경동 33-3"
NULL,NULL,"서울특별시 동대문구 장안동 217-1"
NULL,NULL,"서울특별시 동대문구 장안동 217-1"
NULL,NULL,"서울특별시 동대문구 장안동 217-1"
NULL,NULL,"서울특별시 동대문구 휘경동 375"
NULL,NULL,"서울특별시 동대문구 휘경동 375"
NULL,NULL,"서울특별시 동대문구 휘경동 375"
NULL,NULL,"서울특별시 동대문구 휘경동 375"
NULL,NULL,"서울특별시 동대문구 휘경동 375"
NULL,NULL,"서울특별시 동대문구 휘경동 375"
NULL,NULL,"서울특별시 동대문구 휘경동 375"
NULL,NULL,"서울특별시 동대문구 휘경동 375"
NULL,NULL,"서울특별시 동대문구 휘경동 375"
NULL,NULL,"서울특별시 동대문구 휘경동 375"
NULL,NULL,"서울특별시 동대문구 휘경동 375"
NULL,NULL,"서울특별시 동대문구 휘경동 375"
NULL,NULL,"서울특별시 동대문구 신설동 101-7"
NULL,NULL,"서울특별시 동대문구 장안동 217-1"
NULL,NULL,"서울특별시 동대문구 장안동 217-1"
NULL,NULL,"서울특별시 동대문구 장안동 217-1"
NULL,NULL,"서울특별시 동대문구 장안동 217-1"
NULL,NULL,"서울특별시 동대문구 장안동 217-1"
NULL,NULL,"서울특별시 동대문구 장안동 217-1"
NULL,NULL,"서울특별시 동대문구 장안동 217-1"
NULL,NULL,"서울특별시 동대문구 장안동 217-1"
NULL,NULL,"서울특별시 동대문구 장안동 217-1"
NULL,NULL,"서울특별시 동대문구 장안동 217-1"
NULL,NULL,"서울특별시 동대문구 장안동 217-1"
NULL,NULL,"서울특별시 동대문구 장안동 217-1"
NULL,NULL,"서울특별시 동대문구 장안동 217-1"
NULL,NULL,"서울특별시 동대문구 장안동 217-1"
NULL,NULL,"서울특별시 동대문구 장안동 217-1"
NULL,NULL,"서울특별시 동대문구 장안동 217-1"
NULL,NULL,"서울특별시 동대문구 장안동 217-1"
NULL,NULL,"서울특별시 동대문구 장안동 217-1"
NULL,NULL,"서울특별시 동대문구 장안동 217-1"
NULL,NULL,"서울특별시 동대문구 장안동 217-1"
NULL,NULL,"서울특별시 동대문구 장안동 217-1"
NULL,NULL,"서울특별시 동대문구 용두동 236-1"
NULL,NULL,"서울특별시 동대문구 용두동 236-1"
NULL,NULL,"서울특별시 동대문구 용두동 236-1"
NULL,NULL,"서울특별시 동대문구 용두동 236-1"
NULL,NULL,"서울특별시 동대문구 전농동 42-4"
NULL,NULL,"서울특별시 동대문구 용두동 236-1"
NULL,NULL,"서울특별시 동대문구 회기동 산 4-78"
NULL,NULL,"서울특별시 동대문구 전농동 42-4"
NULL,NULL,"서울특별시 동대문구 용두동 236-1"
NULL,NULL,"서울특별시 동대문구 회기동 산 4-78"
NULL,NULL,"서울특별시 동대문구 전농동 42-4"
NULL,NULL,"서울특별시 동대문구 용두동 236-1"
NULL,NULL,"서울특별시 동대문구 용두동 236-1"
NULL,NULL,"서울특별시 동대문구 용두동 236-1"
NULL,NULL,"서울특별시 동대문구 용두동 236-1"
NULL,NULL,"서울특별시 동대문구 용두동 236-1"
NULL,NULL,"서울특별시 동대문구 이문동 288-13"
NULL,NULL,"서울특별시 동대문구 회기동 산 4-78"
NULL,NULL,"서울특별시 동대문구 제기동 785"
NULL,NULL,"서울특별시 동대문구 전농동 500-26"
NULL,NULL,"서울특별시 동대문구 전농동 42-4"
NULL,NULL,"서울특별시 동대문구 전농동 42-4"
NULL,NULL,"서울특별시 동대문구 전농동 42-4"
NULL,NULL,"서울특별시 동대문구 회기동 16-93"
NULL,NULL,"서울특별시 동대문구 회기동 산 4-78"
NULL,NULL,"서울특별시 동대문구 용두동 236-1"
NULL,NULL,"서울특별시 동대문구 회기동 산 4-78"
NULL,NULL,"서울특별시 동대문구 청량리동 203-48"
NULL,NULL,"서울특별시 동대문구 회기동 산 4-78"
NULL,NULL,"서울특별시 동대문구 전농동 42-4"
NULL,NULL,"서울특별시 동대문구 장안동 124-15"
NULL,NULL,"서울특별시 동대문구 제기동 785"
NULL,NULL,"서울특별시 동대문구 전농동 42-4"
NULL,NULL,"서울특별시 동대문구 용두동 236-1"
NULL,NULL,"서울특별시 동대문구 제기동 785"
NULL,NULL,"서울특별시 동대문구 전농동 42-4"
NULL,NULL,"서울특별시 동대문구 전농동 42-4"
NULL,NULL,"서울특별시 동대문구 회기동 산 4-78"
NULL,NULL,"서울특별시 동대문구 회기동 산 4-78"
NULL,NULL,"서울특별시 동대문구 전농동 42-4"
NULL,NULL,"서울특별시 동대문구 회기동 산 4-78"
NULL,NULL,"서울특별시 동대문구 이문동 54-2"
NULL,NULL,"서울특별시 동대문구 이문동 54-2"
NULL,NULL,"서울특별시 동대문구 이문동 54-2"
NULL,NULL,"서울특별시 동대문구 이문동 54-2"
NULL,NULL,"서울특별시 동대문구 이문동 54-2"
NULL,NULL,"서울특별시 동대문구 이문동 54-2"
NULL,NULL,"서울특별시 동대문구 이문동 54-2"
NULL,NULL,"서울특별시 동대문구 이문동 54-2"
NULL,NULL,"서울특별시 동대문구 이문동 54-2"
NULL,NULL,"서울특별시 동대문구 이문동 54-2"
NULL,NULL,"서울특별시 동대문구 이문동 54-2"
NULL,NULL,"서울특별시 동대문구 이문동 54-2"
NULL,NULL,"서울특별시 동대문구 이문동 54-2"
NULL,NULL,"서울특별시 동대문구 이문동 54-2"
NULL,NULL,"서울특별시 동대문구 이문동 54-2"
NULL,NULL,"서울특별시 동대문구 이문동 54-2"
NULL,NULL,"서울특별시 동대문구 이문동 54-2"
NULL,NULL,"서울특별시 동대문구 이문동 54-2"
NULL,NULL,"서울특별시 동대문구 이문동 54-2"
NULL,NULL,"서울특별시 동대문구 이문동 54-2"
NULL,NULL,"서울특별시 동대문구 이문동 54-2"
NULL,NULL,"서울특별시 동대문구 이문동 54-2"
NULL,NULL,"서울특별시 동대문구 이문동 54-2"
NULL,NULL,"서울특별시 동대문구 이문동 54-2"
NULL,NULL,"서울특별시 동대문구 이문동 54-2"
NULL,NULL,"서울특별시 동대문구 이문동 54-2"
NULL,NULL,"서울특별시 동대문구 이문동 54-2"
NULL,NULL,"서울특별시 동대문구 이문동 54-2"
NULL,NULL,"서울특별시 동대문구 이문동 54-2"
NULL,NULL,"서울특별시 동대문구 이문동 54-2"
NULL,NULL,"서울특별시 동대문구 이문동 54-2"
NULL,NULL,"서울특별시 동대문구 용신동 100-27"
NULL,NULL,"서울특별시 동대문구 용신동 100-27"
NULL,NULL,"서울특별시 동대문구 용신동 100-27"
NULL,NULL,"서울특별시 동대문구 용신동 100-27"
NULL,NULL,"서울특별시 동대문구 용두동 236-1"
NULL,NULL,"서울특별시 동대문구 용두동 236-1"
NULL,NULL,"서울특별시 동대문구 용두동 236-1"
NULL,NULL,"서울특별시 동대문구 전농동 60-34"
NULL,NULL,"서울특별시 동대문구 청량리동 520-13"
NULL,NULL,"서울특별시 동대문구 청량리동 205-66"
NULL,NULL,"서울특별시 동대문구 청량리동 520-13"
NULL,NULL,"서울특별시 동대문구 전농동 60-34"
NULL,NULL,"서울특별시 동대문구 전농동 60-34"
NULL,NULL,"서울특별시 동대문구 전농동 311-3"
NULL,NULL,"서울특별시 동대문구 전농동 644-28"
NULL,NULL,"서울특별시 동대문구 청량리동 1-2"
NULL,NULL,"서울특별시 동대문구 청량리동 520-13"
NULL,NULL,"서울특별시 동대문구 청량리동 520-13"
NULL,NULL,"서울특별시 동대문구 청량리동 205-648"
NULL,NULL,"서울특별시 동대문구 전농동 311-3"
NULL,NULL,"서울특별시 동대문구 전농동 311-3"
NULL,NULL,"서울특별시 동대문구 청량리동 520-13"
NULL,NULL,"서울특별시 동대문구 청량리동 520-13"
NULL,NULL,"서울특별시 동대문구 전농동 60-34"
NULL,NULL,"서울특별시 동대문구 청량리동 1-2"
NULL,NULL,"서울특별시 동대문구 청량리동 520-13"
NULL,NULL,"서울특별시 동대문구 청량리동 520-13"
NULL,NULL,"서울특별시 동대문구 청량리동 520-13"
NULL,NULL,"서울특별시 동대문구 청량리동 520-13"
NULL,NULL,"서울특별시 동대문구 청량리동 520-13"
NULL,NULL,"서울특별시 동대문구 전농동 60-34"
NULL,NULL,"서울특별시 동대문구 전농동 655-38"
NULL,NULL,"서울특별시 동대문구 청량리동 520-13"
NULL,NULL,"서울특별시 동대문구 청량리동 520-13"
NULL,NULL,"서울특별시 동대문구 청량리동 520-13"
NULL,NULL,"서울특별시 동대문구 용두동 201-24"
NULL,NULL,"서울특별시 동대문구 용두동 201-24"
NULL,NULL,"서울특별시 동대문구 용두동 201-24"
NULL,NULL,"서울특별시 동대문구 용두동 201-24"
NULL,NULL,"서울특별시 동대문구 전농동 60-34"
NULL,NULL,"서울특별시 동대문구 용두동 201-24"
NULL,NULL,"서울특별시 동대문구 용두동 201-24"
NULL,NULL,"서울특별시 동대문구 용두동 201-24"
NULL,NULL,"서울특별시 동대문구 용두동 201-24"
NULL,NULL,"서울특별시 동대문구 청량리동 520-13"
NULL,NULL,"서울특별시 동대문구 청량리동 1-2"
NULL,NULL,"서울특별시 동대문구 용두동 201-24"
NULL,NULL,"서울특별시 동대문구 용두동 201-24"
NULL,NULL,"서울특별시 동대문구 용두동 201-24"
NULL,NULL,"서울특별시 동대문구 용두동 201-24"
NULL,NULL,"서울특별시 동대문구 청량리동 520-13"
NULL,NULL,"서울특별시 동대문구 청량리동 1-2"
NULL,NULL,"서울특별시 동대문구 청량리동 520-13"
NULL,NULL,"서울특별시 동대문구 청량리동 205-648"
NULL,NULL,"서울특별시 동대문구 용두동 201-24"
NULL,NULL,"서울특별시 동대문구 청량리동 520-13"
NULL,NULL,"서울특별시 동대문구 휘경동 255-23"
NULL,NULL,"서울특별시 동대문구 휘경동 255-23"
NULL,NULL,"서울특별시 동대문구 청량리동 1-2"
NULL,NULL,"서울특별시 동대문구 전농동 60-34"
NULL,NULL,"서울특별시 동대문구 전농동 311-3"
NULL,NULL,"서울특별시 동대문구 청량리동 520-13"
NULL,NULL,"서울특별시 동대문구 용두동 201-24"
NULL,NULL,"서울특별시 동대문구 용두동 201-24"
NULL,NULL,"서울특별시 동대문구 용두동 201-24"
NULL,NULL,"서울특별시 동대문구 용두동 201-24"
NULL,NULL,"서울특별시 동대문구 용두동 201-24"
NULL,NULL,"서울특별시 동대문구 용두동 201-24"
NULL,NULL,"서울특별시 동대문구 용두동 201-24"
NULL,NULL,"서울특별시 동대문구 용두동 201-24"
NULL,NULL,"서울특별시 동대문구 용두동 250-44"
NULL,NULL,"서울특별시 동대문구 용두동 250-44"
NULL,NULL,"서울특별시 동대문구 휘경동 43-176"
NULL,NULL,"서울특별시 동대문구 휘경동 43-176"
NULL,NULL,"서울특별시 동대문구 휘경동 43-176"
NULL,NULL,"서울특별시 동대문구 휘경동 43-176"
NULL,NULL,"서울특별시 동대문구 휘경동 43-176"
NULL,NULL,"서울특별시 동대문구 제기동 151-14"
NULL,NULL,"서울특별시 동대문구 휘경동 43-176"
NULL,NULL,"서울특별시 동대문구 장안동 469-14"
NULL,NULL,"서울특별시 동대문구 장안동 469-14"
NULL,NULL,"서울특별시 동대문구 휘경동 43-176"
NULL,NULL,"서울특별시 동대문구 휘경동 43-176"
NULL,NULL,"서울특별시 동대문구 휘경동 43-176"
NULL,NULL,"서울특별시 동대문구 휘경동 43-176"
NULL,NULL,"서울특별시 동대문구 휘경동 43-176"
NULL,NULL,"서울특별시 동대문구 휘경동 43-176"
NULL,NULL,"서울특별시 동대문구 휘경동 43-176"
NULL,NULL,"서울특별시 동대문구 휘경동 43-176"
NULL,NULL,"서울특별시 동대문구 장안동 469-14"
NULL,NULL,"서울특별시 동대문구 휘경동 43-176"
NULL,NULL,"서울특별시 동대문구 휘경동 43-176"
NULL,NULL,"서울특별시 동대문구 휘경동 43-176"
NULL,NULL,"서울특별시 동대문구 휘경동 43-176"
NULL,NULL,"서울특별시 동대문구 휘경동 43-176"
NULL,NULL,"서울특별시 동대문구 휘경동 43-176"
NULL,NULL,"서울특별시 동대문구 청량리동 205-485"
NULL,NULL,"서울특별시 동대문구 휘경동 43-176"
NULL,NULL,"서울특별시 동대문구 휘경동 43-176"
NULL,NULL,"서울특별시 동대문구 휘경동 43-176"
NULL,NULL,"서울특별시 동대문구 휘경동 43-176"
NULL,NULL,"서울특별시 동대문구 청량리동 205-79"
NULL,NULL,"서울특별시 동대문구 휘경동 43-176"
NULL,NULL,"서울특별시 동대문구 휘경동 43-176"
NULL,NULL,"서울특별시 동대문구 장안동 469-14"
NULL,NULL,"서울특별시 동대문구 휘경동 43-176"
NULL,NULL,"서울특별시 동대문구 휘경동 43-176"
NULL,NULL,"서울특별시 동대문구 휘경동 43-176"
NULL,NULL,"서울특별시 동대문구 청량리동 205-79"
NULL,NULL,"서울특별시 동대문구 휘경동 43-176"
NULL,NULL,"서울특별시 동대문구 휘경동 43-176"
NULL,NULL,"서울특별시 동대문구 휘경동 43-176"
NULL,NULL,"서울특별시 동대문구 휘경동 43-176"
NULL,NULL,"서울특별시 동대문구 휘경동 43-176"
NULL,NULL,"서울특별시 동대문구 장안동 469-14"
NULL,NULL,"서울특별시 동대문구 휘경동 43-176"
NULL,NULL,"서울특별시 동대문구 이문동 64"
NULL,NULL,"서울특별시 동대문구 이문동 64"
NULL,NULL,"서울특별시 동대문구 이문동 64"
NULL,NULL,"서울특별시 동대문구 이문동 64"
NULL,NULL,"서울특별시 동대문구 이문동 64"
NULL,NULL,"서울특별시 동대문구 이문동 64"
NULL,NULL,"서울특별시 동대문구 이문동 64"
NULL,NULL,"서울특별시 동대문구 이문동 64"
NULL,NULL,"서울특별시 동대문구 이문동 64"
NULL,NULL,"서울특별시 동대문구 이문동 64"
NULL,NULL,"서울특별시 동대문구 이문동 64"
NULL,NULL,"서울특별시 동대문구 이문동 64"
NULL,NULL,"서울특별시 동대문구 이문동 64"
NULL,NULL,"서울특별시 동대문구 이문동 64"
NULL,NULL,"서울특별시 동대문구 이문동 64"
NULL,NULL,"서울특별시 동대문구 이문동 64"
NULL,NULL,"서울특별시 동대문구 이문동 64"
NULL,NULL,"서울특별시 동대문구 이문동 64"
NULL,NULL,"서울특별시 동대문구 이문동 64"
NULL,NULL,"서울특별시 동대문구 이문동 64"
NULL,NULL,"서울특별시 동대문구 이문동 64"
NULL,NULL,"서울특별시 동대문구 이문동 64"
NULL,NULL,"서울특별시 동대문구 이문동 64"
NULL,NULL,"서울특별시 동대문구 이문동 64"
NULL,NULL,"서울특별시 동대문구 이문동 64"
NULL,NULL,"서울특별시 동대문구 이문동 64"
NULL,NULL,"서울특별시 동대문구 이문동 64"
NULL,NULL,"서울특별시 동대문구 이문동 64"
NULL,NULL,"서울특별시 동대문구 이문동 64"
NULL,NULL,"서울특별시 동대문구 이문동 64"
NULL,NULL,"서울특별시 동대문구 이문동 64"
NULL,NULL,"서울특별시 동대문구 이문동 64"
NULL,NULL,"서울특별시 동대문구 이문동 64"
NULL,NULL,"서울특별시 동대문구 답십리동 276-24"
NULL,NULL,"서울특별시 동대문구 용두동 255-8"
NULL,NULL,"서울특별시 동대문구 회기동 67-7"
NULL,NULL,"서울특별시 동대문구 회기동 67-7"
NULL,NULL,"서울특별시 동대문구 회기동 67-7"
NULL,NULL,"서울특별시 동대문구 회기동 67-7"
NULL,NULL,"서울특별시 동대문구 전농동 307-6"
NULL,NULL,"서울특별시 동대문구 전농동 307-7"
NULL,NULL,"서울특별시 동대문구 전농동 124-93"
NULL,NULL,"서울특별시 동대문구 전농동 307-7"
NULL,NULL,"서울특별시 동대문구 전농동 307-7"
NULL,NULL,"서울특별시 동대문구 전농동 307-7"
NULL,NULL,"서울특별시 동대문구 전농동 307-7"
NULL,NULL,"서울특별시 동대문구 회기동 67-7"
NULL,NULL,"서울특별시 동대문구 전농동 307-7"
NULL,NULL,"서울특별시 동대문구 회기동 67-7"
NULL,NULL,"서울특별시 동대문구 회기동 67-7"
NULL,NULL,"서울특별시 동대문구 회기동 67-7"
NULL,NULL,"서울특별시 동대문구 전농동 307-7"
NULL,NULL,"서울특별시 동대문구 전농동 307-7"
NULL,NULL,"서울특별시 동대문구 회기동 67-7"
NULL,NULL,"서울특별시 동대문구 회기동 67-7"
NULL,NULL,"서울특별시 동대문구 회기동 67-7"
NULL,NULL,"서울특별시 동대문구 장안동 1-490"
NULL,NULL,"서울특별시 동대문구 회기동 67-7"
NULL,NULL,"서울특별시 동대문구 회기동 346-25"
NULL,NULL,"서울특별시 동대문구 회기동 67-7"
NULL,NULL,"서울특별시 동대문구 회기동 67-7"
NULL,NULL,"서울특별시 동대문구 회기동 67-7"
NULL,NULL,"서울특별시 동대문구 회기동 67-7"
NULL,NULL,"서울특별시 동대문구 전농동 307-7"
NULL,NULL,"서울특별시 동대문구 회기동 67-7"
NULL,NULL,"서울특별시 동대문구 회기동 67-7"
NULL,NULL,"서울특별시 동대문구 전농동 307-7"
NULL,NULL,"서울특별시 동대문구 전농동 307-7"
NULL,NULL,"서울특별시 동대문구 회기동 67-7"
NULL,NULL,"서울특별시 동대문구 회기동 67-7"
NULL,NULL,"서울특별시 동대문구 회기동 67-7"
NULL,NULL,"서울특별시 동대문구 회기동 67-7"
NULL,NULL,"서울특별시 동대문구 회기동 67-7"
NULL,NULL,"서울특별시 동대문구 전농동 307-7"
NULL,NULL,"서울특별시 동대문구 제기동 930-11"
NULL,NULL,"서울특별시 동대문구 회기동 67-7"
NULL,NULL,"서울특별시 동대문구 회기동 67-7"
NULL,NULL,"서울특별시 동대문구 회기동 67-7"
NULL,NULL,"서울특별시 동대문구 회기동 67-7"
NULL,NULL,"서울특별시 동대문구 전농동 307-7"
NULL,NULL,"서울특별시 동대문구 전농동 307-7"
NULL,NULL,"서울특별시 동대문구 전농동 307-7"
NULL,NULL,"서울특별시 동대문구 회기동 67-7"
NULL,NULL,"서울특별시 동대문구 회기동 67-7"
NULL,NULL,"서울특별시 동대문구 회기동 67-7"
NULL,NULL,"서울특별시 동대문구 전농동 307-7"
NULL,NULL,"서울특별시 동대문구 제기동 930-11"
NULL,NULL,"서울특별시 동대문구 제기동 930-11"
NULL,NULL,"서울특별시 동대문구 제기동 930-11"
NULL,NULL,"서울특별시 동대문구 용두동 253-75"
NULL,NULL,"서울특별시 동대문구 휘경동 183-52"
NULL,NULL,"서울특별시 동대문구 장안동 473-4"
NULL,NULL,"서울특별시 동대문구 장안동 473-4"
NULL,NULL,"서울특별시 동대문구 신설동 100-23"
NULL,NULL,"서울특별시 동대문구 장안동 473-1"
NULL,NULL,"서울특별시 동대문구 장안동 473-4"
NULL,NULL,"서울특별시 동대문구 장안동 473-4"
NULL,NULL,"서울특별시 동대문구 장안동 473-4"
NULL,NULL,"서울특별시 동대문구 회기동 346-34"
NULL,NULL,"서울특별시 동대문구 장안동 473-4"
NULL,NULL,"서울특별시 동대문구 장안동 473-1"
NULL,NULL,"서울특별시 동대문구 장안동 473-4"
NULL,NULL,"서울특별시 동대문구 장안동 473-4"
NULL,NULL,"서울특별시 동대문구 이문동 255-225"
NULL,NULL,"서울특별시 동대문구 이문동 255-225"
NULL,NULL,"서울특별시 동대문구 장안동 473-4"
NULL,NULL,"서울특별시 동대문구 장안동 473-4"
NULL,NULL,"서울특별시 동대문구 휘경동 183-52"
NULL,NULL,"서울특별시 동대문구 장안동 473-4"
NULL,NULL,"서울특별시 동대문구 장안동 473-4"
NULL,NULL,"서울특별시 동대문구 장안동 473-4"
NULL,NULL,"서울특별시 동대문구 신설동 100-23"
NULL,NULL,"서울특별시 동대문구 장안동 473-4"
NULL,NULL,"서울특별시 동대문구 장안동 473-4"
NULL,NULL,"서울특별시 동대문구 장안동 473-1"
NULL,NULL,"서울특별시 동대문구 휘경동 183-52"
NULL,NULL,"서울특별시 동대문구 장안동 473-4"
NULL,NULL,"서울특별시 동대문구 장안동 473-4"
NULL,NULL,"서울특별시 동대문구 장안동 473-4"
NULL,NULL,"서울특별시 동대문구 장안동 473-4"
NULL,NULL,"서울특별시 동대문구 이문동 292-96"
NULL,NULL,"서울특별시 동대문구 장안동 473-4"
NULL,NULL,"서울특별시 동대문구 장안동 473-4"
NULL,NULL,"서울특별시 동대문구 장안동 473-1"
NULL,NULL,"서울특별시 동대문구 장안동 473-1"
NULL,NULL,"서울특별시 동대문구 장안동 473-1"
NULL,NULL,"서울특별시 동대문구 장안동 473-1"
NULL,NULL,"서울특별시 동대문구 장안동 473-1"
NULL,NULL,"서울특별시 동대문구 장안동 473-4"
NULL,NULL,"서울특별시 동대문구 장안동 473-4"
NULL,NULL,"서울특별시 동대문구 청량리동 205-288"
NULL,NULL,"서울특별시 동대문구 장안동 473-4"
NULL,NULL,"서울특별시 동대문구 장안동 473-4"
NULL,NULL,"서울특별시 동대문구 장안동 473-1"
NULL,NULL,"서울특별시 동대문구 회기동 46-1"
NULL,NULL,"서울특별시 동대문구 장안동 473-4"
NULL,NULL,"서울특별시 동대문구 장안동 473-4"
NULL,NULL,"서울특별시 동대문구 장안동 473-4"
NULL,NULL,"서울특별시 동대문구 장안동 473-4"
NULL,NULL,"서울특별시 동대문구 장안동 473-4"
NULL,NULL,"서울특별시 동대문구 장안동 473-4"
NULL,NULL,"서울특별시 동대문구 휘경동 183-52"
NULL,NULL,"서울특별시 동대문구 장안동 473-4"
NULL,NULL,"서울특별시 동대문구 장안동 473-4"
NULL,NULL,"서울특별시 동대문구 장안동 473-4"
NULL,NULL,"서울특별시 동대문구 장안동 473-4"
NULL,NULL,"서울특별시 동대문구 장안동 473-4"
NULL,NULL,"서울특별시 동대문구 장안동 473-4"
NULL,NULL,"서울특별시 동대문구 장안동 473-4"
NULL,NULL,"서울특별시 동대문구 제기동 122-612"
NULL,NULL,"서울특별시 동대문구 장안동 473-1"
NULL,NULL,"서울특별시 동대문구 장안동 473-4"
NULL,NULL,"서울특별시 동대문구 장안동 473-4"
NULL,NULL,"서울특별시 동대문구 장안동 473-4"
NULL,NULL,"서울특별시 동대문구 답십리동 997-2"
NULL,NULL,"서울특별시 동대문구 답십리동 997-2"
NULL,NULL,"서울특별시 동대문구 답십리동 997-2"
NULL,NULL,"서울특별시 동대문구 답십리동 997-2"
NULL,NULL,"서울특별시 동대문구 답십리동 997-2"
NULL,NULL,"서울특별시 동대문구 회기동 77-42"
NULL,NULL,"서울특별시 동대문구 회기동 77-42"
NULL,NULL,"서울특별시 동대문구 전농동 103-98"
NULL,NULL,"서울특별시 동대문구 회기동 77-42"
NULL,NULL,"서울특별시 동대문구 장안동 469-13"
NULL,NULL,"서울특별시 동대문구 장안동 469-13"
NULL,NULL,"서울특별시 동대문구 회기동 77-42"
NULL,NULL,"서울특별시 동대문구 장안동 469-13"
NULL,NULL,"서울특별시 동대문구 장안동 469-13"
NULL,NULL,"서울특별시 동대문구 회기동 77-42"
NULL,NULL,"서울특별시 동대문구 회기동 77-42"
NULL,NULL,"서울특별시 동대문구 신설동 102-28"
NULL,NULL,"서울특별시 동대문구 회기동 77-42"
NULL,NULL,"서울특별시 동대문구 전농동 103-98"
NULL,NULL,"서울특별시 동대문구 장안동 469-13"
NULL,NULL,"서울특별시 동대문구 전농동 103-98"
NULL,NULL,"서울특별시 동대문구 답십리동 493-11"
NULL,NULL,"서울특별시 동대문구 장안동 469-13"
NULL,NULL,"서울특별시 동대문구 전농동 103-98"
NULL,NULL,"서울특별시 동대문구 회기동 77-42"
NULL,NULL,"서울특별시 동대문구 장안동 469-13"
NULL,NULL,"서울특별시 동대문구 장안동 469-13"
NULL,NULL,"서울특별시 동대문구 회기동 77-42"
NULL,NULL,"서울특별시 동대문구 제기동 241-3"
NULL,NULL,"서울특별시 동대문구 회기동 77-42"
NULL,NULL,"서울특별시 동대문구 회기동 77-42"
NULL,NULL,"서울특별시 동대문구 장안동 469-13"
NULL,NULL,"서울특별시 동대문구 장안동 469-13"
NULL,NULL,"서울특별시 동대문구 회기동 77-42"
NULL,NULL,"서울특별시 동대문구 장안동 469-13"
NULL,NULL,"서울특별시 동대문구 장안동 469-13"
NULL,NULL,"서울특별시 동대문구 회기동 77-42"
NULL,NULL,"서울특별시 동대문구 회기동 77-42"
NULL,NULL,"서울특별시 동대문구 회기동 77-42"
NULL,NULL,"서울특별시 동대문구 장안동 469-13"
NULL,NULL,"서울특별시 동대문구 장안동 469-13"
NULL,NULL,"서울특별시 동대문구 장안동 469-13"
NULL,NULL,"서울특별시 동대문구 회기동 77-42"
NULL,NULL,"서울특별시 동대문구 장안동 469-13"
NULL,NULL,"서울특별시 동대문구 전농동 103-98"
NULL,NULL,"서울특별시 동대문구 회기동 77-42"
NULL,NULL,"서울특별시 동대문구 장안동 469-13"
NULL,NULL,"서울특별시 동대문구 회기동 77-42"
NULL,NULL,"서울특별시 동대문구 전농동 103-98"
NULL,NULL,"서울특별시 동대문구 신설동 102-28"
NULL,NULL,"서울특별시 동대문구 회기동 77-42"
NULL,NULL,"서울특별시 동대문구 제기동 241-3"
NULL,NULL,"서울특별시 동대문구 장안동 469-13"
NULL,NULL,"서울특별시 동대문구 장안동 469-13"
NULL,NULL,"서울특별시 동대문구 신설동 102-28"
NULL,NULL,"서울특별시 동대문구 제기동 241-3"
NULL,NULL,"서울특별시 동대문구 장안동 469-13"
NULL,NULL,"서울특별시 동대문구 신설동 102-28"
NULL,NULL,"서울특별시 동대문구 장안동 469-13"
NULL,NULL,"서울특별시 동대문구 장안동 469-13"
NULL,NULL,"서울특별시 동대문구 장안동 469-13"
NULL,NULL,"서울특별시 동대문구 장안동 469-13"
NULL,NULL,"서울특별시 동대문구 장안동 469-13"
NULL,NULL,"서울특별시 동대문구 장안동 469-13"
NULL,NULL,"서울특별시 동대문구 답십리동 112-200"
NULL,NULL,"서울특별시 동대문구 용두동 255-52"
NULL,NULL,"서울특별시 동대문구 전농동 648-164"
NULL,NULL,"서울특별시 동대문구 전농동 1-203"
NULL,NULL,"서울특별시 동대문구 전농동 141-171"
NULL,NULL,"서울특별시 동대문구 전농동 141-171"
NULL,NULL,"서울특별시 동대문구 장안동 114-1"
NULL,NULL,"서울특별시 동대문구 답십리동 542"
NULL,NULL,"서울특별시 동대문구 이문동 292-97"
NULL,NULL,"서울특별시 동대문구 전농동 1-203"
NULL,NULL,"서울특별시 동대문구 전농동 648-164"
NULL,NULL,"서울특별시 동대문구 제기동 148-75"
NULL,NULL,"서울특별시 동대문구 답십리동 542"
NULL,NULL,"서울특별시 동대문구 장안동 114-1"
NULL,NULL,"서울특별시 동대문구 전농동 648-164"
NULL,NULL,"서울특별시 동대문구 장안동 114-1"
NULL,NULL,"서울특별시 동대문구 제기동 148-75"
NULL,NULL,"서울특별시 동대문구 답십리동 498-52"
NULL,NULL,"서울특별시 동대문구 전농동 648-164"
NULL,NULL,"서울특별시 동대문구 장안동 114-1"
NULL,NULL,"서울특별시 동대문구 전농동 1-203"
NULL,NULL,"서울특별시 동대문구 전농동 648-164"
NULL,NULL,"서울특별시 동대문구 장안동 114-1"
NULL,NULL,"서울특별시 동대문구 전농동 1-203"
NULL,NULL,"서울특별시 동대문구 답십리동 542"
NULL,NULL,"서울특별시 동대문구 전농동 648-164"
NULL,NULL,"서울특별시 동대문구 이문동 176-1"
NULL,NULL,"서울특별시 동대문구 전농동 141-171"
NULL,NULL,"서울특별시 동대문구 전농동 648-164"
NULL,NULL,"서울특별시 동대문구 장안동 114-1"
NULL,NULL,"서울특별시 동대문구 전농동 648-164"
NULL,NULL,"서울특별시 동대문구 이문동 292-97"
NULL,NULL,"서울특별시 동대문구 전농동 648-164"
NULL,NULL,"서울특별시 동대문구 이문동 237-137"
NULL,NULL,"서울특별시 동대문구 전농동 648-164"
NULL,NULL,"서울특별시 동대문구 이문동 176-1"
NULL,NULL,"서울특별시 동대문구 이문동 176-1"
NULL,NULL,"서울특별시 동대문구 이문동 176-1"
NULL,NULL,"서울특별시 동대문구 장안동 114-1"
NULL,NULL,"서울특별시 동대문구 전농동 1-203"
NULL,NULL,"서울특별시 동대문구 전농동 1-203"
NULL,NULL,"서울특별시 동대문구 전농동 648-164"
NULL,NULL,"서울특별시 동대문구 답십리동 553-1"
NULL,NULL,"서울특별시 동대문구 이문동 292-97"
NULL,NULL,"서울특별시 동대문구 전농동 648-164"
NULL,NULL,"서울특별시 동대문구 장안동 114-1"
NULL,NULL,"서울특별시 동대문구 이문동 237-108"
NULL,NULL,"서울특별시 동대문구 용두동 201-12"
NULL,NULL,"서울특별시 동대문구 용두동 201-12"
NULL,NULL,"서울특별시 동대문구 전농동 648-164"
NULL,NULL,"서울특별시 동대문구 전농동 648-164"
NULL,NULL,"서울특별시 동대문구 휘경동 15-10"
NULL,NULL,"서울특별시 동대문구 휘경동 15-10"
NULL,NULL,"서울특별시 동대문구 휘경동 15-10"
NULL,NULL,"서울특별시 동대문구 청량리동 60-3"
NULL,NULL,"서울특별시 동대문구 신설동 100-2"
NULL,NULL,"서울특별시 동대문구 신설동 100-2"
NULL,NULL,"서울특별시 동대문구 신설동 100-2"
NULL,NULL,"서울특별시 동대문구 신설동 109-13"
NULL,NULL,"서울특별시 동대문구 신설동 109-13"
NULL,NULL,"서울특별시 동대문구 신설동 109-13"
NULL,NULL,"서울특별시 동대문구 용두동 251-80"
NULL,NULL,"서울특별시 동대문구 용두동 251-80"
NULL,NULL,"서울특별시 동대문구 용두동 47-12"
NULL,NULL,"서울특별시 동대문구 용두동 47-12"
NULL,NULL,"서울특별시 동대문구 전농동 648-164"
NULL,NULL,"서울특별시 동대문구 답십리동 497-39"
NULL,NULL,"서울특별시 동대문구 제기동 818-8"
NULL,NULL,"서울특별시 동대문구 이문동 237-107"
NULL,NULL,"서울특별시 동대문구 전농동 1-1"
NULL,NULL,"서울특별시 동대문구 제기동 818-8"
NULL,NULL,"서울특별시 동대문구 제기동 818-8"
NULL,NULL,"서울특별시 동대문구 전농동 1-1"
NULL,NULL,"서울특별시 동대문구 답십리동 2-269"
NULL,NULL,"서울특별시 동대문구 이문동 85-21"
NULL,NULL,"서울특별시 동대문구 전농동 1-1"
NULL,NULL,"서울특별시 동대문구 전농동 1-1"
NULL,NULL,"서울특별시 동대문구 전농동 1-1"
NULL,NULL,"서울특별시 동대문구 제기동 818-8"
NULL,NULL,"서울특별시 동대문구 용두동 150-35"
NULL,NULL,"서울특별시 동대문구 용두동 150-35"
NULL,NULL,"서울특별시 동대문구 용두동 150-35"
NULL,NULL,"서울특별시 동대문구 전농동 1-1"
NULL,NULL,"서울특별시 동대문구 전농동 1-1"
NULL,NULL,"서울특별시 동대문구 휘경동 39-76"
NULL,NULL,"서울특별시 동대문구 전농동 1-1"
NULL,NULL,"서울특별시 동대문구 전농동 1-1"
NULL,NULL,"서울특별시 동대문구 전농동 1-1"
NULL,NULL,"서울특별시 동대문구 용두동 150-35"
NULL,NULL,"서울특별시 동대문구 용두동 150-35"
NULL,NULL,"서울특별시 동대문구 용두동 150-35"
NULL,NULL,"서울특별시 동대문구 용두동 150-35"
NULL,NULL,"서울특별시 동대문구 용두동 150-35"
NULL,NULL,"서울특별시 동대문구 전농동 1-1"
NULL,NULL,"서울특별시 동대문구 전농동 1-1"
NULL,NULL,"서울특별시 동대문구 전농동 1-1"
NULL,NULL,"서울특별시 동대문구 용두동 150-35"
NULL,NULL,"서울특별시 동대문구 신설동 114-75"
NULL,NULL,"서울특별시 동대문구 용두동 150-35"
NULL,NULL,"서울특별시 동대문구 용두동 150-35"
NULL,NULL,"서울특별시 동대문구 제기동 268-50"
NULL,NULL,"서울특별시 동대문구 제기동 268-50"
NULL,NULL,"서울특별시 동대문구 청량리동 205-850"
NULL,NULL,"서울특별시 동대문구 이문동 292-95"
NULL,NULL,"서울특별시 동대문구 제기동 667-1"
NULL,NULL,"서울특별시 동대문구 휘경동 343-55"
NULL,NULL,"서울특별시 동대문구 장안동 469-10"
NULL,NULL,"서울특별시 동대문구 장안동 469-10"
NULL,NULL,"서울특별시 동대문구 장안동 469-10"
NULL,NULL,"서울특별시 동대문구 장안동 469-10"
NULL,NULL,"서울특별시 동대문구 장안동 469-10"
NULL,NULL,"서울특별시 동대문구 장안동 469-10"
NULL,NULL,"서울특별시 동대문구 장안동 469-10"
NULL,NULL,"서울특별시 동대문구 장안동 469-10"
NULL,NULL,"서울특별시 동대문구 장안동 469-10"
NULL,NULL,"서울특별시 동대문구 청량리동 205-850"
NULL,NULL,"서울특별시 동대문구 청량리동 205-850"
NULL,NULL,"서울특별시 동대문구 장안동 469-10"
NULL,NULL,"서울특별시 동대문구 청량리동 205-850"
NULL,NULL,"서울특별시 동대문구 장안동 469-10"
NULL,NULL,"서울특별시 동대문구 장안동 469-10"
NULL,NULL,"서울특별시 동대문구 장안동 469-10"
NULL,NULL,"서울특별시 동대문구 청량리동 205-850"
NULL,NULL,"서울특별시 동대문구 장안동 469-10"
NULL,NULL,"서울특별시 동대문구 장안동 469-10"
NULL,NULL,"서울특별시 동대문구 장안동 469-10"
NULL,NULL,"서울특별시 동대문구 장안동 469-10"
NULL,NULL,"서울특별시 동대문구 답십리동 483-15"
NULL,NULL,"서울특별시 동대문구 제기동 149-18"
NULL,NULL,"서울특별시 동대문구 제기동 149-18"
NULL,NULL,"서울특별시 동대문구 제기동 697"
NULL,NULL,"서울특별시 동대문구 제기동 697"
NULL,NULL,"서울특별시 동대문구 전농동 649-4"
NULL,NULL,"서울특별시 동대문구 회기동 60-49"
NULL,NULL,"서울특별시 동대문구 청량리동 205-850"
NULL,NULL,"서울특별시 동대문구 장안동 469-10"
NULL,NULL,"서울특별시 동대문구 청량리동 205-850"
NULL,NULL,"서울특별시 동대문구 청량리동 205-850"
NULL,NULL,"서울특별시 동대문구 제기동 697"
NULL,NULL,"서울특별시 동대문구 장안동 469-10"
NULL,NULL,"서울특별시 동대문구 제기동 149-18"
NULL,NULL,"서울특별시 동대문구 장안동 469-10"
NULL,NULL,"서울특별시 동대문구 제기동 149-18"
NULL,NULL,"서울특별시 동대문구 청량리동 205-850"
NULL,NULL,"서울특별시 동대문구 장안동 469-10"
NULL,NULL,"서울특별시 동대문구 용두동 749-1"
NULL,NULL,"서울특별시 동대문구 장안동 469-10"
NULL,NULL,"서울특별시 동대문구 장안동 469-10"
NULL,NULL,"서울특별시 동대문구 용두동 255-96"
NULL,NULL,"서울특별시 동대문구 전농동 135-24"
NULL,NULL,"서울특별시 동대문구 전농동 135-24"
NULL,NULL,"서울특별시 동대문구 전농동 135-24"
NULL,NULL,"서울특별시 동대문구 전농동 135-24"
NULL,NULL,"서울특별시 동대문구 전농동 135-24"
NULL,NULL,"서울특별시 동대문구 전농동 135-24"
NULL,NULL,"서울특별시 동대문구 휘경동 118-22"
NULL,NULL,"서울특별시 동대문구 전농동 135-24"
NULL,NULL,"서울특별시 동대문구 전농동 135-24"
NULL,NULL,"서울특별시 동대문구 전농동 135-24"
NULL,NULL,"서울특별시 동대문구 신설동 92-43"
NULL,NULL,"서울특별시 동대문구 전농동 135-24"
NULL,NULL,"서울특별시 동대문구 전농동 135-24"
NULL,NULL,"서울특별시 동대문구 전농동 135-24"
NULL,NULL,"서울특별시 동대문구 전농동 135-24"
NULL,NULL,"서울특별시 동대문구 전농동 135-24"
NULL,NULL,"서울특별시 동대문구 전농동 135-24"
NULL,NULL,"서울특별시 동대문구 전농동 135-24"
NULL,NULL,"서울특별시 동대문구 전농동 135-24"
NULL,NULL,"서울특별시 동대문구 전농동 135-24"
NULL,NULL,"서울특별시 동대문구 휘경동 118-22"
NULL,NULL,"서울특별시 동대문구 전농동 135-24"
NULL,NULL,"서울특별시 동대문구 전농동 135-24"
NULL,NULL,"서울특별시 동대문구 답십리동 477-56"
NULL,NULL,"서울특별시 동대문구 답십리동 493-12"
NULL,NULL,"서울특별시 동대문구 전농동 135-24"
NULL,NULL,"서울특별시 동대문구 전농동 135-24"
NULL,NULL,"서울특별시 동대문구 전농동 135-24"
NULL,NULL,"서울특별시 동대문구 전농동 135-24"
NULL,NULL,"서울특별시 동대문구 전농동 135-24"
NULL,NULL,"서울특별시 동대문구 전농동 135-24"
NULL,NULL,"서울특별시 동대문구 전농동 135-24"
NULL,NULL,"서울특별시 동대문구 전농동 135-24"
NULL,NULL,"서울특별시 동대문구 제기동 921"
NULL,NULL,"서울특별시 동대문구 전농동 135-24"
NULL,NULL,"서울특별시 동대문구 전농동 135-24"
NULL,NULL,"서울특별시 동대문구 전농동 135-24"
NULL,NULL,"서울특별시 동대문구 전농동 135-24"
NULL,NULL,"서울특별시 동대문구 전농동 135-24"
NULL,NULL,"서울특별시 동대문구 전농동 135-24"
NULL,NULL,"서울특별시 동대문구 전농동 135-24"
NULL,NULL,"서울특별시 동대문구 전농동 135-24"
NULL,NULL,"서울특별시 동대문구 전농동 135-24"
NULL,NULL,"서울특별시 동대문구 전농동 135-24"
NULL,NULL,"서울특별시 동대문구 신설동 31-2"
NULL,NULL,"서울특별시 동대문구 답십리동 475-142"
NULL,NULL,"서울특별시 동대문구 답십리동 477-56"
NULL,NULL,"서울특별시 동대문구 답십리동 477-56"
NULL,NULL,"서울특별시 동대문구 전농동 135-24"
NULL,NULL,"서울특별시 동대문구 전농동 135-24"
NULL,NULL,"서울특별시 동대문구 전농동 135-24"
NULL,NULL,"서울특별시 동대문구 전농동 135-24"
NULL,NULL,"서울특별시 동대문구 전농동 135-24"
NULL,NULL,"서울특별시 동대문구 전농동 135-24"
NULL,NULL,"서울특별시 동대문구 전농동 135-24"
NULL,NULL,"서울특별시 동대문구 전농동 135-24"
NULL,NULL,"서울특별시 동대문구 전농동 135-24"
NULL,NULL,"서울특별시 동대문구 휘경동 118-22"
NULL,NULL,"서울특별시 동대문구 전농동 135-24"
NULL,NULL,"서울특별시 동대문구 전농동 135-24"
NULL,NULL,"서울특별시 동대문구 전농동 135-24"
NULL,NULL,"서울특별시 동대문구 전농동 135-24"
NULL,NULL,"서울특별시 동대문구 전농동 135-24"
NULL,NULL,"서울특별시 동대문구 전농동 135-24"
NULL,NULL,"서울특별시 동대문구 전농동 135-24"
NULL,NULL,"서울특별시 동대문구 휘경동 95-1"
NULL,NULL,"서울특별시 동대문구 답십리동 477-41"
NULL,NULL,"서울특별시 동대문구 전농동 135-24"
NULL,NULL,"서울특별시 동대문구 답십리동 524-1"
NULL,NULL,"서울특별시 동대문구 답십리동 524-1"
NULL,NULL,"서울특별시 동대문구 답십리동 524-1"
NULL,NULL,"서울특별시 동대문구 답십리동 524-1"
NULL,NULL,"서울특별시 동대문구 휘경동 146-116"
NULL,NULL,"서울특별시 동대문구 답십리동 524-1"
NULL,NULL,"서울특별시 동대문구 답십리동 524-1"
NULL,NULL,"서울특별시 동대문구 답십리동 524-1"
NULL,NULL,"서울특별시 동대문구 답십리동 524-1"
NULL,NULL,"서울특별시 동대문구 답십리동 524-1"
NULL,NULL,"서울특별시 동대문구 답십리동 524-1"
NULL,NULL,"서울특별시 동대문구 답십리동 524-1"
NULL,NULL,"서울특별시 동대문구 장안동 535-1"
NULL,NULL,"서울특별시 동대문구 답십리동 524-1"
NULL,NULL,"서울특별시 동대문구 용두동 696-8"
NULL,NULL,"서울특별시 동대문구 답십리동 524-1"
NULL,NULL,"서울특별시 동대문구 장안동 535-1"
NULL,NULL,"서울특별시 동대문구 답십리동 524-1"
NULL,NULL,"서울특별시 동대문구 답십리동 524-1"
NULL,NULL,"서울특별시 동대문구 답십리동 524-1"
NULL,NULL,"서울특별시 동대문구 답십리동 524-1"
NULL,NULL,"서울특별시 동대문구 휘경동 367-3"
NULL,NULL,"서울특별시 동대문구 답십리동 524-1"
NULL,NULL,"서울특별시 동대문구 장안동 358-25"
NULL,NULL,"서울특별시 동대문구 답십리동 524-1"
NULL,NULL,"서울특별시 동대문구 답십리동 524-1"
NULL,NULL,"서울특별시 동대문구 장안동 535-1"
NULL,NULL,"서울특별시 동대문구 답십리동 524-1"
NULL,NULL,"서울특별시 동대문구 답십리동 524-1"
NULL,NULL,"서울특별시 동대문구 용두동 39-927"
NULL,NULL,"서울특별시 동대문구 답십리동 524-1"
NULL,NULL,"서울특별시 동대문구 장안동 358-25"
NULL,NULL,"서울특별시 동대문구 제기동 135-91"
NULL,NULL,"서울특별시 동대문구 답십리동 524-1"
NULL,NULL,"서울특별시 동대문구 답십리동 524-1"
NULL,NULL,"서울특별시 동대문구 장안동 535-1"
NULL,NULL,"서울특별시 동대문구 장안동 535-1"
NULL,NULL,"서울특별시 동대문구 답십리동 524-1"
NULL,NULL,"서울특별시 동대문구 답십리동 524-1"
NULL,NULL,"서울특별시 동대문구 휘경동 367-3"
NULL,NULL,"서울특별시 동대문구 답십리동 524-1"
NULL,NULL,"서울특별시 동대문구 답십리동 524-1"
NULL,NULL,"서울특별시 동대문구 용두동 39-927"
NULL,NULL,"서울특별시 동대문구 용두동 39-927"
NULL,NULL,"서울특별시 동대문구 답십리동 524-1"
NULL,NULL,"서울특별시 동대문구 휘경동 367-3"
NULL,NULL,"서울특별시 동대문구 장안동 535-1"
NULL,NULL,"서울특별시 동대문구 장안동 358-25"
NULL,NULL,"서울특별시 동대문구 제기동 135-91"
NULL,NULL,"서울특별시 동대문구 장안동 535-1"
NULL,NULL,"서울특별시 동대문구 답십리동 524-1"
NULL,NULL,"서울특별시 동대문구 장안동 358-25"
NULL,NULL,"서울특별시 동대문구 장안동 535-1"
NULL,NULL,"서울특별시 동대문구 제기동 135-91"
NULL,NULL,"서울특별시 동대문구 전농동 6"
NULL,NULL,"서울특별시 동대문구 전농동 6"
NULL,NULL,"서울특별시 동대문구 전농동 6"
NULL,NULL,"서울특별시 동대문구 전농동 6"
NULL,NULL,"서울특별시 동대문구 전농동 6"
NULL,NULL,"서울특별시 동대문구 전농동 6"
NULL,NULL,"서울특별시 동대문구 제기동 135-91"
NULL,NULL,"서울특별시 동대문구 답십리동 524-1"
NULL,NULL,"서울특별시 동대문구 장안동 535-1"
NULL,NULL,"서울특별시 동대문구 답십리동 524-1"
NULL,NULL,"서울특별시 동대문구 전농동 6"
NULL,NULL,"서울특별시 동대문구 전농동 6"
NULL,NULL,"서울특별시 동대문구 제기동 135-91"
NULL,NULL,"서울특별시 동대문구 이문동 123-5"
NULL,NULL,"서울특별시 동대문구 답십리동 524-1"
NULL,NULL,"서울특별시 동대문구 전농동 6"
NULL,NULL,"서울특별시 동대문구 전농동 6"
NULL,NULL,"서울특별시 동대문구 이문동 123-5"
NULL,NULL,"서울특별시 동대문구 이문동 123-5"
NULL,NULL,"서울특별시 동대문구 이문동 123-5"
NULL,NULL,"서울특별시 동대문구 답십리동 524-1"
NULL,NULL,"서울특별시 동대문구 답십리동 524-1"
NULL,NULL,"서울특별시 동대문구 전농동 6"
NULL,NULL,"서울특별시 동대문구 전농동 6"
NULL,NULL,"서울특별시 동대문구 전농동 6"
NULL,NULL,"서울특별시 동대문구 답십리동 524-1"
NULL,NULL,"서울특별시 동대문구 장안동 535-1"
NULL,NULL,"서울특별시 동대문구 답십리동 524-1"
NULL,NULL,"서울특별시 동대문구 답십리동 524-1"
NULL,NULL,"서울특별시 동대문구 답십리동 524-1"
NULL,NULL,"서울특별시 동대문구 답십리동 524-1"
NULL,NULL,"서울특별시 동대문구 답십리동 524-1"
NULL,NULL,"서울특별시 동대문구 답십리동 524-1"
NULL,NULL,"서울특별시 동대문구 휘경동 367-3"
NULL,NULL,"서울특별시 동대문구 답십리동 524-1"
NULL,NULL,"서울특별시 동대문구 답십리동 524-1"
NULL,NULL,"서울특별시 동대문구 답십리동 524-1"
NULL,NULL,"서울특별시 동대문구 답십리동 524-1"
NULL,NULL,"서울특별시 동대문구 답십리동 524-1"
NULL,NULL,"서울특별시 동대문구 답십리동 524-1"
NULL,NULL,"서울특별시 동대문구 답십리동 524-1"
NULL,NULL,"서울특별시 동대문구 장안동 535-1"
NULL,NULL,"서울특별시 동대문구 장안동 535-1"
NULL,NULL,"서울특별시 동대문구 답십리동 524-1"
NULL,NULL,"서울특별시 동대문구 답십리동 524-1"
NULL,NULL,"서울특별시 동대문구 휘경동 367-3"
NULL,NULL,"서울특별시 동대문구 장안동 535-1"
NULL,NULL,"서울특별시 동대문구 전농동 568-18"
NULL,NULL,"서울특별시 동대문구 답십리동 524-1"
NULL,NULL,"서울특별시 동대문구 답십리동 524-1"
NULL,NULL,"서울특별시 동대문구 이문동 123-5"
NULL,NULL,"서울특별시 동대문구 답십리동 524-1"
NULL,NULL,"서울특별시 동대문구 답십리동 524-1"
NULL,NULL,"서울특별시 동대문구 답십리동 524-1"
NULL,NULL,"서울특별시 동대문구 답십리동 524-1"
NULL,NULL,"서울특별시 동대문구 답십리동 524-1"
NULL,NULL,"서울특별시 동대문구 답십리동 524-1"
NULL,NULL,"서울특별시 동대문구 휘경동 367-3"
NULL,NULL,"서울특별시 동대문구 휘경동 367-3"
NULL,NULL,"서울특별시 동대문구 이문동 49-3"
NULL,NULL,"서울특별시 동대문구 이문동 49-3"
NULL,NULL,"서울특별시 동대문구 이문동 49-3"
NULL,NULL,"서울특별시 동대문구 이문동 49-3"
NULL,NULL,"서울특별시 동대문구 이문동 49-3"
NULL,NULL,"서울특별시 동대문구 이문동 49-3"
NULL,NULL,"서울특별시 동대문구 답십리동 524-1"
NULL,NULL,"서울특별시 동대문구 답십리동 524-1"
NULL,NULL,"서울특별시 동대문구 답십리동 524-1"
NULL,NULL,"서울특별시 동대문구 답십리동 524-1"
NULL,NULL,"서울특별시 동대문구 장안동 469-3"
NULL,NULL,"서울특별시 동대문구 이문동 92-27"
NULL,NULL,"서울특별시 동대문구 장안동 469-3"
NULL,NULL,"서울특별시 동대문구 제기동 1154"
NULL,NULL,"서울특별시 동대문구 이문동 92-27"
NULL,NULL,"서울특별시 동대문구 장안동 469-3"
NULL,NULL,"서울특별시 동대문구 제기동 1154"
NULL,NULL,"서울특별시 동대문구 제기동 293"
NULL,NULL,"서울특별시 동대문구 제기동 1154"
NULL,NULL,"서울특별시 동대문구 이문동 92-27"
NULL,NULL,"서울특별시 동대문구 전농동 295-94"
NULL,NULL,"서울특별시 동대문구 제기동 1154"
NULL,NULL,"서울특별시 동대문구 장안동 469-3"
NULL,NULL,"서울특별시 동대문구 장안동 469-3"
NULL,NULL,"서울특별시 동대문구 이문동 92-27"
NULL,NULL,"서울특별시 동대문구 제기동 1154"
NULL,NULL,"서울특별시 동대문구 장안동 469-3"
NULL,NULL,"서울특별시 동대문구 제기동 1154"
NULL,NULL,"서울특별시 동대문구 전농동 189-3"
NULL,NULL,"서울특별시 동대문구 전농동 189-3"
NULL,NULL,"서울특별시 동대문구 장안동 469-3"
NULL,NULL,"서울특별시 동대문구 장안동 469-3"
NULL,NULL,"서울특별시 동대문구 제기동 1154"
NULL,NULL,"서울특별시 동대문구 제기동 1154"
NULL,NULL,"서울특별시 동대문구 장안동 469-3"
NULL,NULL,"서울특별시 동대문구 제기동 1154"
NULL,NULL,"서울특별시 동대문구 이문동 92-27"
NULL,NULL,"서울특별시 동대문구 제기동 1154"
NULL,NULL,"서울특별시 동대문구 제기동 1154"
NULL,NULL,"서울특별시 동대문구 제기동 1154"
NULL,NULL,"서울특별시 동대문구 장안동 469-3"
NULL,NULL,"서울특별시 동대문구 장안동 469-3"
NULL,NULL,"서울특별시 동대문구 장안동 469-3"
NULL,NULL,"서울특별시 동대문구 장안동 469-3"
NULL,NULL,"서울특별시 동대문구 휘경동 330-2"
NULL,NULL,"서울특별시 동대문구 장안동 469-3"
NULL,NULL,"서울특별시 동대문구 장안동 469-3"
NULL,NULL,"서울특별시 동대문구 장안동 469-3"
NULL,NULL,"서울특별시 동대문구 제기동 1154"
NULL,NULL,"서울특별시 동대문구 장안동 469-3"
NULL,NULL,"서울특별시 동대문구 용두동 150-1"
NULL,NULL,"서울특별시 동대문구 용두동 150-1"
NULL,NULL,"서울특별시 동대문구 이문동 357"
NULL,NULL,"서울특별시 동대문구 장안동 469-3"
NULL,NULL,"서울특별시 동대문구 장안동 469-3"
NULL,NULL,"서울특별시 동대문구 장안동 469-3"
NULL,NULL,"서울특별시 동대문구 장안동 469-3"
NULL,NULL,"서울특별시 동대문구 용두동 191-5"
NULL,NULL,"서울특별시 동대문구 장안동 469-3"
NULL,NULL,"서울특별시 동대문구 장안동 469-3"
NULL,NULL,"서울특별시 동대문구 이문동 92-27"
NULL,NULL,"서울특별시 동대문구 장안동 469-3"
NULL,NULL,"서울특별시 동대문구 장안동 469-3"
NULL,NULL,"서울특별시 동대문구 장안동 469-3"
NULL,NULL,"서울특별시 동대문구 장안동 469-3"
NULL,NULL,"서울특별시 동대문구 답십리동 2-150"
NULL,NULL,"서울특별시 동대문구 신설동 397-2"
NULL,NULL,"서울특별시 동대문구 전농1동 314-4"
NULL,NULL,"서울특별시 동대문구 신설동 397-2"
NULL,NULL,"서울특별시 동대문구 이문동 327-3"
NULL,NULL,"서울특별시 동대문구 신설동 397-2"
NULL,NULL,"서울특별시 동대문구 이문동 327-3"
NULL,NULL,"서울특별시 동대문구 이문동 327-3"
NULL,NULL,"서울특별시 동대문구 신설동 397-2"
NULL,NULL,"서울특별시 동대문구 신설동 397-2"
NULL,NULL,"서울특별시 동대문구 신설동 397-2"
NULL,NULL,"서울특별시 동대문구 신설동 397-2"
NULL,NULL,"서울특별시 동대문구 이문동 327-3"
NULL,NULL,"서울특별시 동대문구 전농동 622-1"
NULL,NULL,"서울특별시 동대문구 신설동 397-2"
NULL,NULL,"서울특별시 동대문구 이문동 327-3"
NULL,NULL,"서울특별시 동대문구 제기동 845"
NULL,NULL,"서울특별시 동대문구 답십리동 3-104"
NULL,NULL,"서울특별시 동대문구 제기동 845"
NULL,NULL,"서울특별시 동대문구 이문동 327-3"
NULL,NULL,"서울특별시 동대문구 제기동 845"
NULL,NULL,"서울특별시 동대문구 이문동 327-3"
NULL,NULL,"서울특별시 동대문구 답십리동 2-150"
NULL,NULL,"서울특별시 동대문구 신설동 397-2"
NULL,NULL,"서울특별시 동대문구 답십리동 485-80"
NULL,NULL,"서울특별시 동대문구 전농동 622-1"
NULL,NULL,"서울특별시 동대문구 이문동 327-3"
NULL,NULL,"서울특별시 동대문구 전농동 295-53"
NULL,NULL,"서울특별시 동대문구 답십리동 2-150"
NULL,NULL,"서울특별시 동대문구 답십리동 2-150"
NULL,NULL,"서울특별시 동대문구 이문동 327-3"
NULL,NULL,"서울특별시 동대문구 답십리동 2-150"
NULL,NULL,"서울특별시 동대문구 답십리동 2-150"
NULL,NULL,"서울특별시 동대문구 제기동 666-1"
NULL,NULL,"서울특별시 동대문구 제기동 845"
NULL,NULL,"서울특별시 동대문구 제기동 1152-12"
NULL,NULL,"서울특별시 동대문구 휘경동 122-7"
NULL,NULL,"서울특별시 동대문구 이문동 327-3"
NULL,NULL,"서울특별시 동대문구 신설동 397-2"
NULL,NULL,"서울특별시 동대문구 이문동 327-3"
NULL,NULL,"서울특별시 동대문구 답십리동 2-150"
NULL,NULL,"서울특별시 동대문구 제기동 845"
NULL,NULL,"서울특별시 동대문구 전농동 622-1"
NULL,NULL,"서울특별시 동대문구 답십리동 2-150"
NULL,NULL,"서울특별시 동대문구 이문동 292-266"
NULL,NULL,"서울특별시 동대문구 이문동 327-3"
NULL,NULL,"서울특별시 동대문구 이문동 94-7"
NULL,NULL,"서울특별시 동대문구 답십리동 2-150"
NULL,NULL,"서울특별시 동대문구 제기동 845"
NULL,NULL,"서울특별시 동대문구 용두동 234-1"
NULL,NULL,"서울특별시 동대문구 용두동 234-1"
NULL,NULL,"서울특별시 동대문구 전농동 622-1"
NULL,NULL,"서울특별시 동대문구 장안동 331-14"
NULL,NULL,"서울특별시 동대문구 용두동 118-82"
NULL,NULL,"서울특별시 동대문구 용두동 255-9"
NULL,NULL,"서울특별시 동대문구 전농동 103-156"
NULL,NULL,"서울특별시 동대문구 제기동 856"
NULL,NULL,"서울특별시 동대문구 제기동 856"
NULL,NULL,"서울특별시 동대문구 제기동 856"
NULL,NULL,"서울특별시 동대문구 제기동 856"
NULL,NULL,"서울특별시 동대문구 제기동 856"
NULL,NULL,"서울특별시 동대문구 제기동 856"
NULL,NULL,"서울특별시 동대문구 제기동 856"
NULL,NULL,"서울특별시 동대문구 제기동 856"
NULL,NULL,"서울특별시 동대문구 제기동 856"
NULL,NULL,"서울특별시 동대문구 제기동 856"
NULL,NULL,"서울특별시 동대문구 제기동 856"
NULL,NULL,"서울특별시 동대문구 제기동 856"
NULL,NULL,"서울특별시 동대문구 제기동 856"
NULL,NULL,"서울특별시 동대문구 전농동 150-10"
NULL,NULL,"서울특별시 동대문구 제기동 856"
NULL,NULL,"서울특별시 동대문구 제기동 856"
NULL,NULL,"서울특별시 동대문구 제기동 856"
NULL,NULL,"서울특별시 동대문구 전농동 103-156"
NULL,NULL,"서울특별시 동대문구 제기동 856"
NULL,NULL,"서울특별시 동대문구 제기동 856"
NULL,NULL,"서울특별시 동대문구 제기동 856"
NULL,NULL,"서울특별시 동대문구 제기동 856"
NULL,NULL,"서울특별시 동대문구 전농동 150-10"
NULL,NULL,"서울특별시 동대문구 제기동 856"
NULL,NULL,"서울특별시 동대문구 제기동 856"
NULL,NULL,"서울특별시 동대문구 제기동 856"
NULL,NULL,"서울특별시 동대문구 전농동 103-156"
NULL,NULL,"서울특별시 동대문구 제기동 856"
NULL,NULL,"서울특별시 동대문구 제기동 856"
NULL,NULL,"서울특별시 동대문구 제기동 856"
NULL,NULL,"서울특별시 동대문구 제기동 856"
NULL,NULL,"서울특별시 동대문구 제기동 856"
NULL,NULL,"서울특별시 동대문구 제기동 856"
NULL,NULL,"서울특별시 동대문구 전농동 103-156"
NULL,NULL,"서울특별시 동대문구 제기동 856"
NULL,NULL,"서울특별시 동대문구 전농동 103-156"
NULL,NULL,"서울특별시 동대문구 제기동 856"
NULL,NULL,"서울특별시 동대문구 제기동 856"
NULL,NULL,"서울특별시 동대문구 전농동 103-156"
NULL,NULL,"서울특별시 동대문구 제기동 856"
NULL,NULL,"서울특별시 동대문구 제기동 856"
NULL,NULL,"서울특별시 동대문구 전농동 103-156"
NULL,NULL,"서울특별시 동대문구 제기동 856"
NULL,NULL,"서울특별시 동대문구 제기동 856"
NULL,NULL,"서울특별시 동대문구 제기동 856"
NULL,NULL,"서울특별시 동대문구 제기동 856"
NULL,NULL,"서울특별시 동대문구 제기동 856"
NULL,NULL,"서울특별시 동대문구 전농동 150-10"
NULL,NULL,"서울특별시 동대문구 제기동 856"
NULL,NULL,"서울특별시 동대문구 제기동 856"
NULL,NULL,"서울특별시 동대문구 제기동 856"
NULL,NULL,"서울특별시 동대문구 제기동 856"
NULL,NULL,"서울특별시 동대문구 제기동 856"
NULL,NULL,"서울특별시 동대문구 제기동 856"
NULL,NULL,"서울특별시 동대문구 전농동 103-156"
NULL,NULL,"서울특별시 동대문구 제기동 856"
NULL,NULL,"서울특별시 동대문구 제기동 856"
NULL,NULL,"서울특별시 동대문구 제기동 856"
NULL,NULL,"서울특별시 동대문구 제기동 856"
NULL,NULL,"서울특별시 동대문구 전농동 103-156"
NULL,NULL,"서울특별시 동대문구 제기동 856"
NULL,NULL,"서울특별시 동대문구 제기동 856"
NULL,NULL,"서울특별시 동대문구 제기동 856"
NULL,NULL,"서울특별시 동대문구 제기동 856"
NULL,NULL,"서울특별시 동대문구 제기동 856"
NULL,NULL,"서울특별시 동대문구 전농동 150-10"
NULL,NULL,"서울특별시 동대문구 제기동 856"
NULL,NULL,"서울특별시 동대문구 제기동 856"
NULL,NULL,"서울특별시 동대문구 전농동 103-156"
NULL,NULL,"서울특별시 동대문구 제기동 856"
NULL,NULL,"서울특별시 동대문구 제기동 856"
NULL,NULL,"서울특별시 동대문구 제기동 856"
NULL,NULL,"서울특별시 동대문구 제기동 856"
NULL,NULL,"서울특별시 동대문구 제기동 856"
NULL,NULL,"서울특별시 동대문구 전농동 150-10"
NULL,NULL,"서울특별시 동대문구 제기동 856"
NULL,NULL,"서울특별시 동대문구 전농동 103-156"
NULL,NULL,"서울특별시 동대문구 제기동 856"
NULL,NULL,"서울특별시 동대문구 제기동 856"
NULL,NULL,"서울특별시 동대문구 제기동 856"
NULL,NULL,"서울특별시 동대문구 제기동 856"
NULL,NULL,"서울특별시 동대문구 제기동 856"
NULL,NULL,"서울특별시 동대문구 휘경동 267-9"
NULL,NULL,"서울특별시 동대문구 제기동 856"
NULL,NULL,"서울특별시 동대문구 답십리동 467-48"
NULL,NULL,"서울특별시 동대문구 제기동 856"
NULL,NULL,"서울특별시 동대문구 전농동 103-156"
NULL,NULL,"서울특별시 동대문구 제기동 856"
NULL,NULL,"서울특별시 동대문구 제기동 856"
NULL,NULL,"서울특별시 동대문구 제기동 856"
NULL,NULL,"서울특별시 동대문구 제기동 856"
NULL,NULL,"서울특별시 동대문구 제기동 856"
NULL,NULL,"서울특별시 동대문구 제기동 856"
NULL,NULL,"서울특별시 동대문구 제기동 856"
NULL,NULL,"서울특별시 동대문구 제기동 856"
NULL,NULL,"서울특별시 동대문구 제기동 856"
NULL,NULL,"서울특별시 동대문구 제기동 856"
NULL,NULL,"서울특별시 동대문구 이문동 115-53"
NULL,NULL,"서울특별시 동대문구 제기동 856"
NULL,NULL,"서울특별시 동대문구 전농동 150-10"
NULL,NULL,"서울특별시 동대문구 제기동 856"
NULL,NULL,"서울특별시 동대문구 제기동 856"
NULL,NULL,"서울특별시 동대문구 제기동 856"
NULL,NULL,"서울특별시 동대문구 제기동 856"
NULL,NULL,"서울특별시 동대문구 제기동 856"
NULL,NULL,"서울특별시 동대문구 제기동 856"
NULL,NULL,"서울특별시 동대문구 제기동 856"
NULL,NULL,"서울특별시 동대문구 제기동 856"
NULL,NULL,"서울특별시 동대문구 제기동 856"
NULL,NULL,"서울특별시 동대문구 전농동 103-156"
NULL,NULL,"서울특별시 동대문구 전농동 103-156"
NULL,NULL,"서울특별시 동대문구 제기동 856"
NULL,NULL,"서울특별시 동대문구 제기동 856"
NULL,NULL,"서울특별시 동대문구 제기동 856"
NULL,NULL,"서울특별시 동대문구 전농동 103-156"
NULL,NULL,"서울특별시 동대문구 제기동 856"
NULL,NULL,"서울특별시 동대문구 제기동 856"
NULL,NULL,"서울특별시 동대문구 제기동 856"
NULL,NULL,"서울특별시 동대문구 제기동 856"
NULL,NULL,"서울특별시 동대문구 제기동 856"
NULL,NULL,"서울특별시 동대문구 제기동 856"
NULL,NULL,"서울특별시 동대문구 제기동 856"
NULL,NULL,"서울특별시 동대문구 제기동 856"
NULL,NULL,"서울특별시 동대문구 청량리동 203-37"
NULL,NULL,"서울특별시 동대문구 제기동 856"
NULL,NULL,"서울특별시 동대문구 제기동 856"
NULL,NULL,"서울특별시 동대문구 제기동 856"
NULL,NULL,"서울특별시 동대문구 전농동 103-156"
NULL,NULL,"서울특별시 동대문구 제기동 856"
NULL,NULL,"서울특별시 동대문구 제기동 856"
NULL,NULL,"서울특별시 동대문구 전농동 103-156"
NULL,NULL,"서울특별시 동대문구 제기동 856"
NULL,NULL,"서울특별시 동대문구 제기동 856"
NULL,NULL,"서울특별시 동대문구 제기동 856"
NULL,NULL,"서울특별시 동대문구 전농동 103-156"
NULL,NULL,"서울특별시 동대문구 제기동 856"
NULL,NULL,"서울특별시 동대문구 제기동 856"
NULL,NULL,"서울특별시 동대문구 전농동 103-156"
NULL,NULL,"서울특별시 동대문구 제기동 856"
NULL,NULL,"서울특별시 동대문구 제기동 856"
NULL,NULL,"서울특별시 동대문구 제기동 856"
NULL,NULL,"서울특별시 동대문구 제기동 856"
NULL,NULL,"서울특별시 동대문구 제기동 856"
NULL,NULL,"서울특별시 동대문구 제기동 856"
NULL,NULL,"서울특별시 동대문구 제기동 856"
NULL,NULL,"서울특별시 동대문구 전농동 103-156"
NULL,NULL,"서울특별시 동대문구 제기동 856"
NULL,NULL,"서울특별시 동대문구 제기동 856"
NULL,NULL,"서울특별시 동대문구 제기동 856"
NULL,NULL,"서울특별시 동대문구 제기동 856"
NULL,NULL,"서울특별시 동대문구 제기동 856"
NULL,NULL,"서울특별시 동대문구 제기동 148-158"
NULL,NULL,"서울특별시 동대문구 제기동 856"
NULL,NULL,"서울특별시 동대문구 제기동 856"
NULL,NULL,"서울특별시 동대문구 제기동 856"
NULL,NULL,"서울특별시 동대문구 제기동 856"
NULL,NULL,"서울특별시 동대문구 제기동 856"
NULL,NULL,"서울특별시 동대문구 전농동 103-156"
NULL,NULL,"서울특별시 동대문구 전농동 103-156"
NULL,NULL,"서울특별시 동대문구 제기동 856"
NULL,NULL,"서울특별시 동대문구 제기동 856"
NULL,NULL,"서울특별시 동대문구 제기동 856"
NULL,NULL,"서울특별시 동대문구 전농동 648-163"
NULL,NULL,"서울특별시 동대문구 제기동 856"
NULL,NULL,"서울특별시 동대문구 제기동 856"
NULL,NULL,"서울특별시 동대문구 제기동 856"
NULL,NULL,"서울특별시 동대문구 제기동 856"
NULL,NULL,"서울특별시 동대문구 제기동 856"
NULL,NULL,"서울특별시 동대문구 제기동 856"
NULL,NULL,"서울특별시 동대문구 제기동 856"
NULL,NULL,"서울특별시 동대문구 제기동 856"
NULL,NULL,"서울특별시 동대문구 제기동 856"
NULL,NULL,"서울특별시 동대문구 제기동 856"
NULL,NULL,"서울특별시 동대문구 전농동 150-10"
NULL,NULL,"서울특별시 동대문구 제기동 856"
NULL,NULL,"서울특별시 동대문구 제기동 856"
NULL,NULL,"서울특별시 동대문구 전농동 103-156"
NULL,NULL,"서울특별시 동대문구 제기동 148-158"
NULL,NULL,"서울특별시 동대문구 제기동 856"
NULL,NULL,"서울특별시 동대문구 제기동 856"
NULL,NULL,"서울특별시 동대문구 제기동 856"
NULL,NULL,"서울특별시 동대문구 제기동 856"
NULL,NULL,"서울특별시 동대문구 제기동 856"
NULL,NULL,"서울특별시 동대문구 제기동 856"
NULL,NULL,"서울특별시 동대문구 제기동 856"
NULL,NULL,"서울특별시 동대문구 제기동 856"
NULL,NULL,"서울특별시 동대문구 제기동 856"
NULL,NULL,"서울특별시 동대문구 제기동 856"
NULL,NULL,"서울특별시 동대문구 제기동 856"
NULL,NULL,"서울특별시 동대문구 제기동 856"
NULL,NULL,"서울특별시 동대문구 제기동 856"
NULL,NULL,"서울특별시 동대문구 제기동 856"
NULL,NULL,"서울특별시 동대문구 전농동 150-10"
NULL,NULL,"서울특별시 동대문구 전농동 103-156"
NULL,NULL,"서울특별시 동대문구 전농동 103-156"
NULL,NULL,"서울특별시 동대문구 전농동 103-156"
NULL,NULL,"서울특별시 동대문구 이문동 49-2"
NULL,NULL,"서울특별시 동대문구 제기동 856"
NULL,NULL,"서울특별시 동대문구 용두동 251-77"
NULL,NULL,"서울특별시 동대문구 제기동 268-51"
NULL,NULL,"서울특별시 동대문구 제기동 892-167"
NULL,NULL,"서울특별시 동대문구 회기동 346-8"
NULL,NULL,"서울특별시 동대문구 제기동 892-167"
NULL,NULL,"서울특별시 동대문구 답십리동 645-7"
NULL,NULL,"서울특별시 동대문구 회기동 346-8"
NULL,NULL,"서울특별시 동대문구 제기동 892-167"
NULL,NULL,"서울특별시 동대문구 답십리동 645-7"
NULL,NULL,"서울특별시 동대문구 제기동 892-167"
NULL,NULL,"서울특별시 동대문구 신설동 109-2"
NULL,NULL,"서울특별시 동대문구 회기동 45-56"
NULL,NULL,"서울특별시 동대문구 신설동 109-2"
NULL,NULL,"서울특별시 동대문구 제기동 892-167"
NULL,NULL,"서울특별시 동대문구 제기동 892-167"
NULL,NULL,"서울특별시 동대문구 제기동 892-167"
NULL,NULL,"서울특별시 동대문구 답십리동 215-1"
NULL,NULL,"서울특별시 동대문구 신설동 109-2"
NULL,NULL,"서울특별시 동대문구 제기동 892-167"
NULL,NULL,"서울특별시 동대문구 답십리동 215-1"
NULL,NULL,"서울특별시 동대문구 이문동 119-5"
NULL,NULL,"서울특별시 동대문구 이문동 119-5"
NULL,NULL,"서울특별시 동대문구 이문동 119-5"
NULL,NULL,"서울특별시 동대문구 이문동 119-5"
NULL,NULL,"서울특별시 동대문구 제기동 892-167"
NULL,NULL,"서울특별시 동대문구 답십리동 53-20"
NULL,NULL,"서울특별시 동대문구 전농동 1-168"
NULL,NULL,"서울특별시 동대문구 답십리동 215-1"
NULL,NULL,"서울특별시 동대문구 제기동 892-167"
NULL,NULL,"서울특별시 동대문구 답십리동 959-28"
NULL,NULL,"서울특별시 동대문구 답십리동 53-20"
NULL,NULL,"서울특별시 동대문구 전농동 1-168"
NULL,NULL,"서울특별시 동대문구 답십리동 645-7"
NULL,NULL,"서울특별시 동대문구 제기동 892-167"
NULL,NULL,"서울특별시 동대문구 이문동 119-5"
NULL,NULL,"서울특별시 동대문구 용신동 100-30"
NULL,NULL,"서울특별시 동대문구 용신동 100-30"
NULL,NULL,"서울특별시 동대문구 용신동 100-30"
NULL,NULL,"서울특별시 동대문구 용신동 100-30"
NULL,NULL,"서울특별시 동대문구 용신동 100-30"
NULL,NULL,"서울특별시 동대문구 신설동 109-2"
NULL,NULL,"서울특별시 동대문구 신설동 109-2"
NULL,NULL,"서울특별시 동대문구 신설동 109-2"
NULL,NULL,"서울특별시 동대문구 신설동 109-2"
NULL,NULL,"서울특별시 동대문구 신설동 109-2"
NULL,NULL,"서울특별시 동대문구 신설동 109-2"
NULL,NULL,"서울특별시 동대문구 신설동 109-2"
NULL,NULL,"서울특별시 동대문구 신설동 109-2"
NULL,NULL,"서울특별시 동대문구 신설동 109-2"
NULL,NULL,"서울특별시 동대문구 신설동 109-2"
NULL,NULL,"서울특별시 동대문구 신설동 109-2"
NULL,NULL,"서울특별시 동대문구 신설동 109-2"
NULL,NULL,"서울특별시 동대문구 신설동 109-2"
NULL,NULL,"서울특별시 동대문구 신설동 109-2"
NULL,NULL,"서울특별시 동대문구 신설동 109-2"
NULL,NULL,"서울특별시 동대문구 신설동 109-2"
NULL,NULL,"서울특별시 동대문구 신설동 109-2"
NULL,NULL,"서울특별시 동대문구 신설동 109-2"
NULL,NULL,"서울특별시 동대문구 신설동 109-2"
NULL,NULL,"서울특별시 동대문구 신설동 109-2"
NULL,NULL,"서울특별시 동대문구 신설동 109-2"
NULL,NULL,"서울특별시 동대문구 신설동 109-2"
NULL,NULL,"서울특별시 동대문구 신설동 109-2"
NULL,NULL,"서울특별시 동대문구 신설동 109-2"
NULL,NULL,"서울특별시 동대문구 신설동 109-2"
NULL,NULL,"서울특별시 동대문구 신설동 109-2"
NULL,NULL,"서울특별시 동대문구 신설동 109-2"
NULL,NULL,"서울특별시 동대문구 신설동 109-2"
NULL,NULL,"서울특별시 동대문구 신설동 109-2"
NULL,NULL,"서울특별시 동대문구 신설동 109-2"
NULL,NULL,"서울특별시 동대문구 신설동 109-2"
NULL,NULL,"서울특별시 동대문구 신설동 109-2"
NULL,NULL,"서울특별시 동대문구 신설동 109-2"
NULL,NULL,"서울특별시 동대문구 전농동 582-6"
NULL,NULL,"서울특별시 동대문구 장안동 550"
NULL,NULL,"서울특별시 동대문구 청량리동 203-25"
NULL,NULL,"서울특별시 동대문구 전농동 31-15"
NULL,NULL,"서울특별시 동대문구 이문동 177-106"
NULL,NULL,"서울특별시 동대문구 답십리동 533-3"
NULL,NULL,"서울특별시 동대문구 신설동 102-9"
NULL,NULL,"서울특별시 동대문구 전농동 31-15"
NULL,NULL,"서울특별시 동대문구 장안동 145-10"
NULL,NULL,"서울특별시 동대문구 장안동 145-10"
NULL,NULL,"서울특별시 동대문구 장안동 145-10"
NULL,NULL,"서울특별시 동대문구 장안동 145-10"
NULL,NULL,"서울특별시 동대문구 장안동 145-10"
NULL,NULL,"서울특별시 동대문구 전농동 530-81"
NULL,NULL,"서울특별시 동대문구 신설동 102-9"
NULL,NULL,"서울특별시 동대문구 장안동 145-10"
NULL,NULL,"서울특별시 동대문구 신설동 102-9"
NULL,NULL,"서울특별시 동대문구 장안동 550"
NULL,NULL,"서울특별시 동대문구 신설동 102-9"
NULL,NULL,"서울특별시 동대문구 신설동 27-2"
NULL,NULL,"서울특별시 동대문구 전농동 666"
NULL,NULL,"서울특별시 동대문구 전농동 666"
NULL,NULL,"서울특별시 동대문구 청량리동 207-43"
NULL,NULL,"서울특별시 동대문구 제기동 142-21"
NULL,NULL,"서울특별시 동대문구 이문동 371-14"
NULL,NULL,"서울특별시 동대문구 제기동 142-21"
NULL,NULL,"서울특별시 동대문구 청량리동 206-4"
NULL,NULL,"서울특별시 동대문구 제기동 142-21"
NULL,NULL,"서울특별시 동대문구 전농동 666"
NULL,NULL,"서울특별시 동대문구 제기동 142-21"
NULL,NULL,"서울특별시 동대문구 전농동 666"
NULL,NULL,"서울특별시 동대문구 제기동 142-21"
NULL,NULL,"서울특별시 동대문구 전농동 666"
NULL,NULL,"서울특별시 동대문구 제기동 142-21"
NULL,NULL,"서울특별시 동대문구 청량리동 206-4"
NULL,NULL,"서울특별시 동대문구 전농동 666"
NULL,NULL,"서울특별시 동대문구 제기동 928-14"
NULL,NULL,"서울특별시 동대문구 청량리동 206-4"
NULL,NULL,"서울특별시 동대문구 제기동 142-21"
NULL,NULL,"서울특별시 동대문구 장안동 162-12"
NULL,NULL,"서울특별시 동대문구 전농동 666"
NULL,NULL,"서울특별시 동대문구 전농동 655-37"
NULL,NULL,"서울특별시 동대문구 제기동 142-21"
NULL,NULL,"서울특별시 동대문구 전농동 666"
NULL,NULL,"서울특별시 동대문구 전농동 666"
NULL,NULL,"서울특별시 동대문구 전농동 666"
NULL,NULL,"서울특별시 동대문구 전농동 666"
NULL,NULL,"서울특별시 동대문구 제기동 142-21"
NULL,NULL,"서울특별시 동대문구 제기동 142-21"
NULL,NULL,"서울특별시 동대문구 전농동 666"
NULL,NULL,"서울특별시 동대문구 답십리동 494-12"
NULL,NULL,"서울특별시 동대문구 전농동 666"
NULL,NULL,"서울특별시 동대문구 전농동 497-4"
NULL,NULL,"서울특별시 동대문구 제기동 142-21"
NULL,NULL,"서울특별시 동대문구 전농동 666"
NULL,NULL,"서울특별시 동대문구 청량리동 206-4"
NULL,NULL,"서울특별시 동대문구 청량리동 206-4"
NULL,NULL,"서울특별시 동대문구 답십리동 198-109"
NULL,NULL,"서울특별시 동대문구 휘경동 117-1"
NULL,NULL,"서울특별시 동대문구 전농동 666"
NULL,NULL,"서울특별시 동대문구 제기동 142-21"
NULL,NULL,"서울특별시 동대문구 청량리동 207-43"
NULL,NULL,"서울특별시 동대문구 장안동 162-12"
NULL,NULL,"서울특별시 동대문구 제기동 693"
NULL,NULL,"서울특별시 동대문구 장안동 162-12"
NULL,NULL,"서울특별시 동대문구 전농동 497-4"
NULL,NULL,"서울특별시 동대문구 답십리동 494-12"
NULL,NULL,"서울특별시 동대문구 답십리동 198-109"
NULL,NULL,"서울특별시 동대문구 전농동 497-4"
NULL,NULL,"서울특별시 동대문구 청량리동 207-43"
NULL,NULL,"서울특별시 동대문구 이문동 115-1"
NULL,NULL,"서울특별시 동대문구 전농동 666"
NULL,NULL,"서울특별시 동대문구 전농동 666"
NULL,NULL,"서울특별시 동대문구 장안동 162-12"
NULL,NULL,"서울특별시 동대문구 신설동 101-5"
NULL,NULL,"서울특별시 동대문구 답십리동 198-109"
NULL,NULL,"서울특별시 동대문구 용두동 39-298"
NULL,NULL,"서울특별시 동대문구 제기동 693"
NULL,NULL,"서울특별시 동대문구 제기동 142-21"
NULL,NULL,"서울특별시 동대문구 제기동 693"
NULL,NULL,"서울특별시 동대문구 장안동 162-12"
NULL,NULL,"서울특별시 동대문구 제기동 142-21"
NULL,NULL,"서울특별시 동대문구 전농동 666"
NULL,NULL,"서울특별시 동대문구 제기동 142-21"
NULL,NULL,"서울특별시 동대문구 청량리동 206-4"
NULL,NULL,"서울특별시 동대문구 제기동 142-21"
NULL,NULL,"서울특별시 동대문구 제기동 142-21"
NULL,NULL,"서울특별시 동대문구 전농동 666"
NULL,NULL,"서울특별시 동대문구 신설동 101-5"
NULL,NULL,"서울특별시 동대문구 전농동 666"
NULL,NULL,"서울특별시 동대문구 전농동 666"
NULL,NULL,"서울특별시 동대문구 전농동 666"
NULL,NULL,"서울특별시 동대문구 청량리동 206-4"
NULL,NULL,"서울특별시 동대문구 청량리동 206-4"
NULL,NULL,"서울특별시 동대문구 전농동 666"
NULL,NULL,"서울특별시 동대문구 전농동 497-4"
NULL,NULL,"서울특별시 동대문구 전농동 666"
NULL,NULL,"서울특별시 동대문구 전농동 497-4"
NULL,NULL,"서울특별시 동대문구 청량리동 207-43"
NULL,NULL,"서울특별시 동대문구 전농동 666"
NULL,NULL,"서울특별시 동대문구 제기동 142-21"
NULL,NULL,"서울특별시 동대문구 전농동 497-4"
NULL,NULL,"서울특별시 동대문구 청량리동 206-4"
NULL,NULL,"서울특별시 동대문구 장안동 162-12"
NULL,NULL,"서울특별시 동대문구 제기동 693"
NULL,NULL,"서울특별시 동대문구 전농동 666"
NULL,NULL,"서울특별시 동대문구 전농동 666"
NULL,NULL,"서울특별시 동대문구 제기동 693"
NULL,NULL,"서울특별시 동대문구 신설동 101-5"
NULL,NULL,"서울특별시 동대문구 용두동 756-13"
NULL,NULL,"서울특별시 동대문구 전농동 666"
NULL,NULL,"서울특별시 동대문구 제기동 142-21"
NULL,NULL,"서울특별시 동대문구 청량리동 207-43"
NULL,NULL,"서울특별시 동대문구 전농동 666"
NULL,NULL,"서울특별시 동대문구 제기동 142-21"
NULL,NULL,"서울특별시 동대문구 청량리동 206-4"
NULL,NULL,"서울특별시 동대문구 전농동 666"
NULL,NULL,"서울특별시 동대문구 전농동 666"
NULL,NULL,"서울특별시 동대문구 제기동 142-21"
NULL,NULL,"서울특별시 동대문구 전농동 655-37"
NULL,NULL,"서울특별시 동대문구 답십리동 494-12"
NULL,NULL,"서울특별시 동대문구 제기동 928-14"
NULL,NULL,"서울특별시 동대문구 청량리동 207-43"
NULL,NULL,"서울특별시 동대문구 답십리동 198-109"
NULL,NULL,"서울특별시 동대문구 답십리동 198-109"
NULL,NULL,"서울특별시 동대문구 답십리동 198-109"
NULL,NULL,"서울특별시 동대문구 용두동 36-11"
NULL,NULL,"서울특별시 동대문구 제기동 142-21"
NULL,NULL,"서울특별시 동대문구 청량리동 산 1-135"
NULL,NULL,"서울특별시 동대문구 청량리동 산 1-135"
NULL,NULL,"서울특별시 동대문구 이문동 371-1"
NULL,NULL,"서울특별시 동대문구 장안동 105-6"
NULL,NULL,"서울특별시 동대문구 청량리동 산 1-135"
NULL,NULL,"서울특별시 동대문구 장안동 105-6"
NULL,NULL,"서울특별시 동대문구 청량리동 산 1-135"
NULL,NULL,"서울특별시 동대문구 청량리동 산 1-135"
NULL,NULL,"서울특별시 동대문구 청량리동 산 1-135"
NULL,NULL,"서울특별시 동대문구 청량리동 산 1-135"
NULL,NULL,"서울특별시 동대문구 장안동 105-6"
NULL,NULL,"서울특별시 동대문구 전농동 90-6"
NULL,NULL,"서울특별시 동대문구 장안동 105-6"
NULL,NULL,"서울특별시 동대문구 청량리동 산 1-135"
NULL,NULL,"서울특별시 동대문구 청량리동 산 1-135"
NULL,NULL,"서울특별시 동대문구 청량리동 산 1-135"
NULL,NULL,"서울특별시 동대문구 이문동 237-101"
NULL,NULL,"서울특별시 동대문구 장안동 105-6"
NULL,NULL,"서울특별시 동대문구 청량리동 산 1-135"
NULL,NULL,"서울특별시 동대문구 장안동 105-6"
NULL,NULL,"서울특별시 동대문구 신설동 76-22"
NULL,NULL,"서울특별시 동대문구 장안동 105-6"
NULL,NULL,"서울특별시 동대문구 신설동 76-22"
NULL,NULL,"서울특별시 동대문구 제기동 55-11"
NULL,NULL,"서울특별시 동대문구 청량리동 산 1-135"
NULL,NULL,"서울특별시 동대문구 청량리동 산 1-135"
NULL,NULL,"서울특별시 동대문구 장안동 105-6"
NULL,NULL,"서울특별시 동대문구 신설동 76-22"
NULL,NULL,"서울특별시 동대문구 청량리동 산 1-135"
NULL,NULL,"서울특별시 동대문구 장안동 311-3"
NULL,NULL,"서울특별시 동대문구 청량리동 산 1-135"
NULL,NULL,"서울특별시 동대문구 장안동 105-6"
NULL,NULL,"서울특별시 동대문구 청량리동 산 1-135"
NULL,NULL,"서울특별시 동대문구 신설동 76-22"
NULL,NULL,"서울특별시 동대문구 장안동 105-6"
NULL,NULL,"서울특별시 동대문구 장안동 105-6"
NULL,NULL,"서울특별시 동대문구 이문동 240-8"
NULL,NULL,"서울특별시 동대문구 청량리동 산 1-135"
NULL,NULL,"서울특별시 동대문구 청량리동 산 1-135"
NULL,NULL,"서울특별시 동대문구 장안동 105-6"
NULL,NULL,"서울특별시 동대문구 장안동 105-6"
NULL,NULL,"서울특별시 동대문구 전농동 90-6"
NULL,NULL,"서울특별시 동대문구 장안동 105-6"
NULL,NULL,"서울특별시 동대문구 장안동 105-6"
NULL,NULL,"서울특별시 동대문구 장안동 105-6"
NULL,NULL,"서울특별시 동대문구 청량리동 산 1-135"
NULL,NULL,"서울특별시 동대문구 장안동 105-6"
NULL,NULL,"서울특별시 동대문구 장안동 105-6"
NULL,NULL,"서울특별시 동대문구 장안동 105-6"
NULL,NULL,"서울특별시 동대문구 장안동 105-6"
NULL,NULL,"서울특별시 동대문구 청량리동 산 1-135"
NULL,NULL,"서울특별시 동대문구 청량리동 산 1-135"
NULL,NULL,"서울특별시 동대문구 청량리동 산 1-135"
NULL,NULL,"서울특별시 동대문구 장안동 105-6"
NULL,NULL,"서울특별시 동대문구 전농동 90-6"
NULL,NULL,"서울특별시 동대문구 장안동 105-6"
NULL,NULL,"서울특별시 동대문구 장안동 105-6"
NULL,NULL,"서울특별시 동대문구 청량리동 산 1-135"
NULL,NULL,"서울특별시 동대문구 제기동 55-11"
NULL,NULL,"서울특별시 동대문구 장안동 311-3"
NULL,NULL,"서울특별시 동대문구 장안동 105-6"
NULL,NULL,"서울특별시 동대문구 청량리동 산 1-135"
NULL,NULL,"서울특별시 동대문구 장안동 105-6"
NULL,NULL,"서울특별시 동대문구 전농동 90-6"
NULL,NULL,"서울특별시 동대문구 청량리동 산 1-135"
NULL,NULL,"서울특별시 동대문구 장안동 105-6"
NULL,NULL,"서울특별시 동대문구 장안동 311-3"
NULL,NULL,"서울특별시 동대문구 청량리동 산 1-135"
NULL,NULL,"서울특별시 동대문구 제기동 55-11"
NULL,NULL,"서울특별시 동대문구 제기동 55-11"
NULL,NULL,"서울특별시 동대문구 장안동 150-21"
NULL,NULL,"서울특별시 동대문구 전농동 30-1"
NULL,NULL,"서울특별시 동대문구 전농동 30-1"
NULL,NULL,"서울특별시 동대문구 전농동 30-1"
NULL,NULL,"서울특별시 동대문구 전농동 30-1"
NULL,NULL,"서울특별시 동대문구 전농동 30-1"
NULL,NULL,"서울특별시 동대문구 전농동 30-1"
NULL,NULL,"서울특별시 동대문구 전농동 30-1"
NULL,NULL,"서울특별시 동대문구 전농동 30-1"
NULL,NULL,"서울특별시 동대문구 답십리동 1002"
NULL,NULL,"서울특별시 동대문구 전농동 30-1"
NULL,NULL,"서울특별시 동대문구 전농동 30-1"
NULL,NULL,"서울특별시 동대문구 전농동 30-1"
NULL,NULL,"서울특별시 동대문구 전농동 30-1"
NULL,NULL,"서울특별시 동대문구 전농동 30-1"
NULL,NULL,"서울특별시 동대문구 전농동 30-1"
NULL,NULL,"서울특별시 동대문구 전농동 30-1"
NULL,NULL,"서울특별시 동대문구 전농동 30-1"
NULL,NULL,"서울특별시 동대문구 답십리동 439-91"
NULL,NULL,"서울특별시 동대문구 장안동 150-21"
NULL,NULL,"서울특별시 동대문구 전농동 30-1"
NULL,NULL,"서울특별시 동대문구 전농동 30-1"
NULL,NULL,"서울특별시 동대문구 이문동 354-67"
NULL,NULL,"서울특별시 동대문구 전농동 30-1"
NULL,NULL,"서울특별시 동대문구 장안동 150-21"
NULL,NULL,"서울특별시 동대문구 답십리동 439-91"
NULL,NULL,"서울특별시 동대문구 전농동 30-1"
NULL,NULL,"서울특별시 동대문구 전농동 30-1"
NULL,NULL,"서울특별시 동대문구 답십리동 439-91"
NULL,NULL,"서울특별시 동대문구 답십리동 439-91"
NULL,NULL,"서울특별시 동대문구 전농동 30-1"
NULL,NULL,"서울특별시 동대문구 답십리동 439-91"
NULL,NULL,"서울특별시 동대문구 전농동 30-1"
NULL,NULL,"서울특별시 동대문구 이문동 288-37"
NULL,NULL,"서울특별시 동대문구 전농동 30-1"
NULL,NULL,"서울특별시 동대문구 답십리동 1002"
NULL,NULL,"서울특별시 동대문구 전농동 30-1"
NULL,NULL,"서울특별시 동대문구 전농동 30-1"
NULL,NULL,"서울특별시 동대문구 답십리동 439-91"
NULL,NULL,"서울특별시 동대문구 전농동 30-1"
NULL,NULL,"서울특별시 동대문구 장안동 150-21"
NULL,NULL,"서울특별시 동대문구 전농동 30-1"
NULL,NULL,"서울특별시 동대문구 전농동 30-1"
NULL,NULL,"서울특별시 동대문구 전농동 30-1"
NULL,NULL,"서울특별시 동대문구 전농동 30-1"
NULL,NULL,"서울특별시 동대문구 전농동 30-1"
NULL,NULL,"서울특별시 동대문구 전농동 30-1"
NULL,NULL,"서울특별시 동대문구 전농동 30-1"
NULL,NULL,"서울특별시 동대문구 전농동 30-1"
NULL,NULL,"서울특별시 동대문구 전농동 30-1"
NULL,NULL,"서울특별시 동대문구 이문동 354-67"
NULL,NULL,"서울특별시 동대문구 장안동 481-4"
NULL,NULL,"서울특별시 동대문구 이문동 213-13"
NULL,NULL,"서울특별시 동대문구 이문동 213-13"
NULL,NULL,"서울특별시 동대문구 답십리동 1002"
NULL,NULL,"서울특별시 동대문구 제기동 1112-11"
NULL,NULL,"서울특별시 동대문구 답십리동 530-24"
NULL,NULL,"서울특별시 동대문구 답십리동 439-91"
NULL,NULL,"서울특별시 동대문구 답십리동 439-91"
NULL,NULL,"서울특별시 동대문구 전농동 485-11"
NULL,NULL,"서울특별시 동대문구 답십리동 69-1"
NULL,NULL,"서울특별시 동대문구 답십리동 69-1"
NULL,NULL,"서울특별시 동대문구 청량리동 203-38"
NULL,NULL,"서울특별시 동대문구 휘경동 317-65"
NULL,NULL,"서울특별시 동대문구 답십리동 69-1"
NULL,NULL,"서울특별시 동대문구 답십리동 69-1"
NULL,NULL,"서울특별시 동대문구 휘경동 16-1"
NULL,NULL,"서울특별시 동대문구 전농동 485-11"
NULL,NULL,"서울특별시 동대문구 답십리동 69-1"
NULL,NULL,"서울특별시 동대문구 답십리동 69-1"
NULL,NULL,"서울특별시 동대문구 답십리동 69-1"
NULL,NULL,"서울특별시 동대문구 전농동 1-200"
NULL,NULL,"서울특별시 동대문구 답십리동 69-1"
NULL,NULL,"서울특별시 동대문구 이문동 120-37"
NULL,NULL,"서울특별시 동대문구 휘경동 16-1"
NULL,NULL,"서울특별시 동대문구 휘경동 16-1"
NULL,NULL,"서울특별시 동대문구 휘경동 16-1"
NULL,NULL,"서울특별시 동대문구 휘경동 16-1"
NULL,NULL,"서울특별시 동대문구 휘경동 12-22"
NULL,NULL,"서울특별시 동대문구 장안동 481-6"
NULL,NULL,"서울특별시 동대문구 장안동 481-6"
NULL,NULL,"서울특별시 동대문구 장안동 481-6"
NULL,NULL,"서울특별시 동대문구 답십리동 69-1"
NULL,NULL,"서울특별시 동대문구 용두동 255-43"
NULL,NULL,"서울특별시 동대문구 용두동 255-43"
NULL,NULL,"서울특별시 동대문구 용두동 255-43"
NULL,NULL,"서울특별시 동대문구 용두동 255-43"
NULL,NULL,"서울특별시 동대문구 용두동 255-43"
NULL,NULL,"서울특별시 동대문구 용두동 255-43"
NULL,NULL,"서울특별시 동대문구 용두동 255-43"
NULL,NULL,"서울특별시 동대문구 용두동 255-43"
NULL,NULL,"서울특별시 동대문구 용두동 255-43"
NULL,NULL,"서울특별시 동대문구 용두동 255-43"
NULL,NULL,"서울특별시 동대문구 용두동 255-43"
NULL,NULL,"서울특별시 동대문구 용두동 255-43"
NULL,NULL,"서울특별시 동대문구 용두동 255-43"
NULL,NULL,"서울특별시 동대문구 용두동 255-43"
NULL,NULL,"서울특별시 동대문구 용두동 255-43"
NULL,NULL,"서울특별시 동대문구 용두동 255-43"
NULL,NULL,"서울특별시 동대문구 용두동 255-43"
NULL,NULL,"서울특별시 동대문구 용두동 255-43"
NULL,NULL,"서울특별시 동대문구 용두동 255-43"
NULL,NULL,"서울특별시 동대문구 용두동 255-43"
NULL,NULL,"서울특별시 동대문구 용두동 255-43"
NULL,NULL,"서울특별시 동대문구 용두동 255-43"
NULL,NULL,"서울특별시 동대문구 용두동 255-43"
NULL,NULL,"서울특별시 동대문구 용두동 255-43"
NULL,NULL,"서울특별시 동대문구 용두동 255-43"
NULL,NULL,"서울특별시 동대문구 용두동 255-43"
NULL,NULL,"서울특별시 동대문구 용두동 255-43"
NULL,NULL,"서울특별시 동대문구 용두동 255-43"
NULL,NULL,"서울특별시 동대문구 용두동 255-43"
NULL,NULL,"서울특별시 동대문구 용두동 255-43"
NULL,NULL,"서울특별시 동대문구 용두동 255-43"
NULL,NULL,"서울특별시 동대문구 용두동 255-43"
NULL,NULL,"서울특별시 동대문구 용두동 255-43"
NULL,NULL,"서울특별시 동대문구 용두동 255-43"
NULL,NULL,"서울특별시 동대문구 용두동 255-43"
NULL,NULL,"서울특별시 동대문구 용두동 255-43"
NULL,NULL,"서울특별시 동대문구 용두동 255-43"
NULL,NULL,"서울특별시 동대문구 용두동 255-43"
NULL,NULL,"서울특별시 동대문구 용두동 255-43"
NULL,NULL,"서울특별시 동대문구 용두동 255-43"
NULL,NULL,"서울특별시 동대문구 용두동 255-43"
NULL,NULL,"서울특별시 동대문구 용두동 255-43"
NULL,NULL,"서울특별시 동대문구 용두동 255-43"
NULL,NULL,"서울특별시 동대문구 용두동 255-43"
NULL,NULL,"서울특별시 동대문구 용두동 255-43"
NULL,NULL,"서울특별시 동대문구 용두동 255-43"
NULL,NULL,"서울특별시 동대문구 용두동 255-43"
NULL,NULL,"서울특별시 동대문구 용두동 255-43"
NULL,NULL,"서울특별시 동대문구 용두동 255-43"
NULL,NULL,"서울특별시 동대문구 용두동 255-43"
NULL,NULL,"서울특별시 동대문구 용두동 255-43"
NULL,NULL,"서울특별시 동대문구 용두동 255-43"
NULL,NULL,"서울특별시 동대문구 장안동 473-6"
NULL,NULL,"서울특별시 동대문구 휘경동 321-20"
NULL,NULL,"서울특별시 동대문구 장안동 473-6"
NULL,NULL,"서울특별시 동대문구 답십리동 245-1"
NULL,NULL,"서울특별시 동대문구 장안동 473-6"
NULL,NULL,"서울특별시 동대문구 장안동 473-6"
NULL,NULL,"서울특별시 동대문구 전농동 581-19"
NULL,NULL,"서울특별시 동대문구 장안동 473-6"
NULL,NULL,"서울특별시 동대문구 장안동 473-6"
NULL,NULL,"서울특별시 동대문구 전농동 581-19"
NULL,NULL,"서울특별시 동대문구 장안동 473-6"
NULL,NULL,"서울특별시 동대문구 장안동 473-6"
NULL,NULL,"서울특별시 동대문구 휘경동 321-20"
NULL,NULL,"서울특별시 동대문구 장안동 473-6"
NULL,NULL,"서울특별시 동대문구 전농동 581-19"
NULL,NULL,"서울특별시 동대문구 용두동 39-308"
NULL,NULL,"서울특별시 동대문구 장안동 473-6"
NULL,NULL,"서울특별시 동대문구 휘경동 321-20"
NULL,NULL,"서울특별시 동대문구 장안동 473-6"
NULL,NULL,"서울특별시 동대문구 용두동 39-125"
NULL,NULL,"서울특별시 동대문구 장안동 473-6"
NULL,NULL,"서울특별시 동대문구 회기동 36-22"
NULL,NULL,"서울특별시 동대문구 장안동 473-6"
NULL,NULL,"서울특별시 동대문구 장안동 473-6"
NULL,NULL,"서울특별시 동대문구 장안동 473-6"
NULL,NULL,"서울특별시 동대문구 장안동 473-6"
NULL,NULL,"서울특별시 동대문구 장안동 473-6"
NULL,NULL,"서울특별시 동대문구 장안동 473-6"
NULL,NULL,"서울특별시 동대문구 장안동 473-6"
NULL,NULL,"서울특별시 동대문구 장안동 473-6"
NULL,NULL,"서울특별시 동대문구 장안동 473-6"
NULL,NULL,"서울특별시 동대문구 장안동 473-6"
NULL,NULL,"서울특별시 동대문구 답십리동 245-1"
NULL,NULL,"서울특별시 동대문구 장안동 473-6"
NULL,NULL,"서울특별시 동대문구 장안동 473-6"
NULL,NULL,"서울특별시 동대문구 이문동 338-3"
NULL,NULL,"서울특별시 동대문구 장안동 473-6"
NULL,NULL,"서울특별시 동대문구 전농동 690"
NULL,NULL,"서울특별시 동대문구 장안동 473-6"
NULL,NULL,"서울특별시 동대문구 휘경동 321-20"
NULL,NULL,"서울특별시 동대문구 장안동 473-6"
NULL,NULL,"서울특별시 동대문구 장안동 473-6"
NULL,NULL,"서울특별시 동대문구 답십리동 245-1"
NULL,NULL,"서울특별시 동대문구 장안동 473-6"
NULL,NULL,"서울특별시 동대문구 장안동 473-6"
NULL,NULL,"서울특별시 동대문구 답십리동 245-1"
NULL,NULL,"서울특별시 동대문구 휘경동 321-20"
NULL,NULL,"서울특별시 동대문구 장안동 473-6"
NULL,NULL,"서울특별시 동대문구 장안동 473-6"
NULL,NULL,"서울특별시 동대문구 장안동 473-6"
NULL,NULL,"서울특별시 동대문구 전농동 581-19"
NULL,NULL,"서울특별시 동대문구 장안동 473-6"
NULL,NULL,"서울특별시 동대문구 장안동 473-6"
NULL,NULL,"서울특별시 동대문구 장안동 473-6"
NULL,NULL,"서울특별시 동대문구 장안동 473-6"
NULL,NULL,"서울특별시 동대문구 전농동 581-19"
NULL,NULL,"서울특별시 동대문구 전농동 581-19"
NULL,NULL,"서울특별시 동대문구 장안동 473-6"
NULL,NULL,"서울특별시 동대문구 장안동 473-6"
NULL,NULL,"서울특별시 동대문구 장안동 473-6"
NULL,NULL,"서울특별시 동대문구 장안동 473-6"
NULL,NULL,"서울특별시 동대문구 장안동 473-6"
NULL,NULL,"서울특별시 동대문구 장안동 473-6"
NULL,NULL,"서울특별시 동대문구 장안동 473-6"
NULL,NULL,"서울특별시 동대문구 장안동 473-6"
NULL,NULL,"서울특별시 동대문구 장안동 473-6"
NULL,NULL,"서울특별시 동대문구 장안동 473-6"
NULL,NULL,"서울특별시 동대문구 용두동 39-308"
NULL,NULL,"서울특별시 동대문구 휘경동 321-20"
NULL,NULL,"서울특별시 동대문구 전농동 581-19"
NULL,NULL,"서울특별시 동대문구 휘경동 321-20"
NULL,NULL,"서울특별시 동대문구 장안동 473-6"
NULL,NULL,"서울특별시 동대문구 장안동 473-6"
NULL,NULL,"서울특별시 동대문구 장안동 473-6"
NULL,NULL,"서울특별시 동대문구 장안동 473-6"
NULL,NULL,"서울특별시 동대문구 답십리동 245-1"
NULL,NULL,"서울특별시 동대문구 장안동 473-6"
NULL,NULL,"서울특별시 동대문구 장안동 473-6"
NULL,NULL,"서울특별시 동대문구 장안동 473-6"
NULL,NULL,"서울특별시 동대문구 장안동 473-6"
NULL,NULL,"서울특별시 동대문구 장안동 473-6"
NULL,NULL,"서울특별시 동대문구 장안동 473-6"
NULL,NULL,"서울특별시 동대문구 장안동 473-6"
NULL,NULL,"서울특별시 동대문구 전농동 581-19"
NULL,NULL,"서울특별시 동대문구 장안동 473-6"
NULL,NULL,"서울특별시 동대문구 전농동 38-145"
NULL,NULL,"서울특별시 동대문구 장안동 473-6"
NULL,NULL,"서울특별시 동대문구 장안동 473-6"
NULL,NULL,"서울특별시 동대문구 장안동 473-6"
NULL,NULL,"서울특별시 동대문구 장안동 473-6"
NULL,NULL,"서울특별시 동대문구 장안동 473-6"
NULL,NULL,"서울특별시 동대문구 장안동 473-6"
NULL,NULL,"서울특별시 동대문구 전농동 581-19"
NULL,NULL,"서울특별시 동대문구 장안동 473-6"
NULL,NULL,"서울특별시 동대문구 장안동 473-6"
NULL,NULL,"서울특별시 동대문구 휘경동 321-20"
NULL,NULL,"서울특별시 동대문구 장안동 473-6"
NULL,NULL,"서울특별시 동대문구 장안동 473-6"
NULL,NULL,"서울특별시 동대문구 장안동 473-6"
NULL,NULL,"서울특별시 동대문구 장안동 473-6"
NULL,NULL,"서울특별시 동대문구 답십리동 245-1"
NULL,NULL,"서울특별시 동대문구 장안동 473-6"
NULL,NULL,"서울특별시 동대문구 장안동 473-6"
NULL,NULL,"서울특별시 동대문구 장안동 473-6"
NULL,NULL,"서울특별시 동대문구 전농동 38-145"
NULL,NULL,"서울특별시 동대문구 장안동 473-6"
NULL,NULL,"서울특별시 동대문구 장안동 473-6"
NULL,NULL,"서울특별시 동대문구 장안동 473-6"
NULL,NULL,"서울특별시 동대문구 장안동 473-6"
NULL,NULL,"서울특별시 동대문구 장안동 473-6"
NULL,NULL,"서울특별시 동대문구 장안동 473-6"
NULL,NULL,"서울특별시 동대문구 장안동 473-6"
NULL,NULL,"서울특별시 동대문구 장안동 473-6"
NULL,NULL,"서울특별시 동대문구 답십리동 245-1"
NULL,NULL,"서울특별시 동대문구 장안동 473-6"
NULL,NULL,"서울특별시 동대문구 장안동 473-6"
NULL,NULL,"서울특별시 동대문구 휘경동 321-20"
NULL,NULL,"서울특별시 동대문구 장안동 473-6"
NULL,NULL,"서울특별시 동대문구 장안동 473-6"
NULL,NULL,"서울특별시 동대문구 장안동 473-6"
NULL,NULL,"서울특별시 동대문구 장안동 473-6"
NULL,NULL,"서울특별시 동대문구 장안동 473-6"
NULL,NULL,"서울특별시 동대문구 전농동 581-19"
NULL,NULL,"서울특별시 동대문구 장안동 473-6"
NULL,NULL,"서울특별시 동대문구 휘경동 321-20"
NULL,NULL,"서울특별시 동대문구 장안동 473-6"
NULL,NULL,"서울특별시 동대문구 장안동 473-6"
NULL,NULL,"서울특별시 동대문구 장안동 473-6"
NULL,NULL,"서울특별시 동대문구 장안동 473-6"
NULL,NULL,"서울특별시 동대문구 장안동 473-6"
NULL,NULL,"서울특별시 동대문구 장안동 473-6"
NULL,NULL,"서울특별시 동대문구 용두동 190-8"
NULL,NULL,"서울특별시 동대문구 휘경동 321-20"
NULL,NULL,"서울특별시 동대문구 전농동 581-19"
NULL,NULL,"서울특별시 동대문구 장안동 473-6"
NULL,NULL,"서울특별시 동대문구 장안동 473-6"
NULL,NULL,"서울특별시 동대문구 장안동 473-6"
NULL,NULL,"서울특별시 동대문구 장안동 473-6"
NULL,NULL,"서울특별시 동대문구 장안동 473-6"
NULL,NULL,"서울특별시 동대문구 장안동 473-6"
NULL,NULL,"서울특별시 동대문구 답십리동 245-1"
NULL,NULL,"서울특별시 동대문구 장안동 473-6"
NULL,NULL,"서울특별시 동대문구 전농동 581-19"
NULL,NULL,"서울특별시 동대문구 휘경동 321-20"
NULL,NULL,"서울특별시 동대문구 장안동 473-6"
NULL,NULL,"서울특별시 동대문구 장안동 473-6"
NULL,NULL,"서울특별시 동대문구 전농동 581-19"
NULL,NULL,"서울특별시 동대문구 휘경동 321-20"
NULL,NULL,"서울특별시 동대문구 장안동 473-6"
NULL,NULL,"서울특별시 동대문구 휘경동 321-20"
NULL,NULL,"서울특별시 동대문구 전농동 581-19"
NULL,NULL,"서울특별시 동대문구 장안동 473-6"
NULL,NULL,"서울특별시 동대문구 장안동 473-6"
NULL,NULL,"서울특별시 동대문구 장안동 473-6"
NULL,NULL,"서울특별시 동대문구 전농동 581-19"
NULL,NULL,"서울특별시 동대문구 이문동 338-3"
NULL,NULL,"서울특별시 동대문구 장안동 473-6"
NULL,NULL,"서울특별시 동대문구 장안동 473-6"
NULL,NULL,"서울특별시 동대문구 장안동 473-6"
NULL,NULL,"서울특별시 동대문구 장안동 473-6"
NULL,NULL,"서울특별시 동대문구 장안동 473-6"
NULL,NULL,"서울특별시 동대문구 답십리동 939"
NULL,NULL,"서울특별시 동대문구 회기동 36-22"
NULL,NULL,"서울특별시 동대문구 전농동 690"
NULL,NULL,"서울특별시 동대문구 용두동 250-20"
NULL,NULL,"서울특별시 동대문구 장안동 472-3"
NULL,NULL,"서울특별시 동대문구 장안동 472-3"
NULL,NULL,"서울특별시 동대문구 장안동 472-3"
NULL,NULL,"서울특별시 동대문구 장안동 472-3"
NULL,NULL,"서울특별시 동대문구 답십리동 539-6"
NULL,NULL,"서울특별시 동대문구 답십리동 539-6"
NULL,NULL,"서울특별시 동대문구 장안동 472-3"
NULL,NULL,"서울특별시 동대문구 장안동 472-3"
NULL,NULL,"서울특별시 동대문구 답십리동 539-6"
NULL,NULL,"서울특별시 동대문구 장안동 472-3"
NULL,NULL,"서울특별시 동대문구 답십리동 539-6"
NULL,NULL,"서울특별시 동대문구 장안동 472-3"
NULL,NULL,"서울특별시 동대문구 장안동 472-3"
NULL,NULL,"서울특별시 동대문구 답십리동 539-6"
NULL,NULL,"서울특별시 동대문구 장안동 472-3"
NULL,NULL,"서울특별시 동대문구 답십리동 539-6"
NULL,NULL,"서울특별시 동대문구 제기동 148-136"
NULL,NULL,"서울특별시 동대문구 장안동 472-3"
NULL,NULL,"서울특별시 동대문구 용두동 742-1"
NULL,NULL,"서울특별시 동대문구 장안동 440-19"
NULL,NULL,"서울특별시 동대문구 장안동 472-3"
NULL,NULL,"서울특별시 동대문구 장안동 472-3"
NULL,NULL,"서울특별시 동대문구 장안동 472-3"
NULL,NULL,"서울특별시 동대문구 답십리동 539-6"
NULL,NULL,"서울특별시 동대문구 제기동 148-136"
NULL,NULL,"서울특별시 동대문구 답십리동 539-6"
NULL,NULL,"서울특별시 동대문구 제기동 148-136"
NULL,NULL,"서울특별시 동대문구 답십리동 539-6"
NULL,NULL,"서울특별시 동대문구 장안동 440-19"
NULL,NULL,"서울특별시 동대문구 장안동 472-3"
NULL,NULL,"서울특별시 동대문구 장안동 472-3"
NULL,NULL,"서울특별시 동대문구 장안동 472-3"
NULL,NULL,"서울특별시 동대문구 장안동 472-3"
NULL,NULL,"서울특별시 동대문구 장안동 472-3"
NULL,NULL,"서울특별시 동대문구 답십리동 539-6"
NULL,NULL,"서울특별시 동대문구 장안동 472-3"
NULL,NULL,"서울특별시 동대문구 장안동 472-3"
NULL,NULL,"서울특별시 동대문구 회기동 346-1"
NULL,NULL,"서울특별시 동대문구 답십리동 539-6"
NULL,NULL,"서울특별시 동대문구 장안동 472-3"
NULL,NULL,"서울특별시 동대문구 답십리동 539-6"
NULL,NULL,"서울특별시 동대문구 제기동 148-136"
NULL,NULL,"서울특별시 동대문구 답십리동 539-6"
NULL,NULL,"서울특별시 동대문구 휘경동 43-175"
NULL,NULL,"서울특별시 동대문구 장안동 472-3"
NULL,NULL,"서울특별시 동대문구 답십리동 539-6"
NULL,NULL,"서울특별시 동대문구 회기동 346-1"
NULL,NULL,"서울특별시 동대문구 이문동 324-9"
NULL,NULL,"서울특별시 동대문구 장안동 472-3"
NULL,NULL,"서울특별시 동대문구 용두동 39-2"
NULL,NULL,"서울특별시 동대문구 장안동 472-3"
NULL,NULL,"서울특별시 동대문구 장안동 472-3"
NULL,NULL,"서울특별시 동대문구 장안동 472-3"
NULL,NULL,"서울특별시 동대문구 장안동 440-19"
NULL,NULL,"서울특별시 동대문구 장안동 472-3"
NULL,NULL,"서울특별시 동대문구 장안동 472-3"
NULL,NULL,"서울특별시 동대문구 장안동 472-3"
NULL,NULL,"서울특별시 동대문구 장안동 472-3"
NULL,NULL,"서울특별시 동대문구 장안동 472-3"
NULL,NULL,"서울특별시 동대문구 회기동 346-1"
NULL,NULL,"서울특별시 동대문구 제기동 148-136"
NULL,NULL,"서울특별시 동대문구 장안동 472-3"
NULL,NULL,"서울특별시 동대문구 장안동 472-3"
NULL,NULL,"서울특별시 동대문구 장안동 472-3"
NULL,NULL,"서울특별시 동대문구 용두동 39-2"
NULL,NULL,"서울특별시 동대문구 장안동 472-3"
NULL,NULL,"서울특별시 동대문구 장안동 472-3"
NULL,NULL,"서울특별시 동대문구 장안동 472-3"
NULL,NULL,"서울특별시 동대문구 장안동 472-3"
NULL,NULL,"서울특별시 동대문구 장안동 472-3"
NULL,NULL,"서울특별시 동대문구 답십리동 539-6"
NULL,NULL,"서울특별시 동대문구 장안동 472-3"
NULL,NULL,"서울특별시 동대문구 답십리동 539-6"
NULL,NULL,"서울특별시 동대문구 용두동 742-1"
NULL,NULL,"서울특별시 동대문구 답십리동 539-6"
NULL,NULL,"서울특별시 동대문구 제기동 148-136"
NULL,NULL,"서울특별시 동대문구 장안동 472-3"
NULL,NULL,"서울특별시 동대문구 제기동 148-136"
NULL,NULL,"서울특별시 동대문구 장안동 472-3"
NULL,NULL,"서울특별시 동대문구 장안동 472-3"
NULL,NULL,"서울특별시 동대문구 제기동 148-136"
NULL,NULL,"서울특별시 동대문구 장안동 472-3"
NULL,NULL,"서울특별시 동대문구 답십리동 539-6"
NULL,NULL,"서울특별시 동대문구 장안동 472-3"
NULL,NULL,"서울특별시 동대문구 제기동 148-136"
NULL,NULL,"서울특별시 동대문구 답십리동 539-6"
NULL,NULL,"서울특별시 동대문구 장안동 472-3"
NULL,NULL,"서울특별시 동대문구 장안동 472-3"
NULL,NULL,"서울특별시 동대문구 제기동 148-136"
NULL,NULL,"서울특별시 동대문구 장안동 472-3"
NULL,NULL,"서울특별시 동대문구 장안동 472-3"
NULL,NULL,"서울특별시 동대문구 장안동 472-3"
NULL,NULL,"서울특별시 동대문구 답십리동 539-6"
NULL,NULL,"서울특별시 동대문구 답십리동 539-6"
NULL,NULL,"서울특별시 동대문구 제기동 148-136"
NULL,NULL,"서울특별시 동대문구 장안동 440-19"
NULL,NULL,"서울특별시 동대문구 장안동 472-3"
NULL,NULL,"서울특별시 동대문구 제기동 148-136"
NULL,NULL,"서울특별시 동대문구 답십리동 539-6"
NULL,NULL,"서울특별시 동대문구 답십리동 539-6"
NULL,NULL,"서울특별시 동대문구 답십리동 539-6"
NULL,NULL,"서울특별시 동대문구 장안동 472-3"
NULL,NULL,"서울특별시 동대문구 장안동 472-3"
NULL,NULL,"서울특별시 동대문구 장안동 440-19"
NULL,NULL,"서울특별시 동대문구 용두동 742-1"
NULL,NULL,"서울특별시 동대문구 용두동 251-73"
NULL,NULL,"서울특별시 동대문구 신설동 102-27"
NULL,NULL,"서울특별시 동대문구 이문동 255-428"
NULL,NULL,"서울특별시 동대문구 청량리동 205-217"
NULL,NULL,"서울특별시 동대문구 이문동 255-428"
NULL,NULL,"서울특별시 동대문구 답십리동 555"
NULL,NULL,"서울특별시 동대문구 답십리동 555"
NULL,NULL,"서울특별시 동대문구 답십리동 555"
NULL,NULL,"서울특별시 동대문구 답십리동 555"
NULL,NULL,"서울특별시 동대문구 이문동 255-428"
NULL,NULL,"서울특별시 동대문구 답십리동 555"
NULL,NULL,"서울특별시 동대문구 답십리동 555"
NULL,NULL,"서울특별시 동대문구 답십리동 555"
NULL,NULL,"서울특별시 동대문구 답십리동 555"
NULL,NULL,"서울특별시 동대문구 답십리동 484-41"
NULL,NULL,"서울특별시 동대문구 이문동 255-261"
NULL,NULL,"서울특별시 동대문구 답십리동 555"
NULL,NULL,"서울특별시 동대문구 답십리동 555"
NULL,NULL,"서울특별시 동대문구 답십리동 555"
NULL,NULL,"서울특별시 동대문구 답십리동 555"
NULL,NULL,"서울특별시 동대문구 답십리동 555"
NULL,NULL,"서울특별시 동대문구 이문동 255-428"
NULL,NULL,"서울특별시 동대문구 용두동 255-72"
NULL,NULL,"서울특별시 동대문구 답십리동 555"
NULL,NULL,"서울특별시 동대문구 답십리동 555"
NULL,NULL,"서울특별시 동대문구 답십리동 555"
NULL,NULL,"서울특별시 동대문구 답십리동 555"
NULL,NULL,"서울특별시 동대문구 답십리동 555"
NULL,NULL,"서울특별시 동대문구 답십리동 555"
NULL,NULL,"서울특별시 동대문구 답십리동 555"
NULL,NULL,"서울특별시 동대문구 답십리동 555"
NULL,NULL,"서울특별시 동대문구 답십리동 555"
NULL,NULL,"서울특별시 동대문구 답십리동 555"
NULL,NULL,"서울특별시 동대문구 답십리동 555"
NULL,NULL,"서울특별시 동대문구 답십리동 555"
NULL,NULL,"서울특별시 동대문구 답십리동 555"
NULL,NULL,"서울특별시 동대문구 답십리동 555"
NULL,NULL,"서울특별시 동대문구 답십리동 555"
NULL,NULL,"서울특별시 동대문구 답십리동 555"
NULL,NULL,"서울특별시 동대문구 신설동 102-27"
NULL,NULL,"서울특별시 동대문구 답십리동 555"
NULL,NULL,"서울특별시 동대문구 답십리동 555"
NULL,NULL,"서울특별시 동대문구 답십리동 112-120"
NULL,NULL,"서울특별시 동대문구 답십리동 555"
NULL,NULL,"서울특별시 동대문구 이문동 255-428"
NULL,NULL,"서울특별시 동대문구 답십리동 555"
NULL,NULL,"서울특별시 동대문구 답십리동 555"
NULL,NULL,"서울특별시 동대문구 답십리동 555"
NULL,NULL,"서울특별시 동대문구 답십리동 555"
NULL,NULL,"서울특별시 동대문구 답십리동 555"
NULL,NULL,"서울특별시 동대문구 답십리동 555"
NULL,NULL,"서울특별시 동대문구 답십리동 555"
NULL,NULL,"서울특별시 동대문구 답십리동 555"
NULL,NULL,"서울특별시 동대문구 답십리동 555"
NULL,NULL,"서울특별시 동대문구 답십리동 555"
NULL,NULL,"서울특별시 동대문구 답십리동 555"
NULL,NULL,"서울특별시 동대문구 답십리동 555"
NULL,NULL,"서울특별시 동대문구 답십리동 555"
NULL,NULL,"서울특별시 동대문구 답십리동 555"
NULL,NULL,"서울특별시 동대문구 답십리동 555"
NULL,NULL,"서울특별시 동대문구 신설동 102-27"
NULL,NULL,"서울특별시 동대문구 답십리동 555"
NULL,NULL,"서울특별시 동대문구 답십리동 555"
NULL,NULL,"서울특별시 동대문구 답십리동 555"
NULL,NULL,"서울특별시 동대문구 답십리동 555"
NULL,NULL,"서울특별시 동대문구 답십리동 555"
NULL,NULL,"서울특별시 동대문구 이문동 255-428"
NULL,NULL,"서울특별시 동대문구 답십리동 555"
NULL,NULL,"서울특별시 동대문구 답십리동 555"
NULL,NULL,"서울특별시 동대문구 답십리동 555"
NULL,NULL,"서울특별시 동대문구 용두동 253-66"
NULL,NULL,"서울특별시 동대문구 신설동 102-27"
NULL,NULL,"서울특별시 동대문구 신설동 76-84"
NULL,NULL,"서울특별시 동대문구 장안동 469-8"
NULL,NULL,"서울특별시 동대문구 장안동 469-8"
NULL,NULL,"서울특별시 동대문구 답십리동 12-231"
NULL,NULL,"서울특별시 동대문구 답십리동 530-3"
NULL,NULL,"서울특별시 동대문구 신설동 76-84"
NULL,NULL,"서울특별시 동대문구 신설동 76-84"
NULL,NULL,"서울특별시 동대문구 답십리동 530-3"
NULL,NULL,"서울특별시 동대문구 답십리동 530-3"
NULL,NULL,"서울특별시 동대문구 답십리동 12-231"
NULL,NULL,"서울특별시 동대문구 장안동 469-8"
NULL,NULL,"서울특별시 동대문구 답십리동 530-3"
NULL,NULL,"서울특별시 동대문구 제기동 139-4"
NULL,NULL,"서울특별시 동대문구 답십리동 12-231"
NULL,NULL,"서울특별시 동대문구 장안동 469-8"
NULL,NULL,"서울특별시 동대문구 답십리동 65-11"
NULL,NULL,"서울특별시 동대문구 휘경동 267-147"
NULL,NULL,"서울특별시 동대문구 회기동 346-26"
NULL,NULL,"서울특별시 동대문구 장안동 469-8"
NULL,NULL,"서울특별시 동대문구 장안동 469-8"
NULL,NULL,"서울특별시 동대문구 장안동 469-8"
NULL,NULL,"서울특별시 동대문구 답십리동 12-231"
NULL,NULL,"서울특별시 동대문구 장안동 469-8"
NULL,NULL,"서울특별시 동대문구 장안동 469-8"
NULL,NULL,"서울특별시 동대문구 답십리동 530-3"
NULL,NULL,"서울특별시 동대문구 답십리동 12-231"
NULL,NULL,"서울특별시 동대문구 제기동 122-34"
NULL,NULL,"서울특별시 동대문구 장안동 469-8"
NULL,NULL,"서울특별시 동대문구 답십리동 12-231"
NULL,NULL,"서울특별시 동대문구 답십리동 530-3"
NULL,NULL,"서울특별시 동대문구 장안동 469-8"
NULL,NULL,"서울특별시 동대문구 장안동 469-8"
NULL,NULL,"서울특별시 동대문구 장안동 469-8"
NULL,NULL,"서울특별시 동대문구 답십리동 530-3"
NULL,NULL,"서울특별시 동대문구 신설동 76-84"
NULL,NULL,"서울특별시 동대문구 답십리동 65-11"
NULL,NULL,"서울특별시 동대문구 제기동 139-4"
NULL,NULL,"서울특별시 동대문구 제기동 122-34"
NULL,NULL,"서울특별시 동대문구 제기동 139-4"
NULL,NULL,"서울특별시 동대문구 답십리동 12-231"
NULL,NULL,"서울특별시 동대문구 답십리동 530-3"
NULL,NULL,"서울특별시 동대문구 답십리동 12-231"
NULL,NULL,"서울특별시 동대문구 장안동 469-8"
NULL,NULL,"서울특별시 동대문구 장안동 469-8"
NULL,NULL,"서울특별시 동대문구 장안동 469-8"
NULL,NULL,"서울특별시 동대문구 제기동 139-4"
NULL,NULL,"서울특별시 동대문구 제기동 122-34"
NULL,NULL,"서울특별시 동대문구 제기동 122-34"
NULL,NULL,"서울특별시 동대문구 답십리동 12-231"
NULL,NULL,"서울특별시 동대문구 답십리동 530-3"
NULL,NULL,"서울특별시 동대문구 장안동 469-8"
NULL,NULL,"서울특별시 동대문구 제기동 139-4"
NULL,NULL,"서울특별시 동대문구 답십리동 12-231"
NULL,NULL,"서울특별시 동대문구 답십리동 12-231"
NULL,NULL,"서울특별시 동대문구 제기동 139-4"
NULL,NULL,"서울특별시 동대문구 답십리동 12-231"
NULL,NULL,"서울특별시 동대문구 답십리동 65-11"
NULL,NULL,"서울특별시 동대문구 장안동 469-8"
NULL,NULL,"서울특별시 동대문구 답십리동 65-11"
NULL,NULL,"서울특별시 동대문구 장안동 469-8"
NULL,NULL,"서울특별시 동대문구 답십리동 12-231"
NULL,NULL,"서울특별시 동대문구 제기동 122-34"
NULL,NULL,"서울특별시 동대문구 제기동 122-34"
NULL,NULL,"서울특별시 동대문구 답십리동 12-231"
NULL,NULL,"서울특별시 동대문구 답십리동 530-3"
NULL,NULL,"서울특별시 동대문구 답십리동 530-3"
NULL,NULL,"서울특별시 동대문구 제기동 148-132"
NULL,NULL,"서울특별시 동대문구 제기동 148-132"
NULL,NULL,"서울특별시 동대문구 제기동 148-132"
NULL,NULL,"서울특별시 동대문구 답십리동 12-231"
NULL,NULL,"서울특별시 동대문구 답십리동 530-3"
NULL,NULL,"서울특별시 동대문구 제기동 148-132"
NULL,NULL,"서울특별시 동대문구 제기동 122-34"
NULL,NULL,"서울특별시 동대문구 답십리동 530-3"
NULL,NULL,"서울특별시 동대문구 제기동 122-34"
NULL,NULL,"서울특별시 동대문구 답십리동 12-231"
NULL,NULL,"서울특별시 동대문구 답십리동 12-231"
NULL,NULL,"서울특별시 동대문구 장안동 469-8"
NULL,NULL,"서울특별시 동대문구 장안동 469-8"
NULL,NULL,"서울특별시 동대문구 제기동 148-132"
NULL,NULL,"서울특별시 동대문구 제기동 148-132"
NULL,NULL,"서울특별시 동대문구 제기동 122-34"
NULL,NULL,"서울특별시 동대문구 제기동 122-34"
NULL,NULL,"서울특별시 동대문구 답십리동 530-3"
NULL,NULL,"서울특별시 동대문구 신설동 76-84"
NULL,NULL,"서울특별시 동대문구 답십리동 12-231"
NULL,NULL,"서울특별시 동대문구 장안동 469-8"
NULL,NULL,"서울특별시 동대문구 답십리동 12-231"
NULL,NULL,"서울특별시 동대문구 회기동 45-124"
NULL,NULL,"서울특별시 동대문구 답십리동 12-231"
NULL,NULL,"서울특별시 동대문구 답십리동 530-3"
NULL,NULL,"서울특별시 동대문구 답십리동 530-3"
NULL,NULL,"서울특별시 동대문구 제기동 122-34"
NULL,NULL,"서울특별시 동대문구 답십리동 530-3"
NULL,NULL,"서울특별시 동대문구 제기동 139-4"
NULL,NULL,"서울특별시 동대문구 답십리동 489-90"
NULL,NULL,"서울특별시 동대문구 전농동 141-62"
NULL,NULL,"서울특별시 동대문구 용두동 39-309"
NULL,NULL,"서울특별시 동대문구 이문동 115-3"
NULL,NULL,"서울특별시 동대문구 답십리동 80"
NULL,NULL,"서울특별시 동대문구 답십리동 80"
NULL,NULL,"서울특별시 동대문구 답십리동 80"
NULL,NULL,"서울특별시 동대문구 답십리동 80"
NULL,NULL,"서울특별시 동대문구 답십리동 80"
NULL,NULL,"서울특별시 동대문구 답십리동 80"
NULL,NULL,"서울특별시 동대문구 답십리동 80"
NULL,NULL,"서울특별시 동대문구 답십리동 80"
NULL,NULL,"서울특별시 동대문구 답십리동 80"
NULL,NULL,"서울특별시 동대문구 답십리동 80"
NULL,NULL,"서울특별시 동대문구 답십리동 80"
NULL,NULL,"서울특별시 동대문구 답십리동 80"
NULL,NULL,"서울특별시 동대문구 답십리동 80"
NULL,NULL,"서울특별시 동대문구 답십리동 80"
NULL,NULL,"서울특별시 동대문구 용신동 34-9"
NULL,NULL,"서울특별시 동대문구 답십리동 80"
NULL,NULL,"서울특별시 동대문구 답십리동 80"
NULL,NULL,"서울특별시 동대문구 답십리동 80"
NULL,NULL,"서울특별시 동대문구 답십리동 80"
NULL,NULL,"서울특별시 동대문구 답십리동 80"
NULL,NULL,"서울특별시 동대문구 답십리동 80"
NULL,NULL,"서울특별시 동대문구 답십리동 80"
NULL,NULL,"서울특별시 동대문구 답십리동 80"
NULL,NULL,"서울특별시 동대문구 답십리동 80"
NULL,NULL,"서울특별시 동대문구 답십리동 80"
NULL,NULL,"서울특별시 동대문구 답십리동 80"
NULL,NULL,"서울특별시 동대문구 답십리동 80"
NULL,NULL,"서울특별시 동대문구 전농동 20-424"
NULL,NULL,"서울특별시 동대문구 답십리동 80"
NULL,NULL,"서울특별시 동대문구 답십리동 80"
NULL,NULL,"서울특별시 동대문구 답십리동 80"
NULL,NULL,"서울특별시 동대문구 답십리동 80"
NULL,NULL,"서울특별시 동대문구 답십리동 80"
NULL,NULL,"서울특별시 동대문구 답십리동 80"
NULL,NULL,"서울특별시 동대문구 답십리동 80"
NULL,NULL,"서울특별시 동대문구 답십리동 80"
NULL,NULL,"서울특별시 동대문구 답십리동 80"
NULL,NULL,"서울특별시 동대문구 답십리동 80"
NULL,NULL,"서울특별시 동대문구 답십리동 80"
NULL,NULL,"서울특별시 동대문구 답십리동 80"
NULL,NULL,"서울특별시 동대문구 전농동 1-209"
NULL,NULL,"서울특별시 동대문구 답십리동 80"
NULL,NULL,"서울특별시 동대문구 답십리동 80"
NULL,NULL,"서울특별시 동대문구 답십리동 80"
NULL,NULL,"서울특별시 동대문구 답십리동 80"
NULL,NULL,"서울특별시 동대문구 답십리동 80"
NULL,NULL,"서울특별시 동대문구 답십리동 80"
NULL,NULL,"서울특별시 동대문구 답십리동 80"
NULL,NULL,"서울특별시 동대문구 답십리동 80"
NULL,NULL,"서울특별시 동대문구 답십리동 80"
NULL,NULL,"서울특별시 동대문구 답십리동 80"
NULL,NULL,"서울특별시 동대문구 답십리동 80"
NULL,NULL,"서울특별시 동대문구 답십리동 80"
NULL,NULL,"서울특별시 동대문구 답십리동 80"
NULL,NULL,"서울특별시 동대문구 답십리동 80"
NULL,NULL,"서울특별시 동대문구 답십리동 80"
NULL,NULL,"서울특별시 동대문구 답십리동 80"
NULL,NULL,"서울특별시 동대문구 답십리동 80"
NULL,NULL,"서울특별시 동대문구 답십리동 80"
NULL,NULL,"서울특별시 동대문구 답십리동 80"
NULL,NULL,"서울특별시 동대문구 답십리동 80"
NULL,NULL,"서울특별시 동대문구 답십리동 80"
NULL,NULL,"서울특별시 동대문구 답십리동 80"
NULL,NULL,"서울특별시 동대문구 답십리동 80"
NULL,NULL,"서울특별시 동대문구 용신동 34-9"
NULL,NULL,"서울특별시 동대문구 용두동 255-73"
NULL,NULL,"서울특별시 동대문구 용두동 255-73"
NULL,NULL,"서울특별시 동대문구 장안동 107-4"
NULL,NULL,"서울특별시 동대문구 제기동 180-1"
NULL,NULL,"서울특별시 동대문구 장안동 107-4"
NULL,NULL,"서울특별시 동대문구 제기동 180-1"
NULL,NULL,"서울특별시 동대문구 장안동 107-4"
NULL,NULL,"서울특별시 동대문구 제기동 180-1"
NULL,NULL,"서울특별시 동대문구 청량리동 203-23"
NULL,NULL,"서울특별시 동대문구 이문동 114-14"
NULL,NULL,"서울특별시 동대문구 제기동 165-6"
NULL,NULL,"서울특별시 동대문구 이문동 85-51"
NULL,NULL,"서울특별시 동대문구 이문동 209-17"
NULL,NULL,"서울특별시 동대문구 이문동 85-51"
NULL,NULL,"서울특별시 동대문구 이문동 85-51"
NULL,NULL,"서울특별시 동대문구 장안동 107-4"
NULL,NULL,"서울특별시 동대문구 제기동 180-1"
NULL,NULL,"서울특별시 동대문구 장안동 107-4"
NULL,NULL,"서울특별시 동대문구 제기동 180-1"
NULL,NULL,"서울특별시 동대문구 제기동 180-1"
NULL,NULL,"서울특별시 동대문구 답십리동 66-66"
NULL,NULL,"서울특별시 동대문구 제기동 180-1"
NULL,NULL,"서울특별시 동대문구 답십리동 66-66"
NULL,NULL,"서울특별시 동대문구 회기동 16-106"
NULL,NULL,"서울특별시 동대문구 제기동 180-1"
NULL,NULL,"서울특별시 동대문구 이문동 85-51"
NULL,NULL,"서울특별시 동대문구 제기동 180-1"
NULL,NULL,"서울특별시 동대문구 제기동 180-1"
NULL,NULL,"서울특별시 동대문구 제기동 165-6"
NULL,NULL,"서울특별시 동대문구 답십리동 66-66"
NULL,NULL,"서울특별시 동대문구 장안동 107-4"
NULL,NULL,"서울특별시 동대문구 제기동 180-1"
NULL,NULL,"서울특별시 동대문구 장안동 107-4"
NULL,NULL,"서울특별시 동대문구 장안동 107-4"
NULL,NULL,"서울특별시 동대문구 청량리동 203-23"
NULL,NULL,"서울특별시 동대문구 제기동 180-1"
NULL,NULL,"서울특별시 동대문구 제기동 165-6"
NULL,NULL,"서울특별시 동대문구 장안동 107-4"
NULL,NULL,"서울특별시 동대문구 장안동 107-4"
NULL,NULL,"서울특별시 동대문구 회기동 108-2"
NULL,NULL,"서울특별시 동대문구 청량리동 205-375"
NULL,NULL,"서울특별시 동대문구 이문동 255-192"
NULL,NULL,"서울특별시 동대문구 답십리동 465-141"
NULL,NULL,"서울특별시 동대문구 답십리동 465-141"
NULL,NULL,"서울특별시 동대문구 답십리동 465-141"
NULL,NULL,"서울특별시 동대문구 답십리동 465-141"
NULL,NULL,"서울특별시 동대문구 장안동 472-2"
NULL,NULL,"서울특별시 동대문구 제기동 122-432"
NULL,NULL,"서울특별시 동대문구 전농동 6-3"
NULL,NULL,"서울특별시 동대문구 전농동 6-3"
NULL,NULL,"서울특별시 동대문구 장안동 472-2"
NULL,NULL,"서울특별시 동대문구 답십리동 465-141"
NULL,NULL,"서울특별시 동대문구 장안동 472-2"
NULL,NULL,"서울특별시 동대문구 장안동 472-2"
NULL,NULL,"서울특별시 동대문구 장안동 472-2"
NULL,NULL,"서울특별시 동대문구 장안동 472-2"
NULL,NULL,"서울특별시 동대문구 답십리동 465-141"
NULL,NULL,"서울특별시 동대문구 답십리동 465-141"
NULL,NULL,"서울특별시 동대문구 제기동 241-24"
NULL,NULL,"서울특별시 동대문구 장안동 472-2"
NULL,NULL,"서울특별시 동대문구 휘경동 347-2"
NULL,NULL,"서울특별시 동대문구 전농동 6-3"
NULL,NULL,"서울특별시 동대문구 장안동 472-2"
NULL,NULL,"서울특별시 동대문구 장안동 472-2"
NULL,NULL,"서울특별시 동대문구 답십리동 465-141"
NULL,NULL,"서울특별시 동대문구 청량리동 205-375"
NULL,NULL,"서울특별시 동대문구 답십리동 465-141"
NULL,NULL,"서울특별시 동대문구 답십리동 465-141"
NULL,NULL,"서울특별시 동대문구 전농동 6-3"
NULL,NULL,"서울특별시 동대문구 답십리동 465-141"
NULL,NULL,"서울특별시 동대문구 장안동 472-2"
NULL,NULL,"서울특별시 동대문구 답십리동 465-141"
NULL,NULL,"서울특별시 동대문구 전농동 6-3"
NULL,NULL,"서울특별시 동대문구 전농동 6-3"
NULL,NULL,"서울특별시 동대문구 장안동 472-2"
NULL,NULL,"서울특별시 동대문구 제기동 122-432"
NULL,NULL,"서울특별시 동대문구 답십리동 465-141"
NULL,NULL,"서울특별시 동대문구 장안동 472-2"
NULL,NULL,"서울특별시 동대문구 장안동 472-2"
NULL,NULL,"서울특별시 동대문구 장안동 472-2"
NULL,NULL,"서울특별시 동대문구 제기동 122-432"
NULL,NULL,"서울특별시 동대문구 전농동 6-3"
NULL,NULL,"서울특별시 동대문구 답십리동 465-141"
NULL,NULL,"서울특별시 동대문구 장안동 472-2"
NULL,NULL,"서울특별시 동대문구 답십리동 465-141"
NULL,NULL,"서울특별시 동대문구 제기동 1152-20"
NULL,NULL,"서울특별시 동대문구 장안동 472-2"
NULL,NULL,"서울특별시 동대문구 휘경동 347-2"
NULL,NULL,"서울특별시 동대문구 답십리동 465-141"
NULL,NULL,"서울특별시 동대문구 답십리동 465-141"
NULL,NULL,"서울특별시 동대문구 장안동 472-2"
NULL,NULL,"서울특별시 동대문구 전농동 6-3"
NULL,NULL,"서울특별시 동대문구 답십리동 465-141"
NULL,NULL,"서울특별시 동대문구 장안동 472-2"
NULL,NULL,"서울특별시 동대문구 답십리동 465-141"
NULL,NULL,"서울특별시 동대문구 전농동 6-3"
NULL,NULL,"서울특별시 동대문구 장안동 472-2"
NULL,NULL,"서울특별시 동대문구 장안동 472-2"
NULL,NULL,"서울특별시 동대문구 답십리동 465-141"
NULL,NULL,"서울특별시 동대문구 제기동 122-432"
NULL,NULL,"서울특별시 동대문구 제기동 241-24"
NULL,NULL,"서울특별시 동대문구 제기동 241-24"
NULL,NULL,"서울특별시 동대문구 전농동 6-3"
NULL,NULL,"서울특별시 동대문구 전농동 6-3"
NULL,NULL,"서울특별시 동대문구 장안동 472-2"
NULL,NULL,"서울특별시 동대문구 장안동 472-2"
NULL,NULL,"서울특별시 동대문구 이문동 1-4"
NULL,NULL,"서울특별시 동대문구 이문동 1-4"
NULL,NULL,"서울특별시 동대문구 이문동 1-4"
NULL,NULL,"서울특별시 동대문구 이문동 1-4"
NULL,NULL,"서울특별시 동대문구 이문동 1-4"
NULL,NULL,"서울특별시 동대문구 이문동 1-4"
NULL,NULL,"서울특별시 동대문구 이문동 1-4"
NULL,NULL,"서울특별시 동대문구 이문동 1-4"
NULL,NULL,"서울특별시 동대문구 이문동 1-4"
NULL,NULL,"서울특별시 동대문구 휘경동 316-3"
NULL,NULL,"서울특별시 동대문구 제기동 1205"
NULL,NULL,"서울특별시 동대문구 제기동 1205"
NULL,NULL,"서울특별시 동대문구 제기동 1205"
NULL,NULL,"서울특별시 동대문구 전농동 135-33"
NULL,NULL,"서울특별시 동대문구 제기동 1205"
NULL,NULL,"서울특별시 동대문구 휘경동 319-42"
NULL,NULL,"서울특별시 동대문구 제기동 1205"
NULL,NULL,"서울특별시 동대문구 제기동 1205"
NULL,NULL,"서울특별시 동대문구 휘경동 319-42"
NULL,NULL,"서울특별시 동대문구 제기동 1205"
NULL,NULL,"서울특별시 동대문구 제기동 1205"
NULL,NULL,"서울특별시 동대문구 제기동 1205"
NULL,NULL,"서울특별시 동대문구 제기동 1205"
NULL,NULL,"서울특별시 동대문구 제기동 1205"
NULL,NULL,"서울특별시 동대문구 제기동 1205"
NULL,NULL,"서울특별시 동대문구 제기동 1205"
NULL,NULL,"서울특별시 동대문구 제기동 1205"
NULL,NULL,"서울특별시 동대문구 제기동 1205"
NULL,NULL,"서울특별시 동대문구 휘경동 319-42"
NULL,NULL,"서울특별시 동대문구 제기동 1205"
NULL,NULL,"서울특별시 동대문구 제기동 1205"
NULL,NULL,"서울특별시 동대문구 휘경동 319-42"
NULL,NULL,"서울특별시 동대문구 제기동 1205"
NULL,NULL,"서울특별시 동대문구 휘경동 319-42"
NULL,NULL,"서울특별시 동대문구 제기동 1205"
NULL,NULL,"서울특별시 동대문구 제기동 1205"
NULL,NULL,"서울특별시 동대문구 제기동 1205"
NULL,NULL,"서울특별시 동대문구 제기동 1205"
NULL,NULL,"서울특별시 동대문구 휘경동 319-42"
NULL,NULL,"서울특별시 동대문구 휘경동 319-42"
NULL,NULL,"서울특별시 동대문구 제기동 1205"
NULL,NULL,"서울특별시 동대문구 제기동 1205"
NULL,NULL,"서울특별시 동대문구 제기동 1205"
NULL,NULL,"서울특별시 동대문구 제기동 1205"
NULL,NULL,"서울특별시 동대문구 제기동 1205"
NULL,NULL,"서울특별시 동대문구 제기동 1205"
NULL,NULL,"서울특별시 동대문구 제기동 1205"
NULL,NULL,"서울특별시 동대문구 제기동 1205"
NULL,NULL,"서울특별시 동대문구 제기동 1205"
NULL,NULL,"서울특별시 동대문구 휘경동 319-42"
NULL,NULL,"서울특별시 동대문구 휘경동 319-42"
NULL,NULL,"서울특별시 동대문구 제기동 1205"
NULL,NULL,"서울특별시 동대문구 제기동 1205"
NULL,NULL,"서울특별시 동대문구 제기동 1205"
NULL,NULL,"서울특별시 동대문구 제기동 1205"
NULL,NULL,"서울특별시 동대문구 제기동 1205"
NULL,NULL,"서울특별시 동대문구 제기동 1205"
NULL,NULL,"서울특별시 동대문구 제기동 1205"
NULL,NULL,"서울특별시 동대문구 제기동 1205"
NULL,NULL,"서울특별시 동대문구 제기동 1205"
NULL,NULL,"서울특별시 동대문구 휘경동 319-42"
NULL,NULL,"서울특별시 동대문구 제기동 1205"
NULL,NULL,"서울특별시 동대문구 제기동 1205"
NULL,NULL,"서울특별시 동대문구 제기동 1205"
NULL,NULL,"서울특별시 동대문구 제기동 1205"
NULL,NULL,"서울특별시 동대문구 제기동 1205"
NULL,NULL,"서울특별시 동대문구 휘경동 319-42"
NULL,NULL,"서울특별시 동대문구 제기동 1205"
NULL,NULL,"서울특별시 동대문구 제기동 1205"
NULL,NULL,"서울특별시 동대문구 제기동 1205"
NULL,NULL,"서울특별시 동대문구 제기동 1205"
NULL,NULL,"서울특별시 동대문구 전농동 135-33"
NULL,NULL,"서울특별시 동대문구 제기동 1205"
NULL,NULL,"서울특별시 동대문구 제기동 1205"
NULL,NULL,"서울특별시 동대문구 휘경동 319-42"
NULL,NULL,"서울특별시 동대문구 휘경동 319-42"
NULL,NULL,"서울특별시 동대문구 제기동 1205"
NULL,NULL,"서울특별시 동대문구 제기동 1205"
NULL,NULL,"서울특별시 동대문구 제기동 1205"
NULL,NULL,"서울특별시 동대문구 휘경동 319-42"
NULL,NULL,"서울특별시 동대문구 제기동 1205"
NULL,NULL,"서울특별시 동대문구 제기동 1205"
NULL,NULL,"서울특별시 동대문구 제기동 1205"
NULL,NULL,"서울특별시 동대문구 제기동 1205"
NULL,NULL,"서울특별시 동대문구 제기동 1205"
NULL,NULL,"서울특별시 동대문구 제기동 1205"
NULL,NULL,"서울특별시 동대문구 제기동 1205"
NULL,NULL,"서울특별시 동대문구 제기동 1205"
NULL,NULL,"서울특별시 동대문구 제기동 1205"
NULL,NULL,"서울특별시 동대문구 제기동 1205"
NULL,NULL,"서울특별시 동대문구 제기동 1205"
NULL,NULL,"서울특별시 동대문구 제기동 1205"
NULL,NULL,"서울특별시 동대문구 제기동 1205"
NULL,NULL,"서울특별시 동대문구 제기동 1205"
NULL,NULL,"서울특별시 동대문구 제기동 1205"
NULL,NULL,"서울특별시 동대문구 제기동 1205"
NULL,NULL,"서울특별시 동대문구 제기동 1205"
NULL,NULL,"서울특별시 동대문구 제기동 1205"
NULL,NULL,"서울특별시 동대문구 제기동 1205"
NULL,NULL,"서울특별시 동대문구 제기동 1205"
NULL,NULL,"서울특별시 동대문구 휘경동 319-42"
NULL,NULL,"서울특별시 동대문구 제기동 1205"
NULL,NULL,"서울특별시 동대문구 휘경동 319-42"
NULL,NULL,"서울특별시 동대문구 제기동 1205"
NULL,NULL,"서울특별시 동대문구 휘경동 319-42"
NULL,NULL,"서울특별시 동대문구 제기동 1205"
NULL,NULL,"서울특별시 동대문구 제기동 1205"
NULL,NULL,"서울특별시 동대문구 휘경동 319-42"
NULL,NULL,"서울특별시 동대문구 제기동 1205"
NULL,NULL,"서울특별시 동대문구 제기동 1205"
NULL,NULL,"서울특별시 동대문구 제기동 1205"
NULL,NULL,"서울특별시 동대문구 휘경동 319-42"
NULL,NULL,"서울특별시 동대문구 제기동 1205"
NULL,NULL,"서울특별시 동대문구 휘경동 319-42"
NULL,NULL,"서울특별시 동대문구 청량리동 206-11"
NULL,NULL,"서울특별시 동대문구 제기동 1205"
NULL,NULL,"서울특별시 동대문구 제기동 1205"
NULL,NULL,"서울특별시 동대문구 제기동 1205"
NULL,NULL,"서울특별시 동대문구 용두동 253-77"
NULL,NULL,"서울특별시 동대문구 용두동 253-77"
NULL,NULL,"서울특별시 동대문구 용두동 252-156"
NULL,NULL,"서울특별시 동대문구 답십리동 497-34"
NULL,NULL,"서울특별시 동대문구 청량리동 산 1-227"
NULL,NULL,"서울특별시 동대문구 청량리동 산 1-227"
NULL,NULL,"서울특별시 동대문구 용두동 146-16"
NULL,NULL,"서울특별시 동대문구 청량리동 산 1-227"
NULL,NULL,"서울특별시 동대문구 청량리동 산 1-227"
NULL,NULL,"서울특별시 동대문구 답십리동 97-1"
NULL,NULL,"서울특별시 동대문구 답십리동 97-1"
NULL,NULL,"서울특별시 동대문구 답십리동 97-1"
NULL,NULL,"서울특별시 동대문구 이문동 90-2"
NULL,NULL,"서울특별시 동대문구 청량리동 산 1-227"
NULL,NULL,"서울특별시 동대문구 이문동 100-2"
NULL,NULL,"서울특별시 동대문구 이문동 90-2"
NULL,NULL,"서울특별시 동대문구 답십리동 97-1"
NULL,NULL,"서울특별시 동대문구 답십리동 497-34"
NULL,NULL,"서울특별시 동대문구 답십리동 497-34"
NULL,NULL,"서울특별시 동대문구 답십리동 97-1"
NULL,NULL,"서울특별시 동대문구 청량리동 산 1-227"
NULL,NULL,"서울특별시 동대문구 청량리동 산 1-227"
NULL,NULL,"서울특별시 동대문구 답십리동 97-1"
NULL,NULL,"서울특별시 동대문구 답십리동 497-34"
NULL,NULL,"서울특별시 동대문구 이문동 90-2"
NULL,NULL,"서울특별시 동대문구 청량리동 산 1-227"
NULL,NULL,"서울특별시 동대문구 답십리동 497-34"
NULL,NULL,"서울특별시 동대문구 이문동 90-2"
NULL,NULL,"서울특별시 동대문구 청량리동 산 1-227"
NULL,NULL,"서울특별시 동대문구 청량리동 산 1-227"
NULL,NULL,"서울특별시 동대문구 전농동 649-3"
NULL,NULL,"서울특별시 동대문구 답십리동 80-7"
NULL,NULL,"서울특별시 동대문구 청량리동 산 1-227"
NULL,NULL,"서울특별시 동대문구 청량리동 산 1-227"
NULL,NULL,"서울특별시 동대문구 답십리동 97-1"
NULL,NULL,"서울특별시 동대문구 장안동 164-3"
NULL,NULL,"서울특별시 동대문구 답십리동 497-34"
NULL,NULL,"서울특별시 동대문구 장안동 164-3"
NULL,NULL,"서울특별시 동대문구 답십리동 497-34"
NULL,NULL,"서울특별시 동대문구 답십리동 497-34"
NULL,NULL,"서울특별시 동대문구 청량리동 산 1-227"
NULL,NULL,"서울특별시 동대문구 청량리동 산 1-227"
NULL,NULL,"서울특별시 동대문구 청량리동 산 1-227"
NULL,NULL,"서울특별시 동대문구 청량리동 산 1-227"
NULL,NULL,"서울특별시 동대문구 답십리동 497-34"
NULL,NULL,"서울특별시 동대문구 장안동 164-3"
NULL,NULL,"서울특별시 동대문구 전농동 649-3"
NULL,NULL,"서울특별시 동대문구 답십리동 80-7"
NULL,NULL,"서울특별시 동대문구 청량리동 산 1-227"
NULL,NULL,"서울특별시 동대문구 답십리동 80-7"
NULL,NULL,"서울특별시 동대문구 답십리동 80-7"
NULL,NULL,"서울특별시 동대문구 답십리동 80-7"
NULL,NULL,"서울특별시 동대문구 답십리동 80-7"
NULL,NULL,"서울특별시 동대문구 답십리동 80-7"
NULL,NULL,"서울특별시 동대문구 답십리동 80-7"
NULL,NULL,"서울특별시 동대문구 답십리동 497-34"
NULL,NULL,"서울특별시 동대문구 장안동 164-3"
NULL,NULL,"서울특별시 동대문구 청량리동 산 1-227"
NULL,NULL,"서울특별시 동대문구 장안동 164-3"
NULL,NULL,"서울특별시 동대문구 청량리동 산 1-227"
NULL,NULL,"서울특별시 동대문구 청량리동 산 1-227"
NULL,NULL,"서울특별시 동대문구 답십리동 80-7"
NULL,NULL,"서울특별시 동대문구 답십리동 80-7"
NULL,NULL,"서울특별시 동대문구 답십리동 80-7"
NULL,NULL,"서울특별시 동대문구 답십리동 80-7"
NULL,NULL,"서울특별시 동대문구 답십리동 80-7"
NULL,NULL,"서울특별시 동대문구 답십리동 497-34"
NULL,NULL,"서울특별시 동대문구 용두동 146-16"
NULL,NULL,"서울특별시 동대문구 답십리동 496-11"
NULL,NULL,"서울특별시 동대문구 답십리동 97-1"
NULL,NULL,"서울특별시 동대문구 청량리동 산 1-227"
NULL,NULL,"서울특별시 동대문구 청량리동 산 1-227"
NULL,NULL,"서울특별시 동대문구 답십리동 80-7"
NULL,NULL,"서울특별시 동대문구 답십리동 80-7"
NULL,NULL,"서울특별시 동대문구 휘경동 375-5"
NULL,NULL,"서울특별시 동대문구 휘경동 375-5"
NULL,NULL,"서울특별시 동대문구 답십리동 1003"
NULL,NULL,"서울특별시 동대문구 답십리동 1003"
NULL,NULL,"서울특별시 동대문구 답십리동 1003"
NULL,NULL,"서울특별시 동대문구 답십리동 1003"
NULL,NULL,"서울특별시 동대문구 답십리동 1003"
NULL,NULL,"서울특별시 동대문구 답십리동 1003"
NULL,NULL,"서울특별시 동대문구 답십리동 1003"
NULL,NULL,"서울특별시 동대문구 답십리동 1003"
NULL,NULL,"서울특별시 동대문구 답십리동 1003"
NULL,NULL,"서울특별시 동대문구 답십리동 1003"
NULL,NULL,"서울특별시 동대문구 답십리동 1003"
NULL,NULL,"서울특별시 동대문구 답십리동 1003"
NULL,NULL,"서울특별시 동대문구 답십리동 1003"
NULL,NULL,"서울특별시 동대문구 답십리동 1003"
NULL,NULL,"서울특별시 동대문구 답십리동 1003"
NULL,NULL,"서울특별시 동대문구 답십리동 1003"
NULL,NULL,"서울특별시 동대문구 답십리동 1003"
NULL,NULL,"서울특별시 동대문구 답십리동 1003"
NULL,NULL,"서울특별시 동대문구 답십리동 1003"
NULL,NULL,"서울특별시 동대문구 답십리동 1003"
NULL,NULL,"서울특별시 동대문구 답십리동 1003"
NULL,NULL,"서울특별시 동대문구 답십리동 1003"
NULL,NULL,"서울특별시 동대문구 답십리동 1003"
NULL,NULL,"서울특별시 동대문구 답십리동 1003"
NULL,NULL,"서울특별시 동대문구 답십리동 1003"
NULL,NULL,"서울특별시 동대문구 답십리동 1003"
NULL,NULL,"서울특별시 동대문구 답십리동 1003"
NULL,NULL,"서울특별시 동대문구 답십리동 1003"
NULL,NULL,"서울특별시 동대문구 답십리동 1003"
NULL,NULL,"서울특별시 동대문구 답십리동 1003"
NULL,NULL,"서울특별시 동대문구 이문동 90-2"
NULL,NULL,"서울특별시 동대문구 이문동 90-2"
NULL,NULL,"서울특별시 동대문구 답십리동 1003"
NULL,NULL,"서울특별시 동대문구 답십리동 1003"
NULL,NULL,"서울특별시 동대문구 답십리동 1003"
NULL,NULL,"서울특별시 동대문구 답십리동 1003"
NULL,NULL,"서울특별시 동대문구 답십리동 1003"
NULL,NULL,"서울특별시 동대문구 답십리동 1003"
NULL,NULL,"서울특별시 동대문구 답십리동 1003"
NULL,NULL,"서울특별시 동대문구 답십리동 1003"
NULL,NULL,"서울특별시 동대문구 답십리동 1003"
NULL,NULL,"서울특별시 동대문구 용두동 255-26"
NULL,NULL,"서울특별시 동대문구 용두동 255-26"
NULL,NULL,"서울특별시 동대문구 용두동 255-26"
NULL,NULL,"서울특별시 동대문구 전농동 695-4"
NULL,NULL,"서울특별시 동대문구 전농동 695-4"
NULL,NULL,"서울특별시 동대문구 전농동 695-4"
NULL,NULL,"서울특별시 동대문구 전농동 695-4"
NULL,NULL,"서울특별시 동대문구 전농동 695-4"
NULL,NULL,"서울특별시 동대문구 전농동 695-4"
NULL,NULL,"서울특별시 동대문구 전농동 695-4"
NULL,NULL,"서울특별시 동대문구 전농동 695-4"
NULL,NULL,"서울특별시 동대문구 전농동 695-4"
NULL,NULL,"서울특별시 동대문구 전농동 695-4"
NULL,NULL,"서울특별시 동대문구 전농동 695-4"
NULL,NULL,"서울특별시 동대문구 전농동 695-4"
NULL,NULL,"서울특별시 동대문구 전농동 695-4"
NULL,NULL,"서울특별시 동대문구 전농동 695-4"
NULL,NULL,"서울특별시 동대문구 전농동 695-4"
NULL,NULL,"서울특별시 동대문구 전농동 695-4"
NULL,NULL,"서울특별시 동대문구 전농동 695-4"
NULL,NULL,"서울특별시 동대문구 전농동 695-4"
NULL,NULL,"서울특별시 동대문구 전농동 695-4"
NULL,NULL,"서울특별시 동대문구 전농동 695-4"
NULL,NULL,"서울특별시 동대문구 전농동 695-4"
NULL,NULL,"서울특별시 동대문구 전농동 695-4"
NULL,NULL,"서울특별시 동대문구 전농동 695-4"
NULL,NULL,"서울특별시 동대문구 전농동 695-4"
NULL,NULL,"서울특별시 동대문구 전농동 695-4"
NULL,NULL,"서울특별시 동대문구 전농동 695-4"
NULL,NULL,"서울특별시 동대문구 전농동 695-4"
NULL,NULL,"서울특별시 동대문구 회기동 45-38"
NULL,NULL,"서울특별시 동대문구 답십리동 473-63"
NULL,NULL,"서울특별시 동대문구 이문동 288-3"
NULL,NULL,"서울특별시 동대문구 답십리동 473-63"
NULL,NULL,"서울특별시 동대문구 답십리동 483-48"
NULL,NULL,"서울특별시 동대문구 이문동 288-3"
NULL,NULL,"서울특별시 동대문구 이문동 288-3"
NULL,NULL,"서울특별시 동대문구 이문동 288-3"
NULL,NULL,"서울특별시 동대문구 회기동 45-38"
NULL,NULL,"서울특별시 동대문구 회기동 346-3"
NULL,NULL,"서울특별시 동대문구 회기동 346-3"
NULL,NULL,"서울특별시 동대문구 이문동 288-3"
NULL,NULL,"서울특별시 동대문구 답십리동 473-63"
NULL,NULL,"서울특별시 동대문구 이문동 288-3"
NULL,NULL,"서울특별시 동대문구 이문동 288-3"
NULL,NULL,"서울특별시 동대문구 답십리동 473-63"
NULL,NULL,"서울특별시 동대문구 이문동 288-3"
NULL,NULL,"서울특별시 동대문구 이문동 288-3"
NULL,NULL,"서울특별시 동대문구 이문동 288-3"
NULL,NULL,"서울특별시 동대문구 이문동 288-3"
NULL,NULL,"서울특별시 동대문구 답십리동 473-63"
NULL,NULL,"서울특별시 동대문구 전농동 10-2"
NULL,NULL,"서울특별시 동대문구 이문동 288-3"
NULL,NULL,"서울특별시 동대문구 이문동 109-39"
NULL,NULL,"서울특별시 동대문구 전농동 567-29"
NULL,NULL,"서울특별시 동대문구 전농동 10-2"
NULL,NULL,"서울특별시 동대문구 답십리동 473-63"
NULL,NULL,"서울특별시 동대문구 장안동 481-2"
NULL,NULL,"서울특별시 동대문구 이문동 288-3"
NULL,NULL,"서울특별시 동대문구 답십리동 473-63"
NULL,NULL,"서울특별시 동대문구 이문동 288-3"
NULL,NULL,"서울특별시 동대문구 이문동 288-3"
NULL,NULL,"서울특별시 동대문구 이문동 288-3"
NULL,NULL,"서울특별시 동대문구 이문동 288-3"
NULL,NULL,"서울특별시 동대문구 이문동 288-3"
NULL,NULL,"서울특별시 동대문구 이문동 288-3"
NULL,NULL,"서울특별시 동대문구 이문동 288-3"
NULL,NULL,"서울특별시 동대문구 이문동 288-3"
NULL,NULL,"서울특별시 동대문구 장안동 481-2"
NULL,NULL,"서울특별시 동대문구 장안동 481-2"
NULL,NULL,"서울특별시 동대문구 이문동 288-3"
NULL,NULL,"서울특별시 동대문구 이문동 288-3"
NULL,NULL,"서울특별시 동대문구 용두동 255-97"
NULL,NULL,"서울특별시 동대문구 용두동 255-97"
NULL,NULL,"서울특별시 동대문구 청량리동 205-551"
NULL,NULL,"서울특별시 동대문구 답십리동 436"
NULL,NULL,"서울특별시 동대문구 답십리동 112-85"
NULL,NULL,"서울특별시 동대문구 전농동 647-69"
NULL,NULL,"서울특별시 동대문구 답십리동 436"
NULL,NULL,"서울특별시 동대문구 답십리동 112-85"
NULL,NULL,"서울특별시 동대문구 답십리동 436"
NULL,NULL,"서울특별시 동대문구 답십리동 112-85"
NULL,NULL,"서울특별시 동대문구 답십리동 112-85"
NULL,NULL,"서울특별시 동대문구 청량리동 205-551"
NULL,NULL,"서울특별시 동대문구 답십리동 112-85"
NULL,NULL,"서울특별시 동대문구 답십리동 112-85"
NULL,NULL,"서울특별시 동대문구 이문동 225-4"
NULL,NULL,"서울특별시 동대문구 이문동 225-4"
NULL,NULL,"서울특별시 동대문구 이문동 225-4"
NULL,NULL,"서울특별시 동대문구 이문동 225-4"
NULL,NULL,"서울특별시 동대문구 이문동 225-4"
NULL,NULL,"서울특별시 동대문구 이문동 225-4"
NULL,NULL,"서울특별시 동대문구 이문동 225-4"
NULL,NULL,"서울특별시 동대문구 이문동 225-4"
NULL,NULL,"서울특별시 동대문구 이문동 225-4"
NULL,NULL,"서울특별시 동대문구 이문동 225-4"
NULL,NULL,"서울특별시 동대문구 이문동 225-4"
NULL,NULL,"서울특별시 동대문구 이문동 225-4"
NULL,NULL,"서울특별시 동대문구 이문동 225-4"
NULL,NULL,"서울특별시 동대문구 이문동 225-4"
NULL,NULL,"서울특별시 동대문구 이문동 225-4"
NULL,NULL,"서울특별시 동대문구 이문동 225-4"
NULL,NULL,"서울특별시 동대문구 이문동 225-4"
NULL,NULL,"서울특별시 동대문구 이문동 225-4"
NULL,NULL,"서울특별시 동대문구 이문동 225-4"
NULL,NULL,"서울특별시 동대문구 이문동 225-4"
NULL,NULL,"서울특별시 동대문구 이문동 225-4"
NULL,NULL,"서울특별시 동대문구 이문동 225-4"
NULL,NULL,"서울특별시 동대문구 이문동 225-4"
NULL,NULL,"서울특별시 동대문구 이문동 225-4"
NULL,NULL,"서울특별시 동대문구 이문동 225-4"
NULL,NULL,"서울특별시 동대문구 이문동 225-4"
NULL,NULL,"서울특별시 동대문구 이문동 225-4"
NULL,NULL,"서울특별시 동대문구 이문동 225-4"
NULL,NULL,"서울특별시 동대문구 이문동 225-4"
NULL,NULL,"서울특별시 동대문구 이문동 225-4"
NULL,NULL,"서울특별시 동대문구 이문동 225-4"
NULL,NULL,"서울특별시 동대문구 이문동 225-4"
NULL,NULL,"서울특별시 동대문구 이문동 225-4"
NULL,NULL,"서울특별시 동대문구 전농동 655-36"
NULL,NULL,"서울특별시 동대문구 전농동 643-10"
NULL,NULL,"서울특별시 동대문구 전농동 643-10"
NULL,NULL,"서울특별시 동대문구 전농동 655-36"
NULL,NULL,"서울특별시 동대문구 제기동 242-1"
NULL,NULL,"서울특별시 동대문구 청량리동 225-25"
NULL,NULL,"서울특별시 동대문구 전농동 643-10"
NULL,NULL,"서울특별시 동대문구 전농동 194"
NULL,NULL,"서울특별시 동대문구 답십리동 153-7"
NULL,NULL,"서울특별시 동대문구 장안동 473-3"
NULL,NULL,"서울특별시 동대문구 장안동 473-3"
NULL,NULL,"서울특별시 동대문구 제기동 190-18"
NULL,NULL,"서울특별시 동대문구 장안동 473-3"
NULL,NULL,"서울특별시 동대문구 장안동 118-4"
NULL,NULL,"서울특별시 동대문구 장안동 473-3"
NULL,NULL,"서울특별시 동대문구 청량리동 산 1-137"
NULL,NULL,"서울특별시 동대문구 장안동 473-3"
NULL,NULL,"서울특별시 동대문구 장안동 118-4"
NULL,NULL,"서울특별시 동대문구 장안동 118-4"
NULL,NULL,"서울특별시 동대문구 장안동 440-16"
NULL,NULL,"서울특별시 동대문구 장안동 473-3"
NULL,NULL,"서울특별시 동대문구 제기동 190-18"
NULL,NULL,"서울특별시 동대문구 장안동 473-3"
NULL,NULL,"서울특별시 동대문구 장안동 473-3"
NULL,NULL,"서울특별시 동대문구 장안동 473-3"
NULL,NULL,"서울특별시 동대문구 장안동 118-4"
NULL,NULL,"서울특별시 동대문구 답십리동 497-17"
NULL,NULL,"서울특별시 동대문구 청량리동 산 1-137"
NULL,NULL,"서울특별시 동대문구 장안동 473-3"
NULL,NULL,"서울특별시 동대문구 장안동 473-3"
NULL,NULL,"서울특별시 동대문구 답십리동 111"
NULL,NULL,"서울특별시 동대문구 청량리동 산 1-137"
NULL,NULL,"서울특별시 동대문구 장안동 473-3"
NULL,NULL,"서울특별시 동대문구 장안동 473-3"
NULL,NULL,"서울특별시 동대문구 장안동 473-3"
NULL,NULL,"서울특별시 동대문구 장안동 118-4"
NULL,NULL,"서울특별시 동대문구 장안동 473-3"
NULL,NULL,"서울특별시 동대문구 장안동 473-3"
NULL,NULL,"서울특별시 동대문구 장안동 473-3"
NULL,NULL,"서울특별시 동대문구 장안동 473-3"
NULL,NULL,"서울특별시 동대문구 회기동 60-113"
NULL,NULL,"서울특별시 동대문구 장안동 473-3"
NULL,NULL,"서울특별시 동대문구 장안동 118-4"
NULL,NULL,"서울특별시 동대문구 장안동 473-3"
NULL,NULL,"서울특별시 동대문구 장안동 473-3"
NULL,NULL,"서울특별시 동대문구 답십리동 111"
NULL,NULL,"서울특별시 동대문구 답십리동 497-17"
NULL,NULL,"서울특별시 동대문구 장안동 473-3"
NULL,NULL,"서울특별시 동대문구 장안동 440-16"
NULL,NULL,"서울특별시 동대문구 장안동 473-3"
NULL,NULL,"서울특별시 동대문구 장안동 118-4"
NULL,NULL,"서울특별시 동대문구 회기동 58-3"
NULL,NULL,"서울특별시 동대문구 장안동 118-4"
NULL,NULL,"서울특별시 동대문구 장안동 473-3"
NULL,NULL,"서울특별시 동대문구 장안동 473-3"
NULL,NULL,"서울특별시 동대문구 장안동 473-3"
NULL,NULL,"서울특별시 동대문구 회기동 58-3"
NULL,NULL,"서울특별시 동대문구 장안동 473-3"
NULL,NULL,"서울특별시 동대문구 장안동 118-4"
NULL,NULL,"서울특별시 동대문구 장안동 473-3"
NULL,NULL,"서울특별시 동대문구 답십리동 111"
NULL,NULL,"서울특별시 동대문구 장안동 473-3"
NULL,NULL,"서울특별시 동대문구 장안동 473-3"
NULL,NULL,"서울특별시 동대문구 장안동 473-3"
NULL,NULL,"서울특별시 동대문구 장안동 473-3"
NULL,NULL,"서울특별시 동대문구 답십리동 497-17"
NULL,NULL,"서울특별시 동대문구 장안동 473-3"
NULL,NULL,"서울특별시 동대문구 장안동 473-3"
NULL,NULL,"서울특별시 동대문구 장안동 440-16"
NULL,NULL,"서울특별시 동대문구 장안동 473-3"
NULL,NULL,"서울특별시 동대문구 장안동 473-3"
NULL,NULL,"서울특별시 동대문구 장안동 473-3"
NULL,NULL,"서울특별시 동대문구 장안동 473-3"
NULL,NULL,"서울특별시 동대문구 장안동 473-3"
NULL,NULL,"서울특별시 동대문구 장안동 473-3"
NULL,NULL,"서울특별시 동대문구 장안동 473-3"
NULL,NULL,"서울특별시 동대문구 장안동 118-4"
NULL,NULL,"서울특별시 동대문구 장안동 473-3"
NULL,NULL,"서울특별시 동대문구 답십리동 497-17"
NULL,NULL,"서울특별시 동대문구 장안동 473-3"
NULL,NULL,"서울특별시 동대문구 장안동 473-3"
NULL,NULL,"서울특별시 동대문구 장안동 473-3"
NULL,NULL,"서울특별시 동대문구 신설동 49-2"
NULL,NULL,"서울특별시 동대문구 장안동 473-3"
NULL,NULL,"서울특별시 동대문구 장안동 473-3"
NULL,NULL,"서울특별시 동대문구 장안동 473-3"
NULL,NULL,"서울특별시 동대문구 장안동 473-3"
NULL,NULL,"서울특별시 동대문구 장안동 473-3"
NULL,NULL,"서울특별시 동대문구 장안동 473-3"
NULL,NULL,"서울특별시 동대문구 장안동 473-3"
NULL,NULL,"서울특별시 동대문구 장안동 473-3"
NULL,NULL,"서울특별시 동대문구 장안동 473-3"
NULL,NULL,"서울특별시 동대문구 장안동 473-3"
NULL,NULL,"서울특별시 동대문구 장안동 473-3"
NULL,NULL,"서울특별시 동대문구 장안동 473-3"
NULL,NULL,"서울특별시 동대문구 장안동 473-3"
NULL,NULL,"서울특별시 동대문구 장안동 473-3"
NULL,NULL,"서울특별시 동대문구 답십리동 111"
NULL,NULL,"서울특별시 동대문구 답십리동 2-298"
NULL,NULL,"서울특별시 동대문구 답십리동 2-298"
NULL,NULL,"서울특별시 동대문구 답십리동 2-298"
NULL,NULL,"서울특별시 동대문구 답십리동 2-298"
NULL,NULL,"서울특별시 동대문구 답십리동 2-298"
NULL,NULL,"서울특별시 동대문구 청량리동 산 5-8"
NULL,NULL,"서울특별시 동대문구 전농동 584-21"
NULL,NULL,"서울특별시 동대문구 신설동 79-2"
NULL,NULL,"서울특별시 동대문구 제기동 67-242"
NULL,NULL,"서울특별시 동대문구 제기동 67-242"
NULL,NULL,"서울특별시 동대문구 제기동 67-242"
NULL,NULL,"서울특별시 동대문구 제기동 67-242"
NULL,NULL,"서울특별시 동대문구 제기동 67-242"
NULL,NULL,"서울특별시 동대문구 제기동 67-242"
NULL,NULL,"서울특별시 동대문구 전농동 567-8"
NULL,NULL,"서울특별시 동대문구 제기동 67-242"
NULL,NULL,"서울특별시 동대문구 청량리동 산 5-8"
NULL,NULL,"서울특별시 동대문구 전농동 584-21"
NULL,NULL,"서울특별시 동대문구 답십리동 438"
NULL,NULL,"서울특별시 동대문구 전농동 584-21"
NULL,NULL,"서울특별시 동대문구 답십리동 438"
NULL,NULL,"서울특별시 동대문구 전농동 584-21"
NULL,NULL,"서울특별시 동대문구 전농동 584-21"
NULL,NULL,"서울특별시 동대문구 전농동 584-21"
NULL,NULL,"서울특별시 동대문구 청량리동 산 5-8"
NULL,NULL,"서울특별시 동대문구 답십리동 438"
NULL,NULL,"서울특별시 동대문구 청량리동 산 5-8"
NULL,NULL,"서울특별시 동대문구 회기동 58-1"
NULL,NULL,"서울특별시 동대문구 전농동 584-21"
NULL,NULL,"서울특별시 동대문구 전농동 584-21"
NULL,NULL,"서울특별시 동대문구 답십리동 438"
NULL,NULL,"서울특별시 동대문구 청량리동 산 5-8"
NULL,NULL,"서울특별시 동대문구 청량리동 산 5-8"
NULL,NULL,"서울특별시 동대문구 전농동 584-21"
NULL,NULL,"서울특별시 동대문구 전농동 584-21"
NULL,NULL,"서울특별시 동대문구 제기동 67-242"
NULL,NULL,"서울특별시 동대문구 전농동 584-21"
NULL,NULL,"서울특별시 동대문구 전농동 584-21"
NULL,NULL,"서울특별시 동대문구 답십리동 438"
NULL,NULL,"서울특별시 동대문구 이문동 121-83"
NULL,NULL,"서울특별시 동대문구 회기동 58-1"
NULL,NULL,"서울특별시 동대문구 답십리동 438"
NULL,NULL,"서울특별시 동대문구 전농동 584-21"
NULL,NULL,"서울특별시 동대문구 전농동 584-21"
NULL,NULL,"서울특별시 동대문구 제기동 67-242"
NULL,NULL,"서울특별시 동대문구 신설동 79-2"
NULL,NULL,"서울특별시 동대문구 청량리동 산 5-8"
NULL,NULL,"서울특별시 동대문구 제기동 67-242"
NULL,NULL,"서울특별시 동대문구 청량리동 산 5-8"
NULL,NULL,"서울특별시 동대문구 제기동 67-242"
NULL,NULL,"서울특별시 동대문구 제기동 67-242"
NULL,NULL,"서울특별시 동대문구 용두동 251-19"
NULL,NULL,"서울특별시 동대문구 용두동 251-19"
NULL,NULL,"서울특별시 동대문구 답십리동 645-8"
NULL,NULL,"서울특별시 동대문구 제기동 799"
NULL,NULL,"서울특별시 동대문구 제기동 135-89"
NULL,NULL,"서울특별시 동대문구 답십리동 645-8"
NULL,NULL,"서울특별시 동대문구 제기동 135-89"
NULL,NULL,"서울특별시 동대문구 답십리동 645-8"
NULL,NULL,"서울특별시 동대문구 휘경동 산 6-57"
NULL,NULL,"서울특별시 동대문구 제기동 135-89"
NULL,NULL,"서울특별시 동대문구 전농동 500-27"
NULL,NULL,"서울특별시 동대문구 제기동 135-89"
NULL,NULL,"서울특별시 동대문구 제기동 135-89"
NULL,NULL,"서울특별시 동대문구 제기동 135-89"
NULL,NULL,"서울특별시 동대문구 장안동 114-22"
NULL,NULL,"서울특별시 동대문구 제기동 135-89"
NULL,NULL,"서울특별시 동대문구 제기동 135-89"
NULL,NULL,"서울특별시 동대문구 제기동 135-89"
NULL,NULL,"서울특별시 동대문구 제기동 135-89"
NULL,NULL,"서울특별시 동대문구 답십리동 645-8"
NULL,NULL,"서울특별시 동대문구 답십리동 645-8"
NULL,NULL,"서울특별시 동대문구 제기동 135-89"
NULL,NULL,"서울특별시 동대문구 제기동 135-89"
NULL,NULL,"서울특별시 동대문구 제기동 799"
NULL,NULL,"서울특별시 동대문구 제기동 135-89"
NULL,NULL,"서울특별시 동대문구 제기동 135-89"
NULL,NULL,"서울특별시 동대문구 답십리동 645-8"
NULL,NULL,"서울특별시 동대문구 제기동 135-89"
NULL,NULL,"서울특별시 동대문구 전농동 500-27"
NULL,NULL,"서울특별시 동대문구 답십리동 645-8"
NULL,NULL,"서울특별시 동대문구 제기동 135-89"
NULL,NULL,"서울특별시 동대문구 제기동 135-89"
NULL,NULL,"서울특별시 동대문구 전농동 189-1"
NULL,NULL,"서울특별시 동대문구 전농동 189-1"
NULL,NULL,"서울특별시 동대문구 전농동 189-1"
NULL,NULL,"서울특별시 동대문구 전농동 189-1"
NULL,NULL,"서울특별시 동대문구 전농동 189-1"
NULL,NULL,"서울특별시 동대문구 이문동 341-13"
NULL,NULL,"서울특별시 동대문구 전농동 189-1"
NULL,NULL,"서울특별시 동대문구 회기동 60-42"
NULL,NULL,"서울특별시 동대문구 전농동 189-1"
NULL,NULL,"서울특별시 동대문구 제기동 121-3"
NULL,NULL,"서울특별시 동대문구 전농동 189-1"
NULL,NULL,"서울특별시 동대문구 전농동 189-1"
NULL,NULL,"서울특별시 동대문구 전농동 189-1"
NULL,NULL,"서울특별시 동대문구 전농동 189-1"
NULL,NULL,"서울특별시 동대문구 전농동 189-1"
NULL,NULL,"서울특별시 동대문구 전농동 189-1"
NULL,NULL,"서울특별시 동대문구 전농동 189-1"
NULL,NULL,"서울특별시 동대문구 전농동 500-25"
NULL,NULL,"서울특별시 동대문구 이문동 115-64"
NULL,NULL,"서울특별시 동대문구 답십리동 496-10"
NULL,NULL,"서울특별시 동대문구 전농동 189-1"
NULL,NULL,"서울특별시 동대문구 회기동 60-42"
NULL,NULL,"서울특별시 동대문구 이문동 257-277"
NULL,NULL,"서울특별시 동대문구 전농동 189-1"
NULL,NULL,"서울특별시 동대문구 이문동 341-13"
NULL,NULL,"서울특별시 동대문구 전농동 189-1"
NULL,NULL,"서울특별시 동대문구 전농동 189-1"
NULL,NULL,"서울특별시 동대문구 전농동 189-1"
NULL,NULL,"서울특별시 동대문구 회기동 60-42"
NULL,NULL,"서울특별시 동대문구 전농동 189-1"
NULL,NULL,"서울특별시 동대문구 전농동 189-1"
NULL,NULL,"서울특별시 동대문구 회기동 60-42"
NULL,NULL,"서울특별시 동대문구 장안동 332-7"
NULL,NULL,"서울특별시 동대문구 장안동 332-7"
NULL,NULL,"서울특별시 동대문구 장안동 471-1"
NULL,NULL,"서울특별시 동대문구 장안동 471-1"
NULL,NULL,"서울특별시 동대문구 장안동 471-1"
NULL,NULL,"서울특별시 동대문구 장안동 471-1"
NULL,NULL,"서울특별시 동대문구 장안동 471-1"
NULL,NULL,"서울특별시 동대문구 장안동 471-1"
NULL,NULL,"서울특별시 동대문구 답십리동 493-7"
NULL,NULL,"서울특별시 동대문구 장안동 471-1"
NULL,NULL,"서울특별시 동대문구 장안동 471-1"
NULL,NULL,"서울특별시 동대문구 장안동 471-1"
NULL,NULL,"서울특별시 동대문구 장안동 471-1"
NULL,NULL,"서울특별시 동대문구 장안동 471-1"
NULL,NULL,"서울특별시 동대문구 장안동 471-1"
NULL,NULL,"서울특별시 동대문구 장안동 471-1"
NULL,NULL,"서울특별시 동대문구 장안동 471-1"
NULL,NULL,"서울특별시 동대문구 장안동 471-1"
NULL,NULL,"서울특별시 동대문구 장안동 471-1"
NULL,NULL,"서울특별시 동대문구 장안동 471-1"
NULL,NULL,"서울특별시 동대문구 장안동 471-1"
NULL,NULL,"서울특별시 동대문구 장안동 471-1"
NULL,NULL,"서울특별시 동대문구 장안동 471-1"
NULL,NULL,"서울특별시 동대문구 장안동 471-1"
NULL,NULL,"서울특별시 동대문구 장안동 471-1"
NULL,NULL,"서울특별시 동대문구 장안동 471-1"
NULL,NULL,"서울특별시 동대문구 장안동 471-1"
NULL,NULL,"서울특별시 동대문구 청량리동 203-57"
NULL,NULL,"서울특별시 동대문구 장안동 471-1"
NULL,NULL,"서울특별시 동대문구 이문동 292-93"
NULL,NULL,"서울특별시 동대문구 장안동 471-1"
NULL,NULL,"서울특별시 동대문구 휘경동 43-270"
NULL,NULL,"서울특별시 동대문구 장안동 471-1"
NULL,NULL,"서울특별시 동대문구 장안동 471-1"
NULL,NULL,"서울특별시 동대문구 답십리동 493-7"
NULL,NULL,"서울특별시 동대문구 장안동 471-1"
NULL,NULL,"서울특별시 동대문구 장안동 471-1"
NULL,NULL,"서울특별시 동대문구 전농동 652-1"
NULL,NULL,"서울특별시 동대문구 장안동 471-1"
NULL,NULL,"서울특별시 동대문구 장안동 471-1"
NULL,NULL,"서울특별시 동대문구 장안동 471-1"
NULL,NULL,"서울특별시 동대문구 장안동 471-1"
NULL,NULL,"서울특별시 동대문구 장안동 471-1"
NULL,NULL,"서울특별시 동대문구 장안동 471-1"
NULL,NULL,"서울특별시 동대문구 장안동 471-1"
NULL,NULL,"서울특별시 동대문구 장안동 471-1"
NULL,NULL,"서울특별시 동대문구 장안동 471-1"
NULL,NULL,"서울특별시 동대문구 장안동 471-1"
NULL,NULL,"서울특별시 동대문구 장안동 471-1"
NULL,NULL,"서울특별시 동대문구 장안동 471-1"
NULL,NULL,"서울특별시 동대문구 장안동 471-1"
NULL,NULL,"서울특별시 동대문구 장안동 471-1"
NULL,NULL,"서울특별시 동대문구 장안동 471-1"
NULL,NULL,"서울특별시 동대문구 장안동 471-1"
NULL,NULL,"서울특별시 동대문구 답십리동 493-7"
NULL,NULL,"서울특별시 동대문구 장안동 471-1"
NULL,NULL,"서울특별시 동대문구 장안동 471-1"
NULL,NULL,"서울특별시 동대문구 장안동 471-1"
NULL,NULL,"서울특별시 동대문구 장안동 471-1"
NULL,NULL,"서울특별시 동대문구 장안동 471-1"
NULL,NULL,"서울특별시 동대문구 장안동 471-1"
NULL,NULL,"서울특별시 동대문구 장안동 471-1"
NULL,NULL,"서울특별시 동대문구 청량리동 206-46"
NULL,NULL,"서울특별시 동대문구 장안동 471-1"
NULL,NULL,"서울특별시 동대문구 장안동 471-1"
NULL,NULL,"서울특별시 동대문구 장안동 471-1"
NULL,NULL,"서울특별시 동대문구 장안동 471-1"
NULL,NULL,"서울특별시 동대문구 장안동 471-1"
NULL,NULL,"서울특별시 동대문구 장안동 471-1"
NULL,NULL,"서울특별시 동대문구 장안동 471-1"
NULL,NULL,"서울특별시 동대문구 장안동 471-1"
NULL,NULL,"서울특별시 동대문구 장안동 471-1"
NULL,NULL,"서울특별시 동대문구 장안동 471-1"
NULL,NULL,"서울특별시 동대문구 이문동 292-93"
NULL,NULL,"서울특별시 동대문구 장안동 471-1"
NULL,NULL,"서울특별시 동대문구 장안동 471-1"
NULL,NULL,"서울특별시 동대문구 이문동 256-373"
NULL,NULL,"서울특별시 동대문구 장안동 471-1"
NULL,NULL,"서울특별시 동대문구 장안동 471-1"
NULL,NULL,"서울특별시 동대문구 장안동 471-1"
NULL,NULL,"서울특별시 동대문구 이문동 292-93"
NULL,NULL,"서울특별시 동대문구 답십리동 493-7"
NULL,NULL,"서울특별시 동대문구 장안동 471-1"
NULL,NULL,"서울특별시 동대문구 장안동 471-1"
NULL,NULL,"서울특별시 동대문구 휘경동 43-270"
NULL,NULL,"서울특별시 동대문구 신설동 29-2"
NULL,NULL,"서울특별시 동대문구 장안동 471-1"
NULL,NULL,"서울특별시 동대문구 휘경동 43-270"
NULL,NULL,"서울특별시 동대문구 장안동 471-1"
NULL,NULL,"서울특별시 동대문구 장안동 471-1"
NULL,NULL,"서울특별시 동대문구 장안동 471-1"
NULL,NULL,"서울특별시 동대문구 장안동 471-1"
NULL,NULL,"서울특별시 동대문구 휘경동 43-270"
NULL,NULL,"서울특별시 동대문구 장안동 471-1"
NULL,NULL,"서울특별시 동대문구 장안동 471-1"
NULL,NULL,"서울특별시 동대문구 장안동 471-1"
NULL,NULL,"서울특별시 동대문구 장안동 471-1"
NULL,NULL,"서울특별시 동대문구 장안동 471-1"
NULL,NULL,"서울특별시 동대문구 장안동 471-1"
NULL,NULL,"서울특별시 동대문구 장안동 471-1"
NULL,NULL,"서울특별시 동대문구 장안동 471-1"
NULL,NULL,"서울특별시 동대문구 장안동 471-1"
NULL,NULL,"서울특별시 동대문구 장안동 471-1"
NULL,NULL,"서울특별시 동대문구 답십리동 493-7"
NULL,NULL,"서울특별시 동대문구 청량리동 205-390"
NULL,NULL,"서울특별시 동대문구 전농동 530-85"
NULL,NULL,"서울특별시 동대문구 제기동 151-9"
NULL,NULL,"서울특별시 동대문구 제기동 669-2"
NULL,NULL,"서울특별시 동대문구 전농동 530-85"
NULL,NULL,"서울특별시 동대문구 휘경동 148-40"
NULL,NULL,"서울특별시 동대문구 이문동 85-20"
NULL,NULL,"서울특별시 동대문구 전농동 150-87"
NULL,NULL,"서울특별시 동대문구 용두동 255-27"
NULL,NULL,"서울특별시 동대문구 용두동 255-27"
NULL,NULL,"서울특별시 동대문구 제기동 142-19"
NULL,NULL,"서울특별시 동대문구 용두동 193-58"
NULL,NULL,"서울특별시 동대문구 제기동 142-19"
NULL,NULL,"서울특별시 동대문구 제기동 142-19"
NULL,NULL,"서울특별시 동대문구 제기동 142-19"
NULL,NULL,"서울특별시 동대문구 제기동 142-19"
NULL,NULL,"서울특별시 동대문구 제기동 142-19"
NULL,NULL,"서울특별시 동대문구 제기동 142-19"
NULL,NULL,"서울특별시 동대문구 제기동 142-19"
NULL,NULL,"서울특별시 동대문구 제기동 142-19"
NULL,NULL,"서울특별시 동대문구 제기동 142-19"
NULL,NULL,"서울특별시 동대문구 제기동 142-19"
NULL,NULL,"서울특별시 동대문구 전농동 142-5"
NULL,NULL,"서울특별시 동대문구 제기동 142-19"
NULL,NULL,"서울특별시 동대문구 제기동 142-19"
NULL,NULL,"서울특별시 동대문구 답십리동 467-19"
NULL,NULL,"서울특별시 동대문구 전농동 142-5"
NULL,NULL,"서울특별시 동대문구 제기동 142-19"
NULL,NULL,"서울특별시 동대문구 제기동 142-19"
NULL,NULL,"서울특별시 동대문구 제기동 142-19"
NULL,NULL,"서울특별시 동대문구 제기동 142-19"
NULL,NULL,"서울특별시 동대문구 답십리동 467-80"
NULL,NULL,"서울특별시 동대문구 제기동 142-19"
NULL,NULL,"서울특별시 동대문구 용신동 176"
NULL,NULL,"서울특별시 동대문구 용신동 176"
NULL,NULL,"서울특별시 동대문구 용신동 176"
NULL,NULL,"서울특별시 동대문구 용신동 176"
NULL,NULL,"서울특별시 동대문구 용두동 237-72"
NULL,NULL,"서울특별시 동대문구 용두동 251-41"
NULL,NULL,"서울특별시 동대문구 용두동 251-41"
NULL,NULL,"서울특별시 동대문구 답십리동 952-2"
NULL,NULL,"서울특별시 동대문구 장안동 470-1"
NULL,NULL,"서울특별시 동대문구 전농동 572-1"
NULL,NULL,"서울특별시 동대문구 장안동 470-1"
NULL,NULL,"서울특별시 동대문구 답십리동 952-2"
NULL,NULL,"서울특별시 동대문구 장안동 470-1"
NULL,NULL,"서울특별시 동대문구 전농동 645-1"
NULL,NULL,"서울특별시 동대문구 장안동 470-1"
NULL,NULL,"서울특별시 동대문구 장안동 470-1"
NULL,NULL,"서울특별시 동대문구 용두동 36-10"
NULL,NULL,"서울특별시 동대문구 답십리동 952-2"
NULL,NULL,"서울특별시 동대문구 전농동 644-104"
NULL,NULL,"서울특별시 동대문구 전농동 500-5"
NULL,NULL,"서울특별시 동대문구 답십리동 952-2"
NULL,NULL,"서울특별시 동대문구 답십리동 952-2"
NULL,NULL,"서울특별시 동대문구 장안동 470-1"
NULL,NULL,"서울특별시 동대문구 답십리동 952-2"
NULL,NULL,"서울특별시 동대문구 답십리동 952-2"
NULL,NULL,"서울특별시 동대문구 장안동 470-1"
NULL,NULL,"서울특별시 동대문구 전농동 572-1"
NULL,NULL,"서울특별시 동대문구 장안동 470-1"
NULL,NULL,"서울특별시 동대문구 답십리동 952-2"
NULL,NULL,"서울특별시 동대문구 장안동 470-1"
NULL,NULL,"서울특별시 동대문구 답십리동 952-2"
NULL,NULL,"서울특별시 동대문구 장안동 470-1"
NULL,NULL,"서울특별시 동대문구 용두동 36-10"
NULL,NULL,"서울특별시 동대문구 답십리동 952-2"
NULL,NULL,"서울특별시 동대문구 장안동 470-1"
NULL,NULL,"서울특별시 동대문구 장안동 470-1"
NULL,NULL,"서울특별시 동대문구 장안동 470-1"
NULL,NULL,"서울특별시 동대문구 답십리동 952-2"
NULL,NULL,"서울특별시 동대문구 전농동 645-1"
NULL,NULL,"서울특별시 동대문구 장안동 470-1"
NULL,NULL,"서울특별시 동대문구 답십리동 952-2"
NULL,NULL,"서울특별시 동대문구 답십리동 952-2"
NULL,NULL,"서울특별시 동대문구 답십리동 952-2"
NULL,NULL,"서울특별시 동대문구 답십리동 952-2"
NULL,NULL,"서울특별시 동대문구 장안동 470-1"
NULL,NULL,"서울특별시 동대문구 답십리동 952-2"
NULL,NULL,"서울특별시 동대문구 장안동 470-1"
NULL,NULL,"서울특별시 동대문구 장안동 470-1"
NULL,NULL,"서울특별시 동대문구 장안동 470-1"
NULL,NULL,"서울특별시 동대문구 장안동 470-1"
NULL,NULL,"서울특별시 동대문구 장안동 470-1"
NULL,NULL,"서울특별시 동대문구 전농동 644-104"
NULL,NULL,"서울특별시 동대문구 장안동 470-1"
NULL,NULL,"서울특별시 동대문구 장안동 470-1"
NULL,NULL,"서울특별시 동대문구 장안동 470-1"
NULL,NULL,"서울특별시 동대문구 답십리동 952-2"
NULL,NULL,"서울특별시 동대문구 장안동 470-1"
NULL,NULL,"서울특별시 동대문구 장안동 470-1"
NULL,NULL,"서울특별시 동대문구 장안동 470-1"
NULL,NULL,"서울특별시 동대문구 장안동 470-1"
NULL,NULL,"서울특별시 동대문구 답십리동 952-2"
NULL,NULL,"서울특별시 동대문구 전농동 644-1"
NULL,NULL,"서울특별시 동대문구 답십리동 952-2"
NULL,NULL,"서울특별시 동대문구 장안동 470-1"
NULL,NULL,"서울특별시 동대문구 장안동 470-1"
NULL,NULL,"서울특별시 동대문구 장안동 470-1"
NULL,NULL,"서울특별시 동대문구 답십리동 952-2"
NULL,NULL,"서울특별시 동대문구 답십리동 952-2"
NULL,NULL,"서울특별시 동대문구 장안동 470-1"
NULL,NULL,"서울특별시 동대문구 답십리동 952-2"
NULL,NULL,"서울특별시 동대문구 답십리동 952-2"
NULL,NULL,"서울특별시 동대문구 답십리동 952-2"
NULL,NULL,"서울특별시 동대문구 답십리동 952-2"
NULL,NULL,"서울특별시 동대문구 답십리동 952-2"
NULL,NULL,"서울특별시 동대문구 장안동 470-1"
NULL,NULL,"서울특별시 동대문구 답십리동 952-2"
NULL,NULL,"서울특별시 동대문구 장안동 470-1"
NULL,NULL,"서울특별시 동대문구 답십리동 952-2"
NULL,NULL,"서울특별시 동대문구 휘경동 43-254"
NULL,NULL,"서울특별시 동대문구 장안동 470-1"
NULL,NULL,"서울특별시 동대문구 답십리동 952-2"
NULL,NULL,"서울특별시 동대문구 답십리동 952-2"
NULL,NULL,"서울특별시 동대문구 장안동 470-1"
NULL,NULL,"서울특별시 동대문구 장안동 470-1"
NULL,NULL,"서울특별시 동대문구 장안동 470-1"
NULL,NULL,"서울특별시 동대문구 답십리동 952-2"
NULL,NULL,"서울특별시 동대문구 답십리동 952-2"
NULL,NULL,"서울특별시 동대문구 답십리동 952-2"
NULL,NULL,"서울특별시 동대문구 답십리동 952-2"
NULL,NULL,"서울특별시 동대문구 답십리동 952-2"
NULL,NULL,"서울특별시 동대문구 전농동 645-1"
NULL,NULL,"서울특별시 동대문구 신설동 65-2"
NULL,NULL,"서울특별시 동대문구 용두동 38-5"
NULL,NULL,"서울특별시 동대문구 답십리동 952-2"
NULL,NULL,"서울특별시 동대문구 답십리동 952-2"
NULL,NULL,"서울특별시 동대문구 답십리동 952-2"
NULL,NULL,"서울특별시 동대문구 답십리동 952-2"
NULL,NULL,"서울특별시 동대문구 답십리동 51-3"
NULL,NULL,"서울특별시 동대문구 청량리동 205-491"
NULL,NULL,"서울특별시 동대문구 답십리동 1-92"
NULL,NULL,"서울특별시 동대문구 답십리동 1-92"
NULL,NULL,"서울특별시 동대문구 전농동 534-5"
NULL,NULL,"서울특별시 동대문구 답십리동 1-92"
NULL,NULL,"서울특별시 동대문구 휘경동 49-15"
NULL,NULL,"서울특별시 동대문구 답십리동 51-3"
NULL,NULL,"서울특별시 동대문구 답십리동 51-3"
NULL,NULL,"서울특별시 동대문구 휘경동 269-9"
NULL,NULL,"서울특별시 동대문구 답십리동 51-3"
NULL,NULL,"서울특별시 동대문구 제기동 122-40"
NULL,NULL,"서울특별시 동대문구 제기동 122-40"
NULL,NULL,"서울특별시 동대문구 전농동 534-5"
NULL,NULL,"서울특별시 동대문구 휘경동 49-15"
NULL,NULL,"서울특별시 동대문구 답십리동 51-3"
NULL,NULL,"서울특별시 동대문구 답십리동 1-92"
NULL,NULL,"서울특별시 동대문구 답십리동 1-92"
NULL,NULL,"서울특별시 동대문구 전농동 534-5"
NULL,NULL,"서울특별시 동대문구 답십리동 474-26"
NULL,NULL,"서울특별시 동대문구 답십리동 51-3"
NULL,NULL,"서울특별시 동대문구 답십리동 1-92"
NULL,NULL,"서울특별시 동대문구 답십리동 1-92"
NULL,NULL,"서울특별시 동대문구 답십리동 1-92"
NULL,NULL,"서울특별시 동대문구 휘경동 49-15"
NULL,NULL,"서울특별시 동대문구 답십리동 474-26"
NULL,NULL,"서울특별시 동대문구 제기동 122-40"
NULL,NULL,"서울특별시 동대문구 답십리동 80-10"
NULL,NULL,"서울특별시 동대문구 답십리동 80-10"
NULL,NULL,"서울특별시 동대문구 답십리동 80-10"
NULL,NULL,"서울특별시 동대문구 답십리동 1-92"
NULL,NULL,"서울특별시 동대문구 전농동 534-5"
NULL,NULL,"서울특별시 동대문구 답십리동 80-10"
NULL,NULL,"서울특별시 동대문구 답십리동 1-92"
NULL,NULL,"서울특별시 동대문구 전농동 534-5"
NULL,NULL,"서울특별시 동대문구 답십리동 217"
NULL,NULL,"서울특별시 동대문구 휘경동 49-15"
NULL,NULL,"서울특별시 동대문구 답십리동 51-3"
NULL,NULL,"서울특별시 동대문구 답십리동 51-3"
NULL,NULL,"서울특별시 동대문구 용두동 23-7"
NULL,NULL,"서울특별시 동대문구 답십리동 1-92"
NULL,NULL,"서울특별시 동대문구 전농동 534-5"
NULL,NULL,"서울특별시 동대문구 답십리동 1-92"
NULL,NULL,"서울특별시 동대문구 제기동 122-40"
NULL,NULL,"서울특별시 동대문구 전농동 534-5"
NULL,NULL,"서울특별시 동대문구 답십리동 1-92"
NULL,NULL,"서울특별시 동대문구 답십리동 474-26"
NULL,NULL,"서울특별시 동대문구 답십리동 51-3"
NULL,NULL,"서울특별시 동대문구 답십리동 80-10"
NULL,NULL,"서울특별시 동대문구 답십리동 80-10"
NULL,NULL,"서울특별시 동대문구 답십리동 80-10"
NULL,NULL,"서울특별시 동대문구 답십리동 1-92"
NULL,NULL,"서울특별시 동대문구 답십리동 1-92"
NULL,NULL,"서울특별시 동대문구 답십리동 80-10"
NULL,NULL,"서울특별시 동대문구 답십리동 489-137"
NULL,NULL,"서울특별시 동대문구 답십리동 1-92"
NULL,NULL,"서울특별시 동대문구 답십리동 1-92"
NULL,NULL,"서울특별시 동대문구 전농동 534-5"
NULL,NULL,"서울특별시 동대문구 답십리동 1-92"
NULL,NULL,"서울특별시 동대문구 답십리동 66-46"
NULL,NULL,"서울특별시 동대문구 답십리동 80-10"
NULL,NULL,"서울특별시 동대문구 답십리동 51-3"
NULL,NULL,"서울특별시 동대문구 전농동 534-5"
NULL,NULL,"서울특별시 동대문구 휘경동 49-15"
NULL,NULL,"서울특별시 동대문구 전농동 534-5"
NULL,NULL,"서울특별시 동대문구 휘경동 269-9"
NULL,NULL,"서울특별시 동대문구 전농동 534-5"
NULL,NULL,"서울특별시 동대문구 전농동 534-5"
NULL,NULL,"서울특별시 동대문구 답십리동 474-26"
NULL,NULL,"서울특별시 동대문구 답십리동 1-92"
NULL,NULL,"서울특별시 동대문구 답십리동 80-10"
NULL,NULL,"서울특별시 동대문구 답십리동 80-10"
NULL,NULL,"서울특별시 동대문구 휘경동 49-15"
NULL,NULL,"서울특별시 동대문구 이문동 90-15"
NULL,NULL,"서울특별시 동대문구 답십리동 80-10"
NULL,NULL,"서울특별시 동대문구 답십리동 80-10"
NULL,NULL,"서울특별시 동대문구 답십리동 80-10"
NULL,NULL,"서울특별시 동대문구 답십리동 80-10"
NULL,NULL,"서울특별시 동대문구 답십리동 66-46"
NULL,NULL,"서울특별시 동대문구 제기동 122-40"
NULL,NULL,"서울특별시 동대문구 전농동 407-3"
NULL,NULL,"서울특별시 동대문구 용두동 250-21"
NULL,NULL,"서울특별시 동대문구 용두동 255-19"
NULL,NULL,"서울특별시 동대문구 제기동 122-40"
NULL,NULL,"서울특별시 동대문구 전농동 295-61"
NULL,NULL,"서울특별시 동대문구 제기동 1142-16"
NULL,NULL,"서울특별시 동대문구 제기동 1142-16"
NULL,NULL,"서울특별시 동대문구 휘경동 110-7"
NULL,NULL,"서울특별시 동대문구 제기동 1142-16"
NULL,NULL,"서울특별시 동대문구 전농동 295-61"
NULL,NULL,"서울특별시 동대문구 제기동 1142-16"
NULL,NULL,"서울특별시 동대문구 전농동 295-61"
NULL,NULL,"서울특별시 동대문구 전농동 295-61"
NULL,NULL,"서울특별시 동대문구 제기동 1142-16"
NULL,NULL,"서울특별시 동대문구 제기동 1142-16"
NULL,NULL,"서울특별시 동대문구 전농동 295-61"
NULL,NULL,"서울특별시 동대문구 제기동 1142-16"
NULL,NULL,"서울특별시 동대문구 휘경동 110-7"
NULL,NULL,"서울특별시 동대문구 휘경동 110-7"
NULL,NULL,"서울특별시 동대문구 회기동 31-3"
NULL,NULL,"서울특별시 동대문구 제기동 1142-16"
NULL,NULL,"서울특별시 동대문구 청량리동 205-189"
NULL,NULL,"서울특별시 동대문구 답십리동 489-136"
NULL,NULL,"서울특별시 동대문구 휘경동 110-7"
NULL,NULL,"서울특별시 동대문구 답십리동 41-2"
NULL,NULL,"서울특별시 동대문구 제기동 1142-16"
NULL,NULL,"서울특별시 동대문구 전농동 295-61"
NULL,NULL,"서울특별시 동대문구 답십리동 41-2"
NULL,NULL,"서울특별시 동대문구 제기동 1142-16"
NULL,NULL,"서울특별시 동대문구 제기동 1142-16"
NULL,NULL,"서울특별시 동대문구 제기동 830-6"
NULL,NULL,"서울특별시 동대문구 전농동 295-61"
NULL,NULL,"서울특별시 동대문구 전농동 295-61"
NULL,NULL,"서울특별시 동대문구 제기동 1142-16"
NULL,NULL,"서울특별시 동대문구 회기동 31-3"
NULL,NULL,"서울특별시 동대문구 제기동 1142-16"
NULL,NULL,"서울특별시 동대문구 휘경동 264-1"
NULL,NULL,"서울특별시 동대문구 제기동 1142-16"
NULL,NULL,"서울특별시 동대문구 제기동 1142-16"
NULL,NULL,"서울특별시 동대문구 제기동 1142-16"
NULL,NULL,"서울특별시 동대문구 제기동 1142-16"
NULL,NULL,"서울특별시 동대문구 신설동 97-37"
NULL,NULL,"서울특별시 동대문구 신설동 97-37"
NULL,NULL,"서울특별시 동대문구 신설동 97-37"
NULL,NULL,"서울특별시 동대문구 신설동 97-37"
NULL,NULL,"서울특별시 동대문구 신설동 97-37"
NULL,NULL,"서울특별시 동대문구 신설동 97-37"
NULL,NULL,"서울특별시 동대문구 신설동 97-37"
NULL,NULL,"서울특별시 동대문구 신설동 97-37"
NULL,NULL,"서울특별시 동대문구 신설동 97-37"
NULL,NULL,"서울특별시 동대문구 용두동 237-10"
NULL,NULL,"서울특별시 동대문구 용두동 237-10"
NULL,NULL,"서울특별시 동대문구 용두동 237-10"
NULL,NULL,"서울특별시 동대문구 용두동 237-10"
NULL,NULL,"서울특별시 동대문구 용두동 237-10"
NULL,NULL,"서울특별시 동대문구 용두동 237-10"
NULL,NULL,"서울특별시 동대문구 용두동 237-10"
NULL,NULL,"서울특별시 동대문구 용두동 237-10"
NULL,NULL,"서울특별시 동대문구 용두동 237-10"
NULL,NULL,"서울특별시 동대문구 용두동 237-10"
NULL,NULL,"서울특별시 동대문구 용두동 237-10"
NULL,NULL,"서울특별시 동대문구 용두동 237-10"
NULL,NULL,"서울특별시 동대문구 용두동 237-10"
NULL,NULL,"서울특별시 동대문구 용두동 237-10"
NULL,NULL,"서울특별시 동대문구 용두동 237-10"
NULL,NULL,"서울특별시 동대문구 용두동 237-10"
NULL,NULL,"서울특별시 동대문구 제기동 149-16"
NULL,NULL,"서울특별시 동대문구 용두동 237-10"
NULL,NULL,"서울특별시 동대문구 용두동 237-10"
NULL,NULL,"서울특별시 동대문구 용두동 237-10"
NULL,NULL,"서울특별시 동대문구 용두동 237-10"
NULL,NULL,"서울특별시 동대문구 용두동 237-10"
NULL,NULL,"서울특별시 동대문구 용두동 237-10"
NULL,NULL,"서울특별시 동대문구 용두동 237-10"
NULL,NULL,"서울특별시 동대문구 용두동 237-10"
NULL,NULL,"서울특별시 동대문구 용두동 237-10"
NULL,NULL,"서울특별시 동대문구 용두동 237-10"
NULL,NULL,"서울특별시 동대문구 용두동 237-10"
NULL,NULL,"서울특별시 동대문구 용두동 237-10"
NULL,NULL,"서울특별시 동대문구 용두동 237-10"
NULL,NULL,"서울특별시 동대문구 용두동 237-10"
NULL,NULL,"서울특별시 동대문구 용두동 237-10"
NULL,NULL,"서울특별시 동대문구 용두동 237-10"
NULL,NULL,"서울특별시 동대문구 용두동 237-10"
NULL,NULL,"서울특별시 동대문구 용두동 237-10"
NULL,NULL,"서울특별시 동대문구 용두동 237-10"
NULL,NULL,"서울특별시 동대문구 용두동 237-10"
NULL,NULL,"서울특별시 동대문구 이문동 220-106"
NULL,NULL,"서울특별시 동대문구 용두동 237-10"
NULL,NULL,"서울특별시 동대문구 용두동 237-10"
NULL,NULL,"서울특별시 동대문구 용두동 237-10"
NULL,NULL,"서울특별시 동대문구 용두동 237-10"
NULL,NULL,"서울특별시 동대문구 용두동 237-10"
NULL,NULL,"서울특별시 동대문구 용두동 237-10"
NULL,NULL,"서울특별시 동대문구 용두동 237-10"
NULL,NULL,"서울특별시 동대문구 용두동 237-10"
NULL,NULL,"서울특별시 동대문구 용두동 237-10"
NULL,NULL,"서울특별시 동대문구 용두동 237-10"
NULL,NULL,"서울특별시 동대문구 용두동 237-10"
NULL,NULL,"서울특별시 동대문구 용두동 237-10"
NULL,NULL,"서울특별시 동대문구 용두동 237-10"
NULL,NULL,"서울특별시 동대문구 용두동 237-10"
NULL,NULL,"서울특별시 동대문구 용두동 237-10"
NULL,NULL,"서울특별시 동대문구 전농동 135-5"
NULL,NULL,"서울특별시 동대문구 이문동 288-38"
NULL,NULL,"서울특별시 동대문구 용두동 237-10"
NULL,NULL,"서울특별시 동대문구 용두동 237-10"
NULL,NULL,"서울특별시 동대문구 용두동 237-10"
NULL,NULL,"서울특별시 동대문구 용두동 237-10"
NULL,NULL,"서울특별시 동대문구 용두동 237-10"
NULL,NULL,"서울특별시 동대문구 용두동 237-10"
NULL,NULL,"서울특별시 동대문구 용두동 237-10"
NULL,NULL,"서울특별시 동대문구 용두동 237-10"
NULL,NULL,"서울특별시 동대문구 용두동 237-10"
NULL,NULL,"서울특별시 동대문구 용두동 237-10"
NULL,NULL,"서울특별시 동대문구 용두동 237-10"
NULL,NULL,"서울특별시 동대문구 이문동 288-38"
NULL,NULL,"서울특별시 동대문구 용두동 237-10"
NULL,NULL,"서울특별시 동대문구 용두동 237-10"
NULL,NULL,"서울특별시 동대문구 용두동 237-10"
NULL,NULL,"서울특별시 동대문구 제기동 136-361"
NULL,NULL,"서울특별시 동대문구 용두동 237-10"
NULL,NULL,"서울특별시 동대문구 용두동 237-10"
NULL,NULL,"서울특별시 동대문구 용두동 237-10"
NULL,NULL,"서울특별시 동대문구 용두동 237-10"
NULL,NULL,"서울특별시 동대문구 용두동 237-10"
NULL,NULL,"서울특별시 동대문구 용두동 237-10"
NULL,NULL,"서울특별시 동대문구 용두동 237-10"
NULL,NULL,"서울특별시 동대문구 용두동 237-10"
NULL,NULL,"서울특별시 동대문구 용두동 237-10"
NULL,NULL,"서울특별시 동대문구 용두동 237-10"
NULL,NULL,"서울특별시 동대문구 용두동 237-10"
NULL,NULL,"서울특별시 동대문구 용두동 237-10"
NULL,NULL,"서울특별시 동대문구 용두동 237-10"
NULL,NULL,"서울특별시 동대문구 용두동 237-10"
NULL,NULL,"서울특별시 동대문구 용두동 237-10"
NULL,NULL,"서울특별시 동대문구 용두동 237-10"
NULL,NULL,"서울특별시 동대문구 용두동 237-10"
NULL,NULL,"서울특별시 동대문구 용두동 237-10"
NULL,NULL,"서울특별시 동대문구 용두동 237-10"
NULL,NULL,"서울특별시 동대문구 용두동 237-10"
NULL,NULL,"서울특별시 동대문구 용두동 237-10"
NULL,NULL,"서울특별시 동대문구 용두동 237-10"
NULL,NULL,"서울특별시 동대문구 용두동 237-10"
NULL,NULL,"서울특별시 동대문구 용두동 237-10"
NULL,NULL,"서울특별시 동대문구 용두동 237-10"
NULL,NULL,"서울특별시 동대문구 용두동 237-10"
NULL,NULL,"서울특별시 동대문구 용두동 237-10"
NULL,NULL,"서울특별시 동대문구 용두동 237-10"
NULL,NULL,"서울특별시 동대문구 전농동 643-38"
NULL,NULL,"서울특별시 동대문구 용두동 237-10"
NULL,NULL,"서울특별시 동대문구 용두동 237-10"
NULL,NULL,"서울특별시 동대문구 용두동 237-10"
NULL,NULL,"서울특별시 동대문구 전농동 135-5"
NULL,NULL,"서울특별시 동대문구 용두동 237-10"
NULL,NULL,"서울특별시 동대문구 이문동 288-38"
NULL,NULL,"서울특별시 동대문구 용두동 237-10"
NULL,NULL,"서울특별시 동대문구 용두동 237-10"
NULL,NULL,"서울특별시 동대문구 용두동 237-10"
NULL,NULL,"서울특별시 동대문구 용두동 237-10"
NULL,NULL,"서울특별시 동대문구 용두동 237-10"
NULL,NULL,"서울특별시 동대문구 용두동 237-10"
NULL,NULL,"서울특별시 동대문구 용두동 237-10"
NULL,NULL,"서울특별시 동대문구 용두동 237-10"
NULL,NULL,"서울특별시 동대문구 용두동 237-10"
NULL,NULL,"서울특별시 동대문구 이문동 288-38"
NULL,NULL,"서울특별시 동대문구 용두동 237-10"
NULL,NULL,"서울특별시 동대문구 용두동 237-10"
NULL,NULL,"서울특별시 동대문구 용두동 237-10"
NULL,NULL,"서울특별시 동대문구 용두동 237-10"
NULL,NULL,"서울특별시 동대문구 용두동 237-10"
NULL,NULL,"서울특별시 동대문구 용두동 237-10"
NULL,NULL,"서울특별시 동대문구 용두동 237-10"
NULL,NULL,"서울특별시 동대문구 용두동 237-10"
NULL,NULL,"서울특별시 동대문구 용두동 237-10"
NULL,NULL,"서울특별시 동대문구 용두동 237-10"
NULL,NULL,"서울특별시 동대문구 용두동 237-10"
NULL,NULL,"서울특별시 동대문구 용두동 237-10"
NULL,NULL,"서울특별시 동대문구 용두동 237-10"
NULL,NULL,"서울특별시 동대문구 용두동 237-10"
NULL,NULL,"서울특별시 동대문구 용두동 237-10"
NULL,NULL,"서울특별시 동대문구 용두동 237-10"
NULL,NULL,"서울특별시 동대문구 용두동 237-10"
NULL,NULL,"서울특별시 동대문구 용두동 237-10"
NULL,NULL,"서울특별시 동대문구 용두동 237-10"
NULL,NULL,"서울특별시 동대문구 용두동 237-10"
NULL,NULL,"서울특별시 동대문구 용두동 237-10"
NULL,NULL,"서울특별시 동대문구 용두동 237-10"
NULL,NULL,"서울특별시 동대문구 용두동 237-10"
NULL,NULL,"서울특별시 동대문구 용두동 237-10"
NULL,NULL,"서울특별시 동대문구 용두동 237-10"
NULL,NULL,"서울특별시 동대문구 용두동 237-10"
NULL,NULL,"서울특별시 동대문구 용두동 237-10"
NULL,NULL,"서울특별시 동대문구 용두동 237-10"
NULL,NULL,"서울특별시 동대문구 용두동 237-10"
NULL,NULL,"서울특별시 동대문구 용두동 237-10"
NULL,NULL,"서울특별시 동대문구 용두동 237-10"
NULL,NULL,"서울특별시 동대문구 용두동 237-10"
NULL,NULL,"서울특별시 동대문구 용두동 237-10"
NULL,NULL,"서울특별시 동대문구 전농동 644-18"
NULL,NULL,"서울특별시 동대문구 용두동 237-10"
NULL,NULL,"서울특별시 동대문구 용두동 237-10"
NULL,NULL,"서울특별시 동대문구 용두동 237-10"
NULL,NULL,"서울특별시 동대문구 용두동 237-10"
NULL,NULL,"서울특별시 동대문구 용두동 237-10"
NULL,NULL,"서울특별시 동대문구 용두동 237-10"
NULL,NULL,"서울특별시 동대문구 용두동 237-10"
NULL,NULL,"서울특별시 동대문구 용두동 237-10"
NULL,NULL,"서울특별시 동대문구 용두동 237-10"
NULL,NULL,"서울특별시 동대문구 용두동 237-10"
NULL,NULL,"서울특별시 동대문구 용두동 237-10"
NULL,NULL,"서울특별시 동대문구 용두동 237-10"
NULL,NULL,"서울특별시 동대문구 용두동 237-10"
NULL,NULL,"서울특별시 동대문구 용두동 237-10"
NULL,NULL,"서울특별시 동대문구 용두동 237-10"
NULL,NULL,"서울특별시 동대문구 용두동 237-10"
NULL,NULL,"서울특별시 동대문구 용두동 237-10"
NULL,NULL,"서울특별시 동대문구 용두동 237-10"
NULL,NULL,"서울특별시 동대문구 용두동 237-10"
NULL,NULL,"서울특별시 동대문구 용두동 237-10"
NULL,NULL,"서울특별시 동대문구 용두동 237-10"
NULL,NULL,"서울특별시 동대문구 용두동 237-10"
NULL,NULL,"서울특별시 동대문구 용두동 237-10"
NULL,NULL,"서울특별시 동대문구 용두동 237-10"
NULL,NULL,"서울특별시 동대문구 용두동 237-10"
NULL,NULL,"서울특별시 동대문구 용두동 237-10"
NULL,NULL,"서울특별시 동대문구 용두동 237-10"
NULL,NULL,"서울특별시 동대문구 용두동 237-10"
NULL,NULL,"서울특별시 동대문구 용두동 237-10"
NULL,NULL,"서울특별시 동대문구 용두동 237-10"
NULL,NULL,"서울특별시 동대문구 용두동 237-10"
NULL,NULL,"서울특별시 동대문구 용두동 237-10"
NULL,NULL,"서울특별시 동대문구 용두동 237-10"
NULL,NULL,"서울특별시 동대문구 용두동 237-10"
NULL,NULL,"서울특별시 동대문구 용두동 237-10"
NULL,NULL,"서울특별시 동대문구 용두동 237-10"
NULL,NULL,"서울특별시 동대문구 전농동 643-38"
NULL,NULL,"서울특별시 동대문구 용두동 237-10"
NULL,NULL,"서울특별시 동대문구 용두동 237-10"
NULL,NULL,"서울특별시 동대문구 용두동 237-10"
NULL,NULL,"서울특별시 동대문구 용두동 237-10"
NULL,NULL,"서울특별시 동대문구 용두동 237-10"
NULL,NULL,"서울특별시 동대문구 용두동 237-10"
NULL,NULL,"서울특별시 동대문구 용두동 237-10"
NULL,NULL,"서울특별시 동대문구 용두동 237-10"
NULL,NULL,"서울특별시 동대문구 용두동 237-10"
NULL,NULL,"서울특별시 동대문구 용두동 237-10"
NULL,NULL,"서울특별시 동대문구 전농동 625-3"
NULL,NULL,"서울특별시 동대문구 용두동 237-10"
NULL,NULL,"서울특별시 동대문구 용두동 237-10"
NULL,NULL,"서울특별시 동대문구 용두동 237-10"
NULL,NULL,"서울특별시 동대문구 용두동 237-10"
NULL,NULL,"서울특별시 동대문구 용두동 237-10"
NULL,NULL,"서울특별시 동대문구 용두동 237-10"
NULL,NULL,"서울특별시 동대문구 용두동 237-10"
NULL,NULL,"서울특별시 동대문구 용두동 237-10"
NULL,NULL,"서울특별시 동대문구 용두동 237-10"
NULL,NULL,"서울특별시 동대문구 용두동 237-10"
NULL,NULL,"서울특별시 동대문구 용두동 237-10"
NULL,NULL,"서울특별시 동대문구 용두동 237-10"
NULL,NULL,"서울특별시 동대문구 용두동 237-10"
NULL,NULL,"서울특별시 동대문구 용두동 237-10"
NULL,NULL,"서울특별시 동대문구 용두동 237-10"
NULL,NULL,"서울특별시 동대문구 용두동 237-10"
NULL,NULL,"서울특별시 동대문구 용두동 237-10"
NULL,NULL,"서울특별시 동대문구 용두동 237-10"
NULL,NULL,"서울특별시 동대문구 용두동 237-10"
NULL,NULL,"서울특별시 동대문구 용두동 237-10"
NULL,NULL,"서울특별시 동대문구 용두동 237-10"
NULL,NULL,"서울특별시 동대문구 용두동 237-10"
NULL,NULL,"서울특별시 동대문구 용두동 237-10"
NULL,NULL,"서울특별시 동대문구 용두동 237-10"
NULL,NULL,"서울특별시 동대문구 용두동 237-10"
NULL,NULL,"서울특별시 동대문구 용두동 237-10"
NULL,NULL,"서울특별시 동대문구 용두동 237-10"
NULL,NULL,"서울특별시 동대문구 용두동 237-10"
NULL,NULL,"서울특별시 동대문구 용두동 237-10"
NULL,NULL,"서울특별시 동대문구 용두동 190-10"
NULL,NULL,"서울특별시 동대문구 용두동 237-10"
NULL,NULL,"서울특별시 동대문구 용두동 237-10"
NULL,NULL,"서울특별시 동대문구 용두동 237-10"
NULL,NULL,"서울특별시 동대문구 용두동 237-10"
NULL,NULL,"서울특별시 동대문구 전농동 150-88"
NULL,NULL,"서울특별시 동대문구 용두동 237-10"
NULL,NULL,"서울특별시 동대문구 용두동 237-10"
NULL,NULL,"서울특별시 동대문구 용두동 190-10"
NULL,NULL,"서울특별시 동대문구 용두동 237-10"
NULL,NULL,"서울특별시 동대문구 용두동 237-10"
NULL,NULL,"서울특별시 동대문구 용두동 237-10"
NULL,NULL,"서울특별시 동대문구 용두동 237-10"
NULL,NULL,"서울특별시 동대문구 용두동 237-10"
NULL,NULL,"서울특별시 동대문구 용두동 237-10"
NULL,NULL,"서울특별시 동대문구 용두동 237-10"
NULL,NULL,"서울특별시 동대문구 용두동 237-10"
NULL,NULL,"서울특별시 동대문구 용두동 237-10"
NULL,NULL,"서울특별시 동대문구 용두동 237-10"
NULL,NULL,"서울특별시 동대문구 용두동 237-10"
NULL,NULL,"서울특별시 동대문구 용두동 237-10"
NULL,NULL,"서울특별시 동대문구 용두동 237-10"
NULL,NULL,"서울특별시 동대문구 용두동 237-10"
NULL,NULL,"서울특별시 동대문구 용두동 237-10"
NULL,NULL,"서울특별시 동대문구 용두동 237-10"
NULL,NULL,"서울특별시 동대문구 용두동 237-10"
NULL,NULL,"서울특별시 동대문구 용두동 237-10"
NULL,NULL,"서울특별시 동대문구 용두동 237-10"
NULL,NULL,"서울특별시 동대문구 용두동 237-10"
NULL,NULL,"서울특별시 동대문구 용두동 237-10"
NULL,NULL,"서울특별시 동대문구 전농동 643-38"
NULL,NULL,"서울특별시 동대문구 용두동 237-10"
NULL,NULL,"서울특별시 동대문구 용두동 237-10"
NULL,NULL,"서울특별시 동대문구 용두동 237-10"
NULL,NULL,"서울특별시 동대문구 용두동 237-10"
NULL,NULL,"서울특별시 동대문구 제기동 149-16"
NULL,NULL,"서울특별시 동대문구 용두동 237-10"
NULL,NULL,"서울특별시 동대문구 용두동 237-10"
NULL,NULL,"서울특별시 동대문구 용두동 237-10"
NULL,NULL,"서울특별시 동대문구 용두동 237-10"
NULL,NULL,"서울특별시 동대문구 용두동 237-10"
NULL,NULL,"서울특별시 동대문구 용두동 237-10"
NULL,NULL,"서울특별시 동대문구 용두동 237-10"
NULL,NULL,"서울특별시 동대문구 용두동 237-10"
NULL,NULL,"서울특별시 동대문구 제기동 149-16"
NULL,NULL,"서울특별시 동대문구 용두동 237-10"
NULL,NULL,"서울특별시 동대문구 용두동 237-10"
NULL,NULL,"서울특별시 동대문구 용두동 237-10"
NULL,NULL,"서울특별시 동대문구 용두동 237-10"
NULL,NULL,"서울특별시 동대문구 용두동 237-10"
NULL,NULL,"서울특별시 동대문구 용두동 237-10"
NULL,NULL,"서울특별시 동대문구 용두동 237-10"
NULL,NULL,"서울특별시 동대문구 용두동 237-10"
NULL,NULL,"서울특별시 동대문구 이문동 288-38"
NULL,NULL,"서울특별시 동대문구 용두동 237-10"
NULL,NULL,"서울특별시 동대문구 용두동 237-10"
NULL,NULL,"서울특별시 동대문구 용두동 237-10"
NULL,NULL,"서울특별시 동대문구 용두동 237-10"
NULL,NULL,"서울특별시 동대문구 용두동 237-10"
NULL,NULL,"서울특별시 동대문구 용두동 237-10"
NULL,NULL,"서울특별시 동대문구 용두동 237-10"
NULL,NULL,"서울특별시 동대문구 용두동 237-10"
NULL,NULL,"서울특별시 동대문구 용두동 237-10"
NULL,NULL,"서울특별시 동대문구 용두동 237-10"
NULL,NULL,"서울특별시 동대문구 용두동 237-10"
NULL,NULL,"서울특별시 동대문구 용두동 237-10"
NULL,NULL,"서울특별시 동대문구 용두동 237-10"
NULL,NULL,"서울특별시 동대문구 용두동 237-10"
NULL,NULL,"서울특별시 동대문구 용두동 237-10"
NULL,NULL,"서울특별시 동대문구 용두동 237-10"
NULL,NULL,"서울특별시 동대문구 용두동 237-10"
NULL,NULL,"서울특별시 동대문구 제기동 149-16"
NULL,NULL,"서울특별시 동대문구 용두동 237-10"
NULL,NULL,"서울특별시 동대문구 전농동 643-38"
NULL,NULL,"서울특별시 동대문구 용두동 237-10"
NULL,NULL,"서울특별시 동대문구 용두동 237-10"
NULL,NULL,"서울특별시 동대문구 용두동 237-10"
NULL,NULL,"서울특별시 동대문구 용두동 237-10"
NULL,NULL,"서울특별시 동대문구 용두동 237-10"
NULL,NULL,"서울특별시 동대문구 전농동 150-88"
NULL,NULL,"서울특별시 동대문구 전농동 135-5"
NULL,NULL,"서울특별시 동대문구 청량리동 444-2"
NULL,NULL,"서울특별시 동대문구 답십리동 496-13"
NULL,NULL,"서울특별시 동대문구 용두동 237-10"
NULL,NULL,"서울특별시 동대문구 용두동 237-10"
NULL,NULL,"서울특별시 동대문구 용두동 237-10"
NULL,NULL,"서울특별시 동대문구 용두동 237-10"
NULL,NULL,"서울특별시 동대문구 용두동 237-10"
NULL,NULL,"서울특별시 동대문구 용두동 237-10"
NULL,NULL,"서울특별시 동대문구 용두동 237-10"
NULL,NULL,"서울특별시 동대문구 용두동 237-10"
NULL,NULL,"서울특별시 동대문구 용두동 237-10"
NULL,NULL,"서울특별시 동대문구 용두동 237-10"
NULL,NULL,"서울특별시 동대문구 용두동 237-10"
NULL,NULL,"서울특별시 동대문구 용두동 237-10"
NULL,NULL,"서울특별시 동대문구 용두동 237-10"
NULL,NULL,"서울특별시 동대문구 용두동 237-10"
NULL,NULL,"서울특별시 동대문구 용두동 237-10"
NULL,NULL,"서울특별시 동대문구 용두동 237-10"
NULL,NULL,"서울특별시 동대문구 용두동 237-10"
NULL,NULL,"서울특별시 동대문구 용두동 237-10"
NULL,NULL,"서울특별시 동대문구 용두동 237-10"
NULL,NULL,"서울특별시 동대문구 용두동 237-10"
NULL,NULL,"서울특별시 동대문구 용두동 237-10"
NULL,NULL,"서울특별시 동대문구 용두동 237-10"
NULL,NULL,"서울특별시 동대문구 용두동 237-10"
NULL,NULL,"서울특별시 동대문구 용두동 237-10"
NULL,NULL,"서울특별시 동대문구 용두동 237-10"
NULL,NULL,"서울특별시 동대문구 용두동 237-10"
NULL,NULL,"서울특별시 동대문구 용두동 237-10"
NULL,NULL,"서울특별시 동대문구 용두동 237-10"
NULL,NULL,"서울특별시 동대문구 용두동 237-10"
NULL,NULL,"서울특별시 동대문구 용두동 237-10"
NULL,NULL,"서울특별시 동대문구 용두동 237-10"
NULL,NULL,"서울특별시 동대문구 용두동 237-10"
NULL,NULL,"서울특별시 동대문구 용두동 237-10"
NULL,NULL,"서울특별시 동대문구 답십리동 463-13"
NULL,NULL,"서울특별시 동대문구 용두동 190-5"
NULL,NULL,"서울특별시 동대문구 이문동 346-131"
NULL,NULL,"서울특별시 동대문구 휘경동 49-23"
NULL,NULL,"서울특별시 동대문구 이문동 346-131"
NULL,NULL,"서울특별시 동대문구 이문동 346-131"
NULL,NULL,"서울특별시 동대문구 이문동 346-131"
NULL,NULL,"서울특별시 동대문구 이문동 346-131"
NULL,NULL,"서울특별시 동대문구 이문동 346-131"
NULL,NULL,"서울특별시 동대문구 이문동 346-131"
NULL,NULL,"서울특별시 동대문구 전농동 183-1"
NULL,NULL,"서울특별시 동대문구 휘경동 49-23"
NULL,NULL,"서울특별시 동대문구 이문동 346-131"
NULL,NULL,"서울특별시 동대문구 이문동 346-131"
NULL,NULL,"서울특별시 동대문구 이문동 346-131"
NULL,NULL,"서울특별시 동대문구 이문동 346-131"
NULL,NULL,"서울특별시 동대문구 이문동 346-131"
NULL,NULL,"서울특별시 동대문구 이문동 114-36"
NULL,NULL,"서울특별시 동대문구 청량리동 205-104"
NULL,NULL,"서울특별시 동대문구 용두동 190-5"
NULL,NULL,"서울특별시 동대문구 휘경동 49-23"
NULL,NULL,"서울특별시 동대문구 이문동 346-131"
NULL,NULL,"서울특별시 동대문구 이문동 346-131"
NULL,NULL,"서울특별시 동대문구 답십리동 490-27"
NULL,NULL,"서울특별시 동대문구 이문동 346-131"
NULL,NULL,"서울특별시 동대문구 이문동 346-131"
NULL,NULL,"서울특별시 동대문구 청량리동 205-104"
NULL,NULL,"서울특별시 동대문구 이문동 346-131"
NULL,NULL,"서울특별시 동대문구 이문동 346-131"
NULL,NULL,"서울특별시 동대문구 이문동 346-131"
NULL,NULL,"서울특별시 동대문구 전농동 623-19"
NULL,NULL,"서울특별시 동대문구 이문동 346-131"
NULL,NULL,"서울특별시 동대문구 이문동 346-131"
NULL,NULL,"서울특별시 동대문구 이문동 346-131"
NULL,NULL,"서울특별시 동대문구 이문동 346-131"
NULL,NULL,"서울특별시 동대문구 이문동 346-131"
NULL,NULL,"서울특별시 동대문구 답십리동 530-1"
NULL,NULL,"서울특별시 동대문구 이문동 346-131"
NULL,NULL,"서울특별시 동대문구 이문동 346-131"
NULL,NULL,"서울특별시 동대문구 이문동 346-131"
NULL,NULL,"서울특별시 동대문구 제기동 1153-10"
NULL,NULL,"서울특별시 동대문구 답십리동 467-7"
NULL,NULL,"서울특별시 동대문구 휘경동 49-23"
NULL,NULL,"서울특별시 동대문구 이문동 346-131"
NULL,NULL,"서울특별시 동대문구 이문동 346-131"
NULL,NULL,"서울특별시 동대문구 이문동 346-131"
NULL,NULL,"서울특별시 동대문구 전농동 183-1"
NULL,NULL,"서울특별시 동대문구 이문동 346-131"
NULL,NULL,"서울특별시 동대문구 청량리동 34"
NULL,NULL,"서울특별시 동대문구 장안동 469-9"
NULL,NULL,"서울특별시 동대문구 청량리동 34"
NULL,NULL,"서울특별시 동대문구 장안동 469-9"
NULL,NULL,"서울특별시 동대문구 장안동 469-9"
NULL,NULL,"서울특별시 동대문구 장안동 469-9"
NULL,NULL,"서울특별시 동대문구 청량리동 34"
NULL,NULL,"서울특별시 동대문구 청량리동 34"
NULL,NULL,"서울특별시 동대문구 장안동 469-9"
NULL,NULL,"서울특별시 동대문구 회기동 60-212"
NULL,NULL,"서울특별시 동대문구 장안동 469-9"
NULL,NULL,"서울특별시 동대문구 장안동 469-9"
NULL,NULL,"서울특별시 동대문구 장안동 469-9"
NULL,NULL,"서울특별시 동대문구 전농동 124-15"
NULL,NULL,"서울특별시 동대문구 회기동 60-212"
NULL,NULL,"서울특별시 동대문구 청량리동 34"
NULL,NULL,"서울특별시 동대문구 청량리동 34"
NULL,NULL,"서울특별시 동대문구 장안동 469-9"
NULL,NULL,"서울특별시 동대문구 회기동 60-212"
NULL,NULL,"서울특별시 동대문구 청량리동 34"
NULL,NULL,"서울특별시 동대문구 장안동 469-9"
NULL,NULL,"서울특별시 동대문구 청량리동 34"
NULL,NULL,"서울특별시 동대문구 청량리동 34"
NULL,NULL,"서울특별시 동대문구 장안동 469-9"
NULL,NULL,"서울특별시 동대문구 청량리동 34"
NULL,NULL,"서울특별시 동대문구 청량리동 34"
NULL,NULL,"서울특별시 동대문구 답십리동 476-70"
NULL,NULL,"서울특별시 동대문구 청량리동 34"
NULL,NULL,"서울특별시 동대문구 이문동 86-83"
NULL,NULL,"서울특별시 동대문구 회기동 60-212"
NULL,NULL,"서울특별시 동대문구 장안동 469-9"
NULL,NULL,"서울특별시 동대문구 답십리동 476-70"
NULL,NULL,"서울특별시 동대문구 회기동 60-212"
NULL,NULL,"서울특별시 동대문구 청량리동 34"
NULL,NULL,"서울특별시 동대문구 답십리동 485-151"
NULL,NULL,"서울특별시 동대문구 회기동 60-212"
NULL,NULL,"서울특별시 동대문구 장안동 469-9"
NULL,NULL,"서울특별시 동대문구 청량리동 34"
NULL,NULL,"서울특별시 동대문구 청량리동 34"
NULL,NULL,"서울특별시 동대문구 장안동 469-9"
NULL,NULL,"서울특별시 동대문구 청량리동 34"
NULL,NULL,"서울특별시 동대문구 장안동 469-9"
NULL,NULL,"서울특별시 동대문구 청량리동 34"
NULL,NULL,"서울특별시 동대문구 청량리동 34"
NULL,NULL,"서울특별시 동대문구 청량리동 34"
NULL,NULL,"서울특별시 동대문구 회기동 60-212"
NULL,NULL,"서울특별시 동대문구 이문동 115-49"
NULL,NULL,"서울특별시 동대문구 전농동 38-128"
NULL,NULL,"서울특별시 동대문구 장안동 469-9"
NULL,NULL,"서울특별시 동대문구 회기동 60-212"
NULL,NULL,"서울특별시 동대문구 청량리동 34"
NULL,NULL,"서울특별시 동대문구 청량리동 34"
NULL,NULL,"서울특별시 동대문구 청량리동 34"
NULL,NULL,"서울특별시 동대문구 청량리동 34"
NULL,NULL,"서울특별시 동대문구 답십리동 485-151"
NULL,NULL,"서울특별시 동대문구 청량리동 34"
NULL,NULL,"서울특별시 동대문구 장안동 469-9"
NULL,NULL,"서울특별시 동대문구 청량리동 34"
NULL,NULL,"서울특별시 동대문구 청량리동 34"
NULL,NULL,"서울특별시 동대문구 전농동 124-15"
NULL,NULL,"서울특별시 동대문구 장안동 469-9"
NULL,NULL,"서울특별시 동대문구 청량리동 34"
NULL,NULL,"서울특별시 동대문구 청량리동 34"
NULL,NULL,"서울특별시 동대문구 장안동 469-9"
NULL,NULL,"서울특별시 동대문구 장안동 469-9"
NULL,NULL,"서울특별시 동대문구 회기동 60-212"
NULL,NULL,"서울특별시 동대문구 청량리동 34"
NULL,NULL,"서울특별시 동대문구 회기동 60-212"
NULL,NULL,"서울특별시 동대문구 회기동 60-212"
NULL,NULL,"서울특별시 동대문구 장안동 469-9"
NULL,NULL,"서울특별시 동대문구 장안동 469-9"
NULL,NULL,"서울특별시 동대문구 회기동 60-212"
NULL,NULL,"서울특별시 동대문구 청량리동 34"
NULL,NULL,"서울특별시 동대문구 청량리동 34"
NULL,NULL,"서울특별시 동대문구 장안동 469-9"
NULL,NULL,"서울특별시 동대문구 청량리동 34"
NULL,NULL,"서울특별시 동대문구 장안동 469-9"
NULL,NULL,"서울특별시 동대문구 장안동 469-9"
NULL,NULL,"서울특별시 동대문구 장안동 469-9"
NULL,NULL,"서울특별시 동대문구 장안동 469-9"
NULL,NULL,"서울특별시 동대문구 청량리동 34"
NULL,NULL,"서울특별시 동대문구 청량리동 34"
NULL,NULL,"서울특별시 동대문구 장안동 469-9"
NULL,NULL,"서울특별시 동대문구 장안동 469-9"
NULL,NULL,"서울특별시 동대문구 장안동 469-9"
NULL,NULL,"서울특별시 동대문구 답십리동 476-70"
NULL,NULL,"서울특별시 동대문구 장안동 469-9"
NULL,NULL,"서울특별시 동대문구 장안동 469-9"
NULL,NULL,"서울특별시 동대문구 장안동 469-9"
NULL,NULL,"서울특별시 동대문구 청량리동 34"
NULL,NULL,"서울특별시 동대문구 청량리동 34"
NULL,NULL,"서울특별시 동대문구 장안동 469-9"
NULL,NULL,"서울특별시 동대문구 청량리동 34"
NULL,NULL,"서울특별시 동대문구 장안동 469-9"
NULL,NULL,"서울특별시 동대문구 장안동 469-9"
NULL,NULL,"서울특별시 동대문구 청량리동 34"
NULL,NULL,"서울특별시 동대문구 장안동 469-9"
NULL,NULL,"서울특별시 동대문구 청량리동 34"
NULL,NULL,"서울특별시 동대문구 회기동 60-212"
NULL,NULL,"서울특별시 동대문구 청량리동 34"
NULL,NULL,"서울특별시 동대문구 답십리동 485-151"
NULL,NULL,"서울특별시 동대문구 청량리동 34"
NULL,NULL,"서울특별시 동대문구 장안동 469-9"
NULL,NULL,"서울특별시 동대문구 장안동 469-9"
NULL,NULL,"서울특별시 동대문구 장안동 469-9"
NULL,NULL,"서울특별시 동대문구 장안동 469-9"
NULL,NULL,"서울특별시 동대문구 회기동 60-212"
NULL,NULL,"서울특별시 동대문구 답십리동 476-70"
NULL,NULL,"서울특별시 동대문구 답십리동 476-70"
NULL,NULL,"서울특별시 동대문구 답십리동 476-70"
NULL,NULL,"서울특별시 동대문구 답십리동 476-70"
NULL,NULL,"서울특별시 동대문구 청량리동 34"
NULL,NULL,"서울특별시 동대문구 청량리동 34"
NULL,NULL,"서울특별시 동대문구 청량리동 34"
NULL,NULL,"서울특별시 동대문구 청량리동 34"
NULL,NULL,"서울특별시 동대문구 용두동 255-83"
NULL,NULL,"서울특별시 동대문구 용두동 255-83"
NULL,NULL,"서울특별시 동대문구 용두동 255-83"
NULL,NULL,"서울특별시 동대문구 용두동 255-83"
NULL,NULL,"서울특별시 동대문구 용두동 255-83"
NULL,NULL,"서울특별시 동대문구 용두동 255-83"
NULL,NULL,"서울특별시 동대문구 용두동 255-83"
NULL,NULL,"서울특별시 동대문구 청량리동 819"
NULL,NULL,"서울특별시 동대문구 휘경동 43-1"
NULL,NULL,"서울특별시 동대문구 휘경동 43-1"
NULL,NULL,"서울특별시 동대문구 청량리동 819"
NULL,NULL,"서울특별시 동대문구 청량리동 819"
NULL,NULL,"서울특별시 동대문구 청량리동 819"
NULL,NULL,"서울특별시 동대문구 청량리동 819"
NULL,NULL,"서울특별시 동대문구 청량리동 819"
NULL,NULL,"서울특별시 동대문구 청량리동 819"
NULL,NULL,"서울특별시 동대문구 청량리동 819"
NULL,NULL,"서울특별시 동대문구 청량리동 235-14"
NULL,NULL,"서울특별시 동대문구 청량리동 819"
NULL,NULL,"서울특별시 동대문구 청량리동 819"
NULL,NULL,"서울특별시 동대문구 청량리동 819"
NULL,NULL,"서울특별시 동대문구 청량리동 819"
NULL,NULL,"서울특별시 동대문구 답십리동 66-52"
NULL,NULL,"서울특별시 동대문구 청량리동 819"
NULL,NULL,"서울특별시 동대문구 청량리동 819"
NULL,NULL,"서울특별시 동대문구 청량리동 819"
NULL,NULL,"서울특별시 동대문구 청량리동 819"
NULL,NULL,"서울특별시 동대문구 답십리동 66-52"
NULL,NULL,"서울특별시 동대문구 청량리동 819"
NULL,NULL,"서울특별시 동대문구 청량리동 819"
NULL,NULL,"서울특별시 동대문구 청량리동 819"
NULL,NULL,"서울특별시 동대문구 청량리동 819"
NULL,NULL,"서울특별시 동대문구 휘경동 43-1"
NULL,NULL,"서울특별시 동대문구 청량리동 819"
NULL,NULL,"서울특별시 동대문구 청량리동 819"
NULL,NULL,"서울특별시 동대문구 청량리동 819"
NULL,NULL,"서울특별시 동대문구 청량리동 819"
NULL,NULL,"서울특별시 동대문구 청량리동 819"
NULL,NULL,"서울특별시 동대문구 청량리동 819"
NULL,NULL,"서울특별시 동대문구 청량리동 819"
NULL,NULL,"서울특별시 동대문구 청량리동 819"
NULL,NULL,"서울특별시 동대문구 청량리동 819"
NULL,NULL,"서울특별시 동대문구 청량리동 819"
NULL,NULL,"서울특별시 동대문구 청량리동 819"
NULL,NULL,"서울특별시 동대문구 청량리동 819"
NULL,NULL,"서울특별시 동대문구 청량리동 819"
NULL,NULL,"서울특별시 동대문구 청량리동 819"
NULL,NULL,"서울특별시 동대문구 청량리동 819"
NULL,NULL,"서울특별시 동대문구 청량리동 819"
NULL,NULL,"서울특별시 동대문구 청량리동 819"
NULL,NULL,"서울특별시 동대문구 청량리동 819"
NULL,NULL,"서울특별시 동대문구 청량리동 819"
NULL,NULL,"서울특별시 동대문구 청량리동 819"
NULL,NULL,"서울특별시 동대문구 청량리동 819"
NULL,NULL,"서울특별시 동대문구 청량리동 819"
NULL,NULL,"서울특별시 동대문구 장안동 95-1"
NULL,NULL,"서울특별시 동대문구 청량리동 819"
NULL,NULL,"서울특별시 동대문구 청량리동 819"
NULL,NULL,"서울특별시 동대문구 청량리동 819"
NULL,NULL,"서울특별시 동대문구 휘경동 43-1"
NULL,NULL,"서울특별시 동대문구 청량리동 819"
NULL,NULL,"서울특별시 동대문구 청량리동 819"
NULL,NULL,"서울특별시 동대문구 청량리동 819"
NULL,NULL,"서울특별시 동대문구 청량리동 819"
NULL,NULL,"서울특별시 동대문구 청량리동 819"
NULL,NULL,"서울특별시 동대문구 청량리동 819"
NULL,NULL,"서울특별시 동대문구 청량리동 819"
NULL,NULL,"서울특별시 동대문구 청량리동 819"
NULL,NULL,"서울특별시 동대문구 청량리동 819"
NULL,NULL,"서울특별시 동대문구 청량리동 819"
NULL,NULL,"서울특별시 동대문구 장안동 95-1"
NULL,NULL,"서울특별시 동대문구 청량리동 819"
NULL,NULL,"서울특별시 동대문구 청량리동 819"
NULL,NULL,"서울특별시 동대문구 청량리동 819"
NULL,NULL,"서울특별시 동대문구 청량리동 819"
NULL,NULL,"서울특별시 동대문구 청량리동 819"
NULL,NULL,"서울특별시 동대문구 청량리동 819"
NULL,NULL,"서울특별시 동대문구 청량리동 819"
NULL,NULL,"서울특별시 동대문구 청량리동 819"
NULL,NULL,"서울특별시 동대문구 청량리동 819"
NULL,NULL,"서울특별시 동대문구 청량리동 819"
NULL,NULL,"서울특별시 동대문구 청량리동 819"
NULL,NULL,"서울특별시 동대문구 청량리동 819"
NULL,NULL,"서울특별시 동대문구 청량리동 819"
NULL,NULL,"서울특별시 동대문구 청량리동 819"
NULL,NULL,"서울특별시 동대문구 청량리동 819"
NULL,NULL,"서울특별시 동대문구 청량리동 819"
NULL,NULL,"서울특별시 동대문구 청량리동 819"
NULL,NULL,"서울특별시 동대문구 청량리동 819"
NULL,NULL,"서울특별시 동대문구 청량리동 819"
NULL,NULL,"서울특별시 동대문구 청량리동 235-14"
NULL,NULL,"서울특별시 동대문구 청량리동 819"
NULL,NULL,"서울특별시 동대문구 청량리동 819"
NULL,NULL,"서울특별시 동대문구 청량리동 819"
NULL,NULL,"서울특별시 동대문구 청량리동 819"
NULL,NULL,"서울특별시 동대문구 청량리동 819"
NULL,NULL,"서울특별시 동대문구 청량리동 819"
NULL,NULL,"서울특별시 동대문구 청량리동 819"
NULL,NULL,"서울특별시 동대문구 청량리동 235-14"
NULL,NULL,"서울특별시 동대문구 청량리동 819"
NULL,NULL,"서울특별시 동대문구 청량리동 819"
NULL,NULL,"서울특별시 동대문구 청량리동 819"
NULL,NULL,"서울특별시 동대문구 청량리동 819"
NULL,NULL,"서울특별시 동대문구 청량리동 235-14"
NULL,NULL,"서울특별시 동대문구 청량리동 819"
NULL,NULL,"서울특별시 동대문구 청량리동 235-14"
NULL,NULL,"서울특별시 동대문구 청량리동 819"
NULL,NULL,"서울특별시 동대문구 청량리동 819"
NULL,NULL,"서울특별시 동대문구 청량리동 819"
NULL,NULL,"서울특별시 동대문구 청량리동 819"
NULL,NULL,"서울특별시 동대문구 청량리동 819"
NULL,NULL,"서울특별시 동대문구 청량리동 819"
NULL,NULL,"서울특별시 동대문구 청량리동 819"
NULL,NULL,"서울특별시 동대문구 청량리동 819"
NULL,NULL,"서울특별시 동대문구 청량리동 819"
NULL,NULL,"서울특별시 동대문구 청량리동 819"
NULL,NULL,"서울특별시 동대문구 청량리동 819"
NULL,NULL,"서울특별시 동대문구 전농동 530-86"
NULL,NULL,"서울특별시 동대문구 청량리동 819"
NULL,NULL,"서울특별시 동대문구 청량리동 819"
NULL,NULL,"서울특별시 동대문구 청량리동 819"
NULL,NULL,"서울특별시 동대문구 청량리동 819"
NULL,NULL,"서울특별시 동대문구 청량리동 819"
NULL,NULL,"서울특별시 동대문구 청량리동 819"
NULL,NULL,"서울특별시 동대문구 청량리동 819"
NULL,NULL,"서울특별시 동대문구 청량리동 819"
NULL,NULL,"서울특별시 동대문구 휘경동 43-1"
NULL,NULL,"서울특별시 동대문구 청량리동 819"
NULL,NULL,"서울특별시 동대문구 청량리동 819"
NULL,NULL,"서울특별시 동대문구 청량리동 819"
NULL,NULL,"서울특별시 동대문구 청량리동 819"
NULL,NULL,"서울특별시 동대문구 청량리동 819"
NULL,NULL,"서울특별시 동대문구 청량리동 819"
NULL,NULL,"서울특별시 동대문구 청량리동 819"
NULL,NULL,"서울특별시 동대문구 청량리동 819"
NULL,NULL,"서울특별시 동대문구 장안동 95-1"
NULL,NULL,"서울특별시 동대문구 청량리동 819"
NULL,NULL,"서울특별시 동대문구 청량리동 819"
NULL,NULL,"서울특별시 동대문구 청량리동 819"
NULL,NULL,"서울특별시 동대문구 청량리동 819"
NULL,NULL,"서울특별시 동대문구 휘경동 43-1"
NULL,NULL,"서울특별시 동대문구 청량리동 819"
NULL,NULL,"서울특별시 동대문구 청량리동 819"
NULL,NULL,"서울특별시 동대문구 답십리동 66-52"
NULL,NULL,"서울특별시 동대문구 청량리동 819"
NULL,NULL,"서울특별시 동대문구 청량리동 819"
NULL,NULL,"서울특별시 동대문구 장안동 95-1"
NULL,NULL,"서울특별시 동대문구 청량리동 819"
NULL,NULL,"서울특별시 동대문구 청량리동 819"
NULL,NULL,"서울특별시 동대문구 청량리동 819"
NULL,NULL,"서울특별시 동대문구 청량리동 819"
NULL,NULL,"서울특별시 동대문구 청량리동 235-14"
NULL,NULL,"서울특별시 동대문구 청량리동 819"
NULL,NULL,"서울특별시 동대문구 청량리동 235-14"
NULL,NULL,"서울특별시 동대문구 청량리동 819"
NULL,NULL,"서울특별시 동대문구 청량리동 819"
NULL,NULL,"서울특별시 동대문구 청량리동 819"
NULL,NULL,"서울특별시 동대문구 청량리동 819"
NULL,NULL,"서울특별시 동대문구 청량리동 819"
NULL,NULL,"서울특별시 동대문구 휘경동 43-1"
NULL,NULL,"서울특별시 동대문구 청량리동 819"
NULL,NULL,"서울특별시 동대문구 청량리동 819"
NULL,NULL,"서울특별시 동대문구 청량리동 819"
NULL,NULL,"서울특별시 동대문구 청량리동 819"
NULL,NULL,"서울특별시 동대문구 청량리동 819"
NULL,NULL,"서울특별시 동대문구 청량리동 819"
NULL,NULL,"서울특별시 동대문구 청량리동 819"
NULL,NULL,"서울특별시 동대문구 청량리동 819"
NULL,NULL,"서울특별시 동대문구 청량리동 819"
NULL,NULL,"서울특별시 동대문구 청량리동 819"
NULL,NULL,"서울특별시 동대문구 장안동 95-1"
NULL,NULL,"서울특별시 동대문구 청량리동 819"
NULL,NULL,"서울특별시 동대문구 청량리동 819"
NULL,NULL,"서울특별시 동대문구 청량리동 819"
NULL,NULL,"서울특별시 동대문구 청량리동 819"
NULL,NULL,"서울특별시 동대문구 장안동 95-1"
NULL,NULL,"서울특별시 동대문구 청량리동 819"
NULL,NULL,"서울특별시 동대문구 청량리동 819"
NULL,NULL,"서울특별시 동대문구 청량리동 819"
NULL,NULL,"서울특별시 동대문구 청량리동 235-14"
NULL,NULL,"서울특별시 동대문구 청량리동 819"
NULL,NULL,"서울특별시 동대문구 청량리동 819"
NULL,NULL,"서울특별시 동대문구 전농동 686-2"
NULL,NULL,"서울특별시 동대문구 청량리동 819"
NULL,NULL,"서울특별시 동대문구 청량리동 819"
NULL,NULL,"서울특별시 동대문구 청량리동 235-14"
NULL,NULL,"서울특별시 동대문구 청량리동 819"
NULL,NULL,"서울특별시 동대문구 전농동 686-2"
NULL,NULL,"서울특별시 동대문구 청량리동 819"
NULL,NULL,"서울특별시 동대문구 청량리동 819"
NULL,NULL,"서울특별시 동대문구 청량리동 819"
NULL,NULL,"서울특별시 동대문구 청량리동 819"
NULL,NULL,"서울특별시 동대문구 청량리동 235-14"
NULL,NULL,"서울특별시 동대문구 청량리동 235-14"
NULL,NULL,"서울특별시 동대문구 청량리동 819"
NULL,NULL,"서울특별시 동대문구 청량리동 819"
NULL,NULL,"서울특별시 동대문구 청량리동 819"
NULL,NULL,"서울특별시 동대문구 청량리동 819"
NULL,NULL,"서울특별시 동대문구 청량리동 819"
NULL,NULL,"서울특별시 동대문구 청량리동 819"
NULL,NULL,"서울특별시 동대문구 청량리동 819"
NULL,NULL,"서울특별시 동대문구 청량리동 819"
NULL,NULL,"서울특별시 동대문구 청량리동 819"
NULL,NULL,"서울특별시 동대문구 청량리동 819"
NULL,NULL,"서울특별시 동대문구 청량리동 819"
NULL,NULL,"서울특별시 동대문구 청량리동 819"
NULL,NULL,"서울특별시 동대문구 청량리동 819"
NULL,NULL,"서울특별시 동대문구 청량리동 819"
NULL,NULL,"서울특별시 동대문구 청량리동 819"
NULL,NULL,"서울특별시 동대문구 청량리동 235-14"
NULL,NULL,"서울특별시 동대문구 청량리동 819"
NULL,NULL,"서울특별시 동대문구 청량리동 819"
NULL,NULL,"서울특별시 동대문구 청량리동 819"
NULL,NULL,"서울특별시 동대문구 청량리동 819"
NULL,NULL,"서울특별시 동대문구 청량리동 819"
NULL,NULL,"서울특별시 동대문구 청량리동 819"
NULL,NULL,"서울특별시 동대문구 청량리동 819"
NULL,NULL,"서울특별시 동대문구 청량리동 819"
NULL,NULL,"서울특별시 동대문구 청량리동 235-14"
NULL,NULL,"서울특별시 동대문구 청량리동 819"
NULL,NULL,"서울특별시 동대문구 청량리동 819"
NULL,NULL,"서울특별시 동대문구 청량리동 819"
NULL,NULL,"서울특별시 동대문구 청량리동 819"
NULL,NULL,"서울특별시 동대문구 청량리동 819"
NULL,NULL,"서울특별시 동대문구 휘경동 43-1"
NULL,NULL,"서울특별시 동대문구 청량리동 819"
NULL,NULL,"서울특별시 동대문구 청량리동 819"
NULL,NULL,"서울특별시 동대문구 청량리동 819"
NULL,NULL,"서울특별시 동대문구 이문동 94-8"
NULL,NULL,"서울특별시 동대문구 이문동 94-8"
NULL,NULL,"서울특별시 동대문구 장안동 435-5"
NULL,NULL,"서울특별시 동대문구 장안동 435-5"
NULL,NULL,"서울특별시 동대문구 이문동 225-2"
NULL,NULL,"서울특별시 동대문구 이문동 225-2"
NULL,NULL,"서울특별시 동대문구 이문동 225-2"
NULL,NULL,"서울특별시 동대문구 이문동 225-2"
NULL,NULL,"서울특별시 동대문구 이문동 225-2"
NULL,NULL,"서울특별시 동대문구 청량리동 819"
NULL,NULL,"서울특별시 동대문구 청량리동 819"
NULL,NULL,"서울특별시 동대문구 청량리동 819"
NULL,NULL,"서울특별시 동대문구 청량리동 819"
NULL,NULL,"서울특별시 동대문구 청량리동 819"
NULL,NULL,"서울특별시 동대문구 청량리동 819"
NULL,NULL,"서울특별시 동대문구 청량리동 819"
NULL,NULL,"서울특별시 동대문구 청량리동 819"
NULL,NULL,"서울특별시 동대문구 청량리동 819"
NULL,NULL,"서울특별시 동대문구 청량리동 819"
NULL,NULL,"서울특별시 동대문구 청량리동 819"
NULL,NULL,"서울특별시 동대문구 청량리동 819"
NULL,NULL,"서울특별시 동대문구 청량리동 819"
NULL,NULL,"서울특별시 동대문구 청량리동 819"
NULL,NULL,"서울특별시 동대문구 청량리동 819"
NULL,NULL,"서울특별시 동대문구 청량리동 819"
NULL,NULL,"서울특별시 동대문구 청량리동 819"
NULL,NULL,"서울특별시 동대문구 청량리동 819"
NULL,NULL,"서울특별시 동대문구 청량리동 205-848"
NULL,NULL,"서울특별시 동대문구 청량리동 205-386"
NULL,NULL,"서울특별시 동대문구 답십리동 1-448"
NULL,NULL,"서울특별시 동대문구 답십리동 264-1"
NULL,NULL,"서울특별시 동대문구 청량리동 205-848"
NULL,NULL,"서울특별시 동대문구 이문동 256-2"
NULL,NULL,"서울특별시 동대문구 전농동 530-87"
NULL,NULL,"서울특별시 동대문구 전농동 530-87"
NULL,NULL,"서울특별시 동대문구 답십리동 1-448"
NULL,NULL,"서울특별시 동대문구 청량리동 205-386"
NULL,NULL,"서울특별시 동대문구 답십리동 264-1"
NULL,NULL,"서울특별시 동대문구 답십리동 264-1"
NULL,NULL,"서울특별시 동대문구 답십리동 264-1"
NULL,NULL,"서울특별시 동대문구 답십리동 1-448"
NULL,NULL,"서울특별시 동대문구 청량리동 205-848"
NULL,NULL,"서울특별시 동대문구 답십리동 264-1"
NULL,NULL,"서울특별시 동대문구 답십리동 264-1"
NULL,NULL,"서울특별시 동대문구 청량리동 205-848"
NULL,NULL,"서울특별시 동대문구 이문동 256-2"
NULL,NULL,"서울특별시 동대문구 답십리동 1-448"
NULL,NULL,"서울특별시 동대문구 답십리동 264-1"
NULL,NULL,"서울특별시 동대문구 청량리동 205-848"
NULL,NULL,"서울특별시 동대문구 답십리동 1-448"
NULL,NULL,"서울특별시 동대문구 청량리동 205-848"
NULL,NULL,"서울특별시 동대문구 청량리동 205-848"
NULL,NULL,"서울특별시 동대문구 답십리동 264-1"
NULL,NULL,"서울특별시 동대문구 답십리동 1-448"
NULL,NULL,"서울특별시 동대문구 답십리동 1-448"
NULL,NULL,"서울특별시 동대문구 답십리동 1-448"
NULL,NULL,"서울특별시 동대문구 용두동 130-10"
NULL,NULL,"서울특별시 동대문구 답십리동 1-448"
NULL,NULL,"서울특별시 동대문구 청량리동 205-848"
NULL,NULL,"서울특별시 동대문구 답십리동 264-1"
NULL,NULL,"서울특별시 동대문구 답십리동 264-1"
NULL,NULL,"서울특별시 동대문구 답십리동 1-448"
NULL,NULL,"서울특별시 동대문구 답십리동 264-1"
NULL,NULL,"서울특별시 동대문구 답십리동 1-448"
NULL,NULL,"서울특별시 동대문구 답십리동 264-1"
NULL,NULL,"서울특별시 동대문구 답십리동 1-448"
NULL,NULL,"서울특별시 동대문구 청량리동 205-848"
NULL,NULL,"서울특별시 동대문구 청량리동 235-6"
NULL,NULL,"서울특별시 동대문구 신설동 53-3"
NULL,NULL,"서울특별시 동대문구 신설동 53-3"
NULL,NULL,"서울특별시 동대문구 용두동 253-8"
NULL,NULL,"서울특별시 동대문구 용두동 253-8"
NULL,NULL,"서울특별시 동대문구 이문동 105-1"
NULL,NULL,"서울특별시 동대문구 장안동 480-18"
NULL,NULL,"서울특별시 동대문구 제기동 65"
NULL,NULL,"서울특별시 동대문구 이문동 105-1"
NULL,NULL,"서울특별시 동대문구 이문동 105-1"
NULL,NULL,"서울특별시 동대문구 제기동 65"
NULL,NULL,"서울특별시 동대문구 이문동 105-1"
NULL,NULL,"서울특별시 동대문구 제기동 65"
NULL,NULL,"서울특별시 동대문구 청량리동 204-38"
NULL,NULL,"서울특별시 동대문구 제기동 65"
NULL,NULL,"서울특별시 동대문구 제기동 65"
NULL,NULL,"서울특별시 동대문구 제기동 65"
NULL,NULL,"서울특별시 동대문구 이문동 105-1"
NULL,NULL,"서울특별시 동대문구 제기동 65"
NULL,NULL,"서울특별시 동대문구 제기동 65"
NULL,NULL,"서울특별시 동대문구 제기동 65"
NULL,NULL,"서울특별시 동대문구 이문동 105-1"
NULL,NULL,"서울특별시 동대문구 청량리동 205-78"
NULL,NULL,"서울특별시 동대문구 제기동 65"
NULL,NULL,"서울특별시 동대문구 제기동 65"
NULL,NULL,"서울특별시 동대문구 장안동 480-18"
NULL,NULL,"서울특별시 동대문구 제기동 65"
NULL,NULL,"서울특별시 동대문구 이문동 105-1"
NULL,NULL,"서울특별시 동대문구 제기동 65"
NULL,NULL,"서울특별시 동대문구 제기동 65"
NULL,NULL,"서울특별시 동대문구 제기동 65"
NULL,NULL,"서울특별시 동대문구 제기동 65"
NULL,NULL,"서울특별시 동대문구 청량리동 205-78"
NULL,NULL,"서울특별시 동대문구 제기동 65"
NULL,NULL,"서울특별시 동대문구 제기동 65"
NULL,NULL,"서울특별시 동대문구 제기동 65"
NULL,NULL,"서울특별시 동대문구 제기동 65"
NULL,NULL,"서울특별시 동대문구 제기동 65"
NULL,NULL,"서울특별시 동대문구 제기동 65"
NULL,NULL,"서울특별시 동대문구 청량리동 204-38"
NULL,NULL,"서울특별시 동대문구 제기동 65"
NULL,NULL,"서울특별시 동대문구 청량리동 205-78"
NULL,NULL,"서울특별시 동대문구 이문동 105-1"
NULL,NULL,"서울특별시 동대문구 이문동 105-1"
NULL,NULL,"서울특별시 동대문구 장안동 332-14"
NULL,NULL,"서울특별시 동대문구 이문동 105-1"
NULL,NULL,"서울특별시 동대문구 제기동 65"
NULL,NULL,"서울특별시 동대문구 장안동 480-18"
NULL,NULL,"서울특별시 동대문구 청량리동 205-78"
NULL,NULL,"서울특별시 동대문구 전농동 1-36"
NULL,NULL,"서울특별시 동대문구 청량리동 204-38"
NULL,NULL,"서울특별시 동대문구 이문동 105-1"
NULL,NULL,"서울특별시 동대문구 제기동 65"
NULL,NULL,"서울특별시 동대문구 용두동 792-9"
NULL,NULL,"서울특별시 동대문구 이문동 105-1"
NULL,NULL,"서울특별시 동대문구 청량리동 205-78"
NULL,NULL,"서울특별시 동대문구 제기동 65"
NULL,NULL,"서울특별시 동대문구 제기동 65"
NULL,NULL,"서울특별시 동대문구 제기동 65"
NULL,NULL,"서울특별시 동대문구 제기동 65"
NULL,NULL,"서울특별시 동대문구 이문동 105-1"
NULL,NULL,"서울특별시 동대문구 제기동 65"
NULL,NULL,"서울특별시 동대문구 용두동 792-9"
NULL,NULL,"서울특별시 동대문구 용두동 792-9"
NULL,NULL,"서울특별시 동대문구 용두동 792-9"
NULL,NULL,"서울특별시 동대문구 용두동 792-9"
NULL,NULL,"서울특별시 동대문구 용두동 792-9"
NULL,NULL,"서울특별시 동대문구 용두동 792-9"
NULL,NULL,"서울특별시 동대문구 용두동 792-9"
NULL,NULL,"서울특별시 동대문구 용두동 792-9"
NULL,NULL,"서울특별시 동대문구 전농동 1-36"
NULL,NULL,"서울특별시 동대문구 청량리동 205-78"
NULL,NULL,"서울특별시 동대문구 청량리동 204-38"
NULL,NULL,"서울특별시 동대문구 청량리동 204-38"
NULL,NULL,"서울특별시 동대문구 용두동 146-10"
NULL,NULL,"서울특별시 동대문구 제기동 65"
NULL,NULL,"서울특별시 동대문구 제기동 65"
NULL,NULL,"서울특별시 동대문구 청량리동 205-78"
NULL,NULL,"서울특별시 동대문구 용두동 792-9"
NULL,NULL,"서울특별시 동대문구 용두동 792-9"
NULL,NULL,"서울특별시 동대문구 용두동 792-9"
NULL,NULL,"서울특별시 동대문구 용두동 792-9"
NULL,NULL,"서울특별시 동대문구 용두동 792-9"
NULL,NULL,"서울특별시 동대문구 장안동 480-18"
NULL,NULL,"서울특별시 동대문구 청량리동 204-38"
NULL,NULL,"서울특별시 동대문구 청량리동 204-38"
NULL,NULL,"서울특별시 동대문구 이문동 105-1"
NULL,NULL,"서울특별시 동대문구 청량리동 204-38"
NULL,NULL,"서울특별시 동대문구 제기동 65"
NULL,NULL,"서울특별시 동대문구 용두동 792-9"
NULL,NULL,"서울특별시 동대문구 이문동 105-1"
NULL,NULL,"서울특별시 동대문구 이문동 105-1"
NULL,NULL,"서울특별시 동대문구 제기동 65"
NULL,NULL,"서울특별시 동대문구 청량리동 205-78"
NULL,NULL,"서울특별시 동대문구 제기동 65"
NULL,NULL,"서울특별시 동대문구 이문동 105-1"
NULL,NULL,"서울특별시 동대문구 제기동 65"
NULL,NULL,"서울특별시 동대문구 청량리동 205-78"
NULL,NULL,"서울특별시 동대문구 이문동 105-1"
NULL,NULL,"서울특별시 동대문구 청량리동 204-38"
NULL,NULL,"서울특별시 동대문구 청량리동 204-38"
NULL,NULL,"서울특별시 동대문구 제기동 65"
NULL,NULL,"서울특별시 동대문구 제기동 65"
NULL,NULL,"서울특별시 동대문구 장안동 480-18"
NULL,NULL,"서울특별시 동대문구 제기동 65"
NULL,NULL,"서울특별시 동대문구 이문동 105-1"
NULL,NULL,"서울특별시 동대문구 청량리동 204-38"
NULL,NULL,"서울특별시 동대문구 이문동 105-1"
NULL,NULL,"서울특별시 동대문구 제기동 65"
NULL,NULL,"서울특별시 동대문구 제기동 65"
NULL,NULL,"서울특별시 동대문구 제기동 65"
NULL,NULL,"서울특별시 동대문구 장안동 480-18"
NULL,NULL,"서울특별시 동대문구 청량리동 204-38"
NULL,NULL,"서울특별시 동대문구 청량리동 204-38"
NULL,NULL,"서울특별시 동대문구 청량리동 204-38"
NULL,NULL,"서울특별시 동대문구 이문동 105-1"
NULL,NULL,"서울특별시 동대문구 청량리동 204-38"
NULL,NULL,"서울특별시 동대문구 이문동 105-1"
NULL,NULL,"서울특별시 동대문구 제기동 65"
NULL,NULL,"서울특별시 동대문구 이문동 105-1"
NULL,NULL,"서울특별시 동대문구 이문동 105-1"
NULL,NULL,"서울특별시 동대문구 장안동 480-18"
NULL,NULL,"서울특별시 동대문구 장안동 480-18"
NULL,NULL,"서울특별시 동대문구 제기동 65"
NULL,NULL,"서울특별시 동대문구 제기동 65"
NULL,NULL,"서울특별시 동대문구 용두동 792-9"
NULL,NULL,"서울특별시 동대문구 제기동 65"
NULL,NULL,"서울특별시 동대문구 제기동 65"
NULL,NULL,"서울특별시 동대문구 제기동 65"
NULL,NULL,"서울특별시 동대문구 제기동 65"
NULL,NULL,"서울특별시 동대문구 제기동 65"
NULL,NULL,"서울특별시 동대문구 제기동 65"
NULL,NULL,"서울특별시 동대문구 제기동 65"
NULL,NULL,"서울특별시 동대문구 제기동 65"
NULL,NULL,"서울특별시 동대문구 제기동 65"
NULL,NULL,"서울특별시 동대문구 제기동 65"
NULL,NULL,"서울특별시 동대문구 청량리동 520-9"
NULL,NULL,"서울특별시 동대문구 휘경동 49-322"
NULL,NULL,"서울특별시 동대문구 장안동 482"
NULL,NULL,"서울특별시 동대문구 휘경동 49-322"
NULL,NULL,"서울특별시 동대문구 휘경동 49-322"
NULL,NULL,"서울특별시 동대문구 장안동 482"
NULL,NULL,"서울특별시 동대문구 휘경동 49-322"
NULL,NULL,"서울특별시 동대문구 휘경동 49-322"
NULL,NULL,"서울특별시 동대문구 휘경동 31-1"
NULL,NULL,"서울특별시 동대문구 휘경동 49-322"
NULL,NULL,"서울특별시 동대문구 장안동 482"
NULL,NULL,"서울특별시 동대문구 휘경동 49-25"
NULL,NULL,"서울특별시 동대문구 휘경동 49-322"
NULL,NULL,"서울특별시 동대문구 휘경동 49-322"
NULL,NULL,"서울특별시 동대문구 장안동 482"
NULL,NULL,"서울특별시 동대문구 청량리동 520-9"
NULL,NULL,"서울특별시 동대문구 장안동 482"
NULL,NULL,"서울특별시 동대문구 장안동 482"
NULL,NULL,"서울특별시 동대문구 휘경동 31-1"
NULL,NULL,"서울특별시 동대문구 전농동 679-9"
NULL,NULL,"서울특별시 동대문구 휘경동 49-322"
NULL,NULL,"서울특별시 동대문구 장안동 482"
NULL,NULL,"서울특별시 동대문구 장안동 482"
NULL,NULL,"서울특별시 동대문구 휘경동 49-322"
NULL,NULL,"서울특별시 동대문구 이문동 83-167"
NULL,NULL,"서울특별시 동대문구 이문동 83-167"
NULL,NULL,"서울특별시 동대문구 이문동 83-167"
NULL,NULL,"서울특별시 동대문구 이문동 83-167"
NULL,NULL,"서울특별시 동대문구 이문동 83-167"
NULL,NULL,"서울특별시 동대문구 이문동 83-167"
NULL,NULL,"서울특별시 동대문구 이문동 83-167"
NULL,NULL,"서울특별시 동대문구 휘경동 49-322"
NULL,NULL,"서울특별시 동대문구 휘경동 49-322"
NULL,NULL,"서울특별시 동대문구 휘경동 49-322"
NULL,NULL,"서울특별시 동대문구 청량리동 520-9"
NULL,NULL,"서울특별시 동대문구 휘경동 49-322"
NULL,NULL,"서울특별시 동대문구 휘경동 49-322"
NULL,NULL,"서울특별시 동대문구 휘경동 49-322"
NULL,NULL,"서울특별시 동대문구 이문동 83-167"
NULL,NULL,"서울특별시 동대문구 이문동 83-167"
NULL,NULL,"서울특별시 동대문구 이문동 83-167"
NULL,NULL,"서울특별시 동대문구 휘경동 49-25"
NULL,NULL,"서울특별시 동대문구 전농동 644-32"
NULL,NULL,"서울특별시 동대문구 휘경동 49-322"
NULL,NULL,"서울특별시 동대문구 장안동 482"
NULL,NULL,"서울특별시 동대문구 휘경동 49-322"
NULL,NULL,"서울특별시 동대문구 휘경동 49-322"
NULL,NULL,"서울특별시 동대문구 휘경동 49-322"
NULL,NULL,"서울특별시 동대문구 휘경동 49-322"
NULL,NULL,"서울특별시 동대문구 휘경동 49-322"
NULL,NULL,"서울특별시 동대문구 이문동 358-14"
NULL,NULL,"서울특별시 동대문구 이문동 83-167"
NULL,NULL,"서울특별시 동대문구 용두동 237-12"
NULL,NULL,"서울특별시 동대문구 용두동 237-12"
NULL,NULL,"서울특별시 동대문구 용두동 237-12"
NULL,NULL,"서울특별시 동대문구 전농동 295-26"
NULL,NULL,"서울특별시 동대문구 제기동 669-1"
NULL,NULL,"서울특별시 동대문구 청량리동 산 1-140"
NULL,NULL,"서울특별시 동대문구 전농동 295-26"
NULL,NULL,"서울특별시 동대문구 전농동 295-26"
NULL,NULL,"서울특별시 동대문구 전농동 295-26"
NULL,NULL,"서울특별시 동대문구 전농동 295-26"
NULL,NULL,"서울특별시 동대문구 전농동 295-26"
NULL,NULL,"서울특별시 동대문구 전농동 295-26"
NULL,NULL,"서울특별시 동대문구 전농동 295-26"
NULL,NULL,"서울특별시 동대문구 전농동 295-26"
NULL,NULL,"서울특별시 동대문구 전농동 295-26"
NULL,NULL,"서울특별시 동대문구 휘경동 343-21"
NULL,NULL,"서울특별시 동대문구 전농동 295-26"
NULL,NULL,"서울특별시 동대문구 전농동 295-26"
NULL,NULL,"서울특별시 동대문구 전농동 295-26"
NULL,NULL,"서울특별시 동대문구 전농동 295-26"
NULL,NULL,"서울특별시 동대문구 전농동 295-26"
NULL,NULL,"서울특별시 동대문구 전농동 295-26"
NULL,NULL,"서울특별시 동대문구 전농동 295-26"
NULL,NULL,"서울특별시 동대문구 청량리동 205"
NULL,NULL,"서울특별시 동대문구 전농동 295-26"
NULL,NULL,"서울특별시 동대문구 전농동 295-26"
NULL,NULL,"서울특별시 동대문구 전농동 295-26"
NULL,NULL,"서울특별시 동대문구 전농동 295-26"
NULL,NULL,"서울특별시 동대문구 전농동 295-26"
NULL,NULL,"서울특별시 동대문구 청량리동 산 1-140"
NULL,NULL,"서울특별시 동대문구 청량리동 산 1-140"
NULL,NULL,"서울특별시 동대문구 전농동 295-26"
NULL,NULL,"서울특별시 동대문구 전농동 295-26"
NULL,NULL,"서울특별시 동대문구 전농동 295-26"
NULL,NULL,"서울특별시 동대문구 이문동 371-20"
NULL,NULL,"서울특별시 동대문구 전농동 295-26"
NULL,NULL,"서울특별시 동대문구 전농동 295-26"
NULL,NULL,"서울특별시 동대문구 전농동 295-26"
NULL,NULL,"서울특별시 동대문구 제기동 669-1"
NULL,NULL,"서울특별시 동대문구 제기동 669-1"
NULL,NULL,"서울특별시 동대문구 전농동 295-26"
NULL,NULL,"서울특별시 동대문구 전농동 295-26"
NULL,NULL,"서울특별시 동대문구 전농동 295-26"
NULL,NULL,"서울특별시 동대문구 제기동 669-1"
NULL,NULL,"서울특별시 동대문구 이문동 371-20"
NULL,NULL,"서울특별시 동대문구 전농동 295-26"
NULL,NULL,"서울특별시 동대문구 전농동 295-26"
NULL,NULL,"서울특별시 동대문구 전농동 295-26"
NULL,NULL,"서울특별시 동대문구 청량리동 산 1-140"
NULL,NULL,"서울특별시 동대문구 전농동 295-26"
NULL,NULL,"서울특별시 동대문구 전농동 295-26"
NULL,NULL,"서울특별시 동대문구 전농동 295-26"
NULL,NULL,"서울특별시 동대문구 전농동 295-26"
NULL,NULL,"서울특별시 동대문구 전농동 295-26"
NULL,NULL,"서울특별시 동대문구 제기동 669-1"
NULL,NULL,"서울특별시 동대문구 전농동 295-26"
NULL,NULL,"서울특별시 동대문구 전농동 295-26"
NULL,NULL,"서울특별시 동대문구 전농동 295-26"
NULL,NULL,"서울특별시 동대문구 전농동 295-26"
NULL,NULL,"서울특별시 동대문구 이문동 174-49"
NULL,NULL,"서울특별시 동대문구 전농동 295-26"
NULL,NULL,"서울특별시 동대문구 이문동 64-12"
NULL,NULL,"서울특별시 동대문구 이문동 64-12"
NULL,NULL,"서울특별시 동대문구 이문동 64-12"
NULL,NULL,"서울특별시 동대문구 이문동 64-12"
NULL,NULL,"서울특별시 동대문구 이문동 64-12"
NULL,NULL,"서울특별시 동대문구 이문동 64-12"
NULL,NULL,"서울특별시 동대문구 이문동 92-29"
NULL,NULL,"서울특별시 동대문구 장안동 187"
NULL,NULL,"서울특별시 동대문구 이문동 101-20"
NULL,NULL,"서울특별시 동대문구 이문동 251-1"
NULL,NULL,"서울특별시 동대문구 장안동 187"
NULL,NULL,"서울특별시 동대문구 이문동 92-29"
NULL,NULL,"서울특별시 동대문구 이문동 92-29"
NULL,NULL,"서울특별시 동대문구 이문동 92-29"
NULL,NULL,"서울특별시 동대문구 이문동 251-1"
NULL,NULL,"서울특별시 동대문구 답십리동 961-5"
NULL,NULL,"서울특별시 동대문구 이문동 101-20"
NULL,NULL,"서울특별시 동대문구 이문동 251-1"
NULL,NULL,"서울특별시 동대문구 청량리동 205-610"
NULL,NULL,"서울특별시 동대문구 이문동 101-20"
NULL,NULL,"서울특별시 동대문구 이문동 101-20"
NULL,NULL,"서울특별시 동대문구 장안동 187"
NULL,NULL,"서울특별시 동대문구 전농동 124-12"
NULL,NULL,"서울특별시 동대문구 이문동 114-61"
NULL,NULL,"서울특별시 동대문구 전농동 124-12"
NULL,NULL,"서울특별시 동대문구 이문동 101-20"
NULL,NULL,"서울특별시 동대문구 이문동 251-1"
NULL,NULL,"서울특별시 동대문구 이문동 251-1"
NULL,NULL,"서울특별시 동대문구 이문동 92-29"
NULL,NULL,"서울특별시 동대문구 장안동 187"
NULL,NULL,"서울특별시 동대문구 이문동 251-1"
NULL,NULL,"서울특별시 동대문구 이문동 255-393"
NULL,NULL,"서울특별시 동대문구 이문동 251-1"
NULL,NULL,"서울특별시 동대문구 이문동 101-20"
NULL,NULL,"서울특별시 동대문구 이문동 251-1"
NULL,NULL,"서울특별시 동대문구 이문동 101-20"
NULL,NULL,"서울특별시 동대문구 이문동 251-1"
NULL,NULL,"서울특별시 동대문구 답십리동 961-5"
NULL,NULL,"서울특별시 동대문구 휘경동 308-25"
NULL,NULL,"서울특별시 동대문구 이문동 101-20"
NULL,NULL,"서울특별시 동대문구 이문동 251-1"
NULL,NULL,"서울특별시 동대문구 장안동 187"
NULL,NULL,"서울특별시 동대문구 장안동 187"
NULL,NULL,"서울특별시 동대문구 이문동 251-1"
NULL,NULL,"서울특별시 동대문구 이문동 251-1"
NULL,NULL,"서울특별시 동대문구 신설동 38-2"
NULL,NULL,"서울특별시 동대문구 신설동 38-2"
NULL,NULL,"서울특별시 동대문구 신설동 38-2"
NULL,NULL,"서울특별시 동대문구 답십리동 961-5"
NULL,NULL,"서울특별시 동대문구 장안동 187"
NULL,NULL,"서울특별시 동대문구 이문동 251-1"
NULL,NULL,"서울특별시 동대문구 이문동 251-1"
NULL,NULL,"서울특별시 동대문구 휘경동 43-165"
NULL,NULL,"서울특별시 동대문구 이문동 101-20"
NULL,NULL,"서울특별시 동대문구 장안동 187"
NULL,NULL,"서울특별시 동대문구 이문동 101-20"
NULL,NULL,"서울특별시 동대문구 제기동 148-44"
NULL,NULL,"서울특별시 동대문구 장안동 295-6"
NULL,NULL,"서울특별시 동대문구 장안동 332-6"
NULL,NULL,"서울특별시 동대문구 장안동 187"
NULL,NULL,"서울특별시 동대문구 장안동 187"
NULL,NULL,"서울특별시 동대문구 이문동 251-1"
NULL,NULL,"서울특별시 동대문구 이문동 251-1"
NULL,NULL,"서울특별시 동대문구 청량리동 205-372"
NULL,NULL,"서울특별시 동대문구 답십리동 549-1"
NULL,NULL,"서울특별시 동대문구 휘경동 255-22"
NULL,NULL,"서울특별시 동대문구 장안동 95-5"
NULL,NULL,"서울특별시 동대문구 장안동 95-5"
NULL,NULL,"서울특별시 동대문구 휘경동 255-22"
NULL,NULL,"서울특별시 동대문구 장안동 95-5"
NULL,NULL,"서울특별시 동대문구 휘경동 255-22"
NULL,NULL,"서울특별시 동대문구 장안동 469-15"
NULL,NULL,"서울특별시 동대문구 휘경동 255-22"
NULL,NULL,"서울특별시 동대문구 장안동 469-15"
NULL,NULL,"서울특별시 동대문구 휘경동 255-22"
NULL,NULL,"서울특별시 동대문구 장안동 95-5"
NULL,NULL,"서울특별시 동대문구 회기동 45-149"
NULL,NULL,"서울특별시 동대문구 휘경동 255-22"
NULL,NULL,"서울특별시 동대문구 장안동 469-15"
NULL,NULL,"서울특별시 동대문구 장안동 95-5"
NULL,NULL,"서울특별시 동대문구 장안동 95-5"
NULL,NULL,"서울특별시 동대문구 장안동 95-5"
NULL,NULL,"서울특별시 동대문구 이문동 255-189"
NULL,NULL,"서울특별시 동대문구 장안동 95-5"
NULL,NULL,"서울특별시 동대문구 장안동 95-5"
NULL,NULL,"서울특별시 동대문구 장안동 95-5"
NULL,NULL,"서울특별시 동대문구 장안동 95-5"
NULL,NULL,"서울특별시 동대문구 장안동 95-5"
NULL,NULL,"서울특별시 동대문구 답십리동 549-1"
NULL,NULL,"서울특별시 동대문구 이문동 116-60"
NULL,NULL,"서울특별시 동대문구 장안동 95-5"
NULL,NULL,"서울특별시 동대문구 장안동 95-5"
NULL,NULL,"서울특별시 동대문구 장안동 95-5"
NULL,NULL,"서울특별시 동대문구 장안동 95-5"
NULL,NULL,"서울특별시 동대문구 장안동 469-15"
NULL,NULL,"서울특별시 동대문구 장안동 95-5"
NULL,NULL,"서울특별시 동대문구 답십리동 549-1"
NULL,NULL,"서울특별시 동대문구 장안동 95-5"
NULL,NULL,"서울특별시 동대문구 장안동 95-5"
NULL,NULL,"서울특별시 동대문구 휘경동 255-22"
NULL,NULL,"서울특별시 동대문구 장안동 95-5"
NULL,NULL,"서울특별시 동대문구 장안동 95-5"
NULL,NULL,"서울특별시 동대문구 답십리동 549-1"
NULL,NULL,"서울특별시 동대문구 장안동 469-15"
NULL,NULL,"서울특별시 동대문구 휘경동 255-22"
NULL,NULL,"서울특별시 동대문구 장안동 95-5"
NULL,NULL,"서울특별시 동대문구 장안동 469-15"
NULL,NULL,"서울특별시 동대문구 이문동 116-60"
NULL,NULL,"서울특별시 동대문구 장안동 469-15"
NULL,NULL,"서울특별시 동대문구 장안동 95-5"
NULL,NULL,"서울특별시 동대문구 휘경동 255-22"
NULL,NULL,"서울특별시 동대문구 장안동 95-5"
NULL,NULL,"서울특별시 동대문구 장안동 95-5"
NULL,NULL,"서울특별시 동대문구 장안동 95-5"
NULL,NULL,"서울특별시 동대문구 장안동 95-5"
NULL,NULL,"서울특별시 동대문구 장안동 95-5"
NULL,NULL,"서울특별시 동대문구 장안동 95-5"
NULL,NULL,"서울특별시 동대문구 장안동 95-5"
NULL,NULL,"서울특별시 동대문구 장안동 469-15"
NULL,NULL,"서울특별시 동대문구 장안동 95-5"
NULL,NULL,"서울특별시 동대문구 이문동 116-60"
NULL,NULL,"서울특별시 동대문구 휘경동 255-22"
NULL,NULL,"서울특별시 동대문구 장안동 469-15"
NULL,NULL,"서울특별시 동대문구 답십리동 산 2-9"
NULL,NULL,"서울특별시 동대문구 답십리동 산 2-9"
NULL,NULL,"서울특별시 동대문구 답십리동 산 2-9"
NULL,NULL,"서울특별시 동대문구 답십리동 산 2-9"
NULL,NULL,"서울특별시 동대문구 답십리동 산 2-9"
NULL,NULL,"서울특별시 동대문구 장안동 469-15"
NULL,NULL,"서울특별시 동대문구 이문동 99-1"
NULL,NULL,"서울특별시 동대문구 답십리동 549-1"
NULL,NULL,"서울특별시 동대문구 답십리동 549-1"
NULL,NULL,"서울특별시 동대문구 이문동 99-1"
NULL,NULL,"서울특별시 동대문구 이문동 99-1"
NULL,NULL,"서울특별시 동대문구 답십리동 549-1"
NULL,NULL,"서울특별시 동대문구 장안동 469-15"
NULL,NULL,"서울특별시 동대문구 장안동 469-15"
NULL,NULL,"서울특별시 동대문구 장안동 469-15"
NULL,NULL,"서울특별시 동대문구 답십리동 549-1"
NULL,NULL,"서울특별시 동대문구 답십리동 549-1"
NULL,NULL,"서울특별시 동대문구 답십리동 549-1"
NULL,NULL,"서울특별시 동대문구 답십리동 549-1"
NULL,NULL,"서울특별시 동대문구 답십리동 549-1"
NULL,NULL,"서울특별시 동대문구 답십리동 549-1"
NULL,NULL,"서울특별시 동대문구 답십리동 549-1"
NULL,NULL,"서울특별시 동대문구 답십리동 549-1"
NULL,NULL,"서울특별시 동대문구 답십리동 549-1"
NULL,NULL,"서울특별시 동대문구 답십리동 549-1"
NULL,NULL,"서울특별시 동대문구 답십리동 549-1"
NULL,NULL,"서울특별시 동대문구 용두동 39-1033"
NULL,NULL,"서울특별시 동대문구 용두동 790"
NULL,NULL,"서울특별시 동대문구 용두동 790"
NULL,NULL,"서울특별시 동대문구 전농동 695-5"
NULL,NULL,"서울특별시 동대문구 제기동 1043"
NULL,NULL,"서울특별시 동대문구 휘경동 146-113"
NULL,NULL,"서울특별시 동대문구 전농동 129-60"
NULL,NULL,"서울특별시 동대문구 용두동 39-1033"
NULL,NULL,"서울특별시 동대문구 용두동 39-1033"
NULL,NULL,"서울특별시 동대문구 전농동 695-5"
NULL,NULL,"서울특별시 동대문구 용두동 39-1033"
NULL,NULL,"서울특별시 동대문구 전농동 695-5"
NULL,NULL,"서울특별시 동대문구 전농동 695-5"
NULL,NULL,"서울특별시 동대문구 용두동 790"
NULL,NULL,"서울특별시 동대문구 전농동 695-5"
NULL,NULL,"서울특별시 동대문구 제기동 1043"
NULL,NULL,"서울특별시 동대문구 전농동 695-5"
NULL,NULL,"서울특별시 동대문구 용두동 790"
NULL,NULL,"서울특별시 동대문구 이문동 25-9"
NULL,NULL,"서울특별시 동대문구 이문동 25-9"
NULL,NULL,"서울특별시 동대문구 이문동 25-9"
NULL,NULL,"서울특별시 동대문구 이문동 25-9"
NULL,NULL,"서울특별시 동대문구 이문동 25-9"
NULL,NULL,"서울특별시 동대문구 이문동 25-9"
NULL,NULL,"서울특별시 동대문구 이문동 25-9"
NULL,NULL,"서울특별시 동대문구 이문동 25-9"
NULL,NULL,"서울특별시 동대문구 이문동 25-9"
NULL,NULL,"서울특별시 동대문구 이문동 25-9"
NULL,NULL,"서울특별시 동대문구 이문동 25-9"
NULL,NULL,"서울특별시 동대문구 이문동 25-9"
NULL,NULL,"서울특별시 동대문구 이문동 25-9"
NULL,NULL,"서울특별시 동대문구 용두동 790"
NULL,NULL,"서울특별시 동대문구 용두동 790"
NULL,NULL,"서울특별시 동대문구 용두동 790"
NULL,NULL,"서울특별시 동대문구 휘경동 49-12"
NULL,NULL,"서울특별시 동대문구 휘경동 49-12"
NULL,NULL,"서울특별시 동대문구 전농동 103-297"
NULL,NULL,"서울특별시 동대문구 휘경동 49-12"
NULL,NULL,"서울특별시 동대문구 휘경동 49-12"
NULL,NULL,"서울특별시 동대문구 답십리동 496-14"
NULL,NULL,"서울특별시 동대문구 휘경동 49-12"
NULL,NULL,"서울특별시 동대문구 답십리동 496-14"
NULL,NULL,"서울특별시 동대문구 답십리동 496-14"
NULL,NULL,"서울특별시 동대문구 휘경동 49-12"
NULL,NULL,"서울특별시 동대문구 전농동 648-13"
NULL,NULL,"서울특별시 동대문구 이문동 121-78"
NULL,NULL,"서울특별시 동대문구 전농동 648-13"
NULL,NULL,"서울특별시 동대문구 휘경동 49-12"
NULL,NULL,"서울특별시 동대문구 휘경동 49-12"
NULL,NULL,"서울특별시 동대문구 답십리동 496-14"
NULL,NULL,"서울특별시 동대문구 휘경동 49-12"
NULL,NULL,"서울특별시 동대문구 휘경동 49-12"
NULL,NULL,"서울특별시 동대문구 답십리동 496-14"
NULL,NULL,"서울특별시 동대문구 전농동 103-297"
NULL,NULL,"서울특별시 동대문구 휘경동 49-12"
NULL,NULL,"서울특별시 동대문구 답십리동 93-9"
NULL,NULL,"서울특별시 동대문구 휘경동 49-12"
NULL,NULL,"서울특별시 동대문구 답십리동 490-20"
NULL,NULL,"서울특별시 동대문구 용두동 776"
NULL,NULL,"서울특별시 동대문구 답십리동 492-12"
NULL,NULL,"서울특별시 동대문구 이문동 357-3"
NULL,NULL,"서울특별시 동대문구 용두동 776"
NULL,NULL,"서울특별시 동대문구 답십리동 2-13"
NULL,NULL,"서울특별시 동대문구 답십리동 1012"
NULL,NULL,"서울특별시 동대문구 답십리동 2-13"
NULL,NULL,"서울특별시 동대문구 휘경동 312-247"
NULL,NULL,"서울특별시 동대문구 용두동 776"
NULL,NULL,"서울특별시 동대문구 용두동 776"
NULL,NULL,"서울특별시 동대문구 용두동 776"
NULL,NULL,"서울특별시 동대문구 답십리동 2-13"
NULL,NULL,"서울특별시 동대문구 용두동 776"
NULL,NULL,"서울특별시 동대문구 이문동 120-36"
NULL,NULL,"서울특별시 동대문구 용두동 776"
NULL,NULL,"서울특별시 동대문구 용두동 193-38"
NULL,NULL,"서울특별시 동대문구 용두동 776"
NULL,NULL,"서울특별시 동대문구 용두동 776"
NULL,NULL,"서울특별시 동대문구 답십리동 2-13"
NULL,NULL,"서울특별시 동대문구 답십리동 1012"
NULL,NULL,"서울특별시 동대문구 답십리동 1012"
NULL,NULL,"서울특별시 동대문구 휘경동 312-247"
NULL,NULL,"서울특별시 동대문구 전농동 103-2"
NULL,NULL,"서울특별시 동대문구 전농동 103-2"
NULL,NULL,"서울특별시 동대문구 용두동 776"
NULL,NULL,"서울특별시 동대문구 전농동 103-2"
NULL,NULL,"서울특별시 동대문구 용두동 776"
NULL,NULL,"서울특별시 동대문구 전농동 103-2"
NULL,NULL,"서울특별시 동대문구 답십리동 2-13"
NULL,NULL,"서울특별시 동대문구 용두동 776"
NULL,NULL,"서울특별시 동대문구 용두동 776"
NULL,NULL,"서울특별시 동대문구 용두동 776"
NULL,NULL,"서울특별시 동대문구 답십리동 2-13"
NULL,NULL,"서울특별시 동대문구 용두동 776"
NULL,NULL,"서울특별시 동대문구 이문동 357-3"
NULL,NULL,"서울특별시 동대문구 이문동 357-3"
NULL,NULL,"서울특별시 동대문구 신설동 98-24"
NULL,NULL,"서울특별시 동대문구 신설동 98-24"
NULL,NULL,"서울특별시 동대문구 신설동 98-24"
NULL,NULL,"서울특별시 동대문구 신설동 98-24"
NULL,NULL,"서울특별시 동대문구 신설동 98-24"
NULL,NULL,"서울특별시 동대문구 장안동 472-1"
NULL,NULL,"서울특별시 동대문구 장안동 472-1"
NULL,NULL,"서울특별시 동대문구 장안동 472-1"
NULL,NULL,"서울특별시 동대문구 장안동 472-1"
NULL,NULL,"서울특별시 동대문구 장안동 472-1"
NULL,NULL,"서울특별시 동대문구 장안동 472-1"
NULL,NULL,"서울특별시 동대문구 휘경동 31-2"
NULL,NULL,"서울특별시 동대문구 장안동 472-1"
NULL,NULL,"서울특별시 동대문구 전농동 602-24"
NULL,NULL,"서울특별시 동대문구 답십리동 53-59"
NULL,NULL,"서울특별시 동대문구 답십리동 483-3"
NULL,NULL,"서울특별시 동대문구 장안동 472-1"
NULL,NULL,"서울특별시 동대문구 전농동 568-17"
NULL,NULL,"서울특별시 동대문구 장안동 472-1"
NULL,NULL,"서울특별시 동대문구 제기동 151-17"
NULL,NULL,"서울특별시 동대문구 답십리동 530-26"
NULL,NULL,"서울특별시 동대문구 장안동 472-1"
NULL,NULL,"서울특별시 동대문구 답십리동 53-59"
NULL,NULL,"서울특별시 동대문구 장안동 472-1"
NULL,NULL,"서울특별시 동대문구 답십리동 483-3"
NULL,NULL,"서울특별시 동대문구 장안동 472-1"
NULL,NULL,"서울특별시 동대문구 장안동 472-1"
NULL,NULL,"서울특별시 동대문구 장안동 472-1"
NULL,NULL,"서울특별시 동대문구 답십리동 530-26"
NULL,NULL,"서울특별시 동대문구 청량리동 산 4-2"
NULL,NULL,"서울특별시 동대문구 전농동 184-4"
NULL,NULL,"서울특별시 동대문구 청량리동 산 4-2"
NULL,NULL,"서울특별시 동대문구 회기동 32"
NULL,NULL,"서울특별시 동대문구 전농동 184-4"
NULL,NULL,"서울특별시 동대문구 전농동 184-4"
NULL,NULL,"서울특별시 동대문구 전농동 184-4"
NULL,NULL,"서울특별시 동대문구 휘경동 318-2"
NULL,NULL,"서울특별시 동대문구 청량리동 산 4-2"
NULL,NULL,"서울특별시 동대문구 청량리동 산 4-2"
NULL,NULL,"서울특별시 동대문구 전농동 184-4"
NULL,NULL,"서울특별시 동대문구 제기동 945-1"
NULL,NULL,"서울특별시 동대문구 전농동 295-3"
NULL,NULL,"서울특별시 동대문구 전농동 184-4"
NULL,NULL,"서울특별시 동대문구 전농동 184-4"
NULL,NULL,"서울특별시 동대문구 청량리동 산 4-2"
NULL,NULL,"서울특별시 동대문구 전농동 184-4"
NULL,NULL,"서울특별시 동대문구 전농동 184-4"
NULL,NULL,"서울특별시 동대문구 청량리동 산 4-2"
NULL,NULL,"서울특별시 동대문구 전농동 184-4"
NULL,NULL,"서울특별시 동대문구 청량리동 산 4-2"
NULL,NULL,"서울특별시 동대문구 회기동 32"
NULL,NULL,"서울특별시 동대문구 청량리동 산 4-2"
NULL,NULL,"서울특별시 동대문구 전농동 184-4"
NULL,NULL,"서울특별시 동대문구 청량리동 산 4-2"
NULL,NULL,"서울특별시 동대문구 제기동 945-1"
NULL,NULL,"서울특별시 동대문구 청량리동 203-44"
NULL,NULL,"서울특별시 동대문구 전농동 184-4"
NULL,NULL,"서울특별시 동대문구 청량리동 205-487"
NULL,NULL,"서울특별시 동대문구 전농동 184-4"
NULL,NULL,"서울특별시 동대문구 전농동 184-4"
NULL,NULL,"서울특별시 동대문구 회기동 32"
NULL,NULL,"서울특별시 동대문구 전농동 184-4"
NULL,NULL,"서울특별시 동대문구 청량리동 산 4-2"
NULL,NULL,"서울특별시 동대문구 용두동 253-69"
NULL,NULL,"서울특별시 동대문구 용두동 251-21"
NULL,NULL,"서울특별시 동대문구 휘경동 57-2"
NULL,NULL,"서울특별시 동대문구 휘경동 57-2"
NULL,NULL,"서울특별시 동대문구 휘경동 57-2"
NULL,NULL,"서울특별시 동대문구 휘경동 57-2"
NULL,NULL,"서울특별시 동대문구 휘경동 57-2"
NULL,NULL,"서울특별시 동대문구 용두동 39-311"
NULL,NULL,"서울특별시 동대문구 휘경동 57-2"
NULL,NULL,"서울특별시 동대문구 휘경동 57-2"
NULL,NULL,"서울특별시 동대문구 휘경동 57-2"
NULL,NULL,"서울특별시 동대문구 장안동 186-20"
NULL,NULL,"서울특별시 동대문구 휘경동 57-2"
NULL,NULL,"서울특별시 동대문구 휘경동 57-2"
NULL,NULL,"서울특별시 동대문구 휘경동 57-2"
NULL,NULL,"서울특별시 동대문구 휘경동 57-2"
NULL,NULL,"서울특별시 동대문구 휘경동 57-2"
NULL,NULL,"서울특별시 동대문구 휘경동 57-2"
NULL,NULL,"서울특별시 동대문구 휘경동 57-2"
NULL,NULL,"서울특별시 동대문구 휘경동 57-2"
NULL,NULL,"서울특별시 동대문구 장안동 186-20"
NULL,NULL,"서울특별시 동대문구 휘경동 57-2"
NULL,NULL,"서울특별시 동대문구 휘경동 57-2"
NULL,NULL,"서울특별시 동대문구 휘경동 57-2"
NULL,NULL,"서울특별시 동대문구 이문동 257-281"
NULL,NULL,"서울특별시 동대문구 휘경동 57-2"
NULL,NULL,"서울특별시 동대문구 휘경동 57-2"
NULL,NULL,"서울특별시 동대문구 용두동 191-4"
NULL,NULL,"서울특별시 동대문구 휘경동 57-2"
NULL,NULL,"서울특별시 동대문구 장안동 186-20"
NULL,NULL,"서울특별시 동대문구 휘경동 57-2"
NULL,NULL,"서울특별시 동대문구 장안동 186-20"
NULL,NULL,"서울특별시 동대문구 휘경동 57-2"
NULL,NULL,"서울특별시 동대문구 휘경동 57-2"
NULL,NULL,"서울특별시 동대문구 휘경동 57-2"
NULL,NULL,"서울특별시 동대문구 휘경동 57-2"
NULL,NULL,"서울특별시 동대문구 휘경동 57-2"
NULL,NULL,"서울특별시 동대문구 휘경동 57-2"
NULL,NULL,"서울특별시 동대문구 휘경동 57-2"
NULL,NULL,"서울특별시 동대문구 휘경동 57-2"
NULL,NULL,"서울특별시 동대문구 휘경동 57-2"
NULL,NULL,"서울특별시 동대문구 휘경동 57-2"
NULL,NULL,"서울특별시 동대문구 휘경동 57-2"
NULL,NULL,"서울특별시 동대문구 장안동 186-20"
NULL,NULL,"서울특별시 동대문구 휘경동 57-2"
NULL,NULL,"서울특별시 동대문구 휘경동 57-2"
NULL,NULL,"서울특별시 동대문구 답십리동 149-8"
NULL,NULL,"서울특별시 동대문구 장안동 106-6"
NULL,NULL,"서울특별시 동대문구 휘경동 317-10"
NULL,NULL,"서울특별시 동대문구 휘경동 317-10"
NULL,NULL,"서울특별시 동대문구 장안동 106-6"
NULL,NULL,"서울특별시 동대문구 전농동 621-2"
NULL,NULL,"서울특별시 동대문구 장안동 106-6"
NULL,NULL,"서울특별시 동대문구 제기동 928-10"
NULL,NULL,"서울특별시 동대문구 휘경동 146-46"
NULL,NULL,"서울특별시 동대문구 휘경동 317-10"
NULL,NULL,"서울특별시 동대문구 전농동 621-2"
NULL,NULL,"서울특별시 동대문구 회기동 346-30"
NULL,NULL,"서울특별시 동대문구 전농동 188-3"
NULL,NULL,"서울특별시 동대문구 장안동 106-6"
NULL,NULL,"서울특별시 동대문구 회기동 45-61"
NULL,NULL,"서울특별시 동대문구 전농동 530-83"
NULL,NULL,"서울특별시 동대문구 청량리동 235-10"
NULL,NULL,"서울특별시 동대문구 전농동 530-89"
NULL,NULL,"서울특별시 동대문구 답십리동 536"
NULL,NULL,"서울특별시 동대문구 답십리동 536"
NULL,NULL,"서울특별시 동대문구 이문동 209-16"
NULL,NULL,"서울특별시 동대문구 답십리동 536"
NULL,NULL,"서울특별시 동대문구 이문동 209-16"
NULL,NULL,"서울특별시 동대문구 이문동 209-16"
NULL,NULL,"서울특별시 동대문구 이문동 209-16"
NULL,NULL,"서울특별시 동대문구 청량리동 206-3"
NULL,NULL,"서울특별시 동대문구 이문동 209-16"
NULL,NULL,"서울특별시 동대문구 답십리동 536"
NULL,NULL,"서울특별시 동대문구 답십리동 961-1"
NULL,NULL,"서울특별시 동대문구 청량리동 235-10"
NULL,NULL,"서울특별시 동대문구 청량리동 235-10"
NULL,NULL,"서울특별시 동대문구 청량리동 235-10"
NULL,NULL,"서울특별시 동대문구 청량리동 235-10"
NULL,NULL,"서울특별시 동대문구 답십리동 536"
NULL,NULL,"서울특별시 동대문구 답십리동 536"
NULL,NULL,"서울특별시 동대문구 답십리동 536"
NULL,NULL,"서울특별시 동대문구 이문동 209-16"
NULL,NULL,"서울특별시 동대문구 전농동 530-89"
NULL,NULL,"서울특별시 동대문구 답십리동 536"
NULL,NULL,"서울특별시 동대문구 청량리동 235-10"
NULL,NULL,"서울특별시 동대문구 이문동 209-16"
NULL,NULL,"서울특별시 동대문구 청량리동 235-10"
NULL,NULL,"서울특별시 동대문구 답십리동 536"
NULL,NULL,"서울특별시 동대문구 이문동 209-16"
NULL,NULL,"서울특별시 동대문구 답십리동 536"
NULL,NULL,"서울특별시 동대문구 답십리동 536"
NULL,NULL,"서울특별시 동대문구 답십리동 536"
NULL,NULL,"서울특별시 동대문구 답십리동 536"
NULL,NULL,"서울특별시 동대문구 청량리동 235-10"
NULL,NULL,"서울특별시 동대문구 이문동 209-16"
NULL,NULL,"서울특별시 동대문구 청량리동 235-10"
NULL,NULL,"서울특별시 동대문구 청량리동 235-10"
NULL,NULL,"서울특별시 동대문구 이문동 209-16"
NULL,NULL,"서울특별시 동대문구 이문동 209-16"
NULL,NULL,"서울특별시 동대문구 청량리동 235-10"
NULL,NULL,"서울특별시 동대문구 답십리동 961-1"
NULL,NULL,"서울특별시 동대문구 이문동 209-16"
NULL,NULL,"서울특별시 동대문구 청량리동 206-3"
NULL,NULL,"서울특별시 동대문구 답십리동 536"
NULL,NULL,"서울특별시 동대문구 이문동 209-16"
NULL,NULL,"서울특별시 동대문구 휘경동 148-32"
NULL,NULL,"서울특별시 동대문구 청량리동 235-10"
NULL,NULL,"서울특별시 동대문구 청량리동 235-10"
NULL,NULL,"서울특별시 동대문구 답십리동 536"
NULL,NULL,"서울특별시 동대문구 청량리동 235-10"
NULL,NULL,"서울특별시 동대문구 답십리동 961-1"
NULL,NULL,"서울특별시 동대문구 답십리동 492-7"
NULL,NULL,"서울특별시 동대문구 이문동 209-16"
NULL,NULL,"서울특별시 동대문구 청량리동 235-10"
NULL,NULL,"서울특별시 동대문구 답십리동 536"
NULL,NULL,"서울특별시 동대문구 답십리동 536"
NULL,NULL,"서울특별시 동대문구 청량리동 235-10"
NULL,NULL,"서울특별시 동대문구 답십리동 536"
NULL,NULL,"서울특별시 동대문구 답십리동 536"
NULL,NULL,"서울특별시 동대문구 이문동 209-16"
NULL,NULL,"서울특별시 동대문구 이문동 209-16"
NULL,NULL,"서울특별시 동대문구 청량리동 235-10"
NULL,NULL,"서울특별시 동대문구 청량리동 235-10"
NULL,NULL,"서울특별시 동대문구 청량리동 235-10"
NULL,NULL,"서울특별시 동대문구 청량리동 235-10"
NULL,NULL,"서울특별시 동대문구 청량리동 235-10"
NULL,NULL,"서울특별시 동대문구 이문동 209-16"
NULL,NULL,"서울특별시 동대문구 답십리동 536"
NULL,NULL,"서울특별시 동대문구 답십리동 961-1"
NULL,NULL,"서울특별시 동대문구 이문동 209-16"
NULL,NULL,"서울특별시 동대문구 전농동 530-89"
NULL,NULL,"서울특별시 동대문구 답십리동 536"
NULL,NULL,"서울특별시 동대문구 답십리동 961-1"
NULL,NULL,"서울특별시 동대문구 답십리동 536"
NULL,NULL,"서울특별시 동대문구 이문동 209-16"
NULL,NULL,"서울특별시 동대문구 전농동 530-89"
NULL,NULL,"서울특별시 동대문구 답십리동 536"
NULL,NULL,"서울특별시 동대문구 청량리동 235-10"
NULL,NULL,"서울특별시 동대문구 휘경동 191-3"
NULL,NULL,"서울특별시 동대문구 전농동 530-89"
NULL,NULL,"서울특별시 동대문구 이문동 209-16"
NULL,NULL,"서울특별시 동대문구 전농동 184-22"
NULL,NULL,"서울특별시 동대문구 이문동 209-16"
NULL,NULL,"서울특별시 동대문구 청량리동 235-10"
NULL,NULL,"서울특별시 동대문구 청량리동 235-10"
NULL,NULL,"서울특별시 동대문구 청량리동 235-10"
NULL,NULL,"서울특별시 동대문구 답십리동 536"
NULL,NULL,"서울특별시 동대문구 답십리동 536"
NULL,NULL,"서울특별시 동대문구 청량리동 235-10"
NULL,NULL,"서울특별시 동대문구 답십리동 961-1"
NULL,NULL,"서울특별시 동대문구 이문동 209-16"
NULL,NULL,"서울특별시 동대문구 답십리동 536"
NULL,NULL,"서울특별시 동대문구 청량리동 235-10"
NULL,NULL,"서울특별시 동대문구 휘경동 49-197"
NULL,NULL,"서울특별시 동대문구 청량리동 235-10"
NULL,NULL,"서울특별시 동대문구 휘경동 49-197"
NULL,NULL,"서울특별시 동대문구 청량리동 235-10"
NULL,NULL,"서울특별시 동대문구 청량리동 235-10"
NULL,NULL,"서울특별시 동대문구 청량리동 235-10"
NULL,NULL,"서울특별시 동대문구 답십리동 536"
NULL,NULL,"서울특별시 동대문구 답십리동 536"
NULL,NULL,"서울특별시 동대문구 답십리동 536"
NULL,NULL,"서울특별시 동대문구 청량리동 235-10"
NULL,NULL,"서울특별시 동대문구 청량리동 235-10"
NULL,NULL,"서울특별시 동대문구 전농동 184-22"
NULL,NULL,"서울특별시 동대문구 청량리동 235-10"
NULL,NULL,"서울특별시 동대문구 답십리동 536"
NULL,NULL,"서울특별시 동대문구 이문동 209-16"
NULL,NULL,"서울특별시 동대문구 청량리동 235-10"
NULL,NULL,"서울특별시 동대문구 청량리동 235-10"
NULL,NULL,"서울특별시 동대문구 청량리동 235-10"
NULL,NULL,"서울특별시 동대문구 답십리동 492-7"
NULL,NULL,"서울특별시 동대문구 청량리동 235-10"
NULL,NULL,"서울특별시 동대문구 답십리동 536"
NULL,NULL,"서울특별시 동대문구 청량리동 235-10"
NULL,NULL,"서울특별시 동대문구 청량리동 235-10"
NULL,NULL,"서울특별시 동대문구 이문동 209-16"
NULL,NULL,"서울특별시 동대문구 답십리동 536"
NULL,NULL,"서울특별시 동대문구 청량리동 235-10"
NULL,NULL,"서울특별시 동대문구 답십리동 536"
NULL,NULL,"서울특별시 동대문구 청량리동 235-10"
NULL,NULL,"서울특별시 동대문구 청량리동 235-10"
NULL,NULL,"서울특별시 동대문구 청량리동 235-10"
NULL,NULL,"서울특별시 동대문구 답십리동 961-1"
NULL,NULL,"서울특별시 동대문구 답십리동 536"
NULL,NULL,"서울특별시 동대문구 청량리동 235-10"
NULL,NULL,"서울특별시 동대문구 답십리동 536"
NULL,NULL,"서울특별시 동대문구 청량리동 235-10"
NULL,NULL,"서울특별시 동대문구 휘경동 148-32"
NULL,NULL,"서울특별시 동대문구 답십리동 961-1"
NULL,NULL,"서울특별시 동대문구 청량리동 235-10"
NULL,NULL,"서울특별시 동대문구 답십리동 536"
NULL,NULL,"서울특별시 동대문구 이문동 209-16"
NULL,NULL,"서울특별시 동대문구 답십리동 536"
NULL,NULL,"서울특별시 동대문구 답십리동 536"
NULL,NULL,"서울특별시 동대문구 이문동 209-16"
NULL,NULL,"서울특별시 동대문구 이문동 209-16"
NULL,NULL,"서울특별시 동대문구 청량리동 235-10"
NULL,NULL,"서울특별시 동대문구 청량리동 235-10"
NULL,NULL,"서울특별시 동대문구 청량리동 235-10"
NULL,NULL,"서울특별시 동대문구 이문동 209-16"
NULL,NULL,"서울특별시 동대문구 청량리동 235-10"
NULL,NULL,"서울특별시 동대문구 전농동 530-89"
NULL,NULL,"서울특별시 동대문구 청량리동 235-10"
NULL,NULL,"서울특별시 동대문구 청량리동 235-10"
NULL,NULL,"서울특별시 동대문구 이문동 209-16"
NULL,NULL,"서울특별시 동대문구 이문동 209-16"
NULL,NULL,"서울특별시 동대문구 답십리동 536"
NULL,NULL,"서울특별시 동대문구 답십리동 536"
NULL,NULL,"서울특별시 동대문구 답십리동 536"
NULL,NULL,"서울특별시 동대문구 답십리동 536"
NULL,NULL,"서울특별시 동대문구 청량리동 235-10"
NULL,NULL,"서울특별시 동대문구 답십리동 492-7"
NULL,NULL,"서울특별시 동대문구 제기동 891-2"
NULL,NULL,"서울특별시 동대문구 제기동 891-2"
NULL,NULL,"서울특별시 동대문구 전농동 569-54"
NULL,NULL,"서울특별시 동대문구 회기동 60-267"
NULL,NULL,"서울특별시 동대문구 전농동 569-54"
NULL,NULL,"서울특별시 동대문구 제기동 891-2"
NULL,NULL,"서울특별시 동대문구 이문동 237-113"
NULL,NULL,"서울특별시 동대문구 제기동 891-2"
NULL,NULL,"서울특별시 동대문구 제기동 891-2"
NULL,NULL,"서울특별시 동대문구 전농동 584-37"
NULL,NULL,"서울특별시 동대문구 회기동 60-267"
NULL,NULL,"서울특별시 동대문구 답십리동 443-12"
NULL,NULL,"서울특별시 동대문구 제기동 891-2"
NULL,NULL,"서울특별시 동대문구 제기동 891-2"
NULL,NULL,"서울특별시 동대문구 전농동 569-54"
NULL,NULL,"서울특별시 동대문구 제기동 891-2"
NULL,NULL,"서울특별시 동대문구 제기동 891-2"
NULL,NULL,"서울특별시 동대문구 회기동 60-267"
NULL,NULL,"서울특별시 동대문구 전농동 569-54"
NULL,NULL,"서울특별시 동대문구 제기동 891-2"
NULL,NULL,"서울특별시 동대문구 제기동 891-2"
NULL,NULL,"서울특별시 동대문구 제기동 891-2"
NULL,NULL,"서울특별시 동대문구 전농동 652-2"
NULL,NULL,"서울특별시 동대문구 전농동 569-54"
NULL,NULL,"서울특별시 동대문구 제기동 891-2"
NULL,NULL,"서울특별시 동대문구 전농동 569-54"
NULL,NULL,"서울특별시 동대문구 제기동 891-2"
NULL,NULL,"서울특별시 동대문구 제기동 891-2"
NULL,NULL,"서울특별시 동대문구 제기동 891-2"
NULL,NULL,"서울특별시 동대문구 제기동 891-2"
NULL,NULL,"서울특별시 동대문구 제기동 891-2"
NULL,NULL,"서울특별시 동대문구 제기동 891-2"
NULL,NULL,"서울특별시 동대문구 제기동 891-2"
NULL,NULL,"서울특별시 동대문구 전농동 569-54"
NULL,NULL,"서울특별시 동대문구 제기동 891-2"
NULL,NULL,"서울특별시 동대문구 전농동 569-54"
NULL,NULL,"서울특별시 동대문구 제기동 891-2"
NULL,NULL,"서울특별시 동대문구 제기동 891-2"
NULL,NULL,"서울특별시 동대문구 휘경동 71-1"
NULL,NULL,"서울특별시 동대문구 휘경동 71-1"
NULL,NULL,"서울특별시 동대문구 청량리동 206-44"
NULL,NULL,"서울특별시 동대문구 답십리동 1005-1"
NULL,NULL,"서울특별시 동대문구 답십리동 1005-1"
NULL,NULL,"서울특별시 동대문구 답십리동 1005-1"
NULL,NULL,"서울특별시 동대문구 답십리동 1005-1"
NULL,NULL,"서울특별시 동대문구 답십리동 1005-1"
NULL,NULL,"서울특별시 동대문구 답십리동 1005-1"
NULL,NULL,"서울특별시 동대문구 답십리동 1005-1"
NULL,NULL,"서울특별시 동대문구 답십리동 1005-1"
NULL,NULL,"서울특별시 동대문구 답십리동 1005-1"
NULL,NULL,"서울특별시 동대문구 답십리동 1005-1"
NULL,NULL,"서울특별시 동대문구 답십리동 1005-1"
NULL,NULL,"서울특별시 동대문구 답십리동 1005-1"
NULL,NULL,"서울특별시 동대문구 답십리동 1005-1"
NULL,NULL,"서울특별시 동대문구 답십리동 1005-1"
NULL,NULL,"서울특별시 동대문구 답십리동 1005-1"
NULL,NULL,"서울특별시 동대문구 답십리동 1005-1"
NULL,NULL,"서울특별시 동대문구 답십리동 1005-1"
NULL,NULL,"서울특별시 동대문구 답십리동 1005-1"
NULL,NULL,"서울특별시 동대문구 답십리동 1005-1"
NULL,NULL,"서울특별시 동대문구 답십리동 1005-1"
NULL,NULL,"서울특별시 동대문구 답십리동 1005-1"
NULL,NULL,"서울특별시 동대문구 답십리동 1005-1"
NULL,NULL,"서울특별시 동대문구 답십리동 1005-1"
NULL,NULL,"서울특별시 동대문구 답십리동 1005-1"
NULL,NULL,"서울특별시 동대문구 답십리동 1005-1"
NULL,NULL,"서울특별시 동대문구 답십리동 1005-1"
NULL,NULL,"서울특별시 동대문구 답십리동 1005-1"
NULL,NULL,"서울특별시 동대문구 답십리동 1005-1"
NULL,NULL,"서울특별시 동대문구 답십리동 1005-1"
NULL,NULL,"서울특별시 동대문구 답십리동 1005-1"
NULL,NULL,"서울특별시 동대문구 답십리동 1005-1"
NULL,NULL,"서울특별시 동대문구 답십리동 1005-1"
NULL,NULL,"서울특별시 동대문구 답십리동 1005-1"
NULL,NULL,"서울특별시 동대문구 답십리동 1005-1"
NULL,NULL,"서울특별시 동대문구 답십리동 1005-1"
NULL,NULL,"서울특별시 동대문구 제기동 136-357"
NULL,NULL,"서울특별시 동대문구 제기동 136-357"
NULL,NULL,"서울특별시 동대문구 제기동 891-2"
NULL,NULL,"서울특별시 동대문구 용두동 237-70"
NULL,NULL,"서울특별시 동대문구 용두동 237-70"
NULL,NULL,"서울특별시 동대문구 용두동 237-70"
NULL,NULL,"서울특별시 동대문구 용두동 237-70"
NULL,NULL,"서울특별시 동대문구 용두동 237-70"
NULL,NULL,"서울특별시 동대문구 답십리동 2-299"
NULL,NULL,"서울특별시 동대문구 휘경동 280-1"
NULL,NULL,"서울특별시 동대문구 휘경동 280-1"
NULL,NULL,"서울특별시 동대문구 답십리동 2-299"
NULL,NULL,"서울특별시 동대문구 휘경동 280-1"
NULL,NULL,"서울특별시 동대문구 신설동 76-69"
NULL,NULL,"서울특별시 동대문구 신설동 85-1"
NULL,NULL,"서울특별시 동대문구 신설동 76-69"
NULL,NULL,"서울특별시 동대문구 답십리동 2-299"
NULL,NULL,"서울특별시 동대문구 용두동 47-30"
NULL,NULL,"서울특별시 동대문구 휘경동 49-19"
NULL,NULL,"서울특별시 동대문구 답십리동 2-299"
NULL,NULL,"서울특별시 동대문구 휘경동 280-1"
NULL,NULL,"서울특별시 동대문구 용두동 47-30"
NULL,NULL,"서울특별시 동대문구 답십리동 2-299"
NULL,NULL,"서울특별시 동대문구 휘경동 280-1"
NULL,NULL,"서울특별시 동대문구 이문동 341-85"
NULL,NULL,"서울특별시 동대문구 신설동 85-1"
NULL,NULL,"서울특별시 동대문구 신설동 85-1"
NULL,NULL,"서울특별시 동대문구 신설동 76-69"
NULL,NULL,"서울특별시 동대문구 용두동 47-30"
NULL,NULL,"서울특별시 동대문구 신설동 85-1"
NULL,NULL,"서울특별시 동대문구 신설동 85-1"
NULL,NULL,"서울특별시 동대문구 답십리동 2-299"
NULL,NULL,"서울특별시 동대문구 답십리동 2-299"
NULL,NULL,"서울특별시 동대문구 휘경동 343-25"
NULL,NULL,"서울특별시 동대문구 답십리동 2-299"
NULL,NULL,"서울특별시 동대문구 휘경동 280-1"
NULL,NULL,"서울특별시 동대문구 휘경동 280-1"
NULL,NULL,"서울특별시 동대문구 휘경동 280-1"
NULL,NULL,"서울특별시 동대문구 답십리동 2-299"
NULL,NULL,"서울특별시 동대문구 답십리동 2-299"
NULL,NULL,"서울특별시 동대문구 신설동 85-1"
NULL,NULL,"서울특별시 동대문구 답십리동 2-299"
NULL,NULL,"서울특별시 동대문구 용두동 47-30"
NULL,NULL,"서울특별시 동대문구 휘경동 280-1"
NULL,NULL,"서울특별시 동대문구 답십리동 2-299"
NULL,NULL,"서울특별시 동대문구 휘경동 280-1"
NULL,NULL,"서울특별시 동대문구 용두동 47-30"
NULL,NULL,"서울특별시 동대문구 용두동 47-30"
NULL,NULL,"서울특별시 동대문구 용두동 47-30"
NULL,NULL,"서울특별시 동대문구 답십리동 2-299"
NULL,NULL,"서울특별시 동대문구 답십리동 2-299"
NULL,NULL,"서울특별시 동대문구 신설동 76-69"
NULL,NULL,"서울특별시 동대문구 신설동 76-69"
NULL,NULL,"서울특별시 동대문구 신설동 76-69"
NULL,NULL,"서울특별시 동대문구 신설동 85-1"
NULL,NULL,"서울특별시 동대문구 답십리동 53-1"
NULL,NULL,"서울특별시 동대문구 답십리동 53-1"
NULL,NULL,"서울특별시 동대문구 휘경동 34-6"
NULL,NULL,"서울특별시 동대문구 용두동 39-924"
NULL,NULL,"서울특별시 동대문구 휘경동 34-6"
NULL,NULL,"서울특별시 동대문구 용두동 39-924"
NULL,NULL,"서울특별시 동대문구 제기동 908"
NULL,NULL,"서울특별시 동대문구 휘경동 34-6"
NULL,NULL,"서울특별시 동대문구 전농동 315-2"
NULL,NULL,"서울특별시 동대문구 답십리동 53-1"
NULL,NULL,"서울특별시 동대문구 휘경동 34-6"
NULL,NULL,"서울특별시 동대문구 답십리동 53-1"
NULL,NULL,"서울특별시 동대문구 용두동 39-924"
NULL,NULL,"서울특별시 동대문구 휘경동 34-6"
NULL,NULL,"서울특별시 동대문구 용두동 39-924"
NULL,NULL,"서울특별시 동대문구 휘경동 34-6"
NULL,NULL,"서울특별시 동대문구 용두동 39-924"
NULL,NULL,"서울특별시 동대문구 용두동 39-924"
NULL,NULL,"서울특별시 동대문구 제기동 892-68"
NULL,NULL,"서울특별시 동대문구 휘경동 34-6"
NULL,NULL,"서울특별시 동대문구 휘경동 34-6"
NULL,NULL,"서울특별시 동대문구 휘경동 34-6"
NULL,NULL,"서울특별시 동대문구 휘경동 34-6"
NULL,NULL,"서울특별시 동대문구 답십리동 53-1"
NULL,NULL,"서울특별시 동대문구 휘경동 34-6"
NULL,NULL,"서울특별시 동대문구 제기동 908"
NULL,NULL,"서울특별시 동대문구 휘경동 34-6"
NULL,NULL,"서울특별시 동대문구 답십리동 53-1"
NULL,NULL,"서울특별시 동대문구 용두동 39-924"
NULL,NULL,"서울특별시 동대문구 용두동 39-924"
NULL,NULL,"서울특별시 동대문구 제기동 892-68"
NULL,NULL,"서울특별시 동대문구 휘경동 34-6"
NULL,NULL,"서울특별시 동대문구 제기동 908"
NULL,NULL,"서울특별시 동대문구 제기동 908"
NULL,NULL,"서울특별시 동대문구 휘경동 34-6"
NULL,NULL,"서울특별시 동대문구 용두동 39-924"
NULL,NULL,"서울특별시 동대문구 휘경동 34-6"
NULL,NULL,"서울특별시 동대문구 용두동 39-924"
NULL,NULL,"서울특별시 동대문구 용두동 39-924"
NULL,NULL,"서울특별시 동대문구 답십리동 53-1"
NULL,NULL,"서울특별시 동대문구 전농동 315-2"
NULL,NULL,"서울특별시 동대문구 답십리동 53-1"
NULL,NULL,"서울특별시 동대문구 휘경동 34-6"
NULL,NULL,"서울특별시 동대문구 답십리동 53-1"
NULL,NULL,"서울특별시 동대문구 휘경동 34-6"
NULL,NULL,"서울특별시 동대문구 답십리동 53-1"
NULL,NULL,"서울특별시 동대문구 휘경동 34-6"
NULL,NULL,"서울특별시 동대문구 답십리동 53-1"
NULL,NULL,"서울특별시 동대문구 휘경동 34-6"
NULL,NULL,"서울특별시 동대문구 휘경동 34-6"
NULL,NULL,"서울특별시 동대문구 전농동 315-2"
NULL,NULL,"서울특별시 동대문구 전농동 315-2"
NULL,NULL,"서울특별시 동대문구 용두동 767-14"
NULL,NULL,"서울특별시 동대문구 제기동 1158-75"
NULL,NULL,"서울특별시 동대문구 제기동 1158-75"
NULL,NULL,"서울특별시 동대문구 제기동 1158-75"
NULL,NULL,"서울특별시 동대문구 제기동 1158-75"
NULL,NULL,"서울특별시 동대문구 제기동 1158-75"
NULL,NULL,"서울특별시 동대문구 제기동 1158-75"
NULL,NULL,"서울특별시 동대문구 제기동 1158-75"
NULL,NULL,"서울특별시 동대문구 제기동 1158-75"
NULL,NULL,"서울특별시 동대문구 제기동 1158-75"
NULL,NULL,"서울특별시 동대문구 제기동 1158-75"
NULL,NULL,"서울특별시 동대문구 제기동 1158-75"
NULL,NULL,"서울특별시 동대문구 제기동 1158-75"
NULL,NULL,"서울특별시 동대문구 제기동 1158-75"
NULL,NULL,"서울특별시 동대문구 제기동 1158-75"
NULL,NULL,"서울특별시 동대문구 제기동 1158-75"
NULL,NULL,"서울특별시 동대문구 제기동 1158-75"
NULL,NULL,"서울특별시 동대문구 제기동 1158-75"
NULL,NULL,"서울특별시 동대문구 제기동 1158-75"
NULL,NULL,"서울특별시 동대문구 회기동 346-11"
NULL,NULL,"서울특별시 동대문구 제기동 702"
NULL,NULL,"서울특별시 동대문구 답십리동 3-107"
NULL,NULL,"서울특별시 동대문구 답십리동 112-255"
NULL,NULL,"서울특별시 동대문구 답십리동 3-107"
NULL,NULL,"서울특별시 동대문구 답십리동 3-107"
NULL,NULL,"서울특별시 동대문구 제기동 702"
NULL,NULL,"서울특별시 동대문구 제기동 702"
NULL,NULL,"서울특별시 동대문구 제기동 702"
NULL,NULL,"서울특별시 동대문구 휘경동 55-6"
NULL,NULL,"서울특별시 동대문구 휘경동 109-1"
NULL,NULL,"서울특별시 동대문구 휘경동 109-1"
NULL,NULL,"서울특별시 동대문구 휘경동 109-1"
NULL,NULL,"서울특별시 동대문구 휘경동 109-1"
NULL,NULL,"서울특별시 동대문구 이문동 64-4"
NULL,NULL,"서울특별시 동대문구 이문동 64-4"
NULL,NULL,"서울특별시 동대문구 이문동 64-4"
NULL,NULL,"서울특별시 동대문구 이문동 64-4"
NULL,NULL,"서울특별시 동대문구 이문동 64-4"
NULL,NULL,"서울특별시 동대문구 이문동 64-4"
NULL,NULL,"서울특별시 동대문구 이문동 64-4"
NULL,NULL,"서울특별시 동대문구 이문동 64-4"
NULL,NULL,"서울특별시 동대문구 이문동 64-4"
NULL,NULL,"서울특별시 동대문구 이문동 64-4"
NULL,NULL,"서울특별시 동대문구 답십리동 476-288"
NULL,NULL,"서울특별시 동대문구 전농동 195-1"
NULL,NULL,"서울특별시 동대문구 답십리동 476-265"
NULL,NULL,"서울특별시 동대문구 답십리동 492-6"
NULL,NULL,"서울특별시 동대문구 답십리동 492-6"
NULL,NULL,"서울특별시 동대문구 전농동 530-88"
NULL,NULL,"서울특별시 동대문구 답십리동 492-6"
NULL,NULL,"서울특별시 동대문구 제기동 148-121"
NULL,NULL,"서울특별시 동대문구 답십리동 492-6"
NULL,NULL,"서울특별시 동대문구 답십리동 492-6"
NULL,NULL,"서울특별시 동대문구 제기동 831-9"
NULL,NULL,"서울특별시 동대문구 답십리동 483-47"
NULL,NULL,"서울특별시 동대문구 답십리동 492-6"
NULL,NULL,"서울특별시 동대문구 답십리동 476-265"
NULL,NULL,"서울특별시 동대문구 전농동 530-88"
NULL,NULL,"서울특별시 동대문구 용두동 47-4"
NULL,NULL,"서울특별시 동대문구 용두동 47-4"
NULL,NULL,"서울특별시 동대문구 용두동 47-4"
NULL,NULL,"서울특별시 동대문구 제기동 137-19"
NULL,NULL,"서울특별시 동대문구 용두동 47-4"
NULL,NULL,"서울특별시 동대문구 답십리동 492-6"
NULL,NULL,"서울특별시 동대문구 답십리동 492-6"
NULL,NULL,"서울특별시 동대문구 답십리동 492-6"
NULL,NULL,"서울특별시 동대문구 용두동 47-4"
NULL,NULL,"서울특별시 동대문구 용두동 47-4"
NULL,NULL,"서울특별시 동대문구 용두동 47-4"
NULL,NULL,"서울특별시 동대문구 제기동 137-19"
NULL,NULL,"서울특별시 동대문구 신설동 100-29"
NULL,NULL,"서울특별시 동대문구 회기동 60-48"
NULL,NULL,"서울특별시 동대문구 전농동 129-75"
NULL,NULL,"서울특별시 동대문구 휘경동 361-1"
NULL,NULL,"서울특별시 동대문구 답십리동 2-295"
NULL,NULL,"서울특별시 동대문구 답십리동 2-295"
NULL,NULL,"서울특별시 동대문구 답십리동 475-111"
NULL,NULL,"서울특별시 동대문구 이문동 356"
NULL,NULL,"서울특별시 동대문구 답십리동 2-295"
NULL,NULL,"서울특별시 동대문구 답십리동 62-5"
NULL,NULL,"서울특별시 동대문구 휘경동 49-14"
NULL,NULL,"서울특별시 동대문구 답십리동 924"
NULL,NULL,"서울특별시 동대문구 전농동 129-75"
NULL,NULL,"서울특별시 동대문구 휘경동 361-1"
NULL,NULL,"서울특별시 동대문구 답십리동 62-5"
NULL,NULL,"서울특별시 동대문구 전농동 129-75"
NULL,NULL,"서울특별시 동대문구 전농동 129-75"
NULL,NULL,"서울특별시 동대문구 답십리동 62-5"
NULL,NULL,"서울특별시 동대문구 답십리동 2-295"
NULL,NULL,"서울특별시 동대문구 답십리동 2-295"
NULL,NULL,"서울특별시 동대문구 답십리동 62-5"
NULL,NULL,"서울특별시 동대문구 답십리동 62-5"
NULL,NULL,"서울특별시 동대문구 답십리동 62-5"
NULL,NULL,"서울특별시 동대문구 답십리동 62-5"
NULL,NULL,"서울특별시 동대문구 휘경동 361-1"
NULL,NULL,"서울특별시 동대문구 답십리동 62-5"
NULL,NULL,"서울특별시 동대문구 답십리동 62-5"
NULL,NULL,"서울특별시 동대문구 휘경동 361-1"
NULL,NULL,"서울특별시 동대문구 답십리동 2-295"
NULL,NULL,"서울특별시 동대문구 제기동 928-11"
NULL,NULL,"서울특별시 동대문구 휘경동 49-14"
NULL,NULL,"서울특별시 동대문구 답십리동 924"
NULL,NULL,"서울특별시 동대문구 답십리동 2-295"
NULL,NULL,"서울특별시 동대문구 전농동 129-75"
NULL,NULL,"서울특별시 동대문구 답십리동 2-295"
NULL,NULL,"서울특별시 동대문구 답십리동 62-5"
NULL,NULL,"서울특별시 동대문구 휘경동 49-14"
NULL,NULL,"서울특별시 동대문구 답십리동 62-5"
NULL,NULL,"서울특별시 동대문구 답십리동 924"
NULL,NULL,"서울특별시 동대문구 전농동 129-75"
NULL,NULL,"서울특별시 동대문구 답십리동 2-295"
NULL,NULL,"서울특별시 동대문구 휘경동 361-1"
NULL,NULL,"서울특별시 동대문구 전농동 129-75"
NULL,NULL,"서울특별시 동대문구 답십리동 62-5"
NULL,NULL,"서울특별시 동대문구 답십리동 62-5"
NULL,NULL,"서울특별시 동대문구 답십리동 924"
NULL,NULL,"서울특별시 동대문구 전농동 129-75"
NULL,NULL,"서울특별시 동대문구 휘경동 361-1"
NULL,NULL,"서울특별시 동대문구 전농동 129-75"
NULL,NULL,"서울특별시 동대문구 청량리동 205-489"
NULL,NULL,"서울특별시 동대문구 답십리동 80-9"
NULL,NULL,"서울특별시 동대문구 답십리동 80-9"
NULL,NULL,"서울특별시 동대문구 답십리동 80-9"
NULL,NULL,"서울특별시 동대문구 답십리동 80-9"
NULL,NULL,"서울특별시 동대문구 휘경동 49-14"
NULL,NULL,"서울특별시 동대문구 답십리동 62-5"
NULL,NULL,"서울특별시 동대문구 전농동 129-75"
NULL,NULL,"서울특별시 동대문구 답십리동 80-9"
NULL,NULL,"서울특별시 동대문구 답십리동 80-9"
NULL,NULL,"서울특별시 동대문구 답십리동 80-9"
NULL,NULL,"서울특별시 동대문구 답십리동 80-9"
NULL,NULL,"서울특별시 동대문구 답십리동 80-9"
NULL,NULL,"서울특별시 동대문구 휘경동 361-1"
NULL,NULL,"서울특별시 동대문구 답십리동 2-295"
NULL,NULL,"서울특별시 동대문구 휘경동 361-1"
NULL,NULL,"서울특별시 동대문구 휘경동 361-1"
NULL,NULL,"서울특별시 동대문구 답십리동 62-5"
NULL,NULL,"서울특별시 동대문구 답십리동 924"
NULL,NULL,"서울특별시 동대문구 용두동 47-27"
NULL,NULL,"서울특별시 동대문구 용두동 47-27"
NULL,NULL,"서울특별시 동대문구 용두동 47-27"
NULL,NULL,"서울특별시 동대문구 답십리동 924"
NULL,NULL,"서울특별시 동대문구 답십리동 2-295"
NULL,NULL,"서울특별시 동대문구 용두동 47-27"
NULL,NULL,"서울특별시 동대문구 휘경동 49-14"
NULL,NULL,"서울특별시 동대문구 답십리동 2-295"
NULL,NULL,"서울특별시 동대문구 답십리동 2-295"
NULL,NULL,"서울특별시 동대문구 휘경동 49-14"
NULL,NULL,"서울특별시 동대문구 전농동 129-75"
NULL,NULL,"서울특별시 동대문구 전농동 129-75"
NULL,NULL,"서울특별시 동대문구 답십리동 2-295"
NULL,NULL,"서울특별시 동대문구 답십리동 2-295"
NULL,NULL,"서울특별시 동대문구 답십리동 62-5"
NULL,NULL,"서울특별시 동대문구 용두동 47-27"
NULL,NULL,"서울특별시 동대문구 용두동 47-27"
NULL,NULL,"서울특별시 동대문구 용두동 47-27"
NULL,NULL,"서울특별시 동대문구 전농동 129-75"
NULL,NULL,"서울특별시 동대문구 답십리동 80-9"
NULL,NULL,"서울특별시 동대문구 답십리동 924"
NULL,NULL,"서울특별시 동대문구 답십리동 475-111"
NULL,NULL,"서울특별시 동대문구 답십리동 2-295"
NULL,NULL,"서울특별시 동대문구 답십리동 924"
NULL,NULL,"서울특별시 동대문구 답십리동 924"
NULL,NULL,"서울특별시 동대문구 답십리동 475-111"
NULL,NULL,"서울특별시 동대문구 답십리동 80-9"
NULL,NULL,"서울특별시 동대문구 답십리동 475-111"
NULL,NULL,"서울특별시 동대문구 제기동 928-11"
NULL,NULL,"서울특별시 동대문구 답십리동 475-111"
NULL,NULL,"서울특별시 동대문구 답십리동 2-295"
NULL,NULL,"서울특별시 동대문구 용두동 47-27"
NULL,NULL,"서울특별시 동대문구 용두동 47-27"
NULL,NULL,"서울특별시 동대문구 답십리동 62-5"
NULL,NULL,"서울특별시 동대문구 전농동 129-75"
NULL,NULL,"서울특별시 동대문구 답십리동 2-295"
NULL,NULL,"서울특별시 동대문구 답십리동 2-295"
NULL,NULL,"서울특별시 동대문구 답십리동 924"
NULL,NULL,"서울특별시 동대문구 답십리동 924"
NULL,NULL,"서울특별시 동대문구 답십리동 62-5"
NULL,NULL,"서울특별시 동대문구 답십리동 62-5"
NULL,NULL,"서울특별시 동대문구 답십리동 475-111"
NULL,NULL,"서울특별시 동대문구 전농동 647-73"
NULL,NULL,"서울특별시 동대문구 용두동 47-27"
NULL,NULL,"서울특별시 동대문구 용두동 47-27"
NULL,NULL,"서울특별시 동대문구 답십리동 475-111"
NULL,NULL,"서울특별시 동대문구 답십리동 924"
NULL,NULL,"서울특별시 동대문구 답십리동 62-5"
NULL,NULL,"서울특별시 동대문구 답십리동 2-295"
NULL,NULL,"서울특별시 동대문구 답십리동 475-111"
NULL,NULL,"서울특별시 동대문구 전농동 647-73"
NULL,NULL,"서울특별시 동대문구 답십리동 924"
NULL,NULL,"서울특별시 동대문구 전농동 129-75"
NULL,NULL,"서울특별시 동대문구 전농동 129-75"
NULL,NULL,"서울특별시 동대문구 답십리동 2-295"
NULL,NULL,"서울특별시 동대문구 용두동 47-27"
NULL,NULL,"서울특별시 동대문구 답십리동 924"
NULL,NULL,"서울특별시 동대문구 휘경동 361-1"
NULL,NULL,"서울특별시 동대문구 휘경동 361-1"
NULL,NULL,"서울특별시 동대문구 답십리동 2-295"
NULL,NULL,"서울특별시 동대문구 답십리동 2-295"
NULL,NULL,"서울특별시 동대문구 답십리동 2-295"
NULL,NULL,"서울특별시 동대문구 답십리동 80-9"
NULL,NULL,"서울특별시 동대문구 답십리동 80-9"
NULL,NULL,"서울특별시 동대문구 답십리동 80-9"
NULL,NULL,"서울특별시 동대문구 답십리동 62-5"
NULL,NULL,"서울특별시 동대문구 답십리동 2-295"
NULL,NULL,"서울특별시 동대문구 답십리동 2-295"
NULL,NULL,"서울특별시 동대문구 신설동 114-76"
NULL,NULL,"서울특별시 동대문구 신설동 114-76"
NULL,NULL,"서울특별시 동대문구 전농동 311"
NULL,NULL,"서울특별시 동대문구 이문동 225"
NULL,NULL,"서울특별시 동대문구 장안동 107-3"
NULL,NULL,"서울특별시 동대문구 이문동 225"
NULL,NULL,"서울특별시 동대문구 장안동 107-3"
NULL,NULL,"서울특별시 동대문구 전농동 311"
NULL,NULL,"서울특별시 동대문구 장안동 107-3"
NULL,NULL,"서울특별시 동대문구 이문동 225"
NULL,NULL,"서울특별시 동대문구 전농동 311"
NULL,NULL,"서울특별시 동대문구 휘경동 49-72"
NULL,NULL,"서울특별시 동대문구 장안동 469-17"
NULL,NULL,"서울특별시 동대문구 장안동 107-3"
NULL,NULL,"서울특별시 동대문구 전농동 311"
NULL,NULL,"서울특별시 동대문구 전농동 311"
NULL,NULL,"서울특별시 동대문구 휘경동 49-72"
NULL,NULL,"서울특별시 동대문구 전농동 311"
NULL,NULL,"서울특별시 동대문구 휘경동 49-72"
NULL,NULL,"서울특별시 동대문구 전농동 311"
NULL,NULL,"서울특별시 동대문구 전농동 311"
NULL,NULL,"서울특별시 동대문구 전농동 295-52"
NULL,NULL,"서울특별시 동대문구 전농동 311"
NULL,NULL,"서울특별시 동대문구 전농동 625-1"
NULL,NULL,"서울특별시 동대문구 전농동 311"
NULL,NULL,"서울특별시 동대문구 용두동 191-9"
NULL,NULL,"서울특별시 동대문구 전농동 311"
NULL,NULL,"서울특별시 동대문구 제기동 730-3"
NULL,NULL,"서울특별시 동대문구 이문동 225"
NULL,NULL,"서울특별시 동대문구 휘경동 43-267"
NULL,NULL,"서울특별시 동대문구 전농동 311"
NULL,NULL,"서울특별시 동대문구 전농동 311"
NULL,NULL,"서울특별시 동대문구 제기동 1158-61"
NULL,NULL,"서울특별시 동대문구 전농동 311"
NULL,NULL,"서울특별시 동대문구 장안동 107-3"
NULL,NULL,"서울특별시 동대문구 전농동 311"
NULL,NULL,"서울특별시 동대문구 이문동 225"
NULL,NULL,"서울특별시 동대문구 전농동 311"
NULL,NULL,"서울특별시 동대문구 장안동 107-3"
NULL,NULL,"서울특별시 동대문구 이문동 225"
NULL,NULL,"서울특별시 동대문구 장안동 469-17"
NULL,NULL,"서울특별시 동대문구 장안동 469-17"
NULL,NULL,"서울특별시 동대문구 장안동 469-17"
NULL,NULL,"서울특별시 동대문구 장안동 469-17"
NULL,NULL,"서울특별시 동대문구 장안동 469-17"
NULL,NULL,"서울특별시 동대문구 장안동 469-17"
NULL,NULL,"서울특별시 동대문구 장안동 469-17"
NULL,NULL,"서울특별시 동대문구 장안동 469-17"
NULL,NULL,"서울특별시 동대문구 장안동 469-17"
NULL,NULL,"서울특별시 동대문구 장안동 469-17"
NULL,NULL,"서울특별시 동대문구 장안동 469-17"
NULL,NULL,"서울특별시 동대문구 장안동 469-17"
NULL,NULL,"서울특별시 동대문구 장안동 469-17"
NULL,NULL,"서울특별시 동대문구 장안동 469-17"
NULL,NULL,"서울특별시 동대문구 회기동 38-1"
NULL,NULL,"서울특별시 동대문구 회기동 36-21"
NULL,NULL,"서울특별시 동대문구 이문동 225"
NULL,NULL,"서울특별시 동대문구 이문동 225"
NULL,NULL,"서울특별시 동대문구 이문동 225"
NULL,NULL,"서울특별시 동대문구 이문동 225"
NULL,NULL,"서울특별시 동대문구 이문동 225"
NULL,NULL,"서울특별시 동대문구 이문동 225"
NULL,NULL,"서울특별시 동대문구 이문동 225"
NULL,NULL,"서울특별시 동대문구 이문동 225"
NULL,NULL,"서울특별시 동대문구 이문동 225"
NULL,NULL,"서울특별시 동대문구 이문동 225"
NULL,NULL,"서울특별시 동대문구 이문동 225"
NULL,NULL,"서울특별시 동대문구 이문동 225"
NULL,NULL,"서울특별시 동대문구 이문동 225"
NULL,NULL,"서울특별시 동대문구 이문동 225"
NULL,NULL,"서울특별시 동대문구 이문동 225"
NULL,NULL,"서울특별시 동대문구 이문동 225"
NULL,NULL,"서울특별시 동대문구 이문동 225"
NULL,NULL,"서울특별시 동대문구 이문동 225"
NULL,NULL,"서울특별시 동대문구 이문동 225"
NULL,NULL,"서울특별시 동대문구 이문동 225"
NULL,NULL,"서울특별시 동대문구 이문동 225"
NULL,NULL,"서울특별시 동대문구 제기동 1158-61"
NULL,NULL,"서울특별시 동대문구 휘경동 112-43"
NULL,NULL,"서울특별시 동대문구 청량리동 203-316"
NULL,NULL,"서울특별시 동대문구 장안동 469-1"
NULL,NULL,"서울특별시 동대문구 답십리동 112-3"
NULL,NULL,"서울특별시 동대문구 장안동 469-1"
NULL,NULL,"서울특별시 동대문구 장안동 469-1"
NULL,NULL,"서울특별시 동대문구 장안동 469-1"
NULL,NULL,"서울특별시 동대문구 장안동 469-1"
NULL,NULL,"서울특별시 동대문구 청량리동 205-849"
NULL,NULL,"서울특별시 동대문구 답십리동 112-3"
NULL,NULL,"서울특별시 동대문구 장안동 469-1"
NULL,NULL,"서울특별시 동대문구 장안동 469-1"
NULL,NULL,"서울특별시 동대문구 답십리동 112-3"
NULL,NULL,"서울특별시 동대문구 답십리동 112-3"
NULL,NULL,"서울특별시 동대문구 답십리동 112-3"
NULL,NULL,"서울특별시 동대문구 청량리동 203-316"
NULL,NULL,"서울특별시 동대문구 장안동 469-1"
NULL,NULL,"서울특별시 동대문구 장안동 469-1"
NULL,NULL,"서울특별시 동대문구 회기동 16-9"
NULL,NULL,"서울특별시 동대문구 장안동 469-1"
NULL,NULL,"서울특별시 동대문구 장안동 469-1"
NULL,NULL,"서울특별시 동대문구 답십리동 112-3"
NULL,NULL,"서울특별시 동대문구 장안동 469-1"
NULL,NULL,"서울특별시 동대문구 장안동 469-1"
NULL,NULL,"서울특별시 동대문구 장안동 469-1"
NULL,NULL,"서울특별시 동대문구 청량리동 205-849"
NULL,NULL,"서울특별시 동대문구 장안동 469-1"
NULL,NULL,"서울특별시 동대문구 장안동 469-1"
NULL,NULL,"서울특별시 동대문구 장안동 469-1"
NULL,NULL,"서울특별시 동대문구 장안동 469-1"
NULL,NULL,"서울특별시 동대문구 장안동 469-1"
NULL,NULL,"서울특별시 동대문구 청량리동 203-316"
NULL,NULL,"서울특별시 동대문구 답십리동 961-10"
NULL,NULL,"서울특별시 동대문구 청량리동 203-316"
NULL,NULL,"서울특별시 동대문구 장안동 469-1"
NULL,NULL,"서울특별시 동대문구 답십리동 112-3"
NULL,NULL,"서울특별시 동대문구 장안동 469-1"
NULL,NULL,"서울특별시 동대문구 장안동 469-1"
NULL,NULL,"서울특별시 동대문구 답십리동 112-3"
NULL,NULL,"서울특별시 동대문구 장안동 469-1"
NULL,NULL,"서울특별시 동대문구 장안동 469-1"
NULL,NULL,"서울특별시 동대문구 장안동 469-1"
NULL,NULL,"서울특별시 동대문구 장안동 469-1"
NULL,NULL,"서울특별시 동대문구 장안동 469-1"
NULL,NULL,"서울특별시 동대문구 청량리동 203-316"
NULL,NULL,"서울특별시 동대문구 장안동 469-1"
NULL,NULL,"서울특별시 동대문구 청량리동 205-849"
NULL,NULL,"서울특별시 동대문구 장안동 469-1"
NULL,NULL,"서울특별시 동대문구 장안동 469-1"
NULL,NULL,"서울특별시 동대문구 답십리동 112-3"
NULL,NULL,"서울특별시 동대문구 청량리동 203-316"
NULL,NULL,"서울특별시 동대문구 장안동 469-1"
NULL,NULL,"서울특별시 동대문구 장안동 469-1"
NULL,NULL,"서울특별시 동대문구 장안동 469-1"
NULL,NULL,"서울특별시 동대문구 장안동 469-1"
NULL,NULL,"서울특별시 동대문구 회기동 16-9"
NULL,NULL,"서울특별시 동대문구 답십리동 961-10"
NULL,NULL,"서울특별시 동대문구 장안동 469-1"
NULL,NULL,"서울특별시 동대문구 장안동 469-1"
NULL,NULL,"서울특별시 동대문구 장안동 469-1"
NULL,NULL,"서울특별시 동대문구 장안동 469-1"
NULL,NULL,"서울특별시 동대문구 장안동 469-1"
NULL,NULL,"서울특별시 동대문구 장안동 469-1"
NULL,NULL,"서울특별시 동대문구 장안동 469-1"
NULL,NULL,"서울특별시 동대문구 장안동 469-1"
NULL,NULL,"서울특별시 동대문구 장안동 469-1"
NULL,NULL,"서울특별시 동대문구 장안동 469-1"
NULL,NULL,"서울특별시 동대문구 답십리동 961-10"
NULL,NULL,"서울특별시 동대문구 장안동 469-1"
NULL,NULL,"서울특별시 동대문구 장안동 469-1"
NULL,NULL,"서울특별시 동대문구 장안동 469-1"
NULL,NULL,"서울특별시 동대문구 답십리동 112-3"
NULL,NULL,"서울특별시 동대문구 장안동 469-1"
NULL,NULL,"서울특별시 동대문구 휘경동 56-3"
NULL,NULL,"서울특별시 동대문구 휘경동 56-3"
NULL,NULL,"서울특별시 동대문구 장안동 469-1"
NULL,NULL,"서울특별시 동대문구 장안동 469-1"
NULL,NULL,"서울특별시 동대문구 장안동 469-1"
NULL,NULL,"서울특별시 동대문구 장안동 469-1"
NULL,NULL,"서울특별시 동대문구 장안동 469-1"
NULL,NULL,"서울특별시 동대문구 장안동 469-1"
NULL,NULL,"서울특별시 동대문구 용두동 150-32"
NULL,NULL,"서울특별시 동대문구 용두동 150-32"
NULL,NULL,"서울특별시 동대문구 용두동 150-32"
NULL,NULL,"서울특별시 동대문구 용두동 150-32"
NULL,NULL,"서울특별시 동대문구 청량리동 산 1-195"
NULL,NULL,"서울특별시 동대문구 용두동 150-32"
NULL,NULL,"서울특별시 동대문구 용두동 150-32"
NULL,NULL,"서울특별시 동대문구 용두동 150-32"
NULL,NULL,"서울특별시 동대문구 용두동 150-32"
NULL,NULL,"서울특별시 동대문구 용두동 150-32"
NULL,NULL,"서울특별시 동대문구 휘경동 148-50"
NULL,NULL,"서울특별시 동대문구 용두동 150-32"
NULL,NULL,"서울특별시 동대문구 용두동 150-32"
NULL,NULL,"서울특별시 동대문구 용두동 150-32"
NULL,NULL,"서울특별시 동대문구 용두동 150-32"
NULL,NULL,"서울특별시 동대문구 용두동 150-32"
NULL,NULL,"서울특별시 동대문구 용두동 689-1"
NULL,NULL,"서울특별시 동대문구 용두동 150-32"
NULL,NULL,"서울특별시 동대문구 용두동 150-32"
NULL,NULL,"서울특별시 동대문구 용두동 150-32"
NULL,NULL,"서울특별시 동대문구 용두동 150-32"
NULL,NULL,"서울특별시 동대문구 청량리동 산 1-195"
NULL,NULL,"서울특별시 동대문구 용두동 150-32"
NULL,NULL,"서울특별시 동대문구 용두동 150-32"
NULL,NULL,"서울특별시 동대문구 신설동 1-3"
NULL,NULL,"서울특별시 동대문구 신설동 1-3"
NULL,NULL,"서울특별시 동대문구 휘경동 148-50"
NULL,NULL,"서울특별시 동대문구 신설동 1-3"
NULL,NULL,"서울특별시 동대문구 용두동 150-32"
NULL,NULL,"서울특별시 동대문구 휘경동 148-50"
NULL,NULL,"서울특별시 동대문구 신설동 1-3"
NULL,NULL,"서울특별시 동대문구 이문동 292-261"
NULL,NULL,"서울특별시 동대문구 휘경동 42-4"
NULL,NULL,"서울특별시 동대문구 휘경동 42-4"
NULL,NULL,"서울특별시 동대문구 전농동 645-4"
NULL,NULL,"서울특별시 동대문구 휘경동 42-4"
NULL,NULL,"서울특별시 동대문구 이문동 292-261"
NULL,NULL,"서울특별시 동대문구 이문동 292-261"
NULL,NULL,"서울특별시 동대문구 휘경동 42-4"
NULL,NULL,"서울특별시 동대문구 휘경동 42-4"
NULL,NULL,"서울특별시 동대문구 휘경동 42-4"
NULL,NULL,"서울특별시 동대문구 용두동 193-59"
NULL,NULL,"서울특별시 동대문구 휘경동 42-4"
NULL,NULL,"서울특별시 동대문구 휘경동 42-4"
NULL,NULL,"서울특별시 동대문구 휘경동 42-4"
NULL,NULL,"서울특별시 동대문구 답십리동 198-116"
NULL,NULL,"서울특별시 동대문구 이문동 292-261"
NULL,NULL,"서울특별시 동대문구 휘경동 42-4"
NULL,NULL,"서울특별시 동대문구 휘경동 42-4"
NULL,NULL,"서울특별시 동대문구 휘경동 42-4"
NULL,NULL,"서울특별시 동대문구 휘경동 7-7"
NULL,NULL,"서울특별시 동대문구 휘경동 42-4"
NULL,NULL,"서울특별시 동대문구 전농동 645-4"
NULL,NULL,"서울특별시 동대문구 이문동 292-261"
NULL,NULL,"서울특별시 동대문구 전농동 645-4"
NULL,NULL,"서울특별시 동대문구 이문동 292-261"
NULL,NULL,"서울특별시 동대문구 이문동 115-62"
NULL,NULL,"서울특별시 동대문구 이문동 292-261"
NULL,NULL,"서울특별시 동대문구 이문동 292-261"
NULL,NULL,"서울특별시 동대문구 이문동 292-261"
NULL,NULL,"서울특별시 동대문구 휘경동 187-49"
NULL,NULL,"서울특별시 동대문구 이문동 292-261"
NULL,NULL,"서울특별시 동대문구 이문동 292-261"
NULL,NULL,"서울특별시 동대문구 휘경동 42-4"
NULL,NULL,"서울특별시 동대문구 이문동 292-261"
NULL,NULL,"서울특별시 동대문구 휘경동 7-7"
NULL,NULL,"서울특별시 동대문구 이문동 292-261"
NULL,NULL,"서울특별시 동대문구 전농동 645-4"
NULL,NULL,"서울특별시 동대문구 이문동 292-261"
NULL,NULL,"서울특별시 동대문구 휘경동 42-4"
NULL,NULL,"서울특별시 동대문구 휘경동 42-4"
NULL,NULL,"서울특별시 동대문구 전농동 645-4"
NULL,NULL,"서울특별시 동대문구 휘경동 42-4"
NULL,NULL,"서울특별시 동대문구 이문동 292-261"
NULL,NULL,"서울특별시 동대문구 휘경동 42-4"
NULL,NULL,"서울특별시 동대문구 이문동 115-62"
NULL,NULL,"서울특별시 동대문구 이문동 65-2"
NULL,NULL,"서울특별시 동대문구 회기동 45-37"
NULL,NULL,"서울특별시 동대문구 장안동 469-7"
NULL,NULL,"서울특별시 동대문구 회기동 45-37"
NULL,NULL,"서울특별시 동대문구 답십리동 494-8"
NULL,NULL,"서울특별시 동대문구 회기동 45-37"
NULL,NULL,"서울특별시 동대문구 회기동 45-37"
NULL,NULL,"서울특별시 동대문구 답십리동 494-8"
NULL,NULL,"서울특별시 동대문구 장안동 469-7"
NULL,NULL,"서울특별시 동대문구 회기동 45-37"
NULL,NULL,"서울특별시 동대문구 전농동 572"
NULL,NULL,"서울특별시 동대문구 회기동 45-37"
NULL,NULL,"서울특별시 동대문구 회기동 45-37"
NULL,NULL,"서울특별시 동대문구 장안동 469-7"
NULL,NULL,"서울특별시 동대문구 회기동 45-37"
NULL,NULL,"서울특별시 동대문구 장안동 469-7"
NULL,NULL,"서울특별시 동대문구 신설동 102-8"
NULL,NULL,"서울특별시 동대문구 휘경동 337"
NULL,NULL,"서울특별시 동대문구 장안동 469-7"
NULL,NULL,"서울특별시 동대문구 답십리동 494-8"
NULL,NULL,"서울특별시 동대문구 장안동 469-7"
NULL,NULL,"서울특별시 동대문구 휘경동 337"
NULL,NULL,"서울특별시 동대문구 청량리동 203-56"
NULL,NULL,"서울특별시 동대문구 신설동 102-8"
NULL,NULL,"서울특별시 동대문구 회기동 45-62"
NULL,NULL,"서울특별시 동대문구 장안동 469-7"
NULL,NULL,"서울특별시 동대문구 회기동 45-37"
NULL,NULL,"서울특별시 동대문구 장안동 469-7"
NULL,NULL,"서울특별시 동대문구 장안동 469-7"
NULL,NULL,"서울특별시 동대문구 청량리동 203-24"
NULL,NULL,"서울특별시 동대문구 전농동 493-72"
NULL,NULL,"서울특별시 동대문구 용두동 146-9"
NULL,NULL,"서울특별시 동대문구 답십리동 494-8"
NULL,NULL,"서울특별시 동대문구 답십리동 494-8"
NULL,NULL,"서울특별시 동대문구 장안동 469-7"
NULL,NULL,"서울특별시 동대문구 회기동 45-37"
NULL,NULL,"서울특별시 동대문구 회기동 45-37"
NULL,NULL,"서울특별시 동대문구 회기동 45-37"
NULL,NULL,"서울특별시 동대문구 답십리동 494-8"
NULL,NULL,"서울특별시 동대문구 답십리동 494-8"
NULL,NULL,"서울특별시 동대문구 용두동 250-15"
NULL,NULL,"서울특별시 동대문구 용두동 255-56"
NULL,NULL,"서울특별시 동대문구 답십리동 494-8"
NULL,NULL,"서울특별시 동대문구 제기동 271-50"
NULL,NULL,"서울특별시 동대문구 장안동 469-11"
NULL,NULL,"서울특별시 동대문구 제기동 271-50"
NULL,NULL,"서울특별시 동대문구 전농동 530-84"
NULL,NULL,"서울특별시 동대문구 회기동 45-57"
NULL,NULL,"서울특별시 동대문구 청량리동 205-486"
NULL,NULL,"서울특별시 동대문구 장안동 469-6"
NULL,NULL,"서울특별시 동대문구 용두동 185-2"
NULL,NULL,"서울특별시 동대문구 제기동 1041"
NULL,NULL,"서울특별시 동대문구 장안동 469-11"
NULL,NULL,"서울특별시 동대문구 장안동 469-11"
NULL,NULL,"서울특별시 동대문구 장안동 469-6"
NULL,NULL,"서울특별시 동대문구 장안동 469-6"
NULL,NULL,"서울특별시 동대문구 전농동 568-7"
NULL,NULL,"서울특별시 동대문구 이문동 115-65"
NULL,NULL,"서울특별시 동대문구 장안동 469-11"
NULL,NULL,"서울특별시 동대문구 제기동 271-50"
NULL,NULL,"서울특별시 동대문구 장안동 469-11"
NULL,NULL,"서울특별시 동대문구 장안동 469-11"
NULL,NULL,"서울특별시 동대문구 장안동 469-11"
NULL,NULL,"서울특별시 동대문구 장안동 469-11"
NULL,NULL,"서울특별시 동대문구 장안동 469-11"
NULL,NULL,"서울특별시 동대문구 장안동 469-11"
NULL,NULL,"서울특별시 동대문구 장안동 469-6"
NULL,NULL,"서울특별시 동대문구 장안동 469-11"
NULL,NULL,"서울특별시 동대문구 회기동 45-57"
NULL,NULL,"서울특별시 동대문구 장안동 469-11"
NULL,NULL,"서울특별시 동대문구 장안동 469-11"
NULL,NULL,"서울특별시 동대문구 제기동 271-50"
NULL,NULL,"서울특별시 동대문구 장안동 469-11"
NULL,NULL,"서울특별시 동대문구 장안동 469-11"
NULL,NULL,"서울특별시 동대문구 장안동 469-11"
NULL,NULL,"서울특별시 동대문구 장안동 469-6"
NULL,NULL,"서울특별시 동대문구 답십리동 483-26"
NULL,NULL,"서울특별시 동대문구 장안동 469-11"
NULL,NULL,"서울특별시 동대문구 장안동 469-11"
NULL,NULL,"서울특별시 동대문구 장안동 469-6"
NULL,NULL,"서울특별시 동대문구 답십리동 257-1"
NULL,NULL,"서울특별시 동대문구 답십리동 257-1"
NULL,NULL,"서울특별시 동대문구 장안동 476-6"
NULL,NULL,"서울특별시 동대문구 답십리동 257-1"
NULL,NULL,"서울특별시 동대문구 답십리동 257-1"
NULL,NULL,"서울특별시 동대문구 답십리동 475-102번지"
NULL,NULL,"서울특별시 동대문구 청량리동 205-31"
NULL,NULL,"서울특별시 동대문구 답십리동 257-1"
NULL,NULL,"서울특별시 동대문구 답십리동 257-1"
NULL,NULL,"서울특별시 동대문구 답십리동 257-1"
NULL,NULL,"서울특별시 동대문구 제기동 852-2"
NULL,NULL,"서울특별시 동대문구 제기동 852-2"
NULL,NULL,"서울특별시 동대문구 제기동 852-2"
NULL,NULL,"서울특별시 동대문구 답십리동 257-1"
NULL,NULL,"서울특별시 동대문구 장안동 476-6"
NULL,NULL,"서울특별시 동대문구 제기동 852-2"
NULL,NULL,"서울특별시 동대문구 제기동 852-2"
NULL,NULL,"서울특별시 동대문구 제기동 852-2"
NULL,NULL,"서울특별시 동대문구 제기동 852-2"
NULL,NULL,"서울특별시 동대문구 제기동 852-2"
NULL,NULL,"서울특별시 동대문구 제기동 852-2"
NULL,NULL,"서울특별시 동대문구 제기동 852-2"
NULL,NULL,"서울특별시 동대문구 제기동 852-2"
NULL,NULL,"서울특별시 동대문구 제기동 852-2"
NULL,NULL,"서울특별시 동대문구 제기동 852-2"
NULL,NULL,"서울특별시 동대문구 제기동 852-2"
NULL,NULL,"서울특별시 동대문구 제기동 852-2"
NULL,NULL,"서울특별시 동대문구 답십리동 257-1"
NULL,NULL,"서울특별시 동대문구 답십리동 257-1"
NULL,NULL,"서울특별시 동대문구 전농동 124-10"
NULL,NULL,"서울특별시 동대문구 답십리동 257-1"
NULL,NULL,"서울특별시 동대문구 전농동 124-10"
NULL,NULL,"서울특별시 동대문구 답십리동 257-1"
NULL,NULL,"서울특별시 동대문구 제기동 852-2"
NULL,NULL,"서울특별시 동대문구 제기동 852-2"
NULL,NULL,"서울특별시 동대문구 제기동 852-2"
NULL,NULL,"서울특별시 동대문구 제기동 852-2"
NULL,NULL,"서울특별시 동대문구 제기동 852-2"
NULL,NULL,"서울특별시 동대문구 제기동 852-2"
NULL,NULL,"서울특별시 동대문구 제기동 852-2"
NULL,NULL,"서울특별시 동대문구 제기동 852-2"
NULL,NULL,"서울특별시 동대문구 제기동 852-2"
NULL,NULL,"서울특별시 동대문구 제기동 852-2"
NULL,NULL,"서울특별시 동대문구 제기동 852-2"
NULL,NULL,"서울특별시 동대문구 제기동 852-2"
NULL,NULL,"서울특별시 동대문구 제기동 852-2"
NULL,NULL,"서울특별시 동대문구 제기동 852-2"
NULL,NULL,"서울특별시 동대문구 제기동 852-2"
NULL,NULL,"서울특별시 동대문구 제기동 852-2"
NULL,NULL,"서울특별시 동대문구 제기동 852-2"
NULL,NULL,"서울특별시 동대문구 제기동 852-2"
NULL,NULL,"서울특별시 동대문구 답십리동 257-1"
NULL,NULL,"서울특별시 동대문구 답십리동 257-1"
NULL,NULL,"서울특별시 동대문구 답십리동 257-1"
NULL,NULL,"서울특별시 동대문구 답십리동 257-1"
NULL,NULL,"서울특별시 동대문구 제기동 852-2"
NULL,NULL,"서울특별시 동대문구 제기동 852-2"
NULL,NULL,"서울특별시 동대문구 제기동 852-2"
NULL,NULL,"서울특별시 동대문구 제기동 852-2"
NULL,NULL,"서울특별시 동대문구 제기동 852-2"
NULL,NULL,"서울특별시 동대문구 제기동 852-2"
NULL,NULL,"서울특별시 동대문구 제기동 852-2"
NULL,NULL,"서울특별시 동대문구 제기동 852-2"
NULL,NULL,"서울특별시 동대문구 제기동 852-2"
NULL,NULL,"서울특별시 동대문구 제기동 852-2"
NULL,NULL,"서울특별시 동대문구 제기동 852-2"
NULL,NULL,"서울특별시 동대문구 제기동 852-2"
NULL,NULL,"서울특별시 동대문구 제기동 852-2"
NULL,NULL,"서울특별시 동대문구 제기동 852-2"
NULL,NULL,"서울특별시 동대문구 제기동 852-2"
NULL,NULL,"서울특별시 동대문구 제기동 852-2"
NULL,NULL,"서울특별시 동대문구 제기동 852-2"
NULL,NULL,"서울특별시 동대문구 제기동 852-2"
NULL,NULL,"서울특별시 동대문구 제기동 852-2"
NULL,NULL,"서울특별시 동대문구 제기동 852-2"
NULL,NULL,"서울특별시 동대문구 제기동 852-2"
NULL,NULL,"서울특별시 동대문구 제기동 852-2"
NULL,NULL,"서울특별시 동대문구 제기동 852-2"
NULL,NULL,"서울특별시 동대문구 전농동 124-10"
NULL,NULL,"서울특별시 동대문구 제기동 852-2"
NULL,NULL,"서울특별시 동대문구 제기동 852-2"
NULL,NULL,"서울특별시 동대문구 제기동 852-2"
NULL,NULL,"서울특별시 동대문구 제기동 852-2"
NULL,NULL,"서울특별시 동대문구 제기동 852-2"
NULL,NULL,"서울특별시 동대문구 제기동 852-2"
NULL,NULL,"서울특별시 동대문구 답십리동 257-1"
NULL,NULL,"서울특별시 동대문구 제기동 852-2"
NULL,NULL,"서울특별시 동대문구 제기동 852-2"
NULL,NULL,"서울특별시 동대문구 제기동 852-2"
NULL,NULL,"서울특별시 동대문구 장안동 476-6"
NULL,NULL,"서울특별시 동대문구 전농동 38-111"
NULL,NULL,"서울특별시 동대문구 제기동 852-2"
NULL,NULL,"서울특별시 동대문구 제기동 852-2"
NULL,NULL,"서울특별시 동대문구 제기동 852-2"
NULL,NULL,"서울특별시 동대문구 제기동 852-2"
NULL,NULL,"서울특별시 동대문구 제기동 852-2"
NULL,NULL,"서울특별시 동대문구 제기동 852-2"
NULL,NULL,"서울특별시 동대문구 제기동 852-2"
NULL,NULL,"서울특별시 동대문구 제기동 852-2"
NULL,NULL,"서울특별시 동대문구 제기동 852-2"
NULL,NULL,"서울특별시 동대문구 제기동 852-2"
NULL,NULL,"서울특별시 동대문구 제기동 852-2"
NULL,NULL,"서울특별시 동대문구 제기동 852-2"
NULL,NULL,"서울특별시 동대문구 제기동 852-2"
NULL,NULL,"서울특별시 동대문구 용두동 792-7"
NULL,NULL,"서울특별시 동대문구 용두동 251-13"
NULL,NULL,"서울특별시 동대문구 청량리동 2-3"
NULL,NULL,"서울특별시 동대문구 청량리동 2-3"
NULL,NULL,"서울특별시 동대문구 청량리동 2-3"
NULL,NULL,"서울특별시 동대문구 청량리동 2-3"
NULL,NULL,"서울특별시 동대문구 청량리동 2-3"
NULL,NULL,"서울특별시 동대문구 청량리동 2-3"
NULL,NULL,"서울특별시 동대문구 용두동 39-559"
NULL,NULL,"서울특별시 동대문구 장안동 188-15"
NULL,NULL,"서울특별시 동대문구 휘경동 49-6"
NULL,NULL,"서울특별시 동대문구 제기동 137-276"
NULL,NULL,"서울특별시 동대문구 청량리동 205-809"
NULL,NULL,"서울특별시 동대문구 휘경동 49-6"
NULL,NULL,"서울특별시 동대문구 답십리동 3-9"
NULL,NULL,"서울특별시 동대문구 회기동 60-202"
NULL,NULL,"서울특별시 동대문구 휘경동 49-6"
NULL,NULL,"서울특별시 동대문구 용두동 39-559"
NULL,NULL,"서울특별시 동대문구 장안동 188-15"
NULL,NULL,"서울특별시 동대문구 휘경동 49-6"
NULL,NULL,"서울특별시 동대문구 장안동 188-15"
NULL,NULL,"서울특별시 동대문구 용두동 187-84"
NULL,NULL,"서울특별시 동대문구 용두동 39-559"
NULL,NULL,"서울특별시 동대문구 답십리동 3-9"
NULL,NULL,"서울특별시 동대문구 휘경동 49-6"
NULL,NULL,"서울특별시 동대문구 휘경동 49-6"
NULL,NULL,"서울특별시 동대문구 휘경동 49-6"
NULL,NULL,"서울특별시 동대문구 답십리동 3-9"
NULL,NULL,"서울특별시 동대문구 청량리동 205-809"
NULL,NULL,"서울특별시 동대문구 휘경동 49-6"
NULL,NULL,"서울특별시 동대문구 답십리동 3-9"
NULL,NULL,"서울특별시 동대문구 답십리동 3-9"
NULL,NULL,"서울특별시 동대문구 답십리동 3-9"
NULL,NULL,"서울특별시 동대문구 휘경동 49-6"
NULL,NULL,"서울특별시 동대문구 휘경동 49-6"
NULL,NULL,"서울특별시 동대문구 휘경동 49-6"
NULL,NULL,"서울특별시 동대문구 휘경동 49-6"
NULL,NULL,"서울특별시 동대문구 답십리동 3-9"
NULL,NULL,"서울특별시 동대문구 용두동 39-559"
NULL,NULL,"서울특별시 동대문구 용두동 39-559"
NULL,NULL,"서울특별시 동대문구 휘경동 49-6"
NULL,NULL,"서울특별시 동대문구 장안동 188-15"
NULL,NULL,"서울특별시 동대문구 청량리동 205-809"
NULL,NULL,"서울특별시 동대문구 휘경동 49-6"
NULL,NULL,"서울특별시 동대문구 휘경동 49-6"
NULL,NULL,"서울특별시 동대문구 휘경동 49-6"
NULL,NULL,"서울특별시 동대문구 휘경동 49-6"
NULL,NULL,"서울특별시 동대문구 답십리동 3-9"
NULL,NULL,"서울특별시 동대문구 휘경동 49-6"
NULL,NULL,"서울특별시 동대문구 답십리동 3-9"
NULL,NULL,"서울특별시 동대문구 휘경동 49-6"
NULL,NULL,"서울특별시 동대문구 용두동 39-559"
NULL,NULL,"서울특별시 동대문구 장안동 188-15"
NULL,NULL,"서울특별시 동대문구 용두동 187-84"
NULL,NULL,"서울특별시 동대문구 휘경동 49-6"
NULL,NULL,"서울특별시 동대문구 휘경동 49-6"
NULL,NULL,"서울특별시 동대문구 용두동 39-559"
NULL,NULL,"서울특별시 동대문구 장안동 188-15"
NULL,NULL,"서울특별시 동대문구 휘경동 49-6"
NULL,NULL,"서울특별시 동대문구 장안동 188-15"
NULL,NULL,"서울특별시 동대문구 휘경동 49-6"
NULL,NULL,"서울특별시 동대문구 휘경동 49-6"
NULL,NULL,"서울특별시 동대문구 용두동 39-559"
NULL,NULL,"서울특별시 동대문구 휘경동 49-6"
NULL,NULL,"서울특별시 동대문구 휘경동 49-6"
NULL,NULL,"서울특별시 동대문구 휘경동 49-6"
NULL,NULL,"서울특별시 동대문구 휘경동 49-6"
NULL,NULL,"서울특별시 동대문구 휘경동 49-6"
NULL,NULL,"서울특별시 동대문구 휘경동 49-6"
NULL,NULL,"서울특별시 동대문구 휘경동 49-6"
NULL,NULL,"서울특별시 동대문구 휘경동 49-6"
NULL,NULL,"서울특별시 동대문구 휘경동 49-6"
NULL,NULL,"서울특별시 동대문구 휘경동 49-6"
NULL,NULL,"서울특별시 동대문구 휘경동 49-6"
NULL,NULL,"서울특별시 동대문구 휘경동 49-6"
NULL,NULL,"서울특별시 동대문구 휘경동 49-6"
NULL,NULL,"서울특별시 동대문구 답십리동 3-9"
NULL,NULL,"서울특별시 동대문구 청량리동 산 1-196"
NULL,NULL,"서울특별시 동대문구 청량리동 산 1-196"
NULL,NULL,"서울특별시 동대문구 답십리동 80-1"
NULL,NULL,"서울특별시 동대문구 답십리동 80-1"
NULL,NULL,"서울특별시 동대문구 답십리동 80-1"
NULL,NULL,"서울특별시 동대문구 답십리동 80-1"
NULL,NULL,"서울특별시 동대문구 답십리동 80-1"
NULL,NULL,"서울특별시 동대문구 청량리동 205-809"
NULL,NULL,"서울특별시 동대문구 답십리동 274-1"
NULL,NULL,"서울특별시 동대문구 답십리동 274-1"
NULL,NULL,"서울특별시 동대문구 답십리동 274-1"
NULL,NULL,"서울특별시 동대문구 답십리동 274-1"
NULL,NULL,"서울특별시 동대문구 답십리동 274-1"
NULL,NULL,"서울특별시 동대문구 답십리동 274-1"
NULL,NULL,"서울특별시 동대문구 답십리동 274-1"
NULL,NULL,"서울특별시 동대문구 답십리동 274-1"
NULL,NULL,"서울특별시 동대문구 답십리동 274-1"
NULL,NULL,"서울특별시 동대문구 답십리동 274-1"
NULL,NULL,"서울특별시 동대문구 답십리동 274-1"
NULL,NULL,"서울특별시 동대문구 답십리동 274-1"
NULL,NULL,"서울특별시 동대문구 답십리동 274-1"
NULL,NULL,"서울특별시 동대문구 답십리동 274-1"
NULL,NULL,"서울특별시 동대문구 답십리동 274-1"
NULL,NULL,"서울특별시 동대문구 답십리동 274-1"
NULL,NULL,"서울특별시 동대문구 답십리동 274-1"
NULL,NULL,"서울특별시 동대문구 답십리동 274-1"
NULL,NULL,"서울특별시 동대문구 용두동 255-35"
NULL,NULL,"서울특별시 동대문구 장안동 473-7"
NULL,NULL,"서울특별시 동대문구 이문동 284-4"
NULL,NULL,"서울특별시 동대문구 장안동 473-7"
NULL,NULL,"서울특별시 동대문구 이문동 284-4"
NULL,NULL,"서울특별시 동대문구 청량리동 산 1-215"
NULL,NULL,"서울특별시 동대문구 장안동 473-7"
NULL,NULL,"서울특별시 동대문구 청량리동 산 1-215"
NULL,NULL,"서울특별시 동대문구 답십리동 244-15"
NULL,NULL,"서울특별시 동대문구 장안동 473-7"
NULL,NULL,"서울특별시 동대문구 장안동 473-7"
NULL,NULL,"서울특별시 동대문구 답십리동 492-9"
NULL,NULL,"서울특별시 동대문구 답십리동 535-10"
NULL,NULL,"서울특별시 동대문구 장안동 473-7"
NULL,NULL,"서울특별시 동대문구 답십리동 244-15"
NULL,NULL,"서울특별시 동대문구 청량리동 산 1-215"
NULL,NULL,"서울특별시 동대문구 이문동 284-4"
NULL,NULL,"서울특별시 동대문구 장안동 473-7"
NULL,NULL,"서울특별시 동대문구 답십리동 244-15"
NULL,NULL,"서울특별시 동대문구 답십리동 492-9"
NULL,NULL,"서울특별시 동대문구 이문동 284-4"
NULL,NULL,"서울특별시 동대문구 장안동 473-7"
NULL,NULL,"서울특별시 동대문구 답십리동 244-15"
NULL,NULL,"서울특별시 동대문구 이문동 284-4"
NULL,NULL,"서울특별시 동대문구 답십리동 244-15"
NULL,NULL,"서울특별시 동대문구 장안동 473-7"
NULL,NULL,"서울특별시 동대문구 청량리동 산 1-215"
NULL,NULL,"서울특별시 동대문구 장안동 473-7"
NULL,NULL,"서울특별시 동대문구 이문동 284-4"
NULL,NULL,"서울특별시 동대문구 답십리동 535-10"
NULL,NULL,"서울특별시 동대문구 이문동 254-4"
NULL,NULL,"서울특별시 동대문구 장안동 473-7"
NULL,NULL,"서울특별시 동대문구 답십리동 492-9"
NULL,NULL,"서울특별시 동대문구 장안동 473-7"
NULL,NULL,"서울특별시 동대문구 장안동 473-7"
NULL,NULL,"서울특별시 동대문구 청량리동 산 1-215"
NULL,NULL,"서울특별시 동대문구 청량리동 산 1-215"
NULL,NULL,"서울특별시 동대문구 답십리동 244-15"
NULL,NULL,"서울특별시 동대문구 이문동 284-4"
NULL,NULL,"서울특별시 동대문구 장안동 473-7"
NULL,NULL,"서울특별시 동대문구 장안동 473-7"
NULL,NULL,"서울특별시 동대문구 답십리동 244-15"
NULL,NULL,"서울특별시 동대문구 용두동 193-61"
NULL,NULL,"서울특별시 동대문구 답십리동 244-15"
NULL,NULL,"서울특별시 동대문구 장안동 473-7"
NULL,NULL,"서울특별시 동대문구 답십리동 535-10"
NULL,NULL,"서울특별시 동대문구 청량리동 산 1-215"
NULL,NULL,"서울특별시 동대문구 장안동 473-7"
NULL,NULL,"서울특별시 동대문구 이문동 284-4"
NULL,NULL,"서울특별시 동대문구 장안동 473-7"
NULL,NULL,"서울특별시 동대문구 장안동 473-7"
NULL,NULL,"서울특별시 동대문구 장안동 473-7"
NULL,NULL,"서울특별시 동대문구 장안동 473-7"
NULL,NULL,"서울특별시 동대문구 장안동 473-7"
NULL,NULL,"서울특별시 동대문구 장안동 473-7"
NULL,NULL,"서울특별시 동대문구 장안동 473-7"
NULL,NULL,"서울특별시 동대문구 이문동 284-4"
NULL,NULL,"서울특별시 동대문구 장안동 473-7"
NULL,NULL,"서울특별시 동대문구 신설동 67-1"
NULL,NULL,"서울특별시 동대문구 장안동 473-7"
NULL,NULL,"서울특별시 동대문구 장안동 473-7"
NULL,NULL,"서울특별시 동대문구 장안동 473-7"
NULL,NULL,"서울특별시 동대문구 장안동 473-7"
NULL,NULL,"서울특별시 동대문구 장안동 473-7"
NULL,NULL,"서울특별시 동대문구 이문동 284-4"
NULL,NULL,"서울특별시 동대문구 장안동 473-7"
NULL,NULL,"서울특별시 동대문구 장안동 473-7"
NULL,NULL,"서울특별시 동대문구 답십리동 535-10"
NULL,NULL,"서울특별시 동대문구 장안동 473-7"
NULL,NULL,"서울특별시 동대문구 이문동 254-4"
NULL,NULL,"서울특별시 동대문구 장안동 473-7"
NULL,NULL,"서울특별시 동대문구 장안동 473-7"
NULL,NULL,"서울특별시 동대문구 장안동 473-7"
NULL,NULL,"서울특별시 동대문구 답십리동 535-10"
NULL,NULL,"서울특별시 동대문구 장안동 473-7"
NULL,NULL,"서울특별시 동대문구 장안동 473-7"
NULL,NULL,"서울특별시 동대문구 장안동 473-7"
NULL,NULL,"서울특별시 동대문구 장안동 473-7"
NULL,NULL,"서울특별시 동대문구 청량리동 산 1-215"
NULL,NULL,"서울특별시 동대문구 장안동 473-7"
NULL,NULL,"서울특별시 동대문구 장안동 473-7"
NULL,NULL,"서울특별시 동대문구 장안동 473-7"
NULL,NULL,"서울특별시 동대문구 장안동 473-7"
NULL,NULL,"서울특별시 동대문구 장안동 473-7"
NULL,NULL,"서울특별시 동대문구 장안동 473-7"
NULL,NULL,"서울특별시 동대문구 장안동 473-7"
NULL,NULL,"서울특별시 동대문구 장안동 473-7"
NULL,NULL,"서울특별시 동대문구 장안동 473-7"
NULL,NULL,"서울특별시 동대문구 장안동 473-7"
NULL,NULL,"서울특별시 동대문구 이문동 284-4"
NULL,NULL,"서울특별시 동대문구 답십리동 244-15"
NULL,NULL,"서울특별시 동대문구 답십리동 535-10"
NULL,NULL,"서울특별시 동대문구 답십리동 535-10"
NULL,NULL,"서울특별시 동대문구 이문동 46-21"
NULL,NULL,"서울특별시 동대문구 이문동 46-21"
NULL,NULL,"서울특별시 동대문구 이문동 46-21"
NULL,NULL,"서울특별시 동대문구 전농동 693"
NULL,NULL,"서울특별시 동대문구 전농동 693"
NULL,NULL,"서울특별시 동대문구 전농동 693"
NULL,NULL,"서울특별시 동대문구 전농동 693"
NULL,NULL,"서울특별시 동대문구 전농동 693"
NULL,NULL,"서울특별시 동대문구 전농동 693"
NULL,NULL,"서울특별시 동대문구 전농동 693"
NULL,NULL,"서울특별시 동대문구 전농동 693"
NULL,NULL,"서울특별시 동대문구 전농동 693"
NULL,NULL,"서울특별시 동대문구 전농동 693"
NULL,NULL,"서울특별시 동대문구 전농동 693"
NULL,NULL,"서울특별시 동대문구 전농동 693"
NULL,NULL,"서울특별시 동대문구 전농동 693"
NULL,NULL,"서울특별시 동대문구 전농동 693"
NULL,NULL,"서울특별시 동대문구 전농동 693"
NULL,NULL,"서울특별시 동대문구 전농동 693"
NULL,NULL,"서울특별시 동대문구 전농동 693"
NULL,NULL,"서울특별시 동대문구 전농동 693"
NULL,NULL,"서울특별시 동대문구 전농동 693"
NULL,NULL,"서울특별시 동대문구 전농동 693"
NULL,NULL,"서울특별시 동대문구 전농동 693"
NULL,NULL,"서울특별시 동대문구 전농동 693"
NULL,NULL,"서울특별시 동대문구 전농동 693"
NULL,NULL,"서울특별시 동대문구 전농동 693"
NULL,NULL,"서울특별시 동대문구 전농동 693"
NULL,NULL,"서울특별시 동대문구 전농동 693"
NULL,NULL,"서울특별시 동대문구 전농동 693"
NULL,NULL,"서울특별시 동대문구 전농동 693"
NULL,NULL,"서울특별시 동대문구 전농동 693"
NULL,NULL,"서울특별시 동대문구 전농동 693"
NULL,NULL,"서울특별시 동대문구 전농동 693"
NULL,NULL,"서울특별시 동대문구 전농동 693"
NULL,NULL,"서울특별시 동대문구 전농동 693"
NULL,NULL,"서울특별시 동대문구 전농동 693"
NULL,NULL,"서울특별시 동대문구 전농동 693"
NULL,NULL,"서울특별시 동대문구 전농동 693"
NULL,NULL,"서울특별시 동대문구 전농동 693"
NULL,NULL,"서울특별시 동대문구 전농동 693"
NULL,NULL,"서울특별시 동대문구 전농동 693"
NULL,NULL,"서울특별시 동대문구 전농동 693"
NULL,NULL,"서울특별시 동대문구 전농동 693"
NULL,NULL,"서울특별시 동대문구 전농동 693"
NULL,NULL,"서울특별시 동대문구 전농동 693"
NULL,NULL,"서울특별시 동대문구 전농동 693"
NULL,NULL,"서울특별시 동대문구 전농동 693"
NULL,NULL,"서울특별시 동대문구 전농동 693"
NULL,NULL,"서울특별시 동대문구 전농동 693"
NULL,NULL,"서울특별시 동대문구 전농동 693"
NULL,NULL,"서울특별시 동대문구 전농동 693"
NULL,NULL,"서울특별시 동대문구 전농동 693"
NULL,NULL,"서울특별시 동대문구 전농동 693"
NULL,NULL,"서울특별시 동대문구 전농동 693"
NULL,NULL,"서울특별시 동대문구 전농동 693"
NULL,NULL,"서울특별시 동대문구 전농동 693"
NULL,NULL,"서울특별시 동대문구 전농동 693"
NULL,NULL,"서울특별시 동대문구 전농동 693"
NULL,NULL,"서울특별시 동대문구 전농동 693"
NULL,NULL,"서울특별시 동대문구 전농동 693"
NULL,NULL,"서울특별시 동대문구 전농동 693"
NULL,NULL,"서울특별시 동대문구 전농동 693"
NULL,NULL,"서울특별시 동대문구 전농동 693"
NULL,NULL,"서울특별시 동대문구 전농동 693"
NULL,NULL,"서울특별시 동대문구 전농동 693"
NULL,NULL,"서울특별시 동대문구 전농동 693"
NULL,NULL,"서울특별시 동대문구 전농동 693"
NULL,NULL,"서울특별시 동대문구 전농동 693"
NULL,NULL,"서울특별시 동대문구 전농동 693"
NULL,NULL,"서울특별시 동대문구 전농동 693"
NULL,NULL,"서울특별시 동대문구 전농동 693"
NULL,NULL,"서울특별시 동대문구 전농동 693"
NULL,NULL,"서울특별시 동대문구 전농동 693"
NULL,NULL,"서울특별시 동대문구 전농동 693"
NULL,NULL,"서울특별시 동대문구 전농동 693"
NULL,NULL,"서울특별시 동대문구 전농동 693"
NULL,NULL,"서울특별시 동대문구 전농동 693"
NULL,NULL,"서울특별시 동대문구 전농동 693"
NULL,NULL,"서울특별시 동대문구 전농동 693"
NULL,NULL,"서울특별시 동대문구 전농동 693"
NULL,NULL,"서울특별시 동대문구 전농동 693"
NULL,NULL,"서울특별시 동대문구 전농동 693"
NULL,NULL,"서울특별시 동대문구 전농동 693"
NULL,NULL,"서울특별시 동대문구 전농동 693"
NULL,NULL,"서울특별시 동대문구 전농동 693"
NULL,NULL,"서울특별시 동대문구 전농동 693"
NULL,NULL,"서울특별시 동대문구 전농동 693"
NULL,NULL,"서울특별시 동대문구 전농동 693"
NULL,NULL,"서울특별시 동대문구 전농동 693"
NULL,NULL,"서울특별시 동대문구 전농동 693"
NULL,NULL,"서울특별시 동대문구 전농동 693"
NULL,NULL,"서울특별시 동대문구 전농동 693"
NULL,NULL,"서울특별시 동대문구 전농동 693"
NULL,NULL,"서울특별시 동대문구 전농동 693"
NULL,NULL,"서울특별시 동대문구 전농동 693"
NULL,NULL,"서울특별시 동대문구 전농동 693"
NULL,NULL,"서울특별시 동대문구 전농동 693"
NULL,NULL,"서울특별시 동대문구 전농동 693"
NULL,NULL,"서울특별시 동대문구 전농동 693"
NULL,NULL,"서울특별시 동대문구 전농동 693"
NULL,NULL,"서울특별시 동대문구 전농동 693"
NULL,NULL,"서울특별시 동대문구 전농동 693"
NULL,NULL,"서울특별시 동대문구 전농동 693"
NULL,NULL,"서울특별시 동대문구 전농동 693"
NULL,NULL,"서울특별시 동대문구 전농동 693"
NULL,NULL,"서울특별시 동대문구 전농동 693"
NULL,NULL,"서울특별시 동대문구 전농동 693"
NULL,NULL,"서울특별시 동대문구 전농동 693"
NULL,NULL,"서울특별시 동대문구 전농동 693"
NULL,NULL,"서울특별시 동대문구 전농동 693"
NULL,NULL,"서울특별시 동대문구 전농동 693"
NULL,NULL,"서울특별시 동대문구 전농동 693"
NULL,NULL,"서울특별시 동대문구 전농동 693"
NULL,NULL,"서울특별시 동대문구 전농동 693"
NULL,NULL,"서울특별시 동대문구 전농동 693"
NULL,NULL,"서울특별시 동대문구 전농동 693"
NULL,NULL,"서울특별시 동대문구 신설동 67-1"
NULL,NULL,"서울특별시 동대문구 신설동 67-1"
NULL,NULL,"서울특별시 동대문구 전농동 646-22"
NULL,NULL,"서울특별시 동대문구 청량리동 199-231"
NULL,NULL,"서울특별시 동대문구 답십리동 530-18"
NULL,NULL,"서울특별시 동대문구 청량리동 산 1-213"
NULL,NULL,"서울특별시 동대문구 청량리동 199-231"
NULL,NULL,"서울특별시 동대문구 회기동 45-74"
NULL,NULL,"서울특별시 동대문구 전농동 295-92"
NULL,NULL,"서울특별시 동대문구 전농1동 307-6"
NULL,NULL,"서울특별시 동대문구 전농동 295-92"
NULL,NULL,"서울특별시 동대문구 전농동 295-92"
NULL,NULL,"서울특별시 동대문구 답십리동 530-18"
NULL,NULL,"서울특별시 동대문구 청량리동 199-231"
NULL,NULL,"서울특별시 동대문구 이문동 213-3"
NULL,NULL,"서울특별시 동대문구 청량리동 199-231"
NULL,NULL,"서울특별시 동대문구 청량리동 199-231"
NULL,NULL,"서울특별시 동대문구 전농동 295-92"
NULL,NULL,"서울특별시 동대문구 전농동 295-92"
NULL,NULL,"서울특별시 동대문구 전농동 295-92"
NULL,NULL,"서울특별시 동대문구 전농동 295-92"
NULL,NULL,"서울특별시 동대문구 전농동 646-22"
NULL,NULL,"서울특별시 동대문구 회기동 45-74"
NULL,NULL,"서울특별시 동대문구 전농동 295-92"
NULL,NULL,"서울특별시 동대문구 휘경동 62-18"
NULL,NULL,"서울특별시 동대문구 이문동 189"
NULL,NULL,"서울특별시 동대문구 용두동 255-18"
NULL,NULL,"서울특별시 동대문구 답십리동 462-1"
NULL,NULL,"서울특별시 동대문구 이문동 255-8"
NULL,NULL,"서울특별시 동대문구 이문동 255-8"
NULL,NULL,"서울특별시 동대문구 이문동 255-8"
NULL,NULL,"서울특별시 동대문구 용두동 747"
NULL,NULL,"서울특별시 동대문구 이문동 255-8"
NULL,NULL,"서울특별시 동대문구 이문동 255-8"
NULL,NULL,"서울특별시 동대문구 이문동 255-8"
NULL,NULL,"서울특별시 동대문구 장안동 142-7"
NULL,NULL,"서울특별시 동대문구 답십리동 462-1"
NULL,NULL,"서울특별시 동대문구 용두동 747"
NULL,NULL,"서울특별시 동대문구 용두동 747"
NULL,NULL,"서울특별시 동대문구 답십리동 266-2"
NULL,NULL,"서울특별시 동대문구 이문동 255-8"
NULL,NULL,"서울특별시 동대문구 용두동 747"
NULL,NULL,"서울특별시 동대문구 답십리동 462-1"
NULL,NULL,"서울특별시 동대문구 답십리동 462-1"
NULL,NULL,"서울특별시 동대문구 답십리동 462-1"
NULL,NULL,"서울특별시 동대문구 이문동 255-8"
NULL,NULL,"서울특별시 동대문구 이문동 255-8"
NULL,NULL,"서울특별시 동대문구 용두동 39-127"
NULL,NULL,"서울특별시 동대문구 이문동 255-8"
NULL,NULL,"서울특별시 동대문구 장안동 142-7"
NULL,NULL,"서울특별시 동대문구 이문동 255-8"
NULL,NULL,"서울특별시 동대문구 답십리동 462-1"
NULL,NULL,"서울특별시 동대문구 장안동 142-7"
NULL,NULL,"서울특별시 동대문구 답십리동 462-1"
NULL,NULL,"서울특별시 동대문구 이문동 255-8"
NULL,NULL,"서울특별시 동대문구 용두동 747"
NULL,NULL,"서울특별시 동대문구 답십리동 462-1"
NULL,NULL,"서울특별시 동대문구 답십리동 462-1"
NULL,NULL,"서울특별시 동대문구 답십리동 462-1"
NULL,NULL,"서울특별시 동대문구 답십리동 462-1"
NULL,NULL,"서울특별시 동대문구 답십리동 266-2"
NULL,NULL,"서울특별시 동대문구 용두동 747"
NULL,NULL,"서울특별시 동대문구 이문동 255-8"
NULL,NULL,"서울특별시 동대문구 용두동 747"
NULL,NULL,"서울특별시 동대문구 이문동 255-8"
NULL,NULL,"서울특별시 동대문구 답십리동 462-1"
NULL,NULL,"서울특별시 동대문구 휘경동 321-28"
NULL,NULL,"서울특별시 동대문구 답십리동 462-1"
NULL,NULL,"서울특별시 동대문구 이문동 255-8"
NULL,NULL,"서울특별시 동대문구 용두동 747"
NULL,NULL,"서울특별시 동대문구 이문동 255-8"
NULL,NULL,"서울특별시 동대문구 용두동 747"
NULL,NULL,"서울특별시 동대문구 이문동 255-8"
NULL,NULL,"서울특별시 동대문구 장안동 142-7"
NULL,NULL,"서울특별시 동대문구 이문동 255-8"
NULL,NULL,"서울특별시 동대문구 답십리동 462-1"
NULL,NULL,"서울특별시 동대문구 이문동 255-8"
NULL,NULL,"서울특별시 동대문구 답십리동 462-1"
NULL,NULL,"서울특별시 동대문구 장안동 142-7"
NULL,NULL,"서울특별시 동대문구 이문동 255-8"
NULL,NULL,"서울특별시 동대문구 이문동 255-8"
NULL,NULL,"서울특별시 동대문구 이문동 255-8"
NULL,NULL,"서울특별시 동대문구 이문동 255-8"
NULL,NULL,"서울특별시 동대문구 이문동 255-8"
NULL,NULL,"서울특별시 동대문구 답십리동 462-1"
NULL,NULL,"서울특별시 동대문구 장안동 142-7"
NULL,NULL,"서울특별시 동대문구 이문동 255-8"
NULL,NULL,"서울특별시 동대문구 답십리동 462-1"
NULL,NULL,"서울특별시 동대문구 답십리동 462-1"
NULL,NULL,"서울특별시 동대문구 휘경동 321-28"
NULL,NULL,"서울특별시 동대문구 이문동 255-8"
NULL,NULL,"서울특별시 동대문구 답십리동 462-1"
NULL,NULL,"서울특별시 동대문구 답십리동 462-1"
NULL,NULL,"서울특별시 동대문구 답십리동 462-1"
NULL,NULL,"서울특별시 동대문구 이문동 255-8"
NULL,NULL,"서울특별시 동대문구 답십리동 462-1"
NULL,NULL,"서울특별시 동대문구 답십리동 266-2"
NULL,NULL,"서울특별시 동대문구 용두동 39-127"
NULL,NULL,"서울특별시 동대문구 용두동 34-7"
NULL,NULL,"서울특별시 동대문구 답십리동 266-2"
NULL,NULL,"서울특별시 동대문구 이문동 255-8"
NULL,NULL,"서울특별시 동대문구 장안동 334-9"
NULL,NULL,"서울특별시 동대문구 이문동 255-8"
NULL,NULL,"서울특별시 동대문구 답십리동 462-1"
NULL,NULL,"서울특별시 동대문구 이문동 255-8"
NULL,NULL,"서울특별시 동대문구 이문동 255-8"
NULL,NULL,"서울특별시 동대문구 이문동 255-8"
NULL,NULL,"서울특별시 동대문구 용두동 34-7"
NULL,NULL,"서울특별시 동대문구 이문동 255-8"
NULL,NULL,"서울특별시 동대문구 이문동 255-8"
NULL,NULL,"서울특별시 동대문구 장안동 142-7"
NULL,NULL,"서울특별시 동대문구 이문동 255-8"
NULL,NULL,"서울특별시 동대문구 용두동 34-7"
NULL,NULL,"서울특별시 동대문구 이문동 255-8"
NULL,NULL,"서울특별시 동대문구 장안동 142-7"
NULL,NULL,"서울특별시 동대문구 이문동 255-8"
NULL,NULL,"서울특별시 동대문구 답십리동 462-1"
NULL,NULL,"서울특별시 동대문구 이문동 255-8"
NULL,NULL,"서울특별시 동대문구 이문동 255-8"
NULL,NULL,"서울특별시 동대문구 장안동 142-7"
NULL,NULL,"서울특별시 동대문구 이문동 255-8"
NULL,NULL,"서울특별시 동대문구 이문동 255-8"
NULL,NULL,"서울특별시 동대문구 용두동 34-7"
NULL,NULL,"서울특별시 동대문구 답십리동 462-1"
NULL,NULL,"서울특별시 동대문구 이문동 255-8"
NULL,NULL,"서울특별시 동대문구 장안동 142-7"
NULL,NULL,"서울특별시 동대문구 답십리동 462-1"
NULL,NULL,"서울특별시 동대문구 이문동 255-8"
NULL,NULL,"서울특별시 동대문구 이문동 255-8"
NULL,NULL,"서울특별시 동대문구 이문동 255-8"
NULL,NULL,"서울특별시 동대문구 장안동 142-7"
NULL,NULL,"서울특별시 동대문구 이문동 255-8"
NULL,NULL,"서울특별시 동대문구 휘경동 268-1"
NULL,NULL,"서울특별시 동대문구 휘경동 268-1"
NULL,NULL,"서울특별시 동대문구 휘경동 268-1"
NULL,NULL,"서울특별시 동대문구 휘경동 268-1"
NULL,NULL,"서울특별시 동대문구 전농동 582-23"
NULL,NULL,"서울특별시 동대문구 전농동 670"
NULL,NULL,"서울특별시 동대문구 휘경동 268-1"
NULL,NULL,"서울특별시 동대문구 휘경동 268-1"
NULL,NULL,"서울특별시 동대문구 휘경동 268-1"
NULL,NULL,"서울특별시 동대문구 휘경동 268-1"
NULL,NULL,"서울특별시 동대문구 휘경동 268-1"
NULL,NULL,"서울특별시 동대문구 휘경동 268-1"
NULL,NULL,"서울특별시 동대문구 휘경동 268-1"
NULL,NULL,"서울특별시 동대문구 휘경동 268-1"
NULL,NULL,"서울특별시 동대문구 휘경동 268-1"
NULL,NULL,"서울특별시 동대문구 휘경동 268-1"
NULL,NULL,"서울특별시 동대문구 전농동 670"
NULL,NULL,"서울특별시 동대문구 휘경동 268-1"
NULL,NULL,"서울특별시 동대문구 전농동 670"
NULL,NULL,"서울특별시 동대문구 휘경동 268-1"
NULL,NULL,"서울특별시 동대문구 휘경동 268-1"
NULL,NULL,"서울특별시 동대문구 전농동 670"
NULL,NULL,"서울특별시 동대문구 휘경동 268-1"
NULL,NULL,"서울특별시 동대문구 휘경동 268-1"
NULL,NULL,"서울특별시 동대문구 전농동 648-160"
NULL,NULL,"서울특별시 동대문구 전농동 648-160"
NULL,NULL,"서울특별시 동대문구 휘경동 268-1"
NULL,NULL,"서울특별시 동대문구 휘경동 268-1"
NULL,NULL,"서울특별시 동대문구 휘경동 268-1"
NULL,NULL,"서울특별시 동대문구 휘경동 268-1"
NULL,NULL,"서울특별시 동대문구 이문동 211-5"
NULL,NULL,"서울특별시 동대문구 휘경동 268-1"
NULL,NULL,"서울특별시 동대문구 전농동 670"
NULL,NULL,"서울특별시 동대문구 휘경동 268-1"
NULL,NULL,"서울특별시 동대문구 이문동 211-5"
NULL,NULL,"서울특별시 동대문구 휘경동 268-1"
NULL,NULL,"서울특별시 동대문구 휘경동 268-1"
NULL,NULL,"서울특별시 동대문구 휘경동 268-1"
NULL,NULL,"서울특별시 동대문구 휘경동 268-1"
NULL,NULL,"서울특별시 동대문구 전농동 582-23"
NULL,NULL,"서울특별시 동대문구 휘경동 268-1"
NULL,NULL,"서울특별시 동대문구 휘경동 268-1"
NULL,NULL,"서울특별시 동대문구 전농동 648-160"
NULL,NULL,"서울특별시 동대문구 전농동 670"
NULL,NULL,"서울특별시 동대문구 휘경동 268-1"
NULL,NULL,"서울특별시 동대문구 휘경동 268-1"
NULL,NULL,"서울특별시 동대문구 용두동 34-4"
NULL,NULL,"서울특별시 동대문구 용두동 34-4"
NULL,NULL,"서울특별시 동대문구 용두동 34-4"
NULL,NULL,"서울특별시 동대문구 휘경동 268-1"
NULL,NULL,"서울특별시 동대문구 용두동 34-4"
NULL,NULL,"서울특별시 동대문구 용두동 34-4"
NULL,NULL,"서울특별시 동대문구 휘경동 268-1"
NULL,NULL,"서울특별시 동대문구 용두동 34-4"
NULL,NULL,"서울특별시 동대문구 휘경동 268-1"
NULL,NULL,"서울특별시 동대문구 휘경동 268-1"
NULL,NULL,"서울특별시 동대문구 용두동 34-4"
NULL,NULL,"서울특별시 동대문구 용두동 34-4"
NULL,NULL,"서울특별시 동대문구 전농동 670"
NULL,NULL,"서울특별시 동대문구 전농동 670"
NULL,NULL,"서울특별시 동대문구 용두동 34-4"
NULL,NULL,"서울특별시 동대문구 휘경동 268-1"
NULL,NULL,"서울특별시 동대문구 휘경동 268-1"
NULL,NULL,"서울특별시 동대문구 휘경동 268-1"
NULL,NULL,"서울특별시 동대문구 휘경동 268-1"
NULL,NULL,"서울특별시 동대문구 휘경동 268-1"
NULL,NULL,"서울특별시 동대문구 전농동 670"
NULL,NULL,"서울특별시 동대문구 휘경동 268-1"
NULL,NULL,"서울특별시 동대문구 휘경동 268-1"
NULL,NULL,"서울특별시 동대문구 휘경동 268-1"
NULL,NULL,"서울특별시 동대문구 휘경동 268-1"
NULL,NULL,"서울특별시 동대문구 휘경동 268-1"
NULL,NULL,"서울특별시 동대문구 휘경동 268-1"
NULL,NULL,"서울특별시 동대문구 휘경동 268-1"
NULL,NULL,"서울특별시 동대문구 휘경동 268-1"
NULL,NULL,"서울특별시 동대문구 휘경동 268-1"
NULL,NULL,"서울특별시 동대문구 휘경동 268-1"
NULL,NULL,"서울특별시 동대문구 휘경동 268-1"
NULL,NULL,"서울특별시 동대문구 용두동 774"
NULL,NULL,"서울특별시 동대문구 용두동 774"
NULL,NULL,"서울특별시 동대문구 용두동 774"
NULL,NULL,"서울특별시 동대문구 답십리동 532-1"
NULL,NULL,"서울특별시 동대문구 용두동 774"
NULL,NULL,"서울특별시 동대문구 용두동 774"
NULL,NULL,"서울특별시 동대문구 용두동 774"
NULL,NULL,"서울특별시 동대문구 용두동 774"
NULL,NULL,"서울특별시 동대문구 제기동 951-8"
NULL,NULL,"서울특별시 동대문구 용두동 774"
NULL,NULL,"서울특별시 동대문구 답십리동 532-1"
NULL,NULL,"서울특별시 동대문구 용두동 774"
NULL,NULL,"서울특별시 동대문구 답십리동 532-1"
NULL,NULL,"서울특별시 동대문구 이문동 358-3"
NULL,NULL,"서울특별시 동대문구 제기동 833-1"
NULL,NULL,"서울특별시 동대문구 제기동 951-8"
NULL,NULL,"서울특별시 동대문구 용두동 774"
NULL,NULL,"서울특별시 동대문구 용두동 774"
NULL,NULL,"서울특별시 동대문구 용두동 774"
NULL,NULL,"서울특별시 동대문구 용두동 774"
NULL,NULL,"서울특별시 동대문구 용두동 774"
NULL,NULL,"서울특별시 동대문구 답십리동 532-1"
NULL,NULL,"서울특별시 동대문구 용두동 774"
NULL,NULL,"서울특별시 동대문구 이문동 358-3"
NULL,NULL,"서울특별시 동대문구 용두동 774"
NULL,NULL,"서울특별시 동대문구 이문동 115-44"
NULL,NULL,"서울특별시 동대문구 이문동1-4"
NULL,NULL,"서울특별시 동대문구 용두동 774"
NULL,NULL,"서울특별시 동대문구 용두동 251-72"
NULL,NULL,"서울특별시 동대문구 전농동 582-24"
NULL,NULL,"서울특별시 동대문구 용두동 39-928"
NULL,NULL,"서울특별시 동대문구 용두동 39-928"
NULL,NULL,"서울특별시 동대문구 용두동 39-928"
NULL,NULL,"서울특별시 동대문구 회기동 16-59"
NULL,NULL,"서울특별시 동대문구 휘경동 255-4"
NULL,NULL,"서울특별시 동대문구 용두동 39-928"
NULL,NULL,"서울특별시 동대문구 용두동 26-14"
NULL,NULL,"서울특별시 동대문구 용두동 39-928"
NULL,NULL,"서울특별시 동대문구 답십리동 483-39"
NULL,NULL,"서울특별시 동대문구 회기동 16-59"
NULL,NULL,"서울특별시 동대문구 용두동 39-928"
NULL,NULL,"서울특별시 동대문구 용두동 26-14"
NULL,NULL,"서울특별시 동대문구 회기동 16-59"
NULL,NULL,"서울특별시 동대문구 답십리동 645-1"
NULL,NULL,"서울특별시 동대문구 용두동 26-14"
NULL,NULL,"서울특별시 동대문구 용두동 26-14"
NULL,NULL,"서울특별시 동대문구 회기동 16-59"
NULL,NULL,"서울특별시 동대문구 용두동 26-14"
NULL,NULL,"서울특별시 동대문구 용두동 39-928"
NULL,NULL,"서울특별시 동대문구 용두동 26-14"
NULL,NULL,"서울특별시 동대문구 휘경동 255-4"
NULL,NULL,"서울특별시 동대문구 용두동 26-14"
NULL,NULL,"서울특별시 동대문구 제기동 887-235"
NULL,NULL,"서울특별시 동대문구 전농동 295-68"
NULL,NULL,"서울특별시 동대문구 회기동 16-59"
NULL,NULL,"서울특별시 동대문구 제기동 1152-10"
NULL,NULL,"서울특별시 동대문구 용두동 39-928"
NULL,NULL,"서울특별시 동대문구 용두동 26-14"
NULL,NULL,"서울특별시 동대문구 용두동 26-14"
NULL,NULL,"서울특별시 동대문구 답십리동 483-39"
NULL,NULL,"서울특별시 동대문구 용두동 39-928"
NULL,NULL,"서울특별시 동대문구 용두동 39-928"
NULL,NULL,"서울특별시 동대문구 용두동 39-928"
NULL,NULL,"서울특별시 동대문구 회기동 16-59"
NULL,NULL,"서울특별시 동대문구 용두동 26-14"
NULL,NULL,"서울특별시 동대문구 휘경동 255-4"
NULL,NULL,"서울특별시 동대문구 용두동 39-928"
NULL,NULL,"서울특별시 동대문구 회기동 16-59"
NULL,NULL,"서울특별시 동대문구 용두동 26-14"
NULL,NULL,"서울특별시 동대문구 휘경동 139-27"
NULL,NULL,"서울특별시 동대문구 전농동 141-75"
NULL,NULL,"서울특별시 동대문구 휘경동 255-4"
NULL,NULL,"서울특별시 동대문구 휘경동 255-4"
NULL,NULL,"서울특별시 동대문구 제기동 1152-10"
NULL,NULL,"서울특별시 동대문구 회기동 16-59"
NULL,NULL,"서울특별시 동대문구 회기동 16-59"
NULL,NULL,"서울특별시 동대문구 전농동 295-68"
NULL,NULL,"서울특별시 동대문구 답십리동 549-2"
NULL,NULL,"서울특별시 동대문구 청량리동 203-32"
NULL,NULL,"서울특별시 동대문구 장안동 108-3"
NULL,NULL,"서울특별시 동대문구 청량리동 203-32"
NULL,NULL,"서울특별시 동대문구 청량리동 203-32"
NULL,NULL,"서울특별시 동대문구 청량리동 203-32"
NULL,NULL,"서울특별시 동대문구 신설동 109-8"
NULL,NULL,"서울특별시 동대문구 청량리동 203-32"
NULL,NULL,"서울특별시 동대문구 청량리동 203-32"
NULL,NULL,"서울특별시 동대문구 청량리동 203-32"
NULL,NULL,"서울특별시 동대문구 청량리동 203-32"
NULL,NULL,"서울특별시 동대문구 청량리동 203-32"
NULL,NULL,"서울특별시 동대문구 청량리동 203-32"
NULL,NULL,"서울특별시 동대문구 청량리동 203-32"
NULL,NULL,"서울특별시 동대문구 답십리동 549-2"
NULL,NULL,"서울특별시 동대문구 청량리동 203-32"
NULL,NULL,"서울특별시 동대문구 청량리동 203-32"
NULL,NULL,"서울특별시 동대문구 청량리동 203-32"
NULL,NULL,"서울특별시 동대문구 청량리동 205-371"
NULL,NULL,"서울특별시 동대문구 청량리동 203-32"
NULL,NULL,"서울특별시 동대문구 청량리동 203-32"
NULL,NULL,"서울특별시 동대문구 답십리동 549-2"
NULL,NULL,"서울특별시 동대문구 청량리동 203-32"
NULL,NULL,"서울특별시 동대문구 답십리동 549-2"
NULL,NULL,"서울특별시 동대문구 답십리동 549-2"
NULL,NULL,"서울특별시 동대문구 답십리동 549-2"
NULL,NULL,"서울특별시 동대문구 답십리동 549-2"
NULL,NULL,"서울특별시 동대문구 청량리동 203-32"
NULL,NULL,"서울특별시 동대문구 청량리동 203-32"
NULL,NULL,"서울특별시 동대문구 청량리동 203-32"
NULL,NULL,"서울특별시 동대문구 청량리동 203-32"
NULL,NULL,"서울특별시 동대문구 청량리동 203-32"
NULL,NULL,"서울특별시 동대문구 청량리동 203-32"
NULL,NULL,"서울특별시 동대문구 청량리동 203-32"
NULL,NULL,"서울특별시 동대문구 이문동 354-18"
NULL,NULL,"서울특별시 동대문구 이문동 354-18"
NULL,NULL,"서울특별시 동대문구 이문동 354-18"
NULL,NULL,"서울특별시 동대문구 청량리동 203-32"
NULL,NULL,"서울특별시 동대문구 청량리동 203-32"
NULL,NULL,"서울특별시 동대문구 청량리동 203-32"
NULL,NULL,"서울특별시 동대문구 청량리동 203-32"
NULL,NULL,"서울특별시 동대문구 휘경동 49-211"
NULL,NULL,"서울특별시 동대문구 답십리동 549-2"
NULL,NULL,"서울특별시 동대문구 답십리동 549-2"
NULL,NULL,"서울특별시 동대문구 청량리동 203-32"
NULL,NULL,"서울특별시 동대문구 청량리동 203-32"
NULL,NULL,"서울특별시 동대문구 신설동 109-8"
NULL,NULL,"서울특별시 동대문구 청량리동 203-32"
NULL,NULL,"서울특별시 동대문구 답십리동 549-2"
NULL,NULL,"서울특별시 동대문구 청량리동 203-32"
NULL,NULL,"서울특별시 동대문구 청량리동 203-32"
NULL,NULL,"서울특별시 동대문구 청량리동 203-32"
NULL,NULL,"서울특별시 동대문구 답십리동 549-2"
NULL,NULL,"서울특별시 동대문구 청량리동 203-32"
NULL,NULL,"서울특별시 동대문구 청량리동 203-32"
NULL,NULL,"서울특별시 동대문구 청량리동 203-32"
NULL,NULL,"서울특별시 동대문구 청량리동 203-32"
NULL,NULL,"서울특별시 동대문구 청량리동 203-32"
NULL,NULL,"서울특별시 동대문구 청량리동 203-32"
NULL,NULL,"서울특별시 동대문구 답십리동 549-2"
NULL,NULL,"서울특별시 동대문구 휘경동 49-211"
NULL,NULL,"서울특별시 동대문구 청량리동 203-32"
NULL,NULL,"서울특별시 동대문구 청량리동 203-32"
NULL,NULL,"서울특별시 동대문구 청량리동 205-371"
NULL,NULL,"서울특별시 동대문구 청량리동 205-371"
NULL,NULL,"서울특별시 동대문구 답십리동 549-2"
NULL,NULL,"서울특별시 동대문구 답십리동 549-2"
NULL,NULL,"서울특별시 동대문구 휘경동 275-1"
NULL,NULL,"서울특별시 동대문구 전농동 99-4"
NULL,NULL,"서울특별시 동대문구 전농동 99-4"
NULL,NULL,"서울특별시 동대문구 전농동 99-4"
NULL,NULL,"서울특별시 동대문구 전농동 99-4"
NULL,NULL,"서울특별시 동대문구 장안동 106-23"
NULL,NULL,"서울특별시 동대문구 전농동 99-4"
NULL,NULL,"서울특별시 동대문구 전농동 99-4"
NULL,NULL,"서울특별시 동대문구 전농동 99-4"
NULL,NULL,"서울특별시 동대문구 전농동 99-4"
NULL,NULL,"서울특별시 동대문구 전농동 99-4"
NULL,NULL,"서울특별시 동대문구 전농동 99-4"
NULL,NULL,"서울특별시 동대문구 전농동 99-4"
NULL,NULL,"서울특별시 동대문구 휘경동 275-1"
NULL,NULL,"서울특별시 동대문구 용두동 212-3"
NULL,NULL,"서울특별시 동대문구 용두동 212-3"
NULL,NULL,"서울특별시 동대문구 용두동 212-3"
NULL,NULL,"서울특별시 동대문구 전농동 99-4"
NULL,NULL,"서울특별시 동대문구 전농동 99-4"
NULL,NULL,"서울특별시 동대문구 전농동 99-4"
NULL,NULL,"서울특별시 동대문구 전농동 99-4"
NULL,NULL,"서울특별시 동대문구 신설동 102-14"
NULL,NULL,"서울특별시 동대문구 전농동 99-4"
NULL,NULL,"서울특별시 동대문구 휘경동 275-1"
NULL,NULL,"서울특별시 동대문구 휘경동 275-1"
NULL,NULL,"서울특별시 동대문구 휘경동 275-1"
NULL,NULL,"서울특별시 동대문구 전농동 99-4"
NULL,NULL,"서울특별시 동대문구 용두동 212-3"
NULL,NULL,"서울특별시 동대문구 용두동 212-3"
NULL,NULL,"서울특별시 동대문구 용두동 251-87"
NULL,NULL,"서울특별시 동대문구 용두동 251-87"
NULL,NULL,"서울특별시 동대문구 이문동 212-4"
NULL,NULL,"서울특별시 동대문구 답십리동 1-465"
NULL,NULL,"서울특별시 동대문구 답십리동 1-465"
NULL,NULL,"서울특별시 동대문구 제기동 250-1"
NULL,NULL,"서울특별시 동대문구 답십리동 540"
NULL,NULL,"서울특별시 동대문구 답십리동 1-465"
NULL,NULL,"서울특별시 동대문구 답십리동 1-465"
NULL,NULL,"서울특별시 동대문구 제기동 250-1"
NULL,NULL,"서울특별시 동대문구 답십리동 540"
NULL,NULL,"서울특별시 동대문구 이문동 212-4"
NULL,NULL,"서울특별시 동대문구 이문동 212-4"
NULL,NULL,"서울특별시 동대문구 휘경동 43-143"
NULL,NULL,"서울특별시 동대문구 제기동 250-1"
NULL,NULL,"서울특별시 동대문구 답십리동 540"
NULL,NULL,"서울특별시 동대문구 답십리동 1-465"
NULL,NULL,"서울특별시 동대문구 전농동 530-82"
NULL,NULL,"서울특별시 동대문구 제기동 250-1"
NULL,NULL,"서울특별시 동대문구 답십리동 1-465"
NULL,NULL,"서울특별시 동대문구 답십리동 540"
NULL,NULL,"서울특별시 동대문구 제기동 250-1"
NULL,NULL,"서울특별시 동대문구 답십리동 1-465"
NULL,NULL,"서울특별시 동대문구 제기동 148-64"
NULL,NULL,"서울특별시 동대문구 제기동 250-1"
NULL,NULL,"서울특별시 동대문구 장안동 333-7"
NULL,NULL,"서울특별시 동대문구 전농동 530-82"
NULL,NULL,"서울특별시 동대문구 답십리동 1-465"
NULL,NULL,"서울특별시 동대문구 전농동 10-1"
NULL,NULL,"서울특별시 동대문구 전농동 10-1"
NULL,NULL,"서울특별시 동대문구 답십리동 540"
NULL,NULL,"서울특별시 동대문구 답십리동 540"
NULL,NULL,"서울특별시 동대문구 제기동 250-1"
NULL,NULL,"서울특별시 동대문구 제기동 250-1"
NULL,NULL,"서울특별시 동대문구 답십리동 1-465"
NULL,NULL,"서울특별시 동대문구 답십리동 1-465"
NULL,NULL,"서울특별시 동대문구 답십리동 540"
NULL,NULL,"서울특별시 동대문구 답십리동 540"
NULL,NULL,"서울특별시 동대문구 답십리동 540"
NULL,NULL,"서울특별시 동대문구 제기동 250-1"
NULL,NULL,"서울특별시 동대문구 답십리동 1-465"
NULL,NULL,"서울특별시 동대문구 장안동 333-7"
NULL,NULL,"서울특별시 동대문구 답십리동 540"
NULL,NULL,"서울특별시 동대문구 장안동 333-7"
NULL,NULL,"서울특별시 동대문구 휘경동 43-143"
NULL,NULL,"서울특별시 동대문구 휘경동 261-1"
NULL,NULL,"서울특별시 동대문구 용두동 701-6"
NULL,NULL,"서울특별시 동대문구 휘경동 49-11"
NULL,NULL,"서울특별시 동대문구 회기동 60-111"
NULL,NULL,"서울특별시 동대문구 휘경동 49-11"
NULL,NULL,"서울특별시 동대문구 휘경동 49-11"
NULL,NULL,"서울특별시 동대문구 용두동 701-6"
NULL,NULL,"서울특별시 동대문구 전농동 1-191"
NULL,NULL,"서울특별시 동대문구 용두동 701-6"
NULL,NULL,"서울특별시 동대문구 용두동 701-6"
NULL,NULL,"서울특별시 동대문구 용두동 701-6"
NULL,NULL,"서울특별시 동대문구 휘경동 49-11"
NULL,NULL,"서울특별시 동대문구 용두동 701-6"
NULL,NULL,"서울특별시 동대문구 전농동 1-191"
NULL,NULL,"서울특별시 동대문구 용두동 701-6"
NULL,NULL,"서울특별시 동대문구 전농동 1-191"
NULL,NULL,"서울특별시 동대문구 회기동 60-111"
NULL,NULL,"서울특별시 동대문구 용두동 701-6"
NULL,NULL,"서울특별시 동대문구 휘경동 49-11"
NULL,NULL,"서울특별시 동대문구 용두동 701-6"
NULL,NULL,"서울특별시 동대문구 용두동 701-6"
NULL,NULL,"서울특별시 동대문구 용두동 701-6"
NULL,NULL,"서울특별시 동대문구 용두동 701-6"
NULL,NULL,"서울특별시 동대문구 용두동 701-6"
NULL,NULL,"서울특별시 동대문구 휘경동 49-11"
NULL,NULL,"서울특별시 동대문구 용두동 701-6"
NULL,NULL,"서울특별시 동대문구 전농동 1-191"
NULL,NULL,"서울특별시 동대문구 휘경동 49-11"
NULL,NULL,"서울특별시 동대문구 전농동 1-191"
NULL,NULL,"서울특별시 동대문구 용두동 701-6"
NULL,NULL,"서울특별시 동대문구 용두동 701-6"
NULL,NULL,"서울특별시 동대문구 용두동 701-6"
NULL,NULL,"서울특별시 동대문구 용두동 701-6"
NULL,NULL,"서울특별시 동대문구 용두동 701-6"
NULL,NULL,"서울특별시 동대문구 용두동 701-6"
NULL,NULL,"서울특별시 동대문구 회기동 45-60"
NULL,NULL,"서울특별시 동대문구 답십리동 489-143"
NULL,NULL,"서울특별시 동대문구 휘경동 49-11"
NULL,NULL,"서울특별시 동대문구 용두동 701-6"
NULL,NULL,"서울특별시 동대문구 신설동 46-2"
NULL,NULL,"서울특별시 동대문구 용두동 701-6"
NULL,NULL,"서울특별시 동대문구 용두동 701-6"
NULL,NULL,"서울특별시 동대문구 용두동 701-6"
NULL,NULL,"서울특별시 동대문구 용두동 701-6"
NULL,NULL,"서울특별시 동대문구 휘경동 49-11"
NULL,NULL,"서울특별시 동대문구 용두동 701-6"
NULL,NULL,"서울특별시 동대문구 휘경동 49-11"
NULL,NULL,"서울특별시 동대문구 용두동 701-6"
NULL,NULL,"서울특별시 동대문구 답십리동 1005"
NULL,NULL,"서울특별시 동대문구 용두동 701-6"
NULL,NULL,"서울특별시 동대문구 용두동 701-6"
NULL,NULL,"서울특별시 동대문구 용두동 701-6"
NULL,NULL,"서울특별시 동대문구 용두동 701-6"
NULL,NULL,"서울특별시 동대문구 용두동 701-6"
NULL,NULL,"서울특별시 동대문구 용두동 701-6"
NULL,NULL,"서울특별시 동대문구 용두동 701-6"
NULL,NULL,"서울특별시 동대문구 용두동 701-6"
NULL,NULL,"서울특별시 동대문구 용두동 701-6"
NULL,NULL,"서울특별시 동대문구 용두동 701-6"
NULL,NULL,"서울특별시 동대문구 용두동 701-6"
NULL,NULL,"서울특별시 동대문구 용두동 701-6"
NULL,NULL,"서울특별시 동대문구 용두동 701-6"
NULL,NULL,"서울특별시 동대문구 용두동 701-6"
NULL,NULL,"서울특별시 동대문구 용두동 701-6"
NULL,NULL,"서울특별시 동대문구 용두동 701-6"
NULL,NULL,"서울특별시 동대문구 용두동 701-6"
NULL,NULL,"서울특별시 동대문구 용두동 701-6"
NULL,NULL,"서울특별시 동대문구 용두동 701-6"
NULL,NULL,"서울특별시 동대문구 용두동 701-6"
NULL,NULL,"서울특별시 동대문구 용두동 701-6"
NULL,NULL,"서울특별시 동대문구 용두동 701-6"
NULL,NULL,"서울특별시 동대문구 용두동 701-6"
NULL,NULL,"서울특별시 동대문구 용두동 701-6"
NULL,NULL,"서울특별시 동대문구 용두동 701-6"
NULL,NULL,"서울특별시 동대문구 용두동 701-6"
NULL,NULL,"서울특별시 동대문구 용두동 701-6"
NULL,NULL,"서울특별시 동대문구 용두동 701-6"
NULL,NULL,"서울특별시 동대문구 용두동 701-6"
NULL,NULL,"서울특별시 동대문구 용두동 701-6"
NULL,NULL,"서울특별시 동대문구 용두동 701-6"
NULL,NULL,"서울특별시 동대문구 용두동 701-6"
NULL,NULL,"서울특별시 동대문구 용두동 701-6"
NULL,NULL,"서울특별시 동대문구 용두동 701-6"
NULL,NULL,"서울특별시 동대문구 용두동 701-6"
NULL,NULL,"서울특별시 동대문구 용두동 701-6"
NULL,NULL,"서울특별시 동대문구 용두동 701-6"
NULL,NULL,"서울특별시 동대문구 용두동 701-6"
NULL,NULL,"서울특별시 동대문구 용두동 701-6"
NULL,NULL,"서울특별시 동대문구 용두동 701-6"
NULL,NULL,"서울특별시 동대문구 용두동 701-6"
NULL,NULL,"서울특별시 동대문구 용두동 701-6"
NULL,NULL,"서울특별시 동대문구 용두동 701-6"
NULL,NULL,"서울특별시 동대문구 용두동 701-6"
NULL,NULL,"서울특별시 동대문구 용두동 701-6"
NULL,NULL,"서울특별시 동대문구 용두동 701-6"
NULL,NULL,"서울특별시 동대문구 용두동 701-6"
NULL,NULL,"서울특별시 동대문구 용두동 701-6"
NULL,NULL,"서울특별시 동대문구 용두동 701-6"
NULL,NULL,"서울특별시 동대문구 용두동 701-6"
NULL,NULL,"서울특별시 동대문구 용두동 701-6"
NULL,NULL,"서울특별시 동대문구 용두동 701-6"
NULL,NULL,"서울특별시 동대문구 용두동 701-6"
NULL,NULL,"서울특별시 동대문구 용두동 701-6"
NULL,NULL,"서울특별시 동대문구 용두동 701-6"
NULL,NULL,"서울특별시 동대문구 용두동 701-6"
NULL,NULL,"서울특별시 동대문구 용두동 701-6"
NULL,NULL,"서울특별시 동대문구 용두동 701-6"
NULL,NULL,"서울특별시 동대문구 용두동 701-6"
NULL,NULL,"서울특별시 동대문구 용두동 701-6"
NULL,NULL,"서울특별시 동대문구 용두동 701-6"
NULL,NULL,"서울특별시 동대문구 용두동 701-6"
NULL,NULL,"서울특별시 동대문구 용두동 701-6"
NULL,NULL,"서울특별시 동대문구 용두동 701-6"
NULL,NULL,"서울특별시 동대문구 용두동 701-6"
NULL,NULL,"서울특별시 동대문구 용두동 701-6"
NULL,NULL,"서울특별시 동대문구 용두동 701-6"
NULL,NULL,"서울특별시 동대문구 용두동 701-6"
NULL,NULL,"서울특별시 동대문구 용두동 701-6"
NULL,NULL,"서울특별시 동대문구 용두동 701-6"
NULL,NULL,"서울특별시 동대문구 용두동 701-6"
NULL,NULL,"서울특별시 동대문구 용두동 701-6"
NULL,NULL,"서울특별시 동대문구 용두동 701-6"
NULL,NULL,"서울특별시 동대문구 용두동 701-6"
NULL,NULL,"서울특별시 동대문구 용두동 701-6"
NULL,NULL,"서울특별시 동대문구 용두동 701-6"
NULL,NULL,"서울특별시 동대문구 용두동 701-6"
NULL,NULL,"서울특별시 동대문구 용두동 701-6"
NULL,NULL,"서울특별시 동대문구 용두동 701-6"
NULL,NULL,"서울특별시 동대문구 용두동 701-6"
NULL,NULL,"서울특별시 동대문구 용두동 701-6"
NULL,NULL,"서울특별시 동대문구 용두동 701-6"
NULL,NULL,"서울특별시 동대문구 용두동 701-6"
NULL,NULL,"서울특별시 동대문구 용두동 701-6"
NULL,NULL,"서울특별시 동대문구 용두동 701-6"
NULL,NULL,"서울특별시 동대문구 용두동 701-6"
NULL,NULL,"서울특별시 동대문구 용두동 701-6"
NULL,NULL,"서울특별시 동대문구 용두동 701-6"
NULL,NULL,"서울특별시 동대문구 용두동 701-6"
NULL,NULL,"서울특별시 동대문구 용두동 701-6"
NULL,NULL,"서울특별시 동대문구 용두동 701-6"
NULL,NULL,"서울특별시 동대문구 용두동 701-6"
NULL,NULL,"서울특별시 동대문구 용두동 701-6"
NULL,NULL,"서울특별시 동대문구 용두동 701-6"
NULL,NULL,"서울특별시 동대문구 용두동 701-6"
NULL,NULL,"서울특별시 동대문구 용두동 701-6"
NULL,NULL,"서울특별시 동대문구 용두동 701-6"
NULL,NULL,"서울특별시 동대문구 용두동 701-6"
NULL,NULL,"서울특별시 동대문구 용두동 701-6"
NULL,NULL,"서울특별시 동대문구 용두동 701-6"
NULL,NULL,"서울특별시 동대문구 용두동 701-6"
NULL,NULL,"서울특별시 동대문구 용두동 701-6"
NULL,NULL,"서울특별시 동대문구 용두동 701-6"
NULL,NULL,"서울특별시 동대문구 용두동 701-6"
NULL,NULL,"서울특별시 동대문구 용두동 701-6"
NULL,NULL,"서울특별시 동대문구 용두동 701-6"
NULL,NULL,"서울특별시 동대문구 용두동 701-6"
NULL,NULL,"서울특별시 동대문구 용두동 701-6"
NULL,NULL,"서울특별시 동대문구 용두동 701-6"
NULL,NULL,"서울특별시 동대문구 용두동 701-6"
NULL,NULL,"서울특별시 동대문구 용두동 701-6"
NULL,NULL,"서울특별시 동대문구 용두동 701-6"
NULL,NULL,"서울특별시 동대문구 용두동 701-6"
NULL,NULL,"서울특별시 동대문구 용두동 701-6"
NULL,NULL,"서울특별시 동대문구 용두동 701-6"
NULL,NULL,"서울특별시 동대문구 용두동 701-6"
NULL,NULL,"서울특별시 동대문구 용두동 701-6"
NULL,NULL,"서울특별시 동대문구 용두동 701-6"
NULL,NULL,"서울특별시 동대문구 용두동 701-6"
NULL,NULL,"서울특별시 동대문구 용두동 701-6"
NULL,NULL,"서울특별시 동대문구 용두동 251-71"
NULL,NULL,"서울특별시 동대문구 용두동 701-6"
NULL,NULL,"서울특별시 동대문구 용두동 701-6"
NULL,NULL,"서울특별시 동대문구 용두동 701-6"
NULL,NULL,"서울특별시 동대문구 휘경동 49-11"
NULL,NULL,"서울특별시 동대문구 전농동 583-1"
NULL,NULL,"서울특별시 동대문구 전농동 103-298"
NULL,NULL,"서울특별시 동대문구 이문동 115-52"
NULL,NULL,"서울특별시 동대문구 이문동 364"
NULL,NULL,"서울특별시 동대문구 이문동 364"
NULL,NULL,"서울특별시 동대문구 전농동 583-1"
NULL,NULL,"서울특별시 동대문구 이문동 364"
NULL,NULL,"서울특별시 동대문구 용두동 47-33"
NULL,NULL,"서울특별시 동대문구 제기동 927"
NULL,NULL,"서울특별시 동대문구 이문동 364"
NULL,NULL,"서울특별시 동대문구 휘경동 336-31"
NULL,NULL,"서울특별시 동대문구 용두동 253-68"
NULL,NULL,"서울특별시 동대문구 전농동 672"
NULL,NULL,"서울특별시 동대문구 전농동 672"
NULL,NULL,"서울특별시 동대문구 전농동 672"
NULL,NULL,"서울특별시 동대문구 전농동 672"
NULL,NULL,"서울특별시 동대문구 답십리동 485-74"
NULL,NULL,"서울특별시 동대문구 전농동 672"
NULL,NULL,"서울특별시 동대문구 회기동 36-27"
NULL,NULL,"서울특별시 동대문구 전농동 672"
NULL,NULL,"서울특별시 동대문구 이문동 117-11"
NULL,NULL,"서울특별시 동대문구 전농동 672"
NULL,NULL,"서울특별시 동대문구 전농동 672"
NULL,NULL,"서울특별시 동대문구 전농동 672"
NULL,NULL,"서울특별시 동대문구 전농동 672"
NULL,NULL,"서울특별시 동대문구 전농동 672"
NULL,NULL,"서울특별시 동대문구 전농동 672"
NULL,NULL,"서울특별시 동대문구 전농동 672"
NULL,NULL,"서울특별시 동대문구 전농동 672"
NULL,NULL,"서울특별시 동대문구 전농동 672"
NULL,NULL,"서울특별시 동대문구 전농동 672"
NULL,NULL,"서울특별시 동대문구 전농동 672"
NULL,NULL,"서울특별시 동대문구 전농동 672"
NULL,NULL,"서울특별시 동대문구 용두동 255-13"
NULL,NULL,"서울특별시 동대문구 용두동 255-13"
NULL,NULL,"서울특별시 동대문구 제기동 699"
NULL,NULL,"서울특별시 동대문구 답십리동 53-54"
NULL,NULL,"서울특별시 동대문구 이문동 255-4"
NULL,NULL,"서울특별시 동대문구 전농동 644-99"
NULL,NULL,"서울특별시 동대문구 이문동 255-4"
NULL,NULL,"서울특별시 동대문구 휘경동 43-169"
NULL,NULL,"서울특별시 동대문구 청량리동 293"
NULL,NULL,"서울특별시 동대문구 이문동 255-4"
NULL,NULL,"서울특별시 동대문구 제기동 699"
NULL,NULL,"서울특별시 동대문구 답십리동 53-54"
NULL,NULL,"서울특별시 동대문구 제기동 699"
NULL,NULL,"서울특별시 동대문구 이문동 255-4"
NULL,NULL,"서울특별시 동대문구 회기동 71-3"
NULL,NULL,"서울특별시 동대문구 이문동 255-4"
NULL,NULL,"서울특별시 동대문구 이문동 255-4"
NULL,NULL,"서울특별시 동대문구 이문동 255-4"
NULL,NULL,"서울특별시 동대문구 제기동 699"
NULL,NULL,"서울특별시 동대문구 전농동 644-99"
NULL,NULL,"서울특별시 동대문구 제기동 699"
NULL,NULL,"서울특별시 동대문구 이문동 255-4"
NULL,NULL,"서울특별시 동대문구 전농동 644-99"
NULL,NULL,"서울특별시 동대문구 이문동 288-26"
NULL,NULL,"서울특별시 동대문구 이문동 255-4"
NULL,NULL,"서울특별시 동대문구 이문동 255-4"
NULL,NULL,"서울특별시 동대문구 답십리동 53-54"
NULL,NULL,"서울특별시 동대문구 청량리동 205-484"
NULL,NULL,"서울특별시 동대문구 답십리동 476-268"
NULL,NULL,"서울특별시 동대문구 제기동 851"
NULL,NULL,"서울특별시 동대문구 제기동 851"
NULL,NULL,"서울특별시 동대문구 제기동 851"
NULL,NULL,"서울특별시 동대문구 제기동 851"
NULL,NULL,"서울특별시 동대문구 답십리동 66-19"
NULL,NULL,"서울특별시 동대문구 제기동 851"
NULL,NULL,"서울특별시 동대문구 답십리동 66-19"
NULL,NULL,"서울특별시 동대문구 회기동 45-49"
NULL,NULL,"서울특별시 동대문구 회기동 45-49"
NULL,NULL,"서울특별시 동대문구 제기동 851"
NULL,NULL,"서울특별시 동대문구 제기동 851"
NULL,NULL,"서울특별시 동대문구 제기동 851"
NULL,NULL,"서울특별시 동대문구 제기동 851"
NULL,NULL,"서울특별시 동대문구 제기동 851"
NULL,NULL,"서울특별시 동대문구 제기동 851"
NULL,NULL,"서울특별시 동대문구 답십리동 66-19"
NULL,NULL,"서울특별시 동대문구 답십리동 66-19"
NULL,NULL,"서울특별시 동대문구 제기동 851"
NULL,NULL,"서울특별시 동대문구 제기동 851"
NULL,NULL,"서울특별시 동대문구 제기동 851"
NULL,NULL,"서울특별시 동대문구 제기동 851"
NULL,NULL,"서울특별시 동대문구 제기동 851"
NULL,NULL,"서울특별시 동대문구 제기동 851"
NULL,NULL,"서울특별시 동대문구 제기동 851"
NULL,NULL,"서울특별시 동대문구 제기동 851"
NULL,NULL,"서울특별시 동대문구 제기동 851"
NULL,NULL,"서울특별시 동대문구 제기동 851"
NULL,NULL,"서울특별시 동대문구 제기동 851"
NULL,NULL,"서울특별시 동대문구 제기동 851"
NULL,NULL,"서울특별시 동대문구 제기동 851"
NULL,NULL,"서울특별시 동대문구 제기동 851"
NULL,NULL,"서울특별시 동대문구 제기동 851"
NULL,NULL,"서울특별시 동대문구 제기동 851"
NULL,NULL,"서울특별시 동대문구 제기동 851"
NULL,NULL,"서울특별시 동대문구 제기동 851"
NULL,NULL,"서울특별시 동대문구 제기동 851"
NULL,NULL,"서울특별시 동대문구 제기동 851"
NULL,NULL,"서울특별시 동대문구 제기동 851"
NULL,NULL,"서울특별시 동대문구 답십리동 66-19"
NULL,NULL,"서울특별시 동대문구 제기동 851"
NULL,NULL,"서울특별시 동대문구 제기동 851"
NULL,NULL,"서울특별시 동대문구 제기동 851"
NULL,NULL,"서울특별시 동대문구 제기동 851"
NULL,NULL,"서울특별시 동대문구 답십리동 66-19"
NULL,NULL,"서울특별시 동대문구 제기동 851"
NULL,NULL,"서울특별시 동대문구 제기동 851"
NULL,NULL,"서울특별시 동대문구 제기동 137-143"
NULL,NULL,"서울특별시 동대문구 제기동 851"
NULL,NULL,"서울특별시 동대문구 제기동 851"
NULL,NULL,"서울특별시 동대문구 제기동 851"
NULL,NULL,"서울특별시 동대문구 제기동 851"
NULL,NULL,"서울특별시 동대문구 제기동 851"
NULL,NULL,"서울특별시 동대문구 제기동 851"
NULL,NULL,"서울특별시 동대문구 제기동 851"
NULL,NULL,"서울특별시 동대문구 제기동 851"
NULL,NULL,"서울특별시 동대문구 휘경동 317-6"
NULL,NULL,"서울특별시 동대문구 휘경동 317-6"
NULL,NULL,"서울특별시 동대문구 휘경동 317-6"
NULL,NULL,"서울특별시 동대문구 휘경동 317-6"
NULL,NULL,"서울특별시 동대문구 휘경동 317-63"
NULL,NULL,"서울특별시 동대문구 휘경동 317-63"
NULL,NULL,"서울특별시 동대문구 휘경동 317-6"
NULL,NULL,"서울특별시 동대문구 휘경동 317-6"
NULL,NULL,"서울특별시 동대문구 휘경동 317-6"
NULL,NULL,"서울특별시 동대문구 휘경동 312-245"
NULL,NULL,"서울특별시 동대문구 휘경동 267-1"
NULL,NULL,"서울특별시 동대문구 답십리동 961-7"
NULL,NULL,"서울특별시 동대문구 휘경동 312-245"
NULL,NULL,"서울특별시 동대문구 청량리동 207"
NULL,NULL,"서울특별시 동대문구 제기동 800"
NULL,NULL,"서울특별시 동대문구 이문동 328-3"
NULL,NULL,"서울특별시 동대문구 휘경동 312-245"
NULL,NULL,"서울특별시 동대문구 청량리동 207"
NULL,NULL,"서울특별시 동대문구 제기동 135-126"
NULL,NULL,"서울특별시 동대문구 답십리동 961-7"
NULL,NULL,"서울특별시 동대문구 청량리동 207"
NULL,NULL,"서울특별시 동대문구 청량리동 207"
NULL,NULL,"서울특별시 동대문구 답십리동 483-20"
NULL,NULL,"서울특별시 동대문구 휘경동 262-1"
NULL,NULL,"서울특별시 동대문구 휘경동 312-245"
NULL,NULL,"서울특별시 동대문구 제기동 800"
NULL,NULL,"서울특별시 동대문구 용두동 39-1013"
NULL,NULL,"서울특별시 동대문구 전농동 10-9"
NULL,NULL,"서울특별시 동대문구 이문동 121-40"
NULL,NULL,"서울특별시 동대문구 이문동 121-40"
NULL,NULL,"서울특별시 동대문구 청량리동 207"
NULL,NULL,"서울특별시 동대문구 용두동 47-2"
NULL,NULL,"서울특별시 동대문구 용두동 47-2"
NULL,NULL,"서울특별시 동대문구 용두동 47-2"
NULL,NULL,"서울특별시 동대문구 용두동 47-2"
NULL,NULL,"서울특별시 동대문구 용두동 47-2"
NULL,NULL,"서울특별시 동대문구 답십리동 961-7"
NULL,NULL,"서울특별시 동대문구 휘경동 312-245"
NULL,NULL,"서울특별시 동대문구 용두동 47-2"
NULL,NULL,"서울특별시 동대문구 전농동 10-9"
NULL,NULL,"서울특별시 동대문구 전농동 10-9"
NULL,NULL,"서울특별시 동대문구 전농동 10-9"
NULL,NULL,"서울특별시 동대문구 전농동 10-9"
NULL,NULL,"서울특별시 동대문구 전농동 10-9"
NULL,NULL,"서울특별시 동대문구 전농동 10-9"
NULL,NULL,"서울특별시 동대문구 전농동 10-9"
NULL,NULL,"서울특별시 동대문구 전농동 10-9"
NULL,NULL,"서울특별시 동대문구 전농동 10-9"
NULL,NULL,"서울특별시 동대문구 전농동 10-9"
NULL,NULL,"서울특별시 동대문구 전농동 10-9"
NULL,NULL,"서울특별시 동대문구 전농동 10-9"
NULL,NULL,"서울특별시 동대문구 전농동 10-9"
NULL,NULL,"서울특별시 동대문구 전농동 10-9"
NULL,NULL,"서울특별시 동대문구 전농동 10-9"
NULL,NULL,"서울특별시 동대문구 전농동 10-9"
NULL,NULL,"서울특별시 동대문구 전농동 10-9"
NULL,NULL,"서울특별시 동대문구 전농동 10-9"
NULL,NULL,"서울특별시 동대문구 전농동 10-9"
NULL,NULL,"서울특별시 동대문구 전농동 10-9"
NULL,NULL,"서울특별시 동대문구 전농동 10-9"
NULL,NULL,"서울특별시 동대문구 전농동 10-9"
NULL,NULL,"서울특별시 동대문구 전농동 10-9"
NULL,NULL,"서울특별시 동대문구 전농동 10-9"
NULL,NULL,"서울특별시 동대문구 전농동 10-9"
NULL,NULL,"서울특별시 동대문구 전농동 10-9"
NULL,NULL,"서울특별시 동대문구 전농동 10-9"
NULL,NULL,"서울특별시 동대문구 전농동 10-9"
NULL,NULL,"서울특별시 동대문구 이문동 328-3"
NULL,NULL,"서울특별시 동대문구 전농동 10-9"
NULL,NULL,"서울특별시 동대문구 전농동 10-9"
NULL,NULL,"서울특별시 동대문구 전농동 10-9"
NULL,NULL,"서울특별시 동대문구 전농동 10-9"
NULL,NULL,"서울특별시 동대문구 전농동 10-9"
NULL,NULL,"서울특별시 동대문구 전농동 10-9"
NULL,NULL,"서울특별시 동대문구 제기동 800"
NULL,NULL,"서울특별시 동대문구 청량리동 207"
NULL,NULL,"서울특별시 동대문구 휘경동 262-1"
NULL,NULL,"서울특별시 동대문구 전농동 10-9"
NULL,NULL,"서울특별시 동대문구 전농동 10-9"
NULL,NULL,"서울특별시 동대문구 전농동 10-9"
NULL,NULL,"서울특별시 동대문구 전농동 10-9"
NULL,NULL,"서울특별시 동대문구 전농동 10-9"
NULL,NULL,"서울특별시 동대문구 전농동 10-9"
NULL,NULL,"서울특별시 동대문구 전농동 10-9"
NULL,NULL,"서울특별시 동대문구 답십리동 961-7"
NULL,NULL,"서울특별시 동대문구 전농동 10-9"
NULL,NULL,"서울특별시 동대문구 전농동 10-9"
NULL,NULL,"서울특별시 동대문구 전농동 10-9"
NULL,NULL,"서울특별시 동대문구 전농동 10-9"
NULL,NULL,"서울특별시 동대문구 전농동 10-9"
NULL,NULL,"서울특별시 동대문구 전농동 10-9"
NULL,NULL,"서울특별시 동대문구 답십리동 961-7"
NULL,NULL,"서울특별시 동대문구 전농동 10-9"
NULL,NULL,"서울특별시 동대문구 전농동 10-9"
NULL,NULL,"서울특별시 동대문구 전농동 10-9"
NULL,NULL,"서울특별시 동대문구 답십리동 961-7"
NULL,NULL,"서울특별시 동대문구 전농동 10-9"
NULL,NULL,"서울특별시 동대문구 전농동 10-9"
NULL,NULL,"서울특별시 동대문구 용두동 47-2"
NULL,NULL,"서울특별시 동대문구 용두동 47-2"
NULL,NULL,"서울특별시 동대문구 이문동 94-2"
NULL,NULL,"서울특별시 동대문구 답십리동 961-7"
NULL,NULL,"서울특별시 동대문구 전농동 530-119"
NULL,NULL,"서울특별시 동대문구 청량리동 35"
NULL,NULL,"서울특별시 동대문구 청량리동 35"
NULL,NULL,"서울특별시 동대문구 답십리동 528"
NULL,NULL,"서울특별시 동대문구 답십리동 2-32"
NULL,NULL,"서울특별시 동대문구 회기동 16-58"
NULL,NULL,"서울특별시 동대문구 회기동 16-58"
NULL,NULL,"서울특별시 동대문구 답십리동 528"
NULL,NULL,"서울특별시 동대문구 회기동 16-58"
NULL,NULL,"서울특별시 동대문구 청량리동 35"
NULL,NULL,"서울특별시 동대문구 전농동 493-2"
NULL,NULL,"서울특별시 동대문구 답십리동 528"
NULL,NULL,"서울특별시 동대문구 전농동 493-2"
NULL,NULL,"서울특별시 동대문구 청량리동 35"
NULL,NULL,"서울특별시 동대문구 청량리동 35"
NULL,NULL,"서울특별시 동대문구 청량리동 35"
NULL,NULL,"서울특별시 동대문구 용두동 732-11"
NULL,NULL,"서울특별시 동대문구 청량리동 35"
NULL,NULL,"서울특별시 동대문구 용두동 693-2"
NULL,NULL,"서울특별시 동대문구 청량리동 35"
NULL,NULL,"서울특별시 동대문구 회기동 16-58"
NULL,NULL,"서울특별시 동대문구 청량리동 35"
NULL,NULL,"서울특별시 동대문구 용두동 732-11"
NULL,NULL,"서울특별시 동대문구 전농동 493-2"
NULL,NULL,"서울특별시 동대문구 청량리동 35"
NULL,NULL,"서울특별시 동대문구 전농동 127-106"
NULL,NULL,"서울특별시 동대문구 답십리동 528"
NULL,NULL,"서울특별시 동대문구 청량리동 35"
NULL,NULL,"서울특별시 동대문구 전농동 127-106"
NULL,NULL,"서울특별시 동대문구 회기동 16-58"
NULL,NULL,"서울특별시 동대문구 청량리동 35"
NULL,NULL,"서울특별시 동대문구 답십리동 528"
NULL,NULL,"서울특별시 동대문구 청량리동 산 1-212"
NULL,NULL,"서울특별시 동대문구 답십리동 528"
NULL,NULL,"서울특별시 동대문구 용두동 693-2"
NULL,NULL,"서울특별시 동대문구 회기동 16-58"
NULL,NULL,"서울특별시 동대문구 청량리동 35"
NULL,NULL,"서울특별시 동대문구 청량리동 산 1-212"
NULL,NULL,"서울특별시 동대문구 청량리동 35"
NULL,NULL,"서울특별시 동대문구 청량리동 산 1-212"
NULL,NULL,"서울특별시 동대문구 용두동 39-493"
NULL,NULL,"서울특별시 동대문구 회기동 16-58"
NULL,NULL,"서울특별시 동대문구 청량리동 35"
NULL,NULL,"서울특별시 동대문구 청량리동 35"
NULL,NULL,"서울특별시 동대문구 회기동 16-58"
NULL,NULL,"서울특별시 동대문구 용두동 732-11"
NULL,NULL,"서울특별시 동대문구 용두동 693-2"
NULL,NULL,"서울특별시 동대문구 용두동 693-2"
NULL,NULL,"서울특별시 동대문구 전농동 493-2"
NULL,NULL,"서울특별시 동대문구 청량리동 35"
NULL,NULL,"서울특별시 동대문구 전농동 321-3"
NULL,NULL,"서울특별시 동대문구 청량리동 35"
NULL,NULL,"서울특별시 동대문구 용두동 732-11"
NULL,NULL,"서울특별시 동대문구 회기동 16-58"
NULL,NULL,"서울특별시 동대문구 용두동 732-11"
NULL,NULL,"서울특별시 동대문구 청량리동 35"
NULL,NULL,"서울특별시 동대문구 회기동 16-58"
NULL,NULL,"서울특별시 동대문구 답십리동 528"
NULL,NULL,"서울특별시 동대문구 청량리동 35"
NULL,NULL,"서울특별시 동대문구 전농동 127-106"
NULL,NULL,"서울특별시 동대문구 청량리동 35"
NULL,NULL,"서울특별시 동대문구 전농동 127-106"
NULL,NULL,"서울특별시 동대문구 청량리동 35"
NULL,NULL,"서울특별시 동대문구 청량리동 35"
NULL,NULL,"서울특별시 동대문구 회기동 16-58"
NULL,NULL,"서울특별시 동대문구 휘경동 359"
NULL,NULL,"서울특별시 동대문구 휘경동 359"
NULL,NULL,"서울특별시 동대문구 청량리동 35"
NULL,NULL,"서울특별시 동대문구 청량리동 35"
NULL,NULL,"서울특별시 동대문구 청량리동 35"
NULL,NULL,"서울특별시 동대문구 청량리동 35"
NULL,NULL,"서울특별시 동대문구 청량리동 35"
NULL,NULL,"서울특별시 동대문구 청량리동 35"
NULL,NULL,"서울특별시 동대문구 청량리동 35"
NULL,NULL,"서울특별시 동대문구 청량리동 35"
NULL,NULL,"서울특별시 동대문구 청량리동 35"
NULL,NULL,"서울특별시 동대문구 청량리동 35"
NULL,NULL,"서울특별시 동대문구 전농동 135-45"
NULL,NULL,"서울특별시 동대문구 제기동 787"
NULL,NULL,"서울특별시 동대문구 답십리동 920"
NULL,NULL,"서울특별시 동대문구 제기동 932"
NULL,NULL,"서울특별시 동대문구 답십리동 920"
NULL,NULL,"서울특별시 동대문구 제기동 787"
NULL,NULL,"서울특별시 동대문구 답십리동 920"
NULL,NULL,"서울특별시 동대문구 답십리동 920"
NULL,NULL,"서울특별시 동대문구 답십리동 920"
NULL,NULL,"서울특별시 동대문구 제기동 787"
NULL,NULL,"서울특별시 동대문구 답십리동 920"
NULL,NULL,"서울특별시 동대문구 제기동 787"
NULL,NULL,"서울특별시 동대문구 답십리동 1-3"
NULL,NULL,"서울특별시 동대문구 답십리동 920"
NULL,NULL,"서울특별시 동대문구 답십리동 484-39"
NULL,NULL,"서울특별시 동대문구 답십리동 920"
NULL,NULL,"서울특별시 동대문구 휘경동 273"
NULL,NULL,"서울특별시 동대문구 제기동 787"
NULL,NULL,"서울특별시 동대문구 제기동 1142-17"
NULL,NULL,"서울특별시 동대문구 휘경동 273"
NULL,NULL,"서울특별시 동대문구 제기동 787"
NULL,NULL,"서울특별시 동대문구 답십리동 920"
NULL,NULL,"서울특별시 동대문구 휘경동 43-137"
NULL,NULL,"서울특별시 동대문구 제기동 1142-17"
NULL,NULL,"서울특별시 동대문구 전농동 10"
NULL,NULL,"서울특별시 동대문구 전농동 10"
NULL,NULL,"서울특별시 동대문구 전농동 10"
NULL,NULL,"서울특별시 동대문구 전농동 10"
NULL,NULL,"서울특별시 동대문구 전농동 10"
NULL,NULL,"서울특별시 동대문구 제기동 787"
NULL,NULL,"서울특별시 동대문구 답십리동 920"
NULL,NULL,"서울특별시 동대문구 답십리동 1-3"
NULL,NULL,"서울특별시 동대문구 전농동 10"
NULL,NULL,"서울특별시 동대문구 전농동 10"
NULL,NULL,"서울특별시 동대문구 전농동 10"
NULL,NULL,"서울특별시 동대문구 전농동 10"
NULL,NULL,"서울특별시 동대문구 전농동 10"
NULL,NULL,"서울특별시 동대문구 전농동 10"
NULL,NULL,"서울특별시 동대문구 전농동 10"
NULL,NULL,"서울특별시 동대문구 전농동 10"
NULL,NULL,"서울특별시 동대문구 전농동 10"
NULL,NULL,"서울특별시 동대문구 전농동 10"
NULL,NULL,"서울특별시 동대문구 전농동 10"
NULL,NULL,"서울특별시 동대문구 전농동 10"
NULL,NULL,"서울특별시 동대문구 전농동 10"
NULL,NULL,"서울특별시 동대문구 전농동 10"
NULL,NULL,"서울특별시 동대문구 전농동 10"
NULL,NULL,"서울특별시 동대문구 전농동 10"
NULL,NULL,"서울특별시 동대문구 전농동 10"
NULL,NULL,"서울특별시 동대문구 전농동 10"
NULL,NULL,"서울특별시 동대문구 휘경동 273"
NULL,NULL,"서울특별시 동대문구 전농동 10"
NULL,NULL,"서울특별시 동대문구 답십리동 920"
NULL,NULL,"서울특별시 동대문구 휘경동 273"
NULL,NULL,"서울특별시 동대문구 답십리동 920"
NULL,NULL,"서울특별시 동대문구 제기동 1142-17"
NULL,NULL,"서울특별시 동대문구 답십리동 920"
NULL,NULL,"서울특별시 동대문구 답십리동 920"
NULL,NULL,"서울특별시 동대문구 전농동 10"
NULL,NULL,"서울특별시 동대문구 전농동 10"
NULL,NULL,"서울특별시 동대문구 전농동 10"
NULL,NULL,"서울특별시 동대문구 전농동 10"
NULL,NULL,"서울특별시 동대문구 답십리동 1-3"
NULL,NULL,"서울특별시 동대문구 전농동 10"
NULL,NULL,"서울특별시 동대문구 전농동 10"
NULL,NULL,"서울특별시 동대문구 전농동 10"
NULL,NULL,"서울특별시 동대문구 전농동 10"
NULL,NULL,"서울특별시 동대문구 전농동 10"
NULL,NULL,"서울특별시 동대문구 전농동 10"
NULL,NULL,"서울특별시 동대문구 전농동 10"
NULL,NULL,"서울특별시 동대문구 전농동 10"
NULL,NULL,"서울특별시 동대문구 전농동 10"
NULL,NULL,"서울특별시 동대문구 전농동 10"
NULL,NULL,"서울특별시 동대문구 전농동 10"
NULL,NULL,"서울특별시 동대문구 전농동 10"
NULL,NULL,"서울특별시 동대문구 전농동 10"
NULL,NULL,"서울특별시 동대문구 전농동 10"
NULL,NULL,"서울특별시 동대문구 전농동 10"
NULL,NULL,"서울특별시 동대문구 전농동 10"
NULL,NULL,"서울특별시 동대문구 전농동 10"
NULL,NULL,"서울특별시 동대문구 전농동 10"
NULL,NULL,"서울특별시 동대문구 전농동 10"
NULL,NULL,"서울특별시 동대문구 제기동 932"
NULL,NULL,"서울특별시 동대문구 제기동 932"
NULL,NULL,"서울특별시 동대문구 제기동 932"
NULL,NULL,"서울특별시 동대문구 신설동 102-26"
NULL,NULL,"서울특별시 동대문구 신설동 102-26"
NULL,NULL,"서울특별시 동대문구 휘경동 49-54"
NULL,NULL,"서울특별시 동대문구 휘경동 49-54"
NULL,NULL,"서울특별시 동대문구 제기동 1157-9"
NULL,NULL,"서울특별시 동대문구 휘경동 343-15"
NULL,NULL,"서울특별시 동대문구 휘경동 49-54"
NULL,NULL,"서울특별시 동대문구 회기동 27-2"
NULL,NULL,"서울특별시 동대문구 신설동 69-1"
NULL,NULL,"서울특별시 동대문구 용두동 193-63"
NULL,NULL,"서울특별시 동대문구 회기동 27-2"
NULL,NULL,"서울특별시 동대문구 답십리2동 산2-11"
NULL,NULL,"서울특별시 동대문구 답십리2동 산2-11"
NULL,NULL,"서울특별시 동대문구 답십리2동 산2-11"
NULL,NULL,"서울특별시 동대문구 청량리동 206-9"
NULL,NULL,"서울특별시 동대문구 전농동 1-5"
NULL,NULL,"서울특별시 동대문구 답십리동 94-2"
NULL,NULL,"서울특별시 동대문구 청량리동 206-9"
NULL,NULL,"서울특별시 동대문구 답십리동 94-2"
NULL,NULL,"서울특별시 동대문구 신설동 102-6"
NULL,NULL,"서울특별시 동대문구 장안동 471-2"
NULL,NULL,"서울특별시 동대문구 전농동 1-5"
NULL,NULL,"서울특별시 동대문구 답십리동 94-2"
NULL,NULL,"서울특별시 동대문구 장안동 471-2"
NULL,NULL,"서울특별시 동대문구 이문동 210-1"
NULL,NULL,"서울특별시 동대문구 청량리동 206-9"
NULL,NULL,"서울특별시 동대문구 장안동 471-2"
NULL,NULL,"서울특별시 동대문구 청량리동 206-9"
NULL,NULL,"서울특별시 동대문구 청량리동 206-9"
NULL,NULL,"서울특별시 동대문구 신설동 102-6"
NULL,NULL,"서울특별시 동대문구 장안동 471-2"
NULL,NULL,"서울특별시 동대문구 장안동 471-2"
NULL,NULL,"서울특별시 동대문구 장안동 471-2"
NULL,NULL,"서울특별시 동대문구 장안동 471-2"
NULL,NULL,"서울특별시 동대문구 장안동 471-2"
NULL,NULL,"서울특별시 동대문구 장안동 471-2"
NULL,NULL,"서울특별시 동대문구 장안동 471-2"
NULL,NULL,"서울특별시 동대문구 장안동 471-2"
NULL,NULL,"서울특별시 동대문구 전농동 1-5"
NULL,NULL,"서울특별시 동대문구 장안동 471-2"
NULL,NULL,"서울특별시 동대문구 장안동 471-2"
NULL,NULL,"서울특별시 동대문구 장안동 471-2"
NULL,NULL,"서울특별시 동대문구 장안동 471-2"
NULL,NULL,"서울특별시 동대문구 답십리동 942"
NULL,NULL,"서울특별시 동대문구 전농동 1-5"
NULL,NULL,"서울특별시 동대문구 답십리동 942"
NULL,NULL,"서울특별시 동대문구 답십리동 94-2"
NULL,NULL,"서울특별시 동대문구 답십리동 94-2"
NULL,NULL,"서울특별시 동대문구 전농동 1-5"
NULL,NULL,"서울특별시 동대문구 장안동 471-2"
NULL,NULL,"서울특별시 동대문구 장안동 471-2"
NULL,NULL,"서울특별시 동대문구 휘경동 321-40"
NULL,NULL,"서울특별시 동대문구 장안동 471-2"
NULL,NULL,"서울특별시 동대문구 장안동 471-2"
NULL,NULL,"서울특별시 동대문구 이문동 120-35"
NULL,NULL,"서울특별시 동대문구 장안동 471-2"
NULL,NULL,"서울특별시 동대문구 답십리동 550-3"
NULL,NULL,"서울특별시 동대문구 답십리동 94-2"
NULL,NULL,"서울특별시 동대문구 신설동 102-6"
NULL,NULL,"서울특별시 동대문구 장안동 471-2"
NULL,NULL,"서울특별시 동대문구 장안동 471-2"
NULL,NULL,"서울특별시 동대문구 장안동 471-2"
NULL,NULL,"서울특별시 동대문구 청량리동 206-9"
NULL,NULL,"서울특별시 동대문구 장안동 471-2"
NULL,NULL,"서울특별시 동대문구 답십리동 94-2"
NULL,NULL,"서울특별시 동대문구 답십리동 94-2"
NULL,NULL,"서울특별시 동대문구 장안동 471-2"
NULL,NULL,"서울특별시 동대문구 장안동 471-2"
NULL,NULL,"서울특별시 동대문구 청량리동 206-9"
NULL,NULL,"서울특별시 동대문구 장안동 471-2"
NULL,NULL,"서울특별시 동대문구 답십리동 942"
NULL,NULL,"서울특별시 동대문구 장안동 471-2"
NULL,NULL,"서울특별시 동대문구 장안동 471-2"
NULL,NULL,"서울특별시 동대문구 장안동 471-2"
NULL,NULL,"서울특별시 동대문구 청량리동 206-9"
NULL,NULL,"서울특별시 동대문구 장안동 471-2"
NULL,NULL,"서울특별시 동대문구 장안동 471-2"
NULL,NULL,"서울특별시 동대문구 장안동 471-2"
NULL,NULL,"서울특별시 동대문구 장안동 471-2"
NULL,NULL,"서울특별시 동대문구 답십리동 94-2"
NULL,NULL,"서울특별시 동대문구 장안동 471-2"
NULL,NULL,"서울특별시 동대문구 장안동 471-2"
NULL,NULL,"서울특별시 동대문구 전농동 1-5"
NULL,NULL,"서울특별시 동대문구 청량리동 206-9"
NULL,NULL,"서울특별시 동대문구 전농동 1-5"
NULL,NULL,"서울특별시 동대문구 청량리동 206-9"
NULL,NULL,"서울특별시 동대문구 답십리동 467-79"
NULL,NULL,"서울특별시 동대문구 신설동 71-2"
NULL,NULL,"서울특별시 동대문구 신설동 30-2"
NULL,NULL,"서울특별시 동대문구 장안동 471-2"
NULL,NULL,"서울특별시 동대문구 장안동 471-2"
NULL,NULL,"서울특별시 동대문구 장안동 471-2"
NULL,NULL,"서울특별시 동대문구 휘경동 321-40"
NULL,NULL,"서울특별시 동대문구 전농동 1-5"
NULL,NULL,"서울특별시 동대문구 전농동 1-5"
NULL,NULL,"서울특별시 동대문구 답십리동 94-2"
NULL,NULL,"서울특별시 동대문구 청량리동 206-9"
NULL,NULL,"서울특별시 동대문구 장안동 471-2"
NULL,NULL,"서울특별시 동대문구 장안동 471-2"
NULL,NULL,"서울특별시 동대문구 답십리동 94-2"
NULL,NULL,"서울특별시 동대문구 장안동 471-2"
NULL,NULL,"서울특별시 동대문구 장안동 471-2"
NULL,NULL,"서울특별시 동대문구 신설동 102-6"
NULL,NULL,"서울특별시 동대문구 청량리동 206-9"
NULL,NULL,"서울특별시 동대문구 장안동 471-2"
NULL,NULL,"서울특별시 동대문구 장안동 471-2"
NULL,NULL,"서울특별시 동대문구 신설동 71-2"
NULL,NULL,"서울특별시 동대문구 청량리동 206-9"
NULL,NULL,"서울특별시 동대문구 신설동 102-6"
NULL,NULL,"서울특별시 동대문구 전농동 1-5"
NULL,NULL,"서울특별시 동대문구 이문동 120-35"
NULL,NULL,"서울특별시 동대문구 이문동 120-35"
NULL,NULL,"서울특별시 동대문구 장안동 334-11"
NULL,NULL,"서울특별시 동대문구 청량리동 206-9"
NULL,NULL,"서울특별시 동대문구 청량리동 206-9"
NULL,NULL,"서울특별시 동대문구 청량리동 206-9"
NULL,NULL,"서울특별시 동대문구 청량리동 206-9"
NULL,NULL,"서울특별시 동대문구 청량리동 206-9"
NULL,NULL,"서울특별시 동대문구 답십리동 550-3"
NULL,NULL,"서울특별시 동대문구 신설동 102-6"
NULL,NULL,"서울특별시 동대문구 제기동 1158-66"
NULL,NULL,"서울특별시 동대문구 제기동 1158-66"
NULL,NULL,"서울특별시 동대문구 제기동 1158-66"
NULL,NULL,"서울특별시 동대문구 제기동 1158-66"
NULL,NULL,"서울특별시 동대문구 제기동 1158-66"
NULL,NULL,"서울특별시 동대문구 제기동 1158-66"
NULL,NULL,"서울특별시 동대문구 제기동 1158-66"
NULL,NULL,"서울특별시 동대문구 제기동 1158-66"
NULL,NULL,"서울특별시 동대문구 제기동 1158-66"
NULL,NULL,"서울특별시 동대문구 전농동 567-16"
NULL,NULL,"서울특별시 동대문구 전농동 1-33"
NULL,NULL,"서울특별시 동대문구 전농동 1-33"
NULL,NULL,"서울특별시 동대문구 전농동 1-33"
NULL,NULL,"서울특별시 동대문구 이문동 335-9"
NULL,NULL,"서울특별시 동대문구 답십리동 485-163"
NULL,NULL,"서울특별시 동대문구 이문동 335-9"
NULL,NULL,"서울특별시 동대문구 이문동 251-3"
NULL,NULL,"서울특별시 동대문구 휘경동 산 6-53"
NULL,NULL,"서울특별시 동대문구 휘경동 산 6-53"
NULL,NULL,"서울특별시 동대문구 전농동 1-33"
NULL,NULL,"서울특별시 동대문구 전농동 1-33"
NULL,NULL,"서울특별시 동대문구 전농동 1-33"
NULL,NULL,"서울특별시 동대문구 답십리동 485-163"
NULL,NULL,"서울특별시 동대문구 전농동 1-33"
NULL,NULL,"서울특별시 동대문구 전농동 1-33"
NULL,NULL,"서울특별시 동대문구 전농동 1-33"
NULL,NULL,"서울특별시 동대문구 이문동 251-3"
NULL,NULL,"서울특별시 동대문구 전농동 1-33"
NULL,NULL,"서울특별시 동대문구 용두동 47-1"
NULL,NULL,"서울특별시 동대문구 이문동 341-11"
NULL,NULL,"서울특별시 동대문구 용두동 47-1"
NULL,NULL,"서울특별시 동대문구 용두동 47-1"
NULL,NULL,"서울특별시 동대문구 제기동 182-44"
NULL,NULL,"서울특별시 동대문구 용두동 47-1"
NULL,NULL,"서울특별시 동대문구 용두동 47-1"
NULL,NULL,"서울특별시 동대문구 용두동 47-1"
NULL,NULL,"서울특별시 동대문구 이문동 341-11"
NULL,NULL,"서울특별시 동대문구 용두동 47-1"
NULL,NULL,"서울특별시 동대문구 답십리동 495-5"
NULL,NULL,"서울특별시 동대문구 용두동 47-1"
NULL,NULL,"서울특별시 동대문구 회기동 45-46"
NULL,NULL,"서울특별시 동대문구 이문동 209-18"
NULL,NULL,"서울특별시 동대문구 이문동 256-371"
NULL,NULL,"서울특별시 동대문구 용두동 47-1"
NULL,NULL,"서울특별시 동대문구 용두동 47-1"
NULL,NULL,"서울특별시 동대문구 용두동 47-1"
NULL,NULL,"서울특별시 동대문구 용두동 47-1"
NULL,NULL,"서울특별시 동대문구 용두동 47-1"
NULL,NULL,"서울특별시 동대문구 용두동 47-1"
NULL,NULL,"서울특별시 동대문구 용두동 47-1"
NULL,NULL,"서울특별시 동대문구 용두동 47-1"
NULL,NULL,"서울특별시 동대문구 답십리동 463-1"
NULL,NULL,"서울특별시 동대문구 이문동 341-11"
NULL,NULL,"서울특별시 동대문구 용두동 47-1"
NULL,NULL,"서울특별시 동대문구 용두동 47-1"
NULL,NULL,"서울특별시 동대문구 용두동 47-1"
NULL,NULL,"서울특별시 동대문구 용두동 47-1"
NULL,NULL,"서울특별시 동대문구 용두동 47-1"
NULL,NULL,"서울특별시 동대문구 용두동 47-1"
NULL,NULL,"서울특별시 동대문구 용두동 47-1"
NULL,NULL,"서울특별시 동대문구 답십리동 463-1"
NULL,NULL,"서울특별시 동대문구 용두동 47-1"
NULL,NULL,"서울특별시 동대문구 회기동 45-46"
NULL,NULL,"서울특별시 동대문구 용두동 47-1"
NULL,NULL,"서울특별시 동대문구 용두동 47-1"
NULL,NULL,"서울특별시 동대문구 용두동 47-1"
NULL,NULL,"서울특별시 동대문구 용두동 47-1"
NULL,NULL,"서울특별시 동대문구 용두동 47-1"
NULL,NULL,"서울특별시 동대문구 용두동 47-1"
NULL,NULL,"서울특별시 동대문구 용두동 47-1"
NULL,NULL,"서울특별시 동대문구 용두동 47-1"
NULL,NULL,"서울특별시 동대문구 용두동 47-1"
NULL,NULL,"서울특별시 동대문구 용두동 47-1"
NULL,NULL,"서울특별시 동대문구 용두동 47-1"
NULL,NULL,"서울특별시 동대문구 이문동 92-21"
NULL,NULL,"서울특별시 동대문구 용두동 47-1"
NULL,NULL,"서울특별시 동대문구 이문동 341-11"
NULL,NULL,"서울특별시 동대문구 용두동 47-1"
NULL,NULL,"서울특별시 동대문구 이문동 209-18"
NULL,NULL,"서울특별시 동대문구 용두동 47-1"
NULL,NULL,"서울특별시 동대문구 답십리동 463-1"
NULL,NULL,"서울특별시 동대문구 용두동 47-1"
NULL,NULL,"서울특별시 동대문구 용두동 47-1"
NULL,NULL,"서울특별시 동대문구 용두동 47-1"
NULL,NULL,"서울특별시 동대문구 용두동 47-1"
NULL,NULL,"서울특별시 동대문구 용두동 47-1"
NULL,NULL,"서울특별시 동대문구 용두동 47-1"
NULL,NULL,"서울특별시 동대문구 회기동 45-46"
NULL,NULL,"서울특별시 동대문구 용두동 47-1"
NULL,NULL,"서울특별시 동대문구 용두동 47-1"
NULL,NULL,"서울특별시 동대문구 용두동 47-1"
NULL,NULL,"서울특별시 동대문구 용두동 47-1"
NULL,NULL,"서울특별시 동대문구 이문동 341-11"
NULL,NULL,"서울특별시 동대문구 용두동 47-1"
NULL,NULL,"서울특별시 동대문구 이문동 341-11"
NULL,NULL,"서울특별시 동대문구 용두동 47-1"
NULL,NULL,"서울특별시 동대문구 용두동 47-1"
NULL,NULL,"서울특별시 동대문구 용두동 47-1"
NULL,NULL,"서울특별시 동대문구 이문동 341-11"
NULL,NULL,"서울특별시 동대문구 용두동 47-1"
NULL,NULL,"서울특별시 동대문구 답십리동 495-5"
NULL,NULL,"서울특별시 동대문구 용두동 47-1"
NULL,NULL,"서울특별시 동대문구 용두동 47-1"
NULL,NULL,"서울특별시 동대문구 용두동 47-1"
NULL,NULL,"서울특별시 동대문구 답십리동 463-1"
NULL,NULL,"서울특별시 동대문구 용두동 47-1"
NULL,NULL,"서울특별시 동대문구 용두동 47-1"
NULL,NULL,"서울특별시 동대문구 용두동 47-1"
NULL,NULL,"서울특별시 동대문구 용두동 47-1"
NULL,NULL,"서울특별시 동대문구 용두동 47-1"
NULL,NULL,"서울특별시 동대문구 용두동 47-1"
NULL,NULL,"서울특별시 동대문구 회기동 45-46"
NULL,NULL,"서울특별시 동대문구 용두동 47-1"
NULL,NULL,"서울특별시 동대문구 용두동 47-1"
NULL,NULL,"서울특별시 동대문구 용두동 47-1"
NULL,NULL,"서울특별시 동대문구 용두동 47-1"
NULL,NULL,"서울특별시 동대문구 용두동 47-1"
NULL,NULL,"서울특별시 동대문구 용두동 47-1"
NULL,NULL,"서울특별시 동대문구 용두동 47-1"
NULL,NULL,"서울특별시 동대문구 용두동 47-1"
NULL,NULL,"서울특별시 동대문구 이문동 341-11"
NULL,NULL,"서울특별시 동대문구 용두동 47-1"
NULL,NULL,"서울특별시 동대문구 용두동 47-1"
NULL,NULL,"서울특별시 동대문구 용두동 47-1"
NULL,NULL,"서울특별시 동대문구 용두동 47-1"
NULL,NULL,"서울특별시 동대문구 답십리동 495-5"
NULL,NULL,"서울특별시 동대문구 용두동 47-1"
NULL,NULL,"서울특별시 동대문구 용두동 47-1"
NULL,NULL,"서울특별시 동대문구 용두동 47-1"
NULL,NULL,"서울특별시 동대문구 용두동 47-1"
NULL,NULL,"서울특별시 동대문구 답십리동 495-5"
NULL,NULL,"서울특별시 동대문구 용두동 47-1"
NULL,NULL,"서울특별시 동대문구 용두동 47-1"
NULL,NULL,"서울특별시 동대문구 용두동 47-1"
NULL,NULL,"서울특별시 동대문구 답십리동 463-1"
NULL,NULL,"서울특별시 동대문구 용두동 47-1"
NULL,NULL,"서울특별시 동대문구 용두동 47-1"
NULL,NULL,"서울특별시 동대문구 답십리동 495-5"
NULL,NULL,"서울특별시 동대문구 용두동 47-1"
NULL,NULL,"서울특별시 동대문구 용두동 47-1"
NULL,NULL,"서울특별시 동대문구 용두동 47-1"
NULL,NULL,"서울특별시 동대문구 용두동 47-1"
NULL,NULL,"서울특별시 동대문구 용두동 47-1"
NULL,NULL,"서울특별시 동대문구 용두동 47-1"
NULL,NULL,"서울특별시 동대문구 용두동 47-1"
NULL,NULL,"서울특별시 동대문구 용두동 47-1"
NULL,NULL,"서울특별시 동대문구 용두동 47-1"
NULL,NULL,"서울특별시 동대문구 용두동 47-1"
NULL,NULL,"서울특별시 동대문구 용두동 47-1"
NULL,NULL,"서울특별시 동대문구 용두동 47-1"
NULL,NULL,"서울특별시 동대문구 용두동 47-1"
NULL,NULL,"서울특별시 동대문구 용두동 47-1"
NULL,NULL,"서울특별시 동대문구 용두동 47-1"
NULL,NULL,"서울특별시 동대문구 용두동 47-1"
NULL,NULL,"서울특별시 동대문구 용두동 47-1"
NULL,NULL,"서울특별시 동대문구 용두동 47-1"
NULL,NULL,"서울특별시 동대문구 이문동 341-11"
NULL,NULL,"서울특별시 동대문구 용두동 47-1"
NULL,NULL,"서울특별시 동대문구 용두동 47-1"
NULL,NULL,"서울특별시 동대문구 용두동 47-1"
NULL,NULL,"서울특별시 동대문구 용두동 47-1"
NULL,NULL,"서울특별시 동대문구 용두동 47-1"
NULL,NULL,"서울특별시 동대문구 용두동 47-1"
NULL,NULL,"서울특별시 동대문구 용두동 47-1"
NULL,NULL,"서울특별시 동대문구 용두동 47-1"
NULL,NULL,"서울특별시 동대문구 용두동 47-1"
NULL,NULL,"서울특별시 동대문구 용두동 47-1"
NULL,NULL,"서울특별시 동대문구 용두동 47-1"
NULL,NULL,"서울특별시 동대문구 이문동 92-21"
NULL,NULL,"서울특별시 동대문구 용두동 47-1"
NULL,NULL,"서울특별시 동대문구 용두동 47-1"
NULL,NULL,"서울특별시 동대문구 이문동 341-11"
NULL,NULL,"서울특별시 동대문구 용두동 47-1"
NULL,NULL,"서울특별시 동대문구 용두동 47-1"
NULL,NULL,"서울특별시 동대문구 용두동 47-1"
NULL,NULL,"서울특별시 동대문구 용두동 47-1"
NULL,NULL,"서울특별시 동대문구 답십리동 2-296"
NULL,NULL,"서울특별시 동대문구 용두동 47-1"
NULL,NULL,"서울특별시 동대문구 이문동 92-21"
NULL,NULL,"서울특별시 동대문구 용두동 47-1"
NULL,NULL,"서울특별시 동대문구 답십리동 2-296"
NULL,NULL,"서울특별시 동대문구 용두동 47-1"
NULL,NULL,"서울특별시 동대문구 제기동 182-44"
NULL,NULL,"서울특별시 동대문구 용두동 47-1"
NULL,NULL,"서울특별시 동대문구 용두동 47-1"
NULL,NULL,"서울특별시 동대문구 용두동 47-1"
NULL,NULL,"서울특별시 동대문구 용두동 47-1"
NULL,NULL,"서울특별시 동대문구 이문동 341-11"
NULL,NULL,"서울특별시 동대문구 용두동 47-1"
NULL,NULL,"서울특별시 동대문구 용두동 47-1"
NULL,NULL,"서울특별시 동대문구 이문동 341-11"
NULL,NULL,"서울특별시 동대문구 용두동 47-1"
NULL,NULL,"서울특별시 동대문구 용두동 47-1"
NULL,NULL,"서울특별시 동대문구 용두동 47-1"
NULL,NULL,"서울특별시 동대문구 용두동 47-1"
NULL,NULL,"서울특별시 동대문구 용두동 47-1"
NULL,NULL,"서울특별시 동대문구 용두동 47-1"
NULL,NULL,"서울특별시 동대문구 용두동 47-1"
NULL,NULL,"서울특별시 동대문구 용두동 47-1"
NULL,NULL,"서울특별시 동대문구 용두동 47-1"
NULL,NULL,"서울특별시 동대문구 용두동 47-1"
NULL,NULL,"서울특별시 동대문구 용두동 47-1"
NULL,NULL,"서울특별시 동대문구 용두동 47-1"
NULL,NULL,"서울특별시 동대문구 용두동 47-1"
NULL,NULL,"서울특별시 동대문구 답십리동 463-1"
NULL,NULL,"서울특별시 동대문구 용두동 47-1"
NULL,NULL,"서울특별시 동대문구 용두동 47-1"
NULL,NULL,"서울특별시 동대문구 용두동 47-1"
NULL,NULL,"서울특별시 동대문구 용두동 47-1"
NULL,NULL,"서울특별시 동대문구 용두동 47-1"
NULL,NULL,"서울특별시 동대문구 용두동 47-1"
NULL,NULL,"서울특별시 동대문구 용두동 47-1"
NULL,NULL,"서울특별시 동대문구 용두동 47-1"
NULL,NULL,"서울특별시 동대문구 용두동 47-1"
NULL,NULL,"서울특별시 동대문구 용두동 47-1"
NULL,NULL,"서울특별시 동대문구 제기동 182-44"
NULL,NULL,"서울특별시 동대문구 용두동 47-1"
NULL,NULL,"서울특별시 동대문구 용두동 47-1"
NULL,NULL,"서울특별시 동대문구 용두동 47-1"
NULL,NULL,"서울특별시 동대문구 용두동 47-1"
NULL,NULL,"서울특별시 동대문구 답십리동 463-1"
NULL,NULL,"서울특별시 동대문구 용두동 47-1"
NULL,NULL,"서울특별시 동대문구 용두동 47-1"
NULL,NULL,"서울특별시 동대문구 답십리동 495-5"
NULL,NULL,"서울특별시 동대문구 답십리동 463-1"
NULL,NULL,"서울특별시 동대문구 이문동 209-18"
NULL,NULL,"서울특별시 동대문구 답십리동 2-296"
NULL,NULL,"서울특별시 동대문구 용두동 47-1"
NULL,NULL,"서울특별시 동대문구 답십리동 463-1"
NULL,NULL,"서울특별시 동대문구 이문동 256-371"
NULL,NULL,"서울특별시 동대문구 용두동 47-1"
NULL,NULL,"서울특별시 동대문구 용두동 47-1"
NULL,NULL,"서울특별시 동대문구 용두동 47-1"
NULL,NULL,"서울특별시 동대문구 용두동 47-1"
NULL,NULL,"서울특별시 동대문구 용두동 47-1"
NULL,NULL,"서울특별시 동대문구 용두동 47-1"
NULL,NULL,"서울특별시 동대문구 용두동 47-1"
NULL,NULL,"서울특별시 동대문구 용두동 47-1"
NULL,NULL,"서울특별시 동대문구 용두동 47-1"
NULL,NULL,"서울특별시 동대문구 용두동 47-1"
NULL,NULL,"서울특별시 동대문구 용두동 47-1"
NULL,NULL,"서울특별시 동대문구 답십리동 2-296"
NULL,NULL,"서울특별시 동대문구 이문동 341-11"
NULL,NULL,"서울특별시 동대문구 용두동 47-1"
NULL,NULL,"서울특별시 동대문구 용두동 47-1"
NULL,NULL,"서울특별시 동대문구 용두동 47-1"
NULL,NULL,"서울특별시 동대문구 용두동 47-1"
NULL,NULL,"서울특별시 동대문구 용두동 47-1"
NULL,NULL,"서울특별시 동대문구 답십리동 495-5"
NULL,NULL,"서울특별시 동대문구 이문동 341-11"
NULL,NULL,"서울특별시 동대문구 이문동 92-21"
NULL,NULL,"서울특별시 동대문구 이문동 92-21"
NULL,NULL,"서울특별시 동대문구 이문동 92-21"
NULL,NULL,"서울특별시 동대문구 이문동 92-21"
NULL,NULL,"서울특별시 동대문구 이문동 92-21"
NULL,NULL,"서울특별시 동대문구 이문동 341-11"
NULL,NULL,"서울특별시 동대문구 이문동 256-371"
NULL,NULL,"서울특별시 동대문구 용두동 47-1"
NULL,NULL,"서울특별시 동대문구 용두동 47-1"
NULL,NULL,"서울특별시 동대문구 용두동 47-1"
NULL,NULL,"서울특별시 동대문구 용두동 47-1"
NULL,NULL,"서울특별시 동대문구 용두동 47-1"
NULL,NULL,"서울특별시 동대문구 용두동 47-1"
NULL,NULL,"서울특별시 동대문구 용두동 47-1"
NULL,NULL,"서울특별시 동대문구 용두동 47-1"
NULL,NULL,"서울특별시 동대문구 용두동 47-1"
NULL,NULL,"서울특별시 동대문구 용두동 47-1"
NULL,NULL,"서울특별시 동대문구 용두동 47-1"
NULL,NULL,"서울특별시 동대문구 용두동 251-39"
NULL,NULL,"서울특별시 동대문구 용두동 47-1"
NULL,NULL,"서울특별시 동대문구 용두동 47-1"
NULL,NULL,"서울특별시 동대문구 용두동 47-1"
NULL,NULL,"서울특별시 동대문구 용두동 47-1"
NULL,NULL,"서울특별시 동대문구 용두동 47-1"
NULL,NULL,"서울특별시 동대문구 용두동 47-1"
NULL,NULL,"서울특별시 동대문구 용두동 47-1"
NULL,NULL,"서울특별시 동대문구 용두동 47-1"
NULL,NULL,"서울특별시 동대문구 용두동 47-1"
NULL,NULL,"서울특별시 동대문구 용두동 47-1"
NULL,NULL,"서울특별시 동대문구 장안동 216-40"
NULL,NULL,"서울특별시 동대문구 용두동 47-1"
NULL,NULL,"서울특별시 동대문구 용두동 47-1"
NULL,NULL,"서울특별시 동대문구 용두동 47-1"
NULL,NULL,"서울특별시 동대문구 용두동 47-1"
NULL,NULL,"서울특별시 동대문구 휘경동 49-295"
NULL,NULL,"서울특별시 동대문구 휘경동 49-295"
NULL,NULL,"서울특별시 동대문구 휘경동 49-295"
NULL,NULL,"서울특별시 동대문구 장안동 332-13"
NULL,NULL,"서울특별시 동대문구 휘경동 49-295"
NULL,NULL,"서울특별시 동대문구 휘경동 49-295"
NULL,NULL,"서울특별시 동대문구 청량리동 205-103"
NULL,NULL,"서울특별시 동대문구 답십리동 112-209"
NULL,NULL,"서울특별시 동대문구 장안동 332-13"
NULL,NULL,"서울특별시 동대문구 휘경동 49-295"
NULL,NULL,"서울특별시 동대문구 용두동 39-126"
NULL,NULL,"서울특별시 동대문구 휘경동 49-295"
NULL,NULL,"서울특별시 동대문구 휘경동 49-295"
NULL,NULL,"서울특별시 동대문구 답십리동 483-22"
NULL,NULL,"서울특별시 동대문구 답십리동 112-209"
NULL,NULL,"서울특별시 동대문구 청량리동 205-103"
NULL,NULL,"서울특별시 동대문구 장안동 332-13"
NULL,NULL,"서울특별시 동대문구 휘경동 49-295"
NULL,NULL,"서울특별시 동대문구 휘경동 49-295"
NULL,NULL,"서울특별시 동대문구 휘경동 49-295"
NULL,NULL,"서울특별시 동대문구 답십리동 483-22"
NULL,NULL,"서울특별시 동대문구 휘경동 267-72"
NULL,NULL,"서울특별시 동대문구 전농동 694"
NULL,NULL,"서울특별시 동대문구 전농동 124-92"
NULL,NULL,"서울특별시 동대문구 전농동 623-15"
NULL,NULL,"서울특별시 동대문구 신설동 102-12"
NULL,NULL,"서울특별시 동대문구 신설동 102-12"
NULL,NULL,"서울특별시 동대문구 휘경동 43-39"
NULL,NULL,"서울특별시 동대문구 휘경동 43-39"
NULL,NULL,"서울특별시 동대문구 제기동 892-65"
NULL,NULL,"서울특별시 동대문구 휘경동 43-39"
NULL,NULL,"서울특별시 동대문구 제기동 892-65"
NULL,NULL,"서울특별시 동대문구 휘경동 43-39"
NULL,NULL,"서울특별시 동대문구 제기동 892-65"
NULL,NULL,"서울특별시 동대문구 휘경동 43-39"
NULL,NULL,"서울특별시 동대문구 회기동 45-41"
NULL,NULL,"서울특별시 동대문구 청량리동 205-100"
NULL,NULL,"서울특별시 동대문구 휘경동 317-1"
NULL,NULL,"서울특별시 동대문구 휘경동 317-1"
NULL,NULL,"서울특별시 동대문구 용두동 33-1"
NULL,NULL,"서울특별시 동대문구 장안동 473-5"
NULL,NULL,"서울특별시 동대문구 장안동 473-5"
NULL,NULL,"서울특별시 동대문구 장안동 473-5"
NULL,NULL,"서울특별시 동대문구 장안동 473-5"
NULL,NULL,"서울특별시 동대문구 휘경동 7-34"
NULL,NULL,"서울특별시 동대문구 장안동 473-5"
NULL,NULL,"서울특별시 동대문구 장안동 473-5"
NULL,NULL,"서울특별시 동대문구 답십리동 474-28"
NULL,NULL,"서울특별시 동대문구 장안동 473-5"
NULL,NULL,"서울특별시 동대문구 장안동 473-5"
NULL,NULL,"서울특별시 동대문구 휘경동 7-34"
NULL,NULL,"서울특별시 동대문구 용두동 255-74"
NULL,NULL,"서울특별시 동대문구 장안동 473-5"
NULL,NULL,"서울특별시 동대문구 전농동 693-3"
NULL,NULL,"서울특별시 동대문구 이문동 329-2"
NULL,NULL,"서울특별시 동대문구 장안동 473-5"
NULL,NULL,"서울특별시 동대문구 전농동 655-32"
NULL,NULL,"서울특별시 동대문구 장안동 473-5"
NULL,NULL,"서울특별시 동대문구 전농동 693-3"
NULL,NULL,"서울특별시 동대문구 장안동 473-5"
NULL,NULL,"서울특별시 동대문구 전농동 693-3"
NULL,NULL,"서울특별시 동대문구 장안동 473-5"
NULL,NULL,"서울특별시 동대문구 답십리동 산 2-30"
NULL,NULL,"서울특별시 동대문구 장안동 473-5"
NULL,NULL,"서울특별시 동대문구 전농동 693-3"
NULL,NULL,"서울특별시 동대문구 이문동 329-2"
NULL,NULL,"서울특별시 동대문구 장안동 473-5"
NULL,NULL,"서울특별시 동대문구 장안동 473-5"
NULL,NULL,"서울특별시 동대문구 장안동 473-5"
NULL,NULL,"서울특별시 동대문구 장안동 473-5"
NULL,NULL,"서울특별시 동대문구 장안동 473-5"
NULL,NULL,"서울특별시 동대문구 장안동 473-5"
NULL,NULL,"서울특별시 동대문구 장안동 473-5"
NULL,NULL,"서울특별시 동대문구 장안동 473-5"
NULL,NULL,"서울특별시 동대문구 장안동 473-5"
NULL,NULL,"서울특별시 동대문구 장안동 473-5"
NULL,NULL,"서울특별시 동대문구 장안동 473-5"
NULL,NULL,"서울특별시 동대문구 장안동 473-5"
NULL,NULL,"서울특별시 동대문구 용두동 33-1"
NULL,NULL,"서울특별시 동대문구 용두동 33-1"
NULL,NULL,"서울특별시 동대문구 답십리동 474-28"
NULL,NULL,"서울특별시 동대문구 전농동 693-3"
NULL,NULL,"서울특별시 동대문구 장안동 473-5"
NULL,NULL,"서울특별시 동대문구 장안동 473-5"
NULL,NULL,"서울특별시 동대문구 장안동 473-5"
NULL,NULL,"서울특별시 동대문구 장안동 473-5"
NULL,NULL,"서울특별시 동대문구 장안동 473-5"
NULL,NULL,"서울특별시 동대문구 장안동 473-5"
NULL,NULL,"서울특별시 동대문구 장안동 473-5"
NULL,NULL,"서울특별시 동대문구 장안동 473-5"
NULL,NULL,"서울특별시 동대문구 답십리동 483-21"
NULL,NULL,"서울특별시 동대문구 장안동 473-5"
NULL,NULL,"서울특별시 동대문구 장안동 473-5"
NULL,NULL,"서울특별시 동대문구 용두동 33-1"
NULL,NULL,"서울특별시 동대문구 장안동 473-5"
NULL,NULL,"서울특별시 동대문구 이문동 335-1"
NULL,NULL,"서울특별시 동대문구 장안동 473-5"
NULL,NULL,"서울특별시 동대문구 장안동 473-5"
NULL,NULL,"서울특별시 동대문구 장안동 473-5"
NULL,NULL,"서울특별시 동대문구 장안동 473-5"
NULL,NULL,"서울특별시 동대문구 장안동 473-5"
NULL,NULL,"서울특별시 동대문구 장안동 473-5"
NULL,NULL,"서울특별시 동대문구 장안동 473-5"
NULL,NULL,"서울특별시 동대문구 이문동 335-1"
NULL,NULL,"서울특별시 동대문구 장안동 473-5"
NULL,NULL,"서울특별시 동대문구 용두동 33-1"
NULL,NULL,"서울특별시 동대문구 장안동 473-5"
NULL,NULL,"서울특별시 동대문구 장안동 473-5"
NULL,NULL,"서울특별시 동대문구 장안동 473-5"
NULL,NULL,"서울특별시 동대문구 장안동 473-5"
NULL,NULL,"서울특별시 동대문구 장안동 473-5"
NULL,NULL,"서울특별시 동대문구 장안동 473-5"
NULL,NULL,"서울특별시 동대문구 장안동 473-5"
NULL,NULL,"서울특별시 동대문구 전농동 693-3"
NULL,NULL,"서울특별시 동대문구 장안동 473-5"
NULL,NULL,"서울특별시 동대문구 용두동 33-1"
NULL,NULL,"서울특별시 동대문구 용두동 33-1"
NULL,NULL,"서울특별시 동대문구 장안동 473-5"
NULL,NULL,"서울특별시 동대문구 이문동 335-1"
NULL,NULL,"서울특별시 동대문구 답십리동 483-21"
NULL,NULL,"서울특별시 동대문구 장안동 473-5"
NULL,NULL,"서울특별시 동대문구 장안동 473-5"
NULL,NULL,"서울특별시 동대문구 휘경동 7-34"
NULL,NULL,"서울특별시 동대문구 전농동 693-3"
NULL,NULL,"서울특별시 동대문구 장안동 473-5"
NULL,NULL,"서울특별시 동대문구 장안동 473-5"
NULL,NULL,"서울특별시 동대문구 장안동 473-5"
NULL,NULL,"서울특별시 동대문구 장안동 473-5"
NULL,NULL,"서울특별시 동대문구 장안동 473-5"
NULL,NULL,"서울특별시 동대문구 답십리동 산 2-30"
NULL,NULL,"서울특별시 동대문구 장안동 473-5"
NULL,NULL,"서울특별시 동대문구 장안동 473-5"
NULL,NULL,"서울특별시 동대문구 장안동 473-5"
NULL,NULL,"서울특별시 동대문구 장안동 473-5"
NULL,NULL,"서울특별시 동대문구 장안동 473-5"
NULL,NULL,"서울특별시 동대문구 장안동 473-5"
NULL,NULL,"서울특별시 동대문구 장안동 473-5"
NULL,NULL,"서울특별시 동대문구 장안동 473-5"
NULL,NULL,"서울특별시 동대문구 휘경동 7-34"
NULL,NULL,"서울특별시 동대문구 장안동 473-5"
NULL,NULL,"서울특별시 동대문구 장안동 473-5"
NULL,NULL,"서울특별시 동대문구 장안동 473-5"
NULL,NULL,"서울특별시 동대문구 장안동 473-5"
NULL,NULL,"서울특별시 동대문구 장안동 473-5"
NULL,NULL,"서울특별시 동대문구 장안동 473-5"
NULL,NULL,"서울특별시 동대문구 장안동 473-5"
NULL,NULL,"서울특별시 동대문구 장안동 473-5"
NULL,NULL,"서울특별시 동대문구 장안동 473-5"
NULL,NULL,"서울특별시 동대문구 장안동 473-5"
NULL,NULL,"서울특별시 동대문구 장안동 473-5"
NULL,NULL,"서울특별시 동대문구 장안동 473-5"
NULL,NULL,"서울특별시 동대문구 장안동 473-5"
NULL,NULL,"서울특별시 동대문구 장안동 473-5"
NULL,NULL,"서울특별시 동대문구 장안동 473-5"
NULL,NULL,"서울특별시 동대문구 장안동 473-5"
NULL,NULL,"서울특별시 동대문구 이문동 335-1"
NULL,NULL,"서울특별시 동대문구 회기동 36-3"
NULL,NULL,"서울특별시 동대문구 회기동 36-3"
NULL,NULL,"서울특별시 동대문구 회기동 36-3"
NULL,NULL,"서울특별시 동대문구 회기동 36-3"
NULL,NULL,"서울특별시 동대문구 이문동 53-1"
NULL,NULL,"서울특별시 동대문구 이문동 53-1"
NULL,NULL,"서울특별시 동대문구 이문동 53-1"
NULL,NULL,"서울특별시 동대문구 답십리동 1009"
NULL,NULL,"서울특별시 동대문구 용두동 33-1"
NULL,NULL,"서울특별시 동대문구 용두동 33-1"
NULL,NULL,"서울특별시 동대문구 용두동 255-74"
NULL,NULL,"서울특별시 동대문구 용두동 255-74"
NULL,NULL,"서울특별시 동대문구 제기동 1149-21"
NULL,NULL,"서울특별시 동대문구 제기동 1149-21"
NULL,NULL,"서울특별시 동대문구 제기동 1149-21"
NULL,NULL,"서울특별시 동대문구 제기동 1149-21"
NULL,NULL,"서울특별시 동대문구 청량리동 203-66"
NULL,NULL,"서울특별시 동대문구 용두동 193-85"
NULL,NULL,"서울특별시 동대문구 제기동 1149-21"
NULL,NULL,"서울특별시 동대문구 제기동 1149-21"
NULL,NULL,"서울특별시 동대문구 용두동 193-85"
NULL,NULL,"서울특별시 동대문구 제기동 1149-21"
NULL,NULL,"서울특별시 동대문구 용두동 75-44"
NULL,NULL,"서울특별시 동대문구 휘경동 42-9"
NULL,NULL,"서울특별시 동대문구 제기동 271-51"
NULL,NULL,"서울특별시 동대문구 제기동 271-51"
NULL,NULL,"서울특별시 동대문구 제기동 271-51"
NULL,NULL,"서울특별시 동대문구 제기동 271-51"
NULL,NULL,"서울특별시 동대문구 제기동 271-51"
NULL,NULL,"서울특별시 동대문구 제기동 271-51"
NULL,NULL,"서울특별시 동대문구 제기동 271-51"
NULL,NULL,"서울특별시 동대문구 제기동 271-51"
NULL,NULL,"서울특별시 동대문구 제기동 271-51"
NULL,NULL,"서울특별시 동대문구 제기동 271-51"
NULL,NULL,"서울특별시 동대문구 휘경동 187-50"
NULL,NULL,"서울특별시 동대문구 이문동 164-25"
NULL,NULL,"서울특별시 동대문구 전농동 500-30"
NULL,NULL,"서울특별시 동대문구 전농동 325-21"
NULL,NULL,"서울특별시 동대문구 전농동 325-21"
NULL,NULL,"서울특별시 동대문구 휘경동 255-53"
NULL,NULL,"서울특별시 동대문구 휘경동 255-13"
NULL,NULL,"서울특별시 동대문구 이문동 164-25"
NULL,NULL,"서울특별시 동대문구 이문동 164-25"
NULL,NULL,"서울특별시 동대문구 전농동 150-15"
NULL,NULL,"서울특별시 동대문구 이문동 164-25"
NULL,NULL,"서울특별시 동대문구 휘경동 255-13"
NULL,NULL,"서울특별시 동대문구 이문동 164-25"
NULL,NULL,"서울특별시 동대문구 이문동 164-25"
NULL,NULL,"서울특별시 동대문구 이문동 164-25"
NULL,NULL,"서울특별시 동대문구 이문동 164-25"
NULL,NULL,"서울특별시 동대문구 전농동 산 11-222"
NULL,NULL,"서울특별시 동대문구 전농동 325-21"
NULL,NULL,"서울특별시 동대문구 전농동 150-15"
NULL,NULL,"서울특별시 동대문구 휘경동 255-13"
NULL,NULL,"서울특별시 동대문구 휘경동 255-53"
NULL,NULL,"서울특별시 동대문구 장안동 142-22"
NULL,NULL,"서울특별시 동대문구 이문동 164-25"
NULL,NULL,"서울특별시 동대문구 전농동 135-41"
NULL,NULL,"서울특별시 동대문구 휘경동 16-60"
NULL,NULL,"서울특별시 동대문구 휘경동 16-60"
NULL,NULL,"서울특별시 동대문구 전농동 150-15"
NULL,NULL,"서울특별시 동대문구 이문동 164-25"
NULL,NULL,"서울특별시 동대문구 이문동 164-25"
NULL,NULL,"서울특별시 동대문구 전농동 325-21"
NULL,NULL,"서울특별시 동대문구 전농동 325-21"
NULL,NULL,"서울특별시 동대문구 이문동 98-1"
NULL,NULL,"서울특별시 동대문구 이문동 98-1"
NULL,NULL,"서울특별시 동대문구 이문동 98-1"
NULL,NULL,"서울특별시 동대문구 이문동 98-1"
NULL,NULL,"서울특별시 동대문구 이문동 98-1"
NULL,NULL,"서울특별시 동대문구 이문동 98-1"
NULL,NULL,"서울특별시 동대문구 이문동 98-1"
NULL,NULL,"서울특별시 동대문구 이문동 98-1"
NULL,NULL,"서울특별시 동대문구 이문동 98-1"
NULL,NULL,"서울특별시 동대문구 이문동 98-1"
NULL,NULL,"서울특별시 동대문구 이문동 98-1"
NULL,NULL,"서울특별시 동대문구 용두동 251-76"
NULL,NULL,"서울특별시 동대문구 용두동 251-76"
NULL,NULL,"서울특별시 동대문구 전농동 325-21"
메타세쿼이아,우산각공원,"서울특별시 동대문구 신설동 109-4"
메타세쿼이아,우산각공원,"서울특별시 동대문구 신설동 109-4"
메타세쿼이아,우산각공원,"서울특별시 동대문구 신설동 109-4"
메타세쿼이아,우산각공원,"서울특별시 동대문구 신설동 109-4"
잣나무,우산각공원,"서울특별시 동대문구 신설동 109-4"
벚나무,우산각공원,"서울특별시 동대문구 신설동 109-4"
메타세쿼이아,우산각공원,"서울특별시 동대문구 신설동 109-4"
메타세쿼이아,우산각공원,"서울특별시 동대문구 신설동 109-4"
소나무,우산각공원,"서울특별시 동대문구 신설동 109-4"
느티나무,우산각공원,"서울특별시 동대문구 신설동 109-4"
느티나무,우산각공원,"서울특별시 동대문구 신설동 109-4"
소나무,우산각공원,"서울특별시 동대문구 신설동 109-4"
메타세쿼이아,우산각공원,"서울특별시 동대문구 신설동 109-4"
양버즘나무,우산각공원,"서울특별시 동대문구 신설동 109-4"
잣나무,우산각공원,"서울특별시 동대문구 신설동 109-4"
메타세쿼이아,우산각공원,"서울특별시 동대문구 신설동 109-4"
메타세쿼이아,우산각공원,"서울특별시 동대문구 신설동 109-4"
잣나무,우산각공원,"서울특별시 동대문구 신설동 109-4"
메타세쿼이아,우산각공원,"서울특별시 동대문구 신설동 109-4"
메타세쿼이아,우산각공원,"서울특별시 동대문구 신설동 109-4"
메타세쿼이아,우산각공원,"서울특별시 동대문구 신설동 109-4"
메타세쿼이아,우산각공원,"서울특별시 동대문구 신설동 109-4"
벚나무,우산각공원,"서울특별시 동대문구 신설동 109-4"
은행나무,우산각공원,"서울특별시 동대문구 신설동 109-4"
메타세쿼이아,우산각공원,"서울특별시 동대문구 신설동 109-4"
단풍나무,우산각공원,"서울특별시 동대문구 신설동 109-4"
단풍나무,우산각공원,"서울특별시 동대문구 신설동 109-4"
소나무,우산각공원,"서울특별시 동대문구 신설동 109-4"
소나무,우산각공원,"서울특별시 동대문구 신설동 109-4"
메타세쿼이아,우산각공원,"서울특별시 동대문구 신설동 109-4"
벚나무,우산각공원,"서울특별시 동대문구 신설동 109-4"
소나무,우산각공원,"서울특별시 동대문구 신설동 109-4"
메타세쿼이아,우산각공원,"서울특별시 동대문구 신설동 109-4"
소나무,우산각공원,"서울특별시 동대문구 신설동 109-4"
소나무,우산각공원,"서울특별시 동대문구 신설동 109-4"
느티나무,우산각공원,"서울특별시 동대문구 신설동 109-4"
소나무,우산각공원,"서울특별시 동대문구 신설동 109-4"
메타세쿼이아,우산각공원,"서울특별시 동대문구 신설동 109-4"
소나무,우산각공원,"서울특별시 동대문구 신설동 109-4"
느티나무,우산각공원,"서울특별시 동대문구 신설동 109-4"
소나무,우산각공원,"서울특별시 동대문구 신설동 109-4"
소나무,우산각공원,"서울특별시 동대문구 신설동 109-4"
소나무,우산각공원,"서울특별시 동대문구 신설동 109-4"
소나무,우산각공원,"서울특별시 동대문구 신설동 109-4"
단풍나무,우산각공원,"서울특별시 동대문구 신설동 109-4"
단풍나무,우산각공원,"서울특별시 동대문구 신설동 109-4"
잣나무,우산각공원,"서울특별시 동대문구 신설동 109-4"
양버즘나무,우산각공원,"서울특별시 동대문구 신설동 109-4"
느티나무,우산각공원,"서울특별시 동대문구 신설동 109-4"
소나무,우산각공원,"서울특별시 동대문구 신설동 109-4"
소나무,우산각공원,"서울특별시 동대문구 신설동 109-4"
소나무,우산각공원,"서울특별시 동대문구 신설동 109-4"
소나무,우산각공원,"서울특별시 동대문구 신설동 109-4"
소나무,우산각공원,"서울특별시 동대문구 신설동 109-4"
소나무,우산각공원,"서울특별시 동대문구 신설동 109-4"
소나무,우산각공원,"서울특별시 동대문구 신설동 109-4"
소나무,우산각공원,"서울특별시 동대문구 신설동 109-4"
소나무,우산각공원,"서울특별시 동대문구 신설동 109-4"
소나무,우산각공원,"서울특별시 동대문구 신설동 109-4"
소나무,우산각공원,"서울특별시 동대문구 신설동 109-4"
소나무,우산각공원,"서울특별시 동대문구 신설동 109-4"
소나무,우산각공원,"서울특별시 동대문구 신설동 109-4"
소나무,우산각공원,"서울특별시 동대문구 신설동 109-4"
소나무,우산각공원,"서울특별시 동대문구 신설동 109-4"
소나무,우산각공원,"서울특별시 동대문구 신설동 109-4"
주목,우산각공원,"서울특별시 동대문구 신설동 109-4"
소나무,우산각공원,"서울특별시 동대문구 신설동 109-4"
산수유,우산각공원,"서울특별시 동대문구 신설동 109-4"
소나무,우산각공원,"서울특별시 동대문구 신설동 109-4"
소나무,우산각공원,"서울특별시 동대문구 신설동 109-4"
산딸나무,우산각공원,"서울특별시 동대문구 신설동 109-4"
메타세쿼이아,우산각공원,"서울특별시 동대문구 신설동 109-4"
메타세쿼이아,우산각공원,"서울특별시 동대문구 신설동 109-4"
소나무,우산각공원,"서울특별시 동대문구 신설동 109-4"
소나무,우산각공원,"서울특별시 동대문구 신설동 109-4"
소나무,우산각공원,"서울특별시 동대문구 신설동 109-4"
소나무,우산각공원,"서울특별시 동대문구 신설동 109-4"
소나무,우산각공원,"서울특별시 동대문구 신설동 109-4"
소나무,우산각공원,"서울특별시 동대문구 신설동 109-4"
은행나무,우산각공원,"서울특별시 동대문구 신설동 109-4"
산딸나무,우산각공원,"서울특별시 동대문구 신설동 109-4"
잣나무,우산각공원,"서울특별시 동대문구 신설동 109-4"
느티나무,우산각공원,"서울특별시 동대문구 신설동 109-4"
느티나무,우산각공원,"서울특별시 동대문구 신설동 109-4"
주목,우산각공원,"서울특별시 동대문구 신설동 109-4"
벚나무,우산각공원,"서울특별시 동대문구 신설동 109-4"
메타세쿼이아,우산각공원,"서울특별시 동대문구 신설동 109-4"
메타세쿼이아,우산각공원,"서울특별시 동대문구 신설동 109-4"
메타세쿼이아,우산각공원,"서울특별시 동대문구 신설동 109-4"
메타세쿼이아,우산각공원,"서울특별시 동대문구 신설동 109-4"
잣나무,우산각공원,"서울특별시 동대문구 신설동 109-4"
느티나무,우산각공원,"서울특별시 동대문구 신설동 109-4"
산딸나무,우산각공원,"서울특별시 동대문구 신설동 109-4"
느티나무,우산각공원,"서울특별시 동대문구 신설동 109-4"
잣나무,우산각공원,"서울특별시 동대문구 신설동 109-4"
잣나무,우산각공원,"서울특별시 동대문구 신설동 109-4"
느티나무,우산각공원,"서울특별시 동대문구 신설동 109-4"
잣나무,우산각공원,"서울특별시 동대문구 신설동 109-4"
잣나무,우산각공원,"서울특별시 동대문구 신설동 109-4"
느티나무,우산각공원,"서울특별시 동대문구 신설동 109-4"
소나무,우산각공원,"서울특별시 동대문구 신설동 109-4"
잣나무,우산각공원,"서울특별시 동대문구 신설동 109-4"
잣나무,우산각공원,"서울특별시 동대문구 신설동 109-4"
소나무,우산각공원,"서울특별시 동대문구 신설동 109-4"
느티나무,우산각공원,"서울특별시 동대문구 신설동 109-4"
잣나무,우산각공원,"서울특별시 동대문구 신설동 109-4"
느티나무,우산각공원,"서울특별시 동대문구 신설동 109-4"
잣나무,우산각공원,"서울특별시 동대문구 신설동 109-4"
소나무,우산각공원,"서울특별시 동대문구 신설동 109-4"
은행나무,우산각공원,"서울특별시 동대문구 신설동 109-4"
느티나무,우산각공원,"서울특별시 동대문구 신설동 109-4"
소나무,우산각공원,"서울특별시 동대문구 신설동 109-4"
느티나무,우산각공원,"서울특별시 동대문구 신설동 109-4"
잣나무,우산각공원,"서울특별시 동대문구 신설동 109-4"
은행나무,우산각공원,"서울특별시 동대문구 신설동 109-4"
느티나무,우산각공원,"서울특별시 동대문구 신설동 109-4"
메타세쿼이아,우산각공원,"서울특별시 동대문구 신설동 109-4"
메타세쿼이아,우산각공원,"서울특별시 동대문구 신설동 109-4"
메타세쿼이아,우산각공원,"서울특별시 동대문구 신설동 109-4"
메타세쿼이아,우산각공원,"서울특별시 동대문구 신설동 109-4"
메타세쿼이아,우산각공원,"서울특별시 동대문구 신설동 109-4"
벚나무,우산각공원,"서울특별시 동대문구 신설동 109-4"
메타세쿼이아,우산각공원,"서울특별시 동대문구 신설동 109-4"
느티나무,우산각공원,"서울특별시 동대문구 신설동 109-4"
은행나무,우산각공원,"서울특별시 동대문구 신설동 109-4"
느티나무,우산각공원,"서울특별시 동대문구 신설동 109-4"
잣나무,우산각공원,"서울특별시 동대문구 신설동 109-4"
양버즘나무,우산각공원,"서울특별시 동대문구 신설동 109-4"
산딸나무,우산각공원,"서울특별시 동대문구 신설동 109-4"
느티나무,우산각공원,"서울특별시 동대문구 신설동 109-4"
산딸나무,우산각공원,"서울특별시 동대문구 신설동 109-4"
목련,우산각공원,"서울특별시 동대문구 신설동 109-4"
잣나무,우산각공원,"서울특별시 동대문구 신설동 109-4"
은행나무,우산각공원,"서울특별시 동대문구 신설동 109-4"
잣나무,우산각공원,"서울특별시 동대문구 신설동 109-4"
잣나무,우산각공원,"서울특별시 동대문구 신설동 109-4"
잣나무,우산각공원,"서울특별시 동대문구 신설동 109-4"
잣나무,우산각공원,"서울특별시 동대문구 신설동 109-4"
목련,우산각공원,"서울특별시 동대문구 신설동 109-4"
잣나무,우산각공원,"서울특별시 동대문구 신설동 109-4"
느티나무,우산각공원,"서울특별시 동대문구 신설동 109-4"
목련,우산각공원,"서울특별시 동대문구 신설동 109-4"
잣나무,우산각공원,"서울특별시 동대문구 신설동 109-4"
잣나무,우산각공원,"서울특별시 동대문구 신설동 109-4"
목련,우산각공원,"서울특별시 동대문구 신설동 109-4"
잣나무,우산각공원,"서울특별시 동대문구 신설동 109-4"
산딸나무,우산각공원,"서울특별시 동대문구 신설동 109-4"
잣나무,우산각공원,"서울특별시 동대문구 신설동 109-4"
잣나무,우산각공원,"서울특별시 동대문구 신설동 109-4"
산딸나무,우산각공원,"서울특별시 동대문구 신설동 109-4"
산딸나무,우산각공원,"서울특별시 동대문구 신설동 109-4"
산딸나무,우산각공원,"서울특별시 동대문구 신설동 109-4"
느티나무,우산각공원,"서울특별시 동대문구 신설동 109-4"
양버즘나무,우산각공원,"서울특별시 동대문구 신설동 109-4"
산딸나무,우산각공원,"서울특별시 동대문구 신설동 109-4"
산딸나무,우산각공원,"서울특별시 동대문구 신설동 109-4"
메타세쿼이아,우산각공원,"서울특별시 동대문구 신설동 109-4"
메타세쿼이아,우산각공원,"서울특별시 동대문구 신설동 109-4"
메타세쿼이아,우산각공원,"서울특별시 동대문구 신설동 109-4"
메타세쿼이아,우산각공원,"서울특별시 동대문구 신설동 109-4"
벚나무,우산각공원,"서울특별시 동대문구 신설동 109-4"
메타세쿼이아,우산각공원,"서울특별시 동대문구 신설동 109-4"
산딸나무,우산각공원,"서울특별시 동대문구 신설동 109-4"
메타세쿼이아,우산각공원,"서울특별시 동대문구 신설동 109-4"
메타세쿼이아,우산각공원,"서울특별시 동대문구 신설동 109-4"
은행나무,우산각공원,"서울특별시 동대문구 신설동 109-4"
메타세쿼이아,우산각공원,"서울특별시 동대문구 신설동 109-4"
주목,우산각공원,"서울특별시 동대문구 신설동 109-4"
느티나무,우산각공원,"서울특별시 동대문구 신설동 109-4"
은행나무,우산각공원,"서울특별시 동대문구 신설동 109-4"
양버즘나무,우산각공원,"서울특별시 동대문구 신설동 109-4"
주목,우산각공원,"서울특별시 동대문구 신설동 109-4"
산딸나무,우산각공원,"서울특별시 동대문구 신설동 109-4"
벚나무,우산각공원,"서울특별시 동대문구 신설동 109-4"
은행나무,우산각공원,"서울특별시 동대문구 신설동 109-4"
측백나무,우산각공원,"서울특별시 동대문구 신설동 109-4"
뽕나무,우산각공원,"서울특별시 동대문구 신설동 109-4"
목련,우산각공원,"서울특별시 동대문구 신설동 109-4"
메타세쿼이아,우산각공원,"서울특별시 동대문구 신설동 109-4"
메타세쿼이아,우산각공원,"서울특별시 동대문구 신설동 109-4"
메타세쿼이아,우산각공원,"서울특별시 동대문구 신설동 109-4"
산수유,우산각공원,"서울특별시 동대문구 신설동 109-4"
은행나무,우산각공원,"서울특별시 동대문구 신설동 109-4"
벚나무,우산각공원,"서울특별시 동대문구 신설동 109-4"
측백나무,우산각공원,"서울특별시 동대문구 신설동 109-4"
산수유,우산각공원,"서울특별시 동대문구 신설동 109-4"
벚나무,우산각공원,"서울특별시 동대문구 신설동 109-4"
은행나무,우산각공원,"서울특별시 동대문구 신설동 109-4"
느티나무,우산각공원,"서울특별시 동대문구 신설동 109-4"
느티나무,우산각공원,"서울특별시 동대문구 신설동 109-4"
벚나무,우산각공원,"서울특별시 동대문구 신설동 109-4"
느티나무,우산각공원,"서울특별시 동대문구 신설동 109-4"
느티나무,우산각공원,"서울특별시 동대문구 신설동 109-4"
산수유,우산각공원,"서울특별시 동대문구 신설동 109-4"
잣나무,우산각공원,"서울특별시 동대문구 신설동 109-4"
살구나무,우산각공원,"서울특별시 동대문구 신설동 109-4"
잣나무,우산각공원,"서울특별시 동대문구 신설동 109-4"
양버즘나무,우산각공원,"서울특별시 동대문구 신설동 109-4"
양버즘나무,우산각공원,"서울특별시 동대문구 신설동 109-4"
은행나무,우산각공원,"서울특별시 동대문구 신설동 109-4"
잣나무,우산각공원,"서울특별시 동대문구 신설동 109-4"
잣나무,우산각공원,"서울특별시 동대문구 신설동 109-4"
벚나무,우산각공원,"서울특별시 동대문구 신설동 109-4"
잣나무,우산각공원,"서울특별시 동대문구 신설동 109-4"
잣나무,우산각공원,"서울특별시 동대문구 신설동 109-4"
잣나무,우산각공원,"서울특별시 동대문구 신설동 109-4"
은행나무,우산각공원,"서울특별시 동대문구 신설동 109-4"
목련,우산각공원,"서울특별시 동대문구 신설동 109-4"
양버즘나무,우산각공원,"서울특별시 동대문구 신설동 109-4"
산사나무,우산각공원,"서울특별시 동대문구 신설동 109-4"
자두나무,우산각공원,"서울특별시 동대문구 신설동 109-4"
벚나무,우산각공원,"서울특별시 동대문구 신설동 109-4"
벚나무,우산각공원,"서울특별시 동대문구 신설동 109-4"
벚나무,우산각공원,"서울특별시 동대문구 신설동 109-4"
칠엽수,마로니에공원,"서울특별시 동대문구 장안동 325"
칠엽수,마로니에공원,"서울특별시 동대문구 장안동 325"
칠엽수,마로니에공원,"서울특별시 동대문구 장안동 325"
칠엽수,마로니에공원,"서울특별시 동대문구 장안동 325"
칠엽수,마로니에공원,"서울특별시 동대문구 장안동 325"
칠엽수,마로니에공원,"서울특별시 동대문구 장안동 325"
은행나무,마로니에공원,"서울특별시 동대문구 장안동 325"
단풍나무,마로니에공원,"서울특별시 동대문구 장안동 325"
잣나무,마로니에공원,"서울특별시 동대문구 장안동 325"
스트로브잣나무,마로니에공원,"서울특별시 동대문구 장안동 325"
잣나무,마로니에공원,"서울특별시 동대문구 장안동 325"
향나무,마로니에공원,"서울특별시 동대문구 장안동 325"
느티나무,마로니에공원,"서울특별시 동대문구 장안동 325"
향나무,마로니에공원,"서울특별시 동대문구 장안동 325"
스트로브잣나무,마로니에공원,"서울특별시 동대문구 장안동 325"
느티나무,마로니에공원,"서울특별시 동대문구 장안동 325"
느티나무,마로니에공원,"서울특별시 동대문구 장안동 325"
느티나무,마로니에공원,"서울특별시 동대문구 장안동 325"
향나무,마로니에공원,"서울특별시 동대문구 장안동 325"
향나무,마로니에공원,"서울특별시 동대문구 장안동 325"
잣나무,마로니에공원,"서울특별시 동대문구 장안동 325"
향나무,마로니에공원,"서울특별시 동대문구 장안동 325"
향나무,마로니에공원,"서울특별시 동대문구 장안동 325"
향나무,마로니에공원,"서울특별시 동대문구 장안동 325"
향나무,마로니에공원,"서울특별시 동대문구 장안동 325"
향나무,마로니에공원,"서울특별시 동대문구 장안동 325"
잣나무,마로니에공원,"서울특별시 동대문구 장안동 325"
물푸레나무,마로니에공원,"서울특별시 동대문구 장안동 325"
물푸레나무,마로니에공원,"서울특별시 동대문구 장안동 325"
향나무,마로니에공원,"서울특별시 동대문구 장안동 325"
잣나무,마로니에공원,"서울특별시 동대문구 장안동 325"
잣나무,마로니에공원,"서울특별시 동대문구 장안동 325"
잣나무,마로니에공원,"서울특별시 동대문구 장안동 325"
느티나무,마로니에공원,"서울특별시 동대문구 장안동 325"
단풍나무,마로니에공원,"서울특별시 동대문구 장안동 325"
잣나무,마로니에공원,"서울특별시 동대문구 장안동 325"
잣나무,마로니에공원,"서울특별시 동대문구 장안동 325"
잣나무,마로니에공원,"서울특별시 동대문구 장안동 325"
은행나무,마로니에공원,"서울특별시 동대문구 장안동 325"
중국단풍,마로니에공원,"서울특별시 동대문구 장안동 325"
중국단풍,마로니에공원,"서울특별시 동대문구 장안동 325"
느티나무,마로니에공원,"서울특별시 동대문구 장안동 325"
느티나무,마로니에공원,"서울특별시 동대문구 장안동 325"
단풍나무,마로니에공원,"서울특별시 동대문구 장안동 325"
향나무,마로니에공원,"서울특별시 동대문구 장안동 325"
향나무,마로니에공원,"서울특별시 동대문구 장안동 325"
향나무,마로니에공원,"서울특별시 동대문구 장안동 325"
느티나무,마로니에공원,"서울특별시 동대문구 장안동 325"
느티나무,마로니에공원,"서울특별시 동대문구 장안동 325"
사과나무,마로니에공원,"서울특별시 동대문구 장안동 325"
잣나무,마로니에공원,"서울특별시 동대문구 장안동 325"
잣나무,마로니에공원,"서울특별시 동대문구 장안동 325"
은행나무,마로니에공원,"서울특별시 동대문구 장안동 325"
잣나무,마로니에공원,"서울특별시 동대문구 장안동 325"
잣나무,마로니에공원,"서울특별시 동대문구 장안동 325"
잣나무,마로니에공원,"서울특별시 동대문구 장안동 325"
잣나무,마로니에공원,"서울특별시 동대문구 장안동 325"
잣나무,한내공원,"서울특별시 동대문구 장안동 348"
잣나무,한내공원,"서울특별시 동대문구 장안동 348"
잣나무,한내공원,"서울특별시 동대문구 장안동 348"
잣나무,한내공원,"서울특별시 동대문구 장안동 348"
벚나무,한내공원,"서울특별시 동대문구 장안동 348"
은행나무,한내공원,"서울특별시 동대문구 장안동 348"
은행나무,한내공원,"서울특별시 동대문구 장안동 348"
소나무,한내공원,"서울특별시 동대문구 장안동 348"
이팝나무,한내공원,"서울특별시 동대문구 장안동 348"
이팝나무,한내공원,"서울특별시 동대문구 장안동 348"
잣나무,한내공원,"서울특별시 동대문구 장안동 348"
잣나무,한내공원,"서울특별시 동대문구 장안동 348"
느티나무,한내공원,"서울특별시 동대문구 장안동 348"
잣나무,한내공원,"서울특별시 동대문구 장안동 348"
은행나무,한내공원,"서울특별시 동대문구 장안동 348"
잣나무,한내공원,"서울특별시 동대문구 장안동 348"
은행나무,한내공원,"서울특별시 동대문구 장안동 348"
잣나무,한내공원,"서울특별시 동대문구 장안동 348"
잣나무,한내공원,"서울특별시 동대문구 장안동 348"
은행나무,한내공원,"서울특별시 동대문구 장안동 348"
잣나무,한내공원,"서울특별시 동대문구 장안동 348"
잣나무,한내공원,"서울특별시 동대문구 장안동 348"
은행나무,한내공원,"서울특별시 동대문구 장안동 348"
잣나무,한내공원,"서울특별시 동대문구 장안동 348"
벚나무,한내공원,"서울특별시 동대문구 장안동 348"
은행나무,한내공원,"서울특별시 동대문구 장안동 348"
은행나무,한내공원,"서울특별시 동대문구 장안동 348"
은행나무,한내공원,"서울특별시 동대문구 장안동 348"
모감주나무,한내공원,"서울특별시 동대문구 장안동 348"
은행나무,한내공원,"서울특별시 동대문구 장안동 348"
피나무,한내공원,"서울특별시 동대문구 장안동 348"
피나무,한내공원,"서울특별시 동대문구 장안동 348"
피나무,한내공원,"서울특별시 동대문구 장안동 348"
은행나무,한내공원,"서울특별시 동대문구 장안동 348"
은행나무,한내공원,"서울특별시 동대문구 장안동 348"
단풍나무,한내공원,"서울특별시 동대문구 장안동 348"
느티나무,한내공원,"서울특별시 동대문구 장안동 348"
벚나무,한내공원,"서울특별시 동대문구 장안동 348"
은행나무,한내공원,"서울특별시 동대문구 장안동 348"
단풍나무,한내공원,"서울특별시 동대문구 장안동 348"
느티나무,한내공원,"서울특별시 동대문구 장안동 348"
느티나무,한내공원,"서울특별시 동대문구 장안동 348"
벚나무,한내공원,"서울특별시 동대문구 장안동 348"
소나무,한내공원,"서울특별시 동대문구 장안동 348"
소나무,한내공원,"서울특별시 동대문구 장안동 348"
소나무,한내공원,"서울특별시 동대문구 장안동 348"
소나무,한내공원,"서울특별시 동대문구 장안동 348"
소나무,한내공원,"서울특별시 동대문구 장안동 348"
소나무,한내공원,"서울특별시 동대문구 장안동 348"
소나무,한내공원,"서울특별시 동대문구 장안동 348"
산수유,한내공원,"서울특별시 동대문구 장안동 348"
산수유,한내공원,"서울특별시 동대문구 장안동 348"
산딸나무,한내공원,"서울특별시 동대문구 장안동 348"
은행나무,한내공원,"서울특별시 동대문구 장안동 348"
은행나무,한내공원,"서울특별시 동대문구 장안동 348"
은행나무,한내공원,"서울특별시 동대문구 장안동 348"
피나무,한내공원,"서울특별시 동대문구 장안동 348"
은행나무,한내공원,"서울특별시 동대문구 장안동 348"
은행나무,한내공원,"서울특별시 동대문구 장안동 348"
벚나무,한내공원,"서울특별시 동대문구 장안동 348"
은행나무,한내공원,"서울특별시 동대문구 장안동 348"
산딸나무,한내공원,"서울특별시 동대문구 장안동 348"
측백나무,장안근린공원,"서울특별시 동대문구 장안동 300"
목련,장안근린공원,"서울특별시 동대문구 장안동 300"
느티나무,장안근린공원,"서울특별시 동대문구 장안동 300"
느티나무,장안근린공원,"서울특별시 동대문구 장안동 300"
느티나무,장안근린공원,"서울특별시 동대문구 장안동 300"
느티나무,장안근린공원,"서울특별시 동대문구 장안동 300"
잣나무,장안근린공원,"서울특별시 동대문구 장안동 300"
벚나무,장안근린공원,"서울특별시 동대문구 장안동 300"
잣나무,장안근린공원,"서울특별시 동대문구 장안동 300"
벚나무,장안근린공원,"서울특별시 동대문구 장안동 300"
잣나무,장안근린공원,"서울특별시 동대문구 장안동 300"
팥배나무,장안근린공원,"서울특별시 동대문구 장안동 300"
팥배나무,장안근린공원,"서울특별시 동대문구 장안동 300"
소나무,장안근린공원,"서울특별시 동대문구 장안동 300"
팥배나무,장안근린공원,"서울특별시 동대문구 장안동 300"
단풍나무,장안근린공원,"서울특별시 동대문구 장안동 300"
잣나무,장안근린공원,"서울특별시 동대문구 장안동 300"
은행나무,장안근린공원,"서울특별시 동대문구 장안동 300"
잣나무,장안근린공원,"서울특별시 동대문구 장안동 300"
잣나무,장안근린공원,"서울특별시 동대문구 장안동 300"
은행나무,장안근린공원,"서울특별시 동대문구 장안동 300"
잣나무,장안근린공원,"서울특별시 동대문구 장안동 300"
단풍나무,장안근린공원,"서울특별시 동대문구 장안동 300"
매실나무,장안근린공원,"서울특별시 동대문구 장안동 300"
단풍나무,장안근린공원,"서울특별시 동대문구 장안동 300"
매실나무,장안근린공원,"서울특별시 동대문구 장안동 300"
이팝나무,장안근린공원,"서울특별시 동대문구 장안동 300"
매실나무,장안근린공원,"서울특별시 동대문구 장안동 300"
이팝나무,장안근린공원,"서울특별시 동대문구 장안동 300"
산딸나무,장안근린공원,"서울특별시 동대문구 장안동 300"
은행나무,장안근린공원,"서울특별시 동대문구 장안동 300"
산딸나무,장안근린공원,"서울특별시 동대문구 장안동 300"
산딸나무,장안근린공원,"서울특별시 동대문구 장안동 300"
은행나무,장안근린공원,"서울특별시 동대문구 장안동 300"
산딸나무,장안근린공원,"서울특별시 동대문구 장안동 300"
팥배나무,장안근린공원,"서울특별시 동대문구 장안동 300"
산딸나무,장안근린공원,"서울특별시 동대문구 장안동 300"
은행나무,장안근린공원,"서울특별시 동대문구 장안동 300"
산딸나무,장안근린공원,"서울특별시 동대문구 장안동 300"
은행나무,장안근린공원,"서울특별시 동대문구 장안동 300"
벚나무,장안근린공원,"서울특별시 동대문구 장안동 300"
팥배나무,장안근린공원,"서울특별시 동대문구 장안동 300"
벚나무,장안근린공원,"서울특별시 동대문구 장안동 300"
벚나무,장안근린공원,"서울특별시 동대문구 장안동 300"
느티나무,장안근린공원,"서울특별시 동대문구 장안동 300"
벚나무,장안근린공원,"서울특별시 동대문구 장안동 300"
느티나무,장안근린공원,"서울특별시 동대문구 장안동 300"
가죽나무,장안근린공원,"서울특별시 동대문구 장안동 300"
산수유,장안근린공원,"서울특별시 동대문구 장안동 300"
은행나무,장안근린공원,"서울특별시 동대문구 장안동 300"
산수유,장안근린공원,"서울특별시 동대문구 장안동 300"
벚나무,장안근린공원,"서울특별시 동대문구 장안동 300"
느티나무,장안근린공원,"서울특별시 동대문구 장안동 300"
벚나무,장안근린공원,"서울특별시 동대문구 장안동 300"
산수유,장안근린공원,"서울특별시 동대문구 장안동 300"
감나무,장안근린공원,"서울특별시 동대문구 장안동 300"
잣나무,장안근린공원,"서울특별시 동대문구 장안동 300"
은행나무,장안근린공원,"서울특별시 동대문구 장안동 300"
이팝나무,장안근린공원,"서울특별시 동대문구 장안동 300"
산사나무,장안근린공원,"서울특별시 동대문구 장안동 300"
소나무,장안근린공원,"서울특별시 동대문구 장안동 300"
단풍나무,장안근린공원,"서울특별시 동대문구 장안동 300"
산사나무,장안근린공원,"서울특별시 동대문구 장안동 300"
소나무,장안근린공원,"서울특별시 동대문구 장안동 300"
느티나무,장안근린공원,"서울특별시 동대문구 장안동 300"
목련,장안근린공원,"서울특별시 동대문구 장안동 300"
벚나무,장안근린공원,"서울특별시 동대문구 장안동 300"
산사나무,장안근린공원,"서울특별시 동대문구 장안동 300"
단풍나무,장안근린공원,"서울특별시 동대문구 장안동 300"
양버즘나무,장안근린공원,"서울특별시 동대문구 장안동 300"
잣나무,장안근린공원,"서울특별시 동대문구 장안동 300"
향나무,장안근린공원,"서울특별시 동대문구 장안동 300"
이팝나무,장안근린공원,"서울특별시 동대문구 장안동 300"
산사나무,장안근린공원,"서울특별시 동대문구 장안동 300"
잣나무,장안근린공원,"서울특별시 동대문구 장안동 300"
이팝나무,장안근린공원,"서울특별시 동대문구 장안동 300"
잣나무,장안근린공원,"서울특별시 동대문구 장안동 300"
단풍나무,장안근린공원,"서울특별시 동대문구 장안동 300"
목련,장안근린공원,"서울특별시 동대문구 장안동 300"
벚나무,장안근린공원,"서울특별시 동대문구 장안동 300"
잣나무,장안근린공원,"서울특별시 동대문구 장안동 300"
단풍나무,장안근린공원,"서울특별시 동대문구 장안동 300"
벚나무,장안근린공원,"서울특별시 동대문구 장안동 300"
벚나무,장안근린공원,"서울특별시 동대문구 장안동 300"
단풍나무,장안근린공원,"서울특별시 동대문구 장안동 300"
벚나무,장안근린공원,"서울특별시 동대문구 장안동 300"
산딸나무,장안근린공원,"서울특별시 동대문구 장안동 300"
산수유,장안근린공원,"서울특별시 동대문구 장안동 300"
벚나무,장안근린공원,"서울특별시 동대문구 장안동 300"
잣나무,장안근린공원,"서울특별시 동대문구 장안동 300"
벚나무,장안근린공원,"서울특별시 동대문구 장안동 300"
산딸나무,장안근린공원,"서울특별시 동대문구 장안동 300"
벚나무,장안근린공원,"서울특별시 동대문구 장안동 300"
느티나무,장안근린공원,"서울특별시 동대문구 장안동 300"
잣나무,장안근린공원,"서울특별시 동대문구 장안동 300"
벚나무,장안근린공원,"서울특별시 동대문구 장안동 300"
산딸나무,장안근린공원,"서울특별시 동대문구 장안동 300"
잣나무,장안근린공원,"서울특별시 동대문구 장안동 300"
느티나무,장안근린공원,"서울특별시 동대문구 장안동 300"
산딸나무,장안근린공원,"서울특별시 동대문구 장안동 300"
산딸나무,장안근린공원,"서울특별시 동대문구 장안동 300"
느티나무,장안근린공원,"서울특별시 동대문구 장안동 300"
소나무,장안근린공원,"서울특별시 동대문구 장안동 300"
매실나무,장안근린공원,"서울특별시 동대문구 장안동 300"
느티나무,장안근린공원,"서울특별시 동대문구 장안동 300"
산수유,장안근린공원,"서울특별시 동대문구 장안동 300"
매실나무,장안근린공원,"서울특별시 동대문구 장안동 300"
산수유,장안근린공원,"서울특별시 동대문구 장안동 300"
단풍나무,장안근린공원,"서울특별시 동대문구 장안동 300"
매실나무,장안근린공원,"서울특별시 동대문구 장안동 300"
은행나무,장안근린공원,"서울특별시 동대문구 장안동 300"
잣나무,장안근린공원,"서울특별시 동대문구 장안동 300"
느티나무,장안근린공원,"서울특별시 동대문구 장안동 300"
은행나무,장안근린공원,"서울특별시 동대문구 장안동 300"
단풍나무,장안근린공원,"서울특별시 동대문구 장안동 300"
은행나무,장안근린공원,"서울특별시 동대문구 장안동 300"
소나무,장안근린공원,"서울특별시 동대문구 장안동 300"
매실나무,장안근린공원,"서울특별시 동대문구 장안동 300"
소나무,장안근린공원,"서울특별시 동대문구 장안동 300"
백합나무,장안근린공원,"서울특별시 동대문구 장안동 300"
잣나무,장안근린공원,"서울특별시 동대문구 장안동 300"
단풍나무,장안근린공원,"서울특별시 동대문구 장안동 300"
벚나무,장안근린공원,"서울특별시 동대문구 장안동 300"
단풍나무,장안근린공원,"서울특별시 동대문구 장안동 300"
산딸나무,장안근린공원,"서울특별시 동대문구 장안동 300"
느티나무,장안근린공원,"서울특별시 동대문구 장안동 300"
측백나무,장안근린공원,"서울특별시 동대문구 장안동 300"
산딸나무,장안근린공원,"서울특별시 동대문구 장안동 300"
목련,장안근린공원,"서울특별시 동대문구 장안동 300"
단풍나무,장안근린공원,"서울특별시 동대문구 장안동 300"
목련,장안근린공원,"서울특별시 동대문구 장안동 300"
매실나무,장안근린공원,"서울특별시 동대문구 장안동 300"
산딸나무,장안근린공원,"서울특별시 동대문구 장안동 300"
단풍나무,장안근린공원,"서울특별시 동대문구 장안동 300"
은행나무,장안근린공원,"서울특별시 동대문구 장안동 300"
가문비나무,장안근린공원,"서울특별시 동대문구 장안동 300"
산딸나무,장안근린공원,"서울특별시 동대문구 장안동 300"
단풍나무,장안근린공원,"서울특별시 동대문구 장안동 300"
벚나무,장안근린공원,"서울특별시 동대문구 장안동 300"
소나무,장안근린공원,"서울특별시 동대문구 장안동 300"
느티나무,장안근린공원,"서울특별시 동대문구 장안동 300"
사과나무,장안근린공원,"서울특별시 동대문구 장안동 300"
가문비나무,장안근린공원,"서울특별시 동대문구 장안동 300"
버드나무,장안근린공원,"서울특별시 동대문구 장안동 300"
단풍나무,장안근린공원,"서울특별시 동대문구 장안동 300"
잣나무,장안근린공원,"서울특별시 동대문구 장안동 300"
단풍나무,장안근린공원,"서울특별시 동대문구 장안동 300"
소나무,장안근린공원,"서울특별시 동대문구 장안동 300"
이팝나무,장안근린공원,"서울특별시 동대문구 장안동 300"
단풍나무,장안근린공원,"서울특별시 동대문구 장안동 300"
측백나무,장안근린공원,"서울특별시 동대문구 장안동 300"
잣나무,장안근린공원,"서울특별시 동대문구 장안동 300"
소나무,장안근린공원,"서울특별시 동대문구 장안동 300"
벚나무,장안근린공원,"서울특별시 동대문구 장안동 300"
소나무,장안근린공원,"서울특별시 동대문구 장안동 300"
목련,장안근린공원,"서울특별시 동대문구 장안동 300"
벚나무,장안근린공원,"서울특별시 동대문구 장안동 300"
소나무,장안근린공원,"서울특별시 동대문구 장안동 300"
잣나무,장안근린공원,"서울특별시 동대문구 장안동 300"
단풍나무,장안근린공원,"서울특별시 동대문구 장안동 300"
산수유,장안근린공원,"서울특별시 동대문구 장안동 300"
은행나무,장안근린공원,"서울특별시 동대문구 장안동 300"
산수유,장안근린공원,"서울특별시 동대문구 장안동 300"
소나무,장안근린공원,"서울특별시 동대문구 장안동 300"
단풍나무,장안근린공원,"서울특별시 동대문구 장안동 300"
단풍나무,장안근린공원,"서울특별시 동대문구 장안동 300"
단풍나무,장안근린공원,"서울특별시 동대문구 장안동 300"
단풍나무,장안근린공원,"서울특별시 동대문구 장안동 300"
소나무,장안근린공원,"서울특별시 동대문구 장안동 300"
소나무,장안근린공원,"서울특별시 동대문구 장안동 300"
단풍나무,장안근린공원,"서울특별시 동대문구 장안동 300"
소나무,장안근린공원,"서울특별시 동대문구 장안동 300"
산사나무,장안근린공원,"서울특별시 동대문구 장안동 300"
소나무,장안근린공원,"서울특별시 동대문구 장안동 300"
단풍나무,장안근린공원,"서울특별시 동대문구 장안동 300"
소나무,장안근린공원,"서울특별시 동대문구 장안동 300"
소나무,장안근린공원,"서울특별시 동대문구 장안동 300"
산딸나무,장안근린공원,"서울특별시 동대문구 장안동 300"
단풍나무,장안근린공원,"서울특별시 동대문구 장안동 300"
산수유,장안근린공원,"서울특별시 동대문구 장안동 300"
소나무,장안근린공원,"서울특별시 동대문구 장안동 300"
산수유,장안근린공원,"서울특별시 동대문구 장안동 300"
소나무,장안근린공원,"서울특별시 동대문구 장안동 300"
단풍나무,장안근린공원,"서울특별시 동대문구 장안동 300"
벚나무,장안근린공원,"서울특별시 동대문구 장안동 300"
산딸나무,장안근린공원,"서울특별시 동대문구 장안동 300"
양버즘나무,장안근린공원,"서울특별시 동대문구 장안동 300"
향나무,장안근린공원,"서울특별시 동대문구 장안동 300"
피나무,장안근린공원,"서울특별시 동대문구 장안동 300"
향나무,장안근린공원,"서울특별시 동대문구 장안동 300"
양버즘나무,장안근린공원,"서울특별시 동대문구 장안동 300"
벚나무,장안근린공원,"서울특별시 동대문구 장안동 300"
산사나무,장안근린공원,"서울특별시 동대문구 장안동 300"
잣나무,장안근린공원,"서울특별시 동대문구 장안동 300"
단풍나무,장안근린공원,"서울특별시 동대문구 장안동 300"
피나무,장안근린공원,"서울특별시 동대문구 장안동 300"
단풍나무,장안근린공원,"서울특별시 동대문구 장안동 300"
목련,장안근린공원,"서울특별시 동대문구 장안동 300"
목련,장안근린공원,"서울특별시 동대문구 장안동 300"
벚나무,장안근린공원,"서울특별시 동대문구 장안동 300"
잣나무,장안근린공원,"서울특별시 동대문구 장안동 300"
산사나무,장안근린공원,"서울특별시 동대문구 장안동 300"
산사나무,장안근린공원,"서울특별시 동대문구 장안동 300"
향나무,장안근린공원,"서울특별시 동대문구 장안동 300"
단풍나무,장안근린공원,"서울특별시 동대문구 장안동 300"
소나무,장안근린공원,"서울특별시 동대문구 장안동 300"
단풍나무,장안근린공원,"서울특별시 동대문구 장안동 300"
모감주나무,장안근린공원,"서울특별시 동대문구 장안동 300"
향나무,장안근린공원,"서울특별시 동대문구 장안동 300"
향나무,장안근린공원,"서울특별시 동대문구 장안동 300"
향나무,장안근린공원,"서울특별시 동대문구 장안동 300"
칠엽수,장안근린공원,"서울특별시 동대문구 장안동 300"
벚나무,장안근린공원,"서울특별시 동대문구 장안동 300"
계수나무,장안근린공원,"서울특별시 동대문구 장안동 300"
벚나무,장안근린공원,"서울특별시 동대문구 장안동 300"
목련,장안근린공원,"서울특별시 동대문구 장안동 300"
단풍나무,장안근린공원,"서울특별시 동대문구 장안동 300"
칠엽수,장안근린공원,"서울특별시 동대문구 장안동 300"
산딸나무,장안근린공원,"서울특별시 동대문구 장안동 300"
목련,장안근린공원,"서울특별시 동대문구 장안동 300"
느티나무,장안근린공원,"서울특별시 동대문구 장안동 300"
계수나무,장안근린공원,"서울특별시 동대문구 장안동 300"
모감주나무,장안근린공원,"서울특별시 동대문구 장안동 300"
칠엽수,장안근린공원,"서울특별시 동대문구 장안동 300"
단풍나무,장안근린공원,"서울특별시 동대문구 장안동 300"
단풍나무,장안근린공원,"서울특별시 동대문구 장안동 300"
계수나무,장안근린공원,"서울특별시 동대문구 장안동 300"
칠엽수,장안근린공원,"서울특별시 동대문구 장안동 300"
단풍나무,장안근린공원,"서울특별시 동대문구 장안동 300"
계수나무,장안근린공원,"서울특별시 동대문구 장안동 300"
이팝나무,장안근린공원,"서울특별시 동대문구 장안동 300"
은행나무,장안근린공원,"서울특별시 동대문구 장안동 300"
산수유,장안근린공원,"서울특별시 동대문구 장안동 300"
모감주나무,장안근린공원,"서울특별시 동대문구 장안동 300"
은행나무,장안근린공원,"서울특별시 동대문구 장안동 300"
가문비나무,장안근린공원,"서울특별시 동대문구 장안동 300"
단풍나무,장안근린공원,"서울특별시 동대문구 장안동 300"
벚나무,장안근린공원,"서울특별시 동대문구 장안동 300"
소나무,장안근린공원,"서울특별시 동대문구 장안동 300"
이팝나무,장안근린공원,"서울특별시 동대문구 장안동 300"
향나무,장안근린공원,"서울특별시 동대문구 장안동 300"
은행나무,장안근린공원,"서울특별시 동대문구 장안동 300"
소나무,장안근린공원,"서울특별시 동대문구 장안동 300"
향나무,장안근린공원,"서울특별시 동대문구 장안동 300"
벚나무,장안근린공원,"서울특별시 동대문구 장안동 300"
소나무,장안근린공원,"서울특별시 동대문구 장안동 300"
단풍나무,장안근린공원,"서울특별시 동대문구 장안동 300"
향나무,장안근린공원,"서울특별시 동대문구 장안동 300"
산사나무,장안근린공원,"서울특별시 동대문구 장안동 300"
모감주나무,장안근린공원,"서울특별시 동대문구 장안동 300"
이팝나무,장안근린공원,"서울특별시 동대문구 장안동 300"
은행나무,장안근린공원,"서울특별시 동대문구 장안동 300"
단풍나무,장안근린공원,"서울특별시 동대문구 장안동 300"
이팝나무,장안근린공원,"서울특별시 동대문구 장안동 300"
단풍나무,장안근린공원,"서울특별시 동대문구 장안동 300"
향나무,장안근린공원,"서울특별시 동대문구 장안동 300"
단풍나무,장안근린공원,"서울특별시 동대문구 장안동 300"
피나무,장안근린공원,"서울특별시 동대문구 장안동 300"
양버즘나무,장안근린공원,"서울특별시 동대문구 장안동 300"
이팝나무,장안근린공원,"서울특별시 동대문구 장안동 300"
소나무,장안근린공원,"서울특별시 동대문구 장안동 300"
모감주나무,장안근린공원,"서울특별시 동대문구 장안동 300"
소나무,장안근린공원,"서울특별시 동대문구 장안동 300"
단풍나무,장안근린공원,"서울특별시 동대문구 장안동 300"
잣나무,장안근린공원,"서울특별시 동대문구 장안동 300"
모감주나무,장안근린공원,"서울특별시 동대문구 장안동 300"
모감주나무,장안근린공원,"서울특별시 동대문구 장안동 300"
이팝나무,장안근린공원,"서울특별시 동대문구 장안동 300"
잣나무,장안근린공원,"서울특별시 동대문구 장안동 300"
모감주나무,장안근린공원,"서울특별시 동대문구 장안동 300"
벚나무,장안근린공원,"서울특별시 동대문구 장안동 300"
벚나무,장안근린공원,"서울특별시 동대문구 장안동 300"
잣나무,장안근린공원,"서울특별시 동대문구 장안동 300"
벚나무,장안근린공원,"서울특별시 동대문구 장안동 300"
이팝나무,장안근린공원,"서울특별시 동대문구 장안동 300"
향나무,장안근린공원,"서울특별시 동대문구 장안동 300"
모감주나무,장안근린공원,"서울특별시 동대문구 장안동 300"
잣나무,장안근린공원,"서울특별시 동대문구 장안동 300"
벚나무,장안근린공원,"서울특별시 동대문구 장안동 300"
산딸나무,장안근린공원,"서울특별시 동대문구 장안동 300"
잣나무,장안근린공원,"서울특별시 동대문구 장안동 300"
잣나무,장안근린공원,"서울특별시 동대문구 장안동 300"
잣나무,장안근린공원,"서울특별시 동대문구 장안동 300"
잣나무,장안근린공원,"서울특별시 동대문구 장안동 300"
은행나무,장안근린공원,"서울특별시 동대문구 장안동 300"
소나무,장안근린공원,"서울특별시 동대문구 장안동 300"
벚나무,장안근린공원,"서울특별시 동대문구 장안동 300"
잣나무,장안근린공원,"서울특별시 동대문구 장안동 300"
향나무,장안근린공원,"서울특별시 동대문구 장안동 300"
단풍나무,장안근린공원,"서울특별시 동대문구 장안동 300"
소나무,장안근린공원,"서울특별시 동대문구 장안동 300"
아까시나무,장안근린공원,"서울특별시 동대문구 장안동 300"
잣나무,장안근린공원,"서울특별시 동대문구 장안동 300"
목련,장안근린공원,"서울특별시 동대문구 장안동 300"
소나무,장안근린공원,"서울특별시 동대문구 장안동 300"
단풍나무,장안근린공원,"서울특별시 동대문구 장안동 300"
소나무,장안근린공원,"서울특별시 동대문구 장안동 300"
소나무,장안근린공원,"서울특별시 동대문구 장안동 300"
소나무,장안근린공원,"서울특별시 동대문구 장안동 300"
벚나무,장안근린공원,"서울특별시 동대문구 장안동 300"
소나무,장안근린공원,"서울특별시 동대문구 장안동 300"
오동나무,장안근린공원,"서울특별시 동대문구 장안동 300"
소나무,장안근린공원,"서울특별시 동대문구 장안동 300"
소나무,장안근린공원,"서울특별시 동대문구 장안동 300"
소나무,장안근린공원,"서울특별시 동대문구 장안동 300"
소나무,장안근린공원,"서울특별시 동대문구 장안동 300"
소나무,장안근린공원,"서울특별시 동대문구 장안동 300"
소나무,장안근린공원,"서울특별시 동대문구 장안동 300"
향나무,장안근린공원,"서울특별시 동대문구 장안동 300"
목련,장안근린공원,"서울특별시 동대문구 장안동 300"
단풍나무,장안근린공원,"서울특별시 동대문구 장안동 300"
잣나무,장안근린공원,"서울특별시 동대문구 장안동 300"
단풍나무,장안근린공원,"서울특별시 동대문구 장안동 300"
잣나무,장안근린공원,"서울특별시 동대문구 장안동 300"
소나무,장안근린공원,"서울특별시 동대문구 장안동 300"
목련,장안근린공원,"서울특별시 동대문구 장안동 300"
소나무,장안근린공원,"서울특별시 동대문구 장안동 300"
잣나무,장안근린공원,"서울특별시 동대문구 장안동 300"
모과나무,장안근린공원,"서울특별시 동대문구 장안동 300"
목련,장안근린공원,"서울특별시 동대문구 장안동 300"
단풍나무,장안근린공원,"서울특별시 동대문구 장안동 300"
단풍나무,장안근린공원,"서울특별시 동대문구 장안동 300"
잣나무,장안근린공원,"서울특별시 동대문구 장안동 300"
매실나무,장안근린공원,"서울특별시 동대문구 장안동 300"
잣나무,장안근린공원,"서울특별시 동대문구 장안동 300"
단풍나무,장안근린공원,"서울특별시 동대문구 장안동 300"
은행나무,장안근린공원,"서울특별시 동대문구 장안동 300"
소나무,장안근린공원,"서울특별시 동대문구 장안동 300"
잣나무,장안근린공원,"서울특별시 동대문구 장안동 300"
소나무,장안근린공원,"서울특별시 동대문구 장안동 300"
잣나무,장안근린공원,"서울특별시 동대문구 장안동 300"
은행나무,장안근린공원,"서울특별시 동대문구 장안동 300"
메타세쿼이아,장안근린공원,"서울특별시 동대문구 장안동 300"
이팝나무,장안근린공원,"서울특별시 동대문구 장안동 300"
잣나무,장안근린공원,"서울특별시 동대문구 장안동 300"
잣나무,장안근린공원,"서울특별시 동대문구 장안동 300"
단풍나무,장안근린공원,"서울특별시 동대문구 장안동 300"
느티나무,장안근린공원,"서울특별시 동대문구 장안동 300"
은행나무,장안근린공원,"서울특별시 동대문구 장안동 300"
단풍나무,장안근린공원,"서울특별시 동대문구 장안동 300"
이팝나무,장안근린공원,"서울특별시 동대문구 장안동 300"
소나무,장안근린공원,"서울특별시 동대문구 장안동 300"
잣나무,장안근린공원,"서울특별시 동대문구 장안동 300"
메타세쿼이아,장안근린공원,"서울특별시 동대문구 장안동 300"
잣나무,장안근린공원,"서울특별시 동대문구 장안동 300"
은행나무,장안근린공원,"서울특별시 동대문구 장안동 300"
감나무,장안근린공원,"서울특별시 동대문구 장안동 300"
소나무,장안근린공원,"서울특별시 동대문구 장안동 300"
잣나무,장안근린공원,"서울특별시 동대문구 장안동 300"
잣나무,장안근린공원,"서울특별시 동대문구 장안동 300"
느티나무,장안근린공원,"서울특별시 동대문구 장안동 300"
소나무,장안근린공원,"서울특별시 동대문구 장안동 300"
산딸나무,장안근린공원,"서울특별시 동대문구 장안동 300"
소나무,장안근린공원,"서울특별시 동대문구 장안동 300"
소나무,장안근린공원,"서울특별시 동대문구 장안동 300"
단풍나무,장안근린공원,"서울특별시 동대문구 장안동 300"
느티나무,장안근린공원,"서울특별시 동대문구 장안동 300"
잣나무,장안근린공원,"서울특별시 동대문구 장안동 300"
소나무,장안근린공원,"서울특별시 동대문구 장안동 300"
소나무,장안근린공원,"서울특별시 동대문구 장안동 300"
느티나무,장안근린공원,"서울특별시 동대문구 장안동 300"
소나무,장안근린공원,"서울특별시 동대문구 장안동 300"
잣나무,장안근린공원,"서울특별시 동대문구 장안동 300"
소나무,장안근린공원,"서울특별시 동대문구 장안동 300"
단풍나무,장안근린공원,"서울특별시 동대문구 장안동 300"
소나무,장안근린공원,"서울특별시 동대문구 장안동 300"
이팝나무,장안근린공원,"서울특별시 동대문구 장안동 300"
이팝나무,장안근린공원,"서울특별시 동대문구 장안동 300"
잣나무,장안근린공원,"서울특별시 동대문구 장안동 300"
단풍나무,장안근린공원,"서울특별시 동대문구 장안동 300"
소나무,장안근린공원,"서울특별시 동대문구 장안동 300"
소나무,장안근린공원,"서울특별시 동대문구 장안동 300"
단풍나무,장안근린공원,"서울특별시 동대문구 장안동 300"
목련,장안근린공원,"서울특별시 동대문구 장안동 300"
소나무,장안근린공원,"서울특별시 동대문구 장안동 300"
단풍나무,장안근린공원,"서울특별시 동대문구 장안동 300"
잣나무,장안근린공원,"서울특별시 동대문구 장안동 300"
피나무,장안근린공원,"서울특별시 동대문구 장안동 300"
모감주나무,장안근린공원,"서울특별시 동대문구 장안동 300"
소나무,장안근린공원,"서울특별시 동대문구 장안동 300"
단풍나무,장안근린공원,"서울특별시 동대문구 장안동 300"
소나무,장안근린공원,"서울특별시 동대문구 장안동 300"
단풍나무,장안근린공원,"서울특별시 동대문구 장안동 300"
산딸나무,장안근린공원,"서울특별시 동대문구 장안동 300"
잣나무,장안근린공원,"서울특별시 동대문구 장안동 300"
단풍나무,장안근린공원,"서울특별시 동대문구 장안동 300"
피나무,장안근린공원,"서울특별시 동대문구 장안동 300"
잣나무,장안근린공원,"서울특별시 동대문구 장안동 300"
계수나무,장안근린공원,"서울특별시 동대문구 장안동 300"
단풍나무,장안근린공원,"서울특별시 동대문구 장안동 300"
잣나무,장안근린공원,"서울특별시 동대문구 장안동 300"
소나무,장안근린공원,"서울특별시 동대문구 장안동 300"
느티나무,장안근린공원,"서울특별시 동대문구 장안동 300"
잣나무,장안근린공원,"서울특별시 동대문구 장안동 300"
물푸레나무,장안근린공원,"서울특별시 동대문구 장안동 300"
벚나무,장안근린공원,"서울특별시 동대문구 장안동 300"
이팝나무,장안근린공원,"서울특별시 동대문구 장안동 300"
소나무,장안근린공원,"서울특별시 동대문구 장안동 300"
산수유,장안근린공원,"서울특별시 동대문구 장안동 300"
벚나무,장안근린공원,"서울특별시 동대문구 장안동 300"
목련,장안근린공원,"서울특별시 동대문구 장안동 300"
향나무,장안근린공원,"서울특별시 동대문구 장안동 300"
산딸나무,장안근린공원,"서울특별시 동대문구 장안동 300"
소나무,장안근린공원,"서울특별시 동대문구 장안동 300"
감나무,장안근린공원,"서울특별시 동대문구 장안동 300"
잣나무,장안근린공원,"서울특별시 동대문구 장안동 300"
벚나무,장안근린공원,"서울특별시 동대문구 장안동 300"
목련,장안근린공원,"서울특별시 동대문구 장안동 300"
감나무,장안근린공원,"서울특별시 동대문구 장안동 300"
계수나무,장안근린공원,"서울특별시 동대문구 장안동 300"
소나무,장안근린공원,"서울특별시 동대문구 장안동 300"
감나무,장안근린공원,"서울특별시 동대문구 장안동 300"
목련,장안근린공원,"서울특별시 동대문구 장안동 300"
잣나무,장안근린공원,"서울특별시 동대문구 장안동 300"
단풍나무,장안근린공원,"서울특별시 동대문구 장안동 300"
소나무,장안근린공원,"서울특별시 동대문구 장안동 300"
느티나무,장안근린공원,"서울특별시 동대문구 장안동 300"
벚나무,장안근린공원,"서울특별시 동대문구 장안동 300"
잣나무,장안근린공원,"서울특별시 동대문구 장안동 300"
단풍나무,장안근린공원,"서울특별시 동대문구 장안동 300"
소나무,장안근린공원,"서울특별시 동대문구 장안동 300"
소나무,장안근린공원,"서울특별시 동대문구 장안동 300"
단풍나무,장안근린공원,"서울특별시 동대문구 장안동 300"
산수유,장안근린공원,"서울특별시 동대문구 장안동 300"
벚나무,장안근린공원,"서울특별시 동대문구 장안동 300"
양버즘나무,장안근린공원,"서울특별시 동대문구 장안동 300"
소나무,장안근린공원,"서울특별시 동대문구 장안동 300"
느티나무,장안근린공원,"서울특별시 동대문구 장안동 300"
향나무,장안근린공원,"서울특별시 동대문구 장안동 300"
잣나무,장안근린공원,"서울특별시 동대문구 장안동 300"
이팝나무,장안근린공원,"서울특별시 동대문구 장안동 300"
소나무,장안근린공원,"서울특별시 동대문구 장안동 300"
산수유,장안근린공원,"서울특별시 동대문구 장안동 300"
은행나무,장안근린공원,"서울특별시 동대문구 장안동 300"
사과나무,장안근린공원,"서울특별시 동대문구 장안동 300"
잣나무,장안근린공원,"서울특별시 동대문구 장안동 300"
소나무,장안근린공원,"서울특별시 동대문구 장안동 300"
벚나무,장안근린공원,"서울특별시 동대문구 장안동 300"
감나무,장안근린공원,"서울특별시 동대문구 장안동 300"
잣나무,장안근린공원,"서울특별시 동대문구 장안동 300"
이팝나무,장안근린공원,"서울특별시 동대문구 장안동 300"
느티나무,장안근린공원,"서울특별시 동대문구 장안동 300"
소나무,장안근린공원,"서울특별시 동대문구 장안동 300"
가죽나무,장안근린공원,"서울특별시 동대문구 장안동 300"
향나무,장안근린공원,"서울특별시 동대문구 장안동 300"
이팝나무,장안근린공원,"서울특별시 동대문구 장안동 300"
소나무,장안근린공원,"서울특별시 동대문구 장안동 300"
이팝나무,장안근린공원,"서울특별시 동대문구 장안동 300"
은행나무,장안근린공원,"서울특별시 동대문구 장안동 300"
감나무,장안근린공원,"서울특별시 동대문구 장안동 300"
이팝나무,장안근린공원,"서울특별시 동대문구 장안동 300"
소나무,장안근린공원,"서울특별시 동대문구 장안동 300"
단풍나무,장안근린공원,"서울특별시 동대문구 장안동 300"
은행나무,장안근린공원,"서울특별시 동대문구 장안동 300"
소나무,장안근린공원,"서울특별시 동대문구 장안동 300"
소나무,장안근린공원,"서울특별시 동대문구 장안동 300"
이팝나무,장안근린공원,"서울특별시 동대문구 장안동 300"
이팝나무,장안근린공원,"서울특별시 동대문구 장안동 300"
소나무,장안근린공원,"서울특별시 동대문구 장안동 300"
잣나무,장안근린공원,"서울특별시 동대문구 장안동 300"
사과나무,장안근린공원,"서울특별시 동대문구 장안동 300"
단풍나무,장안근린공원,"서울특별시 동대문구 장안동 300"
산딸나무,장안근린공원,"서울특별시 동대문구 장안동 300"
모과나무,장안근린공원,"서울특별시 동대문구 장안동 300"
이팝나무,장안근린공원,"서울특별시 동대문구 장안동 300"
소나무,장안근린공원,"서울특별시 동대문구 장안동 300"
향나무,장안근린공원,"서울특별시 동대문구 장안동 300"
사과나무,장안근린공원,"서울특별시 동대문구 장안동 300"
이팝나무,장안근린공원,"서울특별시 동대문구 장안동 300"
소나무,장안근린공원,"서울특별시 동대문구 장안동 300"
향나무,장안근린공원,"서울특별시 동대문구 장안동 300"
소나무,장안근린공원,"서울특별시 동대문구 장안동 300"
은행나무,장안근린공원,"서울특별시 동대문구 장안동 300"
단풍나무,장안근린공원,"서울특별시 동대문구 장안동 300"
소나무,장안근린공원,"서울특별시 동대문구 장안동 300"
잣나무,장안근린공원,"서울특별시 동대문구 장안동 300"
잣나무,장안근린공원,"서울특별시 동대문구 장안동 300"
잣나무,장안근린공원,"서울특별시 동대문구 장안동 300"
사과나무,장안근린공원,"서울특별시 동대문구 장안동 300"
단풍나무,장안근린공원,"서울특별시 동대문구 장안동 300"
뽕나무,장안근린공원,"서울특별시 동대문구 장안동 300"
소나무,장안근린공원,"서울특별시 동대문구 장안동 300"
소나무,장안근린공원,"서울특별시 동대문구 장안동 300"
잣나무,장안근린공원,"서울특별시 동대문구 장안동 300"
잣나무,장안근린공원,"서울특별시 동대문구 장안동 300"
은행나무,장안근린공원,"서울특별시 동대문구 장안동 300"
소나무,장안근린공원,"서울특별시 동대문구 장안동 300"
단풍나무,장안근린공원,"서울특별시 동대문구 장안동 300"
잣나무,장안근린공원,"서울특별시 동대문구 장안동 300"
사과나무,장안근린공원,"서울특별시 동대문구 장안동 300"
이팝나무,장안근린공원,"서울특별시 동대문구 장안동 300"
잣나무,장안근린공원,"서울특별시 동대문구 장안동 300"
산수유,장안근린공원,"서울특별시 동대문구 장안동 300"
단풍나무,장안근린공원,"서울특별시 동대문구 장안동 300"
이팝나무,장안근린공원,"서울특별시 동대문구 장안동 300"
잣나무,장안근린공원,"서울특별시 동대문구 장안동 300"
이팝나무,장안근린공원,"서울특별시 동대문구 장안동 300"
잣나무,장안근린공원,"서울특별시 동대문구 장안동 300"
이팝나무,장안근린공원,"서울특별시 동대문구 장안동 300"
단풍나무,장안근린공원,"서울특별시 동대문구 장안동 300"
사과나무,장안근린공원,"서울특별시 동대문구 장안동 300"
잣나무,장안근린공원,"서울특별시 동대문구 장안동 300"
피나무,장안근린공원,"서울특별시 동대문구 장안동 300"
소나무,장안근린공원,"서울특별시 동대문구 장안동 300"
잣나무,장안근린공원,"서울특별시 동대문구 장안동 300"
잣나무,장안근린공원,"서울특별시 동대문구 장안동 300"
은행나무,장안근린공원,"서울특별시 동대문구 장안동 300"
단풍나무,장안근린공원,"서울특별시 동대문구 장안동 300"
단풍나무,장안근린공원,"서울특별시 동대문구 장안동 300"
산딸나무,장안근린공원,"서울특별시 동대문구 장안동 300"
단풍나무,장안근린공원,"서울특별시 동대문구 장안동 300"
모과나무,장안근린공원,"서울특별시 동대문구 장안동 300"
버드나무,장안근린공원,"서울특별시 동대문구 장안동 300"
단풍나무,장안근린공원,"서울특별시 동대문구 장안동 300"
목련,장안근린공원,"서울특별시 동대문구 장안동 300"
단풍나무,장안근린공원,"서울특별시 동대문구 장안동 300"
단풍나무,장안근린공원,"서울특별시 동대문구 장안동 300"
이팝나무,장안근린공원,"서울특별시 동대문구 장안동 300"
계수나무,장안근린공원,"서울특별시 동대문구 장안동 300"
이팝나무,장안근린공원,"서울특별시 동대문구 장안동 300"
단풍나무,장안근린공원,"서울특별시 동대문구 장안동 300"
단풍나무,장안근린공원,"서울특별시 동대문구 장안동 300"
단풍나무,장안근린공원,"서울특별시 동대문구 장안동 300"
단풍나무,장안근린공원,"서울특별시 동대문구 장안동 300"
단풍나무,장안근린공원,"서울특별시 동대문구 장안동 300"
이팝나무,장안근린공원,"서울특별시 동대문구 장안동 300"
오동나무,장안근린공원,"서울특별시 동대문구 장안동 300"
단풍나무,장안근린공원,"서울특별시 동대문구 장안동 300"
잣나무,장안근린공원,"서울특별시 동대문구 장안동 300"
모과나무,장안근린공원,"서울특별시 동대문구 장안동 300"
목련,장안근린공원,"서울특별시 동대문구 장안동 300"
단풍나무,장안근린공원,"서울특별시 동대문구 장안동 300"
단풍나무,장안근린공원,"서울특별시 동대문구 장안동 300"
양버즘나무,장안근린공원,"서울특별시 동대문구 장안동 300"
매실나무,장안근린공원,"서울특별시 동대문구 장안동 300"
모과나무,장안근린공원,"서울특별시 동대문구 장안동 300"
이팝나무,장평근린공원,"서울특별시 동대문구 장안동 356"
측백나무,장평근린공원,"서울특별시 동대문구 장안동 356"
측백나무,장평근린공원,"서울특별시 동대문구 장안동 356"
측백나무,장평근린공원,"서울특별시 동대문구 장안동 356"
측백나무,장평근린공원,"서울특별시 동대문구 장안동 356"
측백나무,장평근린공원,"서울특별시 동대문구 장안동 356"
측백나무,장평근린공원,"서울특별시 동대문구 장안동 356"
측백나무,장평근린공원,"서울특별시 동대문구 장안동 356"
측백나무,장평근린공원,"서울특별시 동대문구 장안동 356"
측백나무,장평근린공원,"서울특별시 동대문구 장안동 356"
측백나무,장평근린공원,"서울특별시 동대문구 장안동 356"
측백나무,장평근린공원,"서울특별시 동대문구 장안동 356"
측백나무,장평근린공원,"서울특별시 동대문구 장안동 356"
측백나무,장평근린공원,"서울특별시 동대문구 장안동 356"
측백나무,장평근린공원,"서울특별시 동대문구 장안동 356"
측백나무,장평근린공원,"서울특별시 동대문구 장안동 356"
은행나무,장평근린공원,"서울특별시 동대문구 장안동 356"
측백나무,장평근린공원,"서울특별시 동대문구 장안동 356"
잣나무,장평근린공원,"서울특별시 동대문구 장안동 356"
감나무,장평근린공원,"서울특별시 동대문구 장안동 356"
은행나무,장평근린공원,"서울특별시 동대문구 장안동 356"
감나무,장평근린공원,"서울특별시 동대문구 장안동 356"
때죽나무,장평근린공원,"서울특별시 동대문구 장안동 356"
잣나무,장평근린공원,"서울특별시 동대문구 장안동 356"
때죽나무,장평근린공원,"서울특별시 동대문구 장안동 356"
때죽나무,장평근린공원,"서울특별시 동대문구 장안동 356"
잣나무,장평근린공원,"서울특별시 동대문구 장안동 356"
잣나무,장평근린공원,"서울특별시 동대문구 장안동 356"
잣나무,장평근린공원,"서울특별시 동대문구 장안동 356"
벚나무,장평근린공원,"서울특별시 동대문구 장안동 356"
잣나무,장평근린공원,"서울특별시 동대문구 장안동 356"
목련,장평근린공원,"서울특별시 동대문구 장안동 356"
은행나무,장평근린공원,"서울특별시 동대문구 장안동 356"
매실나무,장평근린공원,"서울특별시 동대문구 장안동 356"
잣나무,장평근린공원,"서울특별시 동대문구 장안동 356"
잣나무,장평근린공원,"서울특별시 동대문구 장안동 356"
잣나무,장평근린공원,"서울특별시 동대문구 장안동 356"
은행나무,장평근린공원,"서울특별시 동대문구 장안동 356"
산딸나무,장평근린공원,"서울특별시 동대문구 장안동 356"
잣나무,장평근린공원,"서울특별시 동대문구 장안동 356"
은행나무,장평근린공원,"서울특별시 동대문구 장안동 356"
잣나무,장평근린공원,"서울특별시 동대문구 장안동 356"
잣나무,장평근린공원,"서울특별시 동대문구 장안동 356"
잣나무,장평근린공원,"서울특별시 동대문구 장안동 356"
잣나무,장평근린공원,"서울특별시 동대문구 장안동 356"
잣나무,장평근린공원,"서울특별시 동대문구 장안동 356"
이팝나무,장평근린공원,"서울특별시 동대문구 장안동 356"
잣나무,장평근린공원,"서울특별시 동대문구 장안동 356"
잣나무,장평근린공원,"서울특별시 동대문구 장안동 356"
은행나무,장평근린공원,"서울특별시 동대문구 장안동 356"
잣나무,장평근린공원,"서울특별시 동대문구 장안동 356"
잣나무,장평근린공원,"서울특별시 동대문구 장안동 356"
소나무,장평근린공원,"서울특별시 동대문구 장안동 356"
소나무,장평근린공원,"서울특별시 동대문구 장안동 356"
소나무,장평근린공원,"서울특별시 동대문구 장안동 356"
소나무,장평근린공원,"서울특별시 동대문구 장안동 356"
소나무,장평근린공원,"서울특별시 동대문구 장안동 356"
소나무,장평근린공원,"서울특별시 동대문구 장안동 356"
소나무,장평근린공원,"서울특별시 동대문구 장안동 356"
소나무,장평근린공원,"서울특별시 동대문구 장안동 356"
측백나무,장평근린공원,"서울특별시 동대문구 장안동 356"
측백나무,장평근린공원,"서울특별시 동대문구 장안동 356"
소나무,장평근린공원,"서울특별시 동대문구 장안동 356"
소나무,장평근린공원,"서울특별시 동대문구 장안동 356"
측백나무,장평근린공원,"서울특별시 동대문구 장안동 356"
소나무,장평근린공원,"서울특별시 동대문구 장안동 356"
감나무,장평근린공원,"서울특별시 동대문구 장안동 356"
목련,장평근린공원,"서울특별시 동대문구 장안동 356"
잣나무,장평근린공원,"서울특별시 동대문구 장안동 356"
소나무,장평근린공원,"서울특별시 동대문구 장안동 356"
산딸나무,장평근린공원,"서울특별시 동대문구 장안동 356"
이팝나무,장평근린공원,"서울특별시 동대문구 장안동 356"
이팝나무,장평근린공원,"서울특별시 동대문구 장안동 356"
이팝나무,장평근린공원,"서울특별시 동대문구 장안동 356"
단풍나무,장평근린공원,"서울특별시 동대문구 장안동 356"
소나무,장평근린공원,"서울특별시 동대문구 장안동 356"
이팝나무,장평근린공원,"서울특별시 동대문구 장안동 356"
이팝나무,장평근린공원,"서울특별시 동대문구 장안동 356"
소나무,장평근린공원,"서울특별시 동대문구 장안동 356"
이팝나무,장평근린공원,"서울특별시 동대문구 장안동 356"
이팝나무,장평근린공원,"서울특별시 동대문구 장안동 356"
이팝나무,장평근린공원,"서울특별시 동대문구 장안동 356"
이팝나무,장평근린공원,"서울특별시 동대문구 장안동 356"
은행나무,장평근린공원,"서울특별시 동대문구 장안동 356"
소나무,장평근린공원,"서울특별시 동대문구 장안동 356"
때죽나무,장평근린공원,"서울특별시 동대문구 장안동 356"
목련,장평근린공원,"서울특별시 동대문구 장안동 356"
측백나무,장평근린공원,"서울특별시 동대문구 장안동 356"
때죽나무,장평근린공원,"서울특별시 동대문구 장안동 356"
소나무,장평근린공원,"서울특별시 동대문구 장안동 356"
잣나무,장평근린공원,"서울특별시 동대문구 장안동 356"
칠엽수,장평근린공원,"서울특별시 동대문구 장안동 356"
측백나무,장평근린공원,"서울특별시 동대문구 장안동 356"
소나무,장평근린공원,"서울특별시 동대문구 장안동 356"
벚나무,장평근린공원,"서울특별시 동대문구 장안동 356"
벚나무,장평근린공원,"서울특별시 동대문구 장안동 356"
소나무,장평근린공원,"서울특별시 동대문구 장안동 356"
칠엽수,장평근린공원,"서울특별시 동대문구 장안동 356"
소나무,장평근린공원,"서울특별시 동대문구 장안동 356"
잣나무,장평근린공원,"서울특별시 동대문구 장안동 356"
잣나무,장평근린공원,"서울특별시 동대문구 장안동 356"
측백나무,장평근린공원,"서울특별시 동대문구 장안동 356"
소나무,장평근린공원,"서울특별시 동대문구 장안동 356"
산딸나무,장평근린공원,"서울특별시 동대문구 장안동 356"
측백나무,장평근린공원,"서울특별시 동대문구 장안동 356"
목련,장평근린공원,"서울특별시 동대문구 장안동 356"
칠엽수,장평근린공원,"서울특별시 동대문구 장안동 356"
단풍나무,장평근린공원,"서울특별시 동대문구 장안동 356"
벚나무,장평근린공원,"서울특별시 동대문구 장안동 356"
은행나무,장평근린공원,"서울특별시 동대문구 장안동 356"
단풍나무,장평근린공원,"서울특별시 동대문구 장안동 356"
측백나무,장평근린공원,"서울특별시 동대문구 장안동 356"
소나무,장평근린공원,"서울특별시 동대문구 장안동 356"
잣나무,장평근린공원,"서울특별시 동대문구 장안동 356"
이팝나무,장평근린공원,"서울특별시 동대문구 장안동 356"
소나무,장평근린공원,"서울특별시 동대문구 장안동 356"
화살나무,장평근린공원,"서울특별시 동대문구 장안동 356"
화살나무,장평근린공원,"서울특별시 동대문구 장안동 356"
산사나무,장평근린공원,"서울특별시 동대문구 장안동 356"
소나무,장평근린공원,"서울특별시 동대문구 장안동 356"
황벽나무,장평근린공원,"서울특별시 동대문구 장안동 356"
측백나무,장평근린공원,"서울특별시 동대문구 장안동 356"
사과나무,장평근린공원,"서울특별시 동대문구 장안동 356"
목련,장평근린공원,"서울특별시 동대문구 장안동 356"
화살나무,장평근린공원,"서울특별시 동대문구 장안동 356"
목련,장평근린공원,"서울특별시 동대문구 장안동 356"
화살나무,장평근린공원,"서울특별시 동대문구 장안동 356"
이팝나무,장평근린공원,"서울특별시 동대문구 장안동 356"
이팝나무,장평근린공원,"서울특별시 동대문구 장안동 356"
이팝나무,장평근린공원,"서울특별시 동대문구 장안동 356"
화살나무,장평근린공원,"서울특별시 동대문구 장안동 356"
벚나무,장평근린공원,"서울특별시 동대문구 장안동 356"
측백나무,장평근린공원,"서울특별시 동대문구 장안동 356"
이팝나무,장평근린공원,"서울특별시 동대문구 장안동 356"
산수유,장평근린공원,"서울특별시 동대문구 장안동 356"
이팝나무,장평근린공원,"서울특별시 동대문구 장안동 356"
이팝나무,장평근린공원,"서울특별시 동대문구 장안동 356"
벚나무,장평근린공원,"서울특별시 동대문구 장안동 356"
은행나무,장평근린공원,"서울특별시 동대문구 장안동 356"
이팝나무,장평근린공원,"서울특별시 동대문구 장안동 356"
산수유,장평근린공원,"서울특별시 동대문구 장안동 356"
은행나무,장평근린공원,"서울특별시 동대문구 장안동 356"
은행나무,장평근린공원,"서울특별시 동대문구 장안동 356"
은행나무,장평근린공원,"서울특별시 동대문구 장안동 356"
은행나무,장평근린공원,"서울특별시 동대문구 장안동 356"
은행나무,장평근린공원,"서울특별시 동대문구 장안동 356"
잣나무,장평근린공원,"서울특별시 동대문구 장안동 356"
단풍나무,장평근린공원,"서울특별시 동대문구 장안동 356"
산딸나무,장평근린공원,"서울특별시 동대문구 장안동 356"
목련,장평근린공원,"서울특별시 동대문구 장안동 356"
느티나무,장평근린공원,"서울특별시 동대문구 장안동 356"
이팝나무,장평근린공원,"서울특별시 동대문구 장안동 356"
매실나무,장평근린공원,"서울특별시 동대문구 장안동 356"
이팝나무,장평근린공원,"서울특별시 동대문구 장안동 356"
이팝나무,장평근린공원,"서울특별시 동대문구 장안동 356"
이팝나무,장평근린공원,"서울특별시 동대문구 장안동 356"
이팝나무,장평근린공원,"서울특별시 동대문구 장안동 356"
이팝나무,장평근린공원,"서울특별시 동대문구 장안동 356"
단풍나무,장평근린공원,"서울특별시 동대문구 장안동 356"
산딸나무,장평근린공원,"서울특별시 동대문구 장안동 356"
산수유,장평근린공원,"서울특별시 동대문구 장안동 356"
벚나무,장평근린공원,"서울특별시 동대문구 장안동 356"
벚나무,장평근린공원,"서울특별시 동대문구 장안동 356"
단풍나무,장평근린공원,"서울특별시 동대문구 장안동 356"
이팝나무,장평근린공원,"서울특별시 동대문구 장안동 356"
이팝나무,장평근린공원,"서울특별시 동대문구 장안동 356"
이팝나무,장평근린공원,"서울특별시 동대문구 장안동 356"
황벽나무,장평근린공원,"서울특별시 동대문구 장안동 356"
벚나무,장평근린공원,"서울특별시 동대문구 장안동 356"
벚나무,장평근린공원,"서울특별시 동대문구 장안동 356"
벚나무,장평근린공원,"서울특별시 동대문구 장안동 356"
벚나무,장평근린공원,"서울특별시 동대문구 장안동 356"
매실나무,장평근린공원,"서울특별시 동대문구 장안동 356"
황벽나무,장평근린공원,"서울특별시 동대문구 장안동 356"
은행나무,장평근린공원,"서울특별시 동대문구 장안동 356"
벚나무,장평근린공원,"서울특별시 동대문구 장안동 356"
은행나무,장평근린공원,"서울특별시 동대문구 장안동 356"
화살나무,장평근린공원,"서울특별시 동대문구 장안동 356"
이팝나무,장평근린공원,"서울특별시 동대문구 장안동 356"
이팝나무,장평근린공원,"서울특별시 동대문구 장안동 356"
이팝나무,장평근린공원,"서울특별시 동대문구 장안동 356"
이팝나무,장평근린공원,"서울특별시 동대문구 장안동 356"
황벽나무,장평근린공원,"서울특별시 동대문구 장안동 356"
감나무,장평근린공원,"서울특별시 동대문구 장안동 356"
이팝나무,장평근린공원,"서울특별시 동대문구 장안동 356"
벚나무,장평근린공원,"서울특별시 동대문구 장안동 356"
벚나무,장평근린공원,"서울특별시 동대문구 장안동 356"
잣나무,장평근린공원,"서울특별시 동대문구 장안동 356"
잣나무,장평근린공원,"서울특별시 동대문구 장안동 356"
느티나무,장평근린공원,"서울특별시 동대문구 장안동 356"
단풍나무,장평근린공원,"서울특별시 동대문구 장안동 356"
단풍나무,장평근린공원,"서울특별시 동대문구 장안동 356"
잣나무,장평근린공원,"서울특별시 동대문구 장안동 356"
잣나무,장평근린공원,"서울특별시 동대문구 장안동 356"
이팝나무,장평근린공원,"서울특별시 동대문구 장안동 356"
벚나무,장평근린공원,"서울특별시 동대문구 장안동 356"
감나무,장평근린공원,"서울특별시 동대문구 장안동 356"
이팝나무,장평근린공원,"서울특별시 동대문구 장안동 356"
매실나무,장평근린공원,"서울특별시 동대문구 장안동 356"
잣나무,장평근린공원,"서울특별시 동대문구 장안동 356"
감나무,장평근린공원,"서울특별시 동대문구 장안동 356"
화살나무,장평근린공원,"서울특별시 동대문구 장안동 356"
산수유,장평근린공원,"서울특별시 동대문구 장안동 356"
살구나무,장평근린공원,"서울특별시 동대문구 장안동 356"
이팝나무,장평근린공원,"서울특별시 동대문구 장안동 356"
잣나무,장평근린공원,"서울특별시 동대문구 장안동 356"
벚나무,장평근린공원,"서울특별시 동대문구 장안동 356"
잣나무,장평근린공원,"서울특별시 동대문구 장안동 356"
매실나무,장평근린공원,"서울특별시 동대문구 장안동 356"
잣나무,장평근린공원,"서울특별시 동대문구 장안동 356"
잣나무,장평근린공원,"서울특별시 동대문구 장안동 356"
잣나무,장평근린공원,"서울특별시 동대문구 장안동 356"
잣나무,장평근린공원,"서울특별시 동대문구 장안동 356"
잣나무,장평근린공원,"서울특별시 동대문구 장안동 356"
벚나무,장평근린공원,"서울특별시 동대문구 장안동 356"
벚나무,장평근린공원,"서울특별시 동대문구 장안동 356"
매실나무,장평근린공원,"서울특별시 동대문구 장안동 356"
이팝나무,장평근린공원,"서울특별시 동대문구 장안동 356"
매실나무,장평근린공원,"서울특별시 동대문구 장안동 356"
매실나무,장평근린공원,"서울특별시 동대문구 장안동 356"
단풍나무,장평근린공원,"서울특별시 동대문구 장안동 356"
단풍나무,장평근린공원,"서울특별시 동대문구 장안동 356"
잣나무,장평근린공원,"서울특별시 동대문구 장안동 356"
단풍나무,장평근린공원,"서울특별시 동대문구 장안동 356"
잣나무,장평근린공원,"서울특별시 동대문구 장안동 356"
단풍나무,장평근린공원,"서울특별시 동대문구 장안동 356"
뽕나무,장평근린공원,"서울특별시 동대문구 장안동 356"
소나무,장평근린공원,"서울특별시 동대문구 장안동 356"
소나무,장평근린공원,"서울특별시 동대문구 장안동 356"
소나무,장평근린공원,"서울특별시 동대문구 장안동 356"
소나무,장평근린공원,"서울특별시 동대문구 장안동 356"
산수유,장평근린공원,"서울특별시 동대문구 장안동 356"
측백나무,장평근린공원,"서울특별시 동대문구 장안동 356"
벚나무,장평근린공원,"서울특별시 동대문구 장안동 356"
측백나무,장평근린공원,"서울특별시 동대문구 장안동 356"
화살나무,장평근린공원,"서울특별시 동대문구 장안동 356"
소나무,장평근린공원,"서울특별시 동대문구 장안동 356"
소나무,장평근린공원,"서울특별시 동대문구 장안동 356"
단풍나무,장평근린공원,"서울특별시 동대문구 장안동 356"
잣나무,장평근린공원,"서울특별시 동대문구 장안동 356"
측백나무,장평근린공원,"서울특별시 동대문구 장안동 356"
소나무,장평근린공원,"서울특별시 동대문구 장안동 356"
측백나무,장평근린공원,"서울특별시 동대문구 장안동 356"
뽕나무,장평근린공원,"서울특별시 동대문구 장안동 356"
측백나무,장평근린공원,"서울특별시 동대문구 장안동 356"
잣나무,장평근린공원,"서울특별시 동대문구 장안동 356"
소나무,장평근린공원,"서울특별시 동대문구 장안동 356"
벚나무,장평근린공원,"서울특별시 동대문구 장안동 356"
잣나무,장평근린공원,"서울특별시 동대문구 장안동 356"
벚나무,장평근린공원,"서울특별시 동대문구 장안동 356"
소나무,장평근린공원,"서울특별시 동대문구 장안동 356"
양버즘나무,장평근린공원,"서울특별시 동대문구 장안동 356"
단풍나무,장평근린공원,"서울특별시 동대문구 장안동 356"
측백나무,장평근린공원,"서울특별시 동대문구 장안동 356"
측백나무,장평근린공원,"서울특별시 동대문구 장안동 356"
벚나무,장평근린공원,"서울특별시 동대문구 장안동 356"
모과나무,장평근린공원,"서울특별시 동대문구 장안동 356"
잣나무,장평근린공원,"서울특별시 동대문구 장안동 356"
단풍나무,장평근린공원,"서울특별시 동대문구 장안동 356"
측백나무,장평근린공원,"서울특별시 동대문구 장안동 356"
잣나무,장평근린공원,"서울특별시 동대문구 장안동 356"
잣나무,장평근린공원,"서울특별시 동대문구 장안동 356"
향나무,장평근린공원,"서울특별시 동대문구 장안동 356"
향나무,장평근린공원,"서울특별시 동대문구 장안동 356"
은행나무,장평근린공원,"서울특별시 동대문구 장안동 356"
살구나무,장평근린공원,"서울특별시 동대문구 장안동 356"
뽕나무,장평근린공원,"서울특별시 동대문구 장안동 356"
은행나무,장평근린공원,"서울특별시 동대문구 장안동 356"
은행나무,장평근린공원,"서울특별시 동대문구 장안동 356"
잣나무,장평근린공원,"서울특별시 동대문구 장안동 356"
이팝나무,장평근린공원,"서울특별시 동대문구 장안동 356"
느티나무,장평근린공원,"서울특별시 동대문구 장안동 356"
잣나무,장평근린공원,"서울특별시 동대문구 장안동 356"
잣나무,장평근린공원,"서울특별시 동대문구 장안동 356"
잣나무,장평근린공원,"서울특별시 동대문구 장안동 356"
은행나무,장평근린공원,"서울특별시 동대문구 장안동 356"
잣나무,장평근린공원,"서울특별시 동대문구 장안동 356"
느티나무,장평근린공원,"서울특별시 동대문구 장안동 356"
소나무,장평근린공원,"서울특별시 동대문구 장안동 356"
잣나무,장평근린공원,"서울특별시 동대문구 장안동 356"
잣나무,장평근린공원,"서울특별시 동대문구 장안동 356"
이팝나무,장평근린공원,"서울특별시 동대문구 장안동 356"
은행나무,장평근린공원,"서울특별시 동대문구 장안동 356"
측백나무,장평근린공원,"서울특별시 동대문구 장안동 356"
느티나무,장평근린공원,"서울특별시 동대문구 장안동 356"
느티나무,장평근린공원,"서울특별시 동대문구 장안동 356"
느티나무,장평근린공원,"서울특별시 동대문구 장안동 356"
잣나무,장평근린공원,"서울특별시 동대문구 장안동 356"
잣나무,장평근린공원,"서울특별시 동대문구 장안동 356"
목련,장평근린공원,"서울특별시 동대문구 장안동 356"
목련,장평근린공원,"서울특별시 동대문구 장안동 356"
잣나무,장평근린공원,"서울특별시 동대문구 장안동 356"
벚나무,장평근린공원,"서울특별시 동대문구 장안동 356"
잣나무,장평근린공원,"서울특별시 동대문구 장안동 356"
느티나무,장평근린공원,"서울특별시 동대문구 장안동 356"
산수유,장평근린공원,"서울특별시 동대문구 장안동 356"
산수유,장평근린공원,"서울특별시 동대문구 장안동 356"
산수유,장평근린공원,"서울특별시 동대문구 장안동 356"
산수유,장평근린공원,"서울특별시 동대문구 장안동 356"
산수유,장평근린공원,"서울특별시 동대문구 장안동 356"
느티나무,장평근린공원,"서울특별시 동대문구 장안동 356"
산딸나무,장평근린공원,"서울특별시 동대문구 장안동 356"
벚나무,장평근린공원,"서울특별시 동대문구 장안동 356"
벚나무,장평근린공원,"서울특별시 동대문구 장안동 356"
목련,장평근린공원,"서울특별시 동대문구 장안동 356"
단풍나무,장평근린공원,"서울특별시 동대문구 장안동 356"
단풍나무,장평근린공원,"서울특별시 동대문구 장안동 356"
벚나무,장평근린공원,"서울특별시 동대문구 장안동 356"
벚나무,장평근린공원,"서울특별시 동대문구 장안동 356"
잣나무,장평근린공원,"서울특별시 동대문구 장안동 356"
산수유,장평근린공원,"서울특별시 동대문구 장안동 356"
매실나무,장평근린공원,"서울특별시 동대문구 장안동 356"
산딸나무,장평근린공원,"서울특별시 동대문구 장안동 356"
배롱나무,장평근린공원,"서울특별시 동대문구 장안동 356"
산수유,장평근린공원,"서울특별시 동대문구 장안동 356"
살구나무,장평근린공원,"서울특별시 동대문구 장안동 356"
살구나무,장평근린공원,"서울특별시 동대문구 장안동 356"
살구나무,장평근린공원,"서울특별시 동대문구 장안동 356"
산딸나무,장평근린공원,"서울특별시 동대문구 장안동 356"
산딸나무,장평근린공원,"서울특별시 동대문구 장안동 356"
단풍나무,장평근린공원,"서울특별시 동대문구 장안동 356"
단풍나무,장평근린공원,"서울특별시 동대문구 장안동 356"
단풍나무,장평근린공원,"서울특별시 동대문구 장안동 356"
소나무,장평근린공원,"서울특별시 동대문구 장안동 356"
소나무,장평근린공원,"서울특별시 동대문구 장안동 356"
벚나무,장평근린공원,"서울특별시 동대문구 장안동 356"
느티나무,장평근린공원,"서울특별시 동대문구 장안동 356"
이팝나무,장평근린공원,"서울특별시 동대문구 장안동 356"
배롱나무,장평근린공원,"서울특별시 동대문구 장안동 356"
산수유,장평근린공원,"서울특별시 동대문구 장안동 356"
배롱나무,장평근린공원,"서울특별시 동대문구 장안동 356"
배롱나무,장평근린공원,"서울특별시 동대문구 장안동 356"
벚나무,장평근린공원,"서울특별시 동대문구 장안동 356"
벚나무,장평근린공원,"서울특별시 동대문구 장안동 356"
산수유,장평근린공원,"서울특별시 동대문구 장안동 356"
목련,장평근린공원,"서울특별시 동대문구 장안동 356"
산수유,장평근린공원,"서울특별시 동대문구 장안동 356"
산수유,장평근린공원,"서울특별시 동대문구 장안동 356"
목련,장평근린공원,"서울특별시 동대문구 장안동 356"
벚나무,장평근린공원,"서울특별시 동대문구 장안동 356"
산수유,장평근린공원,"서울특별시 동대문구 장안동 356"
벚나무,장평근린공원,"서울특별시 동대문구 장안동 356"
목련,장평근린공원,"서울특별시 동대문구 장안동 356"
느티나무,장평근린공원,"서울특별시 동대문구 장안동 356"
벚나무,장평근린공원,"서울특별시 동대문구 장안동 356"
감나무,장평근린공원,"서울특별시 동대문구 장안동 356"
이팝나무,장평근린공원,"서울특별시 동대문구 장안동 356"
단풍나무,장평근린공원,"서울특별시 동대문구 장안동 356"
벚나무,장평근린공원,"서울특별시 동대문구 장안동 356"
이팝나무,장평근린공원,"서울특별시 동대문구 장안동 356"
소나무,장평근린공원,"서울특별시 동대문구 장안동 356"
단풍나무,장평근린공원,"서울특별시 동대문구 장안동 356"
산딸나무,장평근린공원,"서울특별시 동대문구 장안동 356"
벚나무,장평근린공원,"서울특별시 동대문구 장안동 356"
산딸나무,장평근린공원,"서울특별시 동대문구 장안동 356"
벚나무,장평근린공원,"서울특별시 동대문구 장안동 356"
느티나무,장평근린공원,"서울특별시 동대문구 장안동 356"
느티나무,장평근린공원,"서울특별시 동대문구 장안동 356"
잣나무,장평근린공원,"서울특별시 동대문구 장안동 356"
잣나무,장평근린공원,"서울특별시 동대문구 장안동 356"
잣나무,장평근린공원,"서울특별시 동대문구 장안동 356"
목련,장평근린공원,"서울특별시 동대문구 장안동 356"
목련,장평근린공원,"서울특별시 동대문구 장안동 356"
목련,장평근린공원,"서울특별시 동대문구 장안동 356"
감나무,장평근린공원,"서울특별시 동대문구 장안동 356"
잣나무,장평근린공원,"서울특별시 동대문구 장안동 356"
잣나무,장평근린공원,"서울특별시 동대문구 장안동 356"
잣나무,장평근린공원,"서울특별시 동대문구 장안동 356"
벚나무,장평근린공원,"서울특별시 동대문구 장안동 356"
잣나무,장평근린공원,"서울특별시 동대문구 장안동 356"
잣나무,장평근린공원,"서울특별시 동대문구 장안동 356"
잣나무,장평근린공원,"서울특별시 동대문구 장안동 356"
잣나무,장평근린공원,"서울특별시 동대문구 장안동 356"
목련,장평근린공원,"서울특별시 동대문구 장안동 356"
벚나무,장평근린공원,"서울특별시 동대문구 장안동 356"
벚나무,장평근린공원,"서울특별시 동대문구 장안동 356"
잣나무,장평근린공원,"서울특별시 동대문구 장안동 356"
잣나무,장평근린공원,"서울특별시 동대문구 장안동 356"
소나무,장평근린공원,"서울특별시 동대문구 장안동 356"
산딸나무,장평근린공원,"서울특별시 동대문구 장안동 356"
잣나무,장평근린공원,"서울특별시 동대문구 장안동 356"
벚나무,장평근린공원,"서울특별시 동대문구 장안동 356"
느릅나무,장평근린공원,"서울특별시 동대문구 장안동 356"
잣나무,장평근린공원,"서울특별시 동대문구 장안동 356"
잣나무,장평근린공원,"서울특별시 동대문구 장안동 356"
잣나무,장평근린공원,"서울특별시 동대문구 장안동 356"
잣나무,장평근린공원,"서울특별시 동대문구 장안동 356"
잣나무,장평근린공원,"서울특별시 동대문구 장안동 356"
잣나무,장평근린공원,"서울특별시 동대문구 장안동 356"
잣나무,장평근린공원,"서울특별시 동대문구 장안동 356"
잣나무,장평근린공원,"서울특별시 동대문구 장안동 356"
잣나무,장평근린공원,"서울특별시 동대문구 장안동 356"
잣나무,장평근린공원,"서울특별시 동대문구 장안동 356"
잣나무,장평근린공원,"서울특별시 동대문구 장안동 356"
잣나무,장평근린공원,"서울특별시 동대문구 장안동 356"
잣나무,장평근린공원,"서울특별시 동대문구 장안동 356"
느티나무,장평근린공원,"서울특별시 동대문구 장안동 356"
감나무,장평근린공원,"서울특별시 동대문구 장안동 356"
산딸나무,장평근린공원,"서울특별시 동대문구 장안동 356"
단풍나무,장평근린공원,"서울특별시 동대문구 장안동 356"
단풍나무,장평근린공원,"서울특별시 동대문구 장안동 356"
감나무,장평근린공원,"서울특별시 동대문구 장안동 356"
감나무,장평근린공원,"서울특별시 동대문구 장안동 356"
산딸나무,장평근린공원,"서울특별시 동대문구 장안동 356"
산딸나무,장평근린공원,"서울특별시 동대문구 장안동 356"
벚나무,장평근린공원,"서울특별시 동대문구 장안동 356"
산수유,장평근린공원,"서울특별시 동대문구 장안동 356"
산수유,장평근린공원,"서울특별시 동대문구 장안동 356"
팥배나무,장평근린공원,"서울특별시 동대문구 장안동 356"
감나무,장평근린공원,"서울특별시 동대문구 장안동 356"
잣나무,장평근린공원,"서울특별시 동대문구 장안동 356"
감나무,장평근린공원,"서울특별시 동대문구 장안동 356"
감나무,장평근린공원,"서울특별시 동대문구 장안동 356"
단풍나무,장평근린공원,"서울특별시 동대문구 장안동 356"
목련,장평근린공원,"서울특별시 동대문구 장안동 356"
목련,장평근린공원,"서울특별시 동대문구 장안동 356"
단풍나무,장평근린공원,"서울특별시 동대문구 장안동 356"
산딸나무,장평근린공원,"서울특별시 동대문구 장안동 356"
소나무,장평근린공원,"서울특별시 동대문구 장안동 356"
산수유,장평근린공원,"서울특별시 동대문구 장안동 356"
산딸나무,장평근린공원,"서울특별시 동대문구 장안동 356"
산수유,장평근린공원,"서울특별시 동대문구 장안동 356"
산수유,장평근린공원,"서울특별시 동대문구 장안동 356"
산딸나무,장평근린공원,"서울특별시 동대문구 장안동 356"
은행나무,장평근린공원,"서울특별시 동대문구 장안동 356"
목련,장평근린공원,"서울특별시 동대문구 장안동 356"
산수유,장평근린공원,"서울특별시 동대문구 장안동 356"
산수유,장평근린공원,"서울특별시 동대문구 장안동 356"
매실나무,장평근린공원,"서울특별시 동대문구 장안동 356"
목련,장평근린공원,"서울특별시 동대문구 장안동 356"
매실나무,장평근린공원,"서울특별시 동대문구 장안동 356"
은행나무,장평근린공원,"서울특별시 동대문구 장안동 356"
잣나무,장평근린공원,"서울특별시 동대문구 장안동 356"
잣나무,장평근린공원,"서울특별시 동대문구 장안동 356"
은행나무,장평근린공원,"서울특별시 동대문구 장안동 356"
산수유,장평근린공원,"서울특별시 동대문구 장안동 356"
모과나무,장평근린공원,"서울특별시 동대문구 장안동 356"
배롱나무,장평근린공원,"서울특별시 동대문구 장안동 356"
배롱나무,장평근린공원,"서울특별시 동대문구 장안동 356"
매실나무,장평근린공원,"서울특별시 동대문구 장안동 356"
배롱나무,장평근린공원,"서울특별시 동대문구 장안동 356"
배롱나무,장평근린공원,"서울특별시 동대문구 장안동 356"
매실나무,장평근린공원,"서울특별시 동대문구 장안동 356"
매실나무,장평근린공원,"서울특별시 동대문구 장안동 356"
배롱나무,장평근린공원,"서울특별시 동대문구 장안동 356"
배롱나무,장평근린공원,"서울특별시 동대문구 장안동 356"
목련,장평근린공원,"서울특별시 동대문구 장안동 356"
목련,장평근린공원,"서울특별시 동대문구 장안동 356"
배롱나무,장평근린공원,"서울특별시 동대문구 장안동 356"
배롱나무,장평근린공원,"서울특별시 동대문구 장안동 356"
목련,장평근린공원,"서울특별시 동대문구 장안동 356"
배롱나무,장평근린공원,"서울특별시 동대문구 장안동 356"
배롱나무,장평근린공원,"서울특별시 동대문구 장안동 356"
소나무,장평근린공원,"서울특별시 동대문구 장안동 356"
목련,장평근린공원,"서울특별시 동대문구 장안동 356"
감나무,장평근린공원,"서울특별시 동대문구 장안동 356"
목련,장평근린공원,"서울특별시 동대문구 장안동 356"
목련,장평근린공원,"서울특별시 동대문구 장안동 356"
소나무,장평근린공원,"서울특별시 동대문구 장안동 356"
목련,장평근린공원,"서울특별시 동대문구 장안동 356"
잣나무,장평근린공원,"서울특별시 동대문구 장안동 356"
잣나무,장평근린공원,"서울특별시 동대문구 장안동 356"
소나무,장평근린공원,"서울특별시 동대문구 장안동 356"
배롱나무,장평근린공원,"서울특별시 동대문구 장안동 356"
잣나무,장평근린공원,"서울특별시 동대문구 장안동 356"
잣나무,장평근린공원,"서울특별시 동대문구 장안동 356"
뽕나무,장평근린공원,"서울특별시 동대문구 장안동 356"
잣나무,장평근린공원,"서울특별시 동대문구 장안동 356"
이팝나무,장평근린공원,"서울특별시 동대문구 장안동 356"
이팝나무,장평근린공원,"서울특별시 동대문구 장안동 356"
배롱나무,장평근린공원,"서울특별시 동대문구 장안동 356"
잣나무,장평근린공원,"서울특별시 동대문구 장안동 356"
잣나무,장평근린공원,"서울특별시 동대문구 장안동 356"
잣나무,장평근린공원,"서울특별시 동대문구 장안동 356"
잣나무,장평근린공원,"서울특별시 동대문구 장안동 356"
소나무,장평근린공원,"서울특별시 동대문구 장안동 356"
배롱나무,장평근린공원,"서울특별시 동대문구 장안동 356"
잣나무,장평근린공원,"서울특별시 동대문구 장안동 356"
배롱나무,장평근린공원,"서울특별시 동대문구 장안동 356"
소나무,장평근린공원,"서울특별시 동대문구 장안동 356"
잣나무,장평근린공원,"서울특별시 동대문구 장안동 356"
매실나무,장평근린공원,"서울특별시 동대문구 장안동 356"
산수유,장평근린공원,"서울특별시 동대문구 장안동 356"
소나무,장평근린공원,"서울특별시 동대문구 장안동 356"
산수유,장평근린공원,"서울특별시 동대문구 장안동 356"
소나무,장평근린공원,"서울특별시 동대문구 장안동 356"
목련,장평근린공원,"서울특별시 동대문구 장안동 356"
소나무,장평근린공원,"서울특별시 동대문구 장안동 356"
벚나무,장평근린공원,"서울특별시 동대문구 장안동 356"
벚나무,장평근린공원,"서울특별시 동대문구 장안동 356"
벚나무,장평근린공원,"서울특별시 동대문구 장안동 356"
벚나무,장평근린공원,"서울특별시 동대문구 장안동 356"
벚나무,장평근린공원,"서울특별시 동대문구 장안동 356"
소나무,장평근린공원,"서울특별시 동대문구 장안동 356"
소나무,장평근린공원,"서울특별시 동대문구 장안동 356"
소나무,장평근린공원,"서울특별시 동대문구 장안동 356"
소나무,장평근린공원,"서울특별시 동대문구 장안동 356"
벚나무,장평근린공원,"서울특별시 동대문구 장안동 356"
벚나무,장평근린공원,"서울특별시 동대문구 장안동 356"
소나무,장평근린공원,"서울특별시 동대문구 장안동 356"
소나무,장평근린공원,"서울특별시 동대문구 장안동 356"
소나무,장평근린공원,"서울특별시 동대문구 장안동 356"
소나무,장평근린공원,"서울특별시 동대문구 장안동 356"
소나무,장평근린공원,"서울특별시 동대문구 장안동 356"
산수유,장평근린공원,"서울특별시 동대문구 장안동 356"
소나무,장평근린공원,"서울특별시 동대문구 장안동 356"
산수유,장평근린공원,"서울특별시 동대문구 장안동 356"
소나무,장평근린공원,"서울특별시 동대문구 장안동 356"
소나무,장평근린공원,"서울특별시 동대문구 장안동 356"
벚나무,장평근린공원,"서울특별시 동대문구 장안동 356"
벚나무,장평근린공원,"서울특별시 동대문구 장안동 356"
목련,장평근린공원,"서울특별시 동대문구 장안동 356"
벚나무,장평근린공원,"서울특별시 동대문구 장안동 356"
벚나무,장평근린공원,"서울특별시 동대문구 장안동 356"
산수유,장평근린공원,"서울특별시 동대문구 장안동 356"
소나무,장평근린공원,"서울특별시 동대문구 장안동 356"
계수나무,장평근린공원,"서울특별시 동대문구 장안동 356"
매실나무,장평근린공원,"서울특별시 동대문구 장안동 356"
산수유,장평근린공원,"서울특별시 동대문구 장안동 356"
매실나무,장평근린공원,"서울특별시 동대문구 장안동 356"
산수유,장평근린공원,"서울특별시 동대문구 장안동 356"
산수유,장평근린공원,"서울특별시 동대문구 장안동 356"
매실나무,장평근린공원,"서울특별시 동대문구 장안동 356"
산수유,장평근린공원,"서울특별시 동대문구 장안동 356"
배롱나무,장평근린공원,"서울특별시 동대문구 장안동 356"
산수유,장평근린공원,"서울특별시 동대문구 장안동 356"
산수유,장평근린공원,"서울특별시 동대문구 장안동 356"
살구나무,장평근린공원,"서울특별시 동대문구 장안동 356"
배롱나무,장평근린공원,"서울특별시 동대문구 장안동 356"
배롱나무,장평근린공원,"서울특별시 동대문구 장안동 356"
느티나무,장평근린공원,"서울특별시 동대문구 장안동 356"
배롱나무,장평근린공원,"서울특별시 동대문구 장안동 356"
배롱나무,장평근린공원,"서울특별시 동대문구 장안동 356"
잣나무,장평근린공원,"서울특별시 동대문구 장안동 356"
매실나무,장평근린공원,"서울특별시 동대문구 장안동 356"
매실나무,장평근린공원,"서울특별시 동대문구 장안동 356"
벚나무,장평근린공원,"서울특별시 동대문구 장안동 356"
잣나무,장평근린공원,"서울특별시 동대문구 장안동 356"
잣나무,장평근린공원,"서울특별시 동대문구 장안동 356"
잣나무,장평근린공원,"서울특별시 동대문구 장안동 356"
감나무,장평근린공원,"서울특별시 동대문구 장안동 356"
잣나무,장평근린공원,"서울특별시 동대문구 장안동 356"
잣나무,장평근린공원,"서울특별시 동대문구 장안동 356"
잣나무,장평근린공원,"서울특별시 동대문구 장안동 356"
감나무,장평근린공원,"서울특별시 동대문구 장안동 356"
감나무,장평근린공원,"서울특별시 동대문구 장안동 356"
감나무,장평근린공원,"서울특별시 동대문구 장안동 356"
잣나무,장평근린공원,"서울특별시 동대문구 장안동 356"
산수유,장평근린공원,"서울특별시 동대문구 장안동 356"
목련,장평근린공원,"서울특별시 동대문구 장안동 356"
산수유,장평근린공원,"서울특별시 동대문구 장안동 356"
칠엽수,장평근린공원,"서울특별시 동대문구 장안동 356"
칠엽수,장평근린공원,"서울특별시 동대문구 장안동 356"
매실나무,장평근린공원,"서울특별시 동대문구 장안동 356"
매실나무,장평근린공원,"서울특별시 동대문구 장안동 356"
칠엽수,장평근린공원,"서울특별시 동대문구 장안동 356"
칠엽수,장평근린공원,"서울특별시 동대문구 장안동 356"
감나무,장평근린공원,"서울특별시 동대문구 장안동 356"
산수유,장평근린공원,"서울특별시 동대문구 장안동 356"
산수유,장평근린공원,"서울특별시 동대문구 장안동 356"
벚나무,장평근린공원,"서울특별시 동대문구 장안동 356"
벚나무,장평근린공원,"서울특별시 동대문구 장안동 356"
살구나무,장평근린공원,"서울특별시 동대문구 장안동 356"
자두나무,장평근린공원,"서울특별시 동대문구 장안동 356"
살구나무,장평근린공원,"서울특별시 동대문구 장안동 356"
살구나무,장평근린공원,"서울특별시 동대문구 장안동 356"
느릅나무,장평근린공원,"서울특별시 동대문구 장안동 356"
산딸나무,장평근린공원,"서울특별시 동대문구 장안동 356"
이팝나무,장평근린공원,"서울특별시 동대문구 장안동 356"
산수유,장평근린공원,"서울특별시 동대문구 장안동 356"
산딸나무,장평근린공원,"서울특별시 동대문구 장안동 356"
느티나무,장평근린공원,"서울특별시 동대문구 장안동 356"
살구나무,장평근린공원,"서울특별시 동대문구 장안동 356"
때죽나무,장평근린공원,"서울특별시 동대문구 장안동 356"
산딸나무,장평근린공원,"서울특별시 동대문구 장안동 356"
느티나무,장평근린공원,"서울특별시 동대문구 장안동 356"
산딸나무,장평근린공원,"서울특별시 동대문구 장안동 356"
살구나무,장평근린공원,"서울특별시 동대문구 장안동 356"
살구나무,장평근린공원,"서울특별시 동대문구 장안동 356"
때죽나무,장평근린공원,"서울특별시 동대문구 장안동 356"
이팝나무,장평근린공원,"서울특별시 동대문구 장안동 356"
벚나무,장평근린공원,"서울특별시 동대문구 장안동 356"
이팝나무,장평근린공원,"서울특별시 동대문구 장안동 356"
이팝나무,장평근린공원,"서울특별시 동대문구 장안동 356"
이팝나무,장평근린공원,"서울특별시 동대문구 장안동 356"
이팝나무,장평근린공원,"서울특별시 동대문구 장안동 356"
이팝나무,장평근린공원,"서울특별시 동대문구 장안동 356"
이팝나무,장평근린공원,"서울특별시 동대문구 장안동 356"
이팝나무,장평근린공원,"서울특별시 동대문구 장안동 356"
향나무,장평근린공원,"서울특별시 동대문구 장안동 356"
이팝나무,장평근린공원,"서울특별시 동대문구 장안동 356"
이팝나무,장평근린공원,"서울특별시 동대문구 장안동 356"
모과나무,장평근린공원,"서울특별시 동대문구 장안동 356"
산딸나무,장평근린공원,"서울특별시 동대문구 장안동 356"
산수유,장평근린공원,"서울특별시 동대문구 장안동 356"
목련,장평근린공원,"서울특별시 동대문구 장안동 356"
목련,장평근린공원,"서울특별시 동대문구 장안동 356"
이팝나무,장평근린공원,"서울특별시 동대문구 장안동 356"
매실나무,장평근린공원,"서울특별시 동대문구 장안동 356"
이팝나무,장평근린공원,"서울특별시 동대문구 장안동 356"
느티나무,장평근린공원,"서울특별시 동대문구 장안동 356"
벚나무,장평근린공원,"서울특별시 동대문구 장안동 356"
배롱나무,장평근린공원,"서울특별시 동대문구 장안동 356"
산딸나무,장평근린공원,"서울특별시 동대문구 장안동 356"
산딸나무,장평근린공원,"서울특별시 동대문구 장안동 356"
산수유,장평근린공원,"서울특별시 동대문구 장안동 356"
벚나무,장평근린공원,"서울특별시 동대문구 장안동 356"
배롱나무,장평근린공원,"서울특별시 동대문구 장안동 356"
벚나무,장평근린공원,"서울특별시 동대문구 장안동 356"
이팝나무,장평근린공원,"서울특별시 동대문구 장안동 356"
벚나무,장평근린공원,"서울특별시 동대문구 장안동 356"
벚나무,장평근린공원,"서울특별시 동대문구 장안동 356"
이팝나무,장평근린공원,"서울특별시 동대문구 장안동 356"
이팝나무,장평근린공원,"서울특별시 동대문구 장안동 356"
이팝나무,장평근린공원,"서울특별시 동대문구 장안동 356"
배롱나무,장평근린공원,"서울특별시 동대문구 장안동 356"
배롱나무,장평근린공원,"서울특별시 동대문구 장안동 356"
배롱나무,장평근린공원,"서울특별시 동대문구 장안동 356"
배롱나무,장평근린공원,"서울특별시 동대문구 장안동 356"
배롱나무,장평근린공원,"서울특별시 동대문구 장안동 356"
이팝나무,장평근린공원,"서울특별시 동대문구 장안동 356"
이팝나무,장평근린공원,"서울특별시 동대문구 장안동 356"
이팝나무,장평근린공원,"서울특별시 동대문구 장안동 356"
이팝나무,장평근린공원,"서울특별시 동대문구 장안동 356"
이팝나무,장평근린공원,"서울특별시 동대문구 장안동 356"
이팝나무,장평근린공원,"서울특별시 동대문구 장안동 356"
이팝나무,장평근린공원,"서울특별시 동대문구 장안동 356"
이팝나무,장평근린공원,"서울특별시 동대문구 장안동 356"
산수유,장평근린공원,"서울특별시 동대문구 장안동 356"
벚나무,장평근린공원,"서울특별시 동대문구 장안동 356"
느티나무,장평근린공원,"서울특별시 동대문구 장안동 356"
이팝나무,장평근린공원,"서울특별시 동대문구 장안동 356"
느티나무,장미공원,"서울특별시 동대문구 장안동 386"
느티나무,장미공원,"서울특별시 동대문구 장안동 386"
느티나무,장미공원,"서울특별시 동대문구 장안동 386"
느티나무,장미공원,"서울특별시 동대문구 장안동 386"
은행나무,장미공원,"서울특별시 동대문구 장안동 386"
은행나무,장미공원,"서울특별시 동대문구 장안동 386"
느티나무,장미공원,"서울특별시 동대문구 장안동 386"
은행나무,장미공원,"서울특별시 동대문구 장안동 386"
은행나무,장미공원,"서울특별시 동대문구 장안동 386"
은행나무,장미공원,"서울특별시 동대문구 장안동 386"
은행나무,장미공원,"서울특별시 동대문구 장안동 386"
은행나무,장미공원,"서울특별시 동대문구 장안동 386"
은행나무,장미공원,"서울특별시 동대문구 장안동 386"
은행나무,장미공원,"서울특별시 동대문구 장안동 386"
은행나무,장미공원,"서울특별시 동대문구 장안동 386"
은행나무,장미공원,"서울특별시 동대문구 장안동 386"
소나무,장미공원,"서울특별시 동대문구 장안동 386"
소나무,장미공원,"서울특별시 동대문구 장안동 386"
느티나무,장미공원,"서울특별시 동대문구 장안동 386"
은행나무,장미공원,"서울특별시 동대문구 장안동 386"
은행나무,장미공원,"서울특별시 동대문구 장안동 386"
은행나무,장미공원,"서울특별시 동대문구 장안동 386"
은행나무,장미공원,"서울특별시 동대문구 장안동 386"
은행나무,장미공원,"서울특별시 동대문구 장안동 386"
은행나무,장미공원,"서울특별시 동대문구 장안동 386"
은행나무,장미공원,"서울특별시 동대문구 장안동 386"
은행나무,장미공원,"서울특별시 동대문구 장안동 386"
은행나무,장미공원,"서울특별시 동대문구 장안동 386"
은행나무,장미공원,"서울특별시 동대문구 장안동 386"
은행나무,장미공원,"서울특별시 동대문구 장안동 386"
잣나무,장미공원,"서울특별시 동대문구 장안동 386"
잣나무,장미공원,"서울특별시 동대문구 장안동 386"
은행나무,장미공원,"서울특별시 동대문구 장안동 386"
은행나무,장미공원,"서울특별시 동대문구 장안동 386"
잣나무,장미공원,"서울특별시 동대문구 장안동 386"
은행나무,장미공원,"서울특별시 동대문구 장안동 386"
은행나무,장미공원,"서울특별시 동대문구 장안동 386"
잣나무,장미공원,"서울특별시 동대문구 장안동 386"
잣나무,장미공원,"서울특별시 동대문구 장안동 386"
은행나무,장미공원,"서울특별시 동대문구 장안동 386"
은행나무,장미공원,"서울특별시 동대문구 장안동 386"
잣나무,장미공원,"서울특별시 동대문구 장안동 386"
잣나무,장미공원,"서울특별시 동대문구 장안동 386"
은행나무,장미공원,"서울특별시 동대문구 장안동 386"
은행나무,장미공원,"서울특별시 동대문구 장안동 386"
잣나무,장미공원,"서울특별시 동대문구 장안동 386"
느티나무,장미공원,"서울특별시 동대문구 장안동 386"
잣나무,장미공원,"서울특별시 동대문구 장안동 386"
은행나무,장미공원,"서울특별시 동대문구 장안동 386"
은행나무,장미공원,"서울특별시 동대문구 장안동 386"
은행나무,장미공원,"서울특별시 동대문구 장안동 386"
은행나무,장미공원,"서울특별시 동대문구 장안동 386"
은행나무,장미공원,"서울특별시 동대문구 장안동 386"
은행나무,장미공원,"서울특별시 동대문구 장안동 386"
느티나무,장미공원,"서울특별시 동대문구 장안동 386"
은행나무,장미공원,"서울특별시 동대문구 장안동 386"
은행나무,장미공원,"서울특별시 동대문구 장안동 386"
은행나무,장미공원,"서울특별시 동대문구 장안동 386"
은행나무,장미공원,"서울특별시 동대문구 장안동 386"
은행나무,장미공원,"서울특별시 동대문구 장안동 386"
단풍나무,장미공원,"서울특별시 동대문구 장안동 386"
단풍나무,장미공원,"서울특별시 동대문구 장안동 386"
은행나무,장미공원,"서울특별시 동대문구 장안동 386"
은행나무,장미공원,"서울특별시 동대문구 장안동 386"
느티나무,장미공원,"서울특별시 동대문구 장안동 386"
양버즘나무,장미공원,"서울특별시 동대문구 장안동 386"
은행나무,장미공원,"서울특별시 동대문구 장안동 386"
소나무,샛별공원,"서울특별시 동대문구 장안동 379"
산딸나무,샛별공원,"서울특별시 동대문구 장안동 379"
단풍나무,샛별공원,"서울특별시 동대문구 장안동 379"
이팝나무,샛별공원,"서울특별시 동대문구 장안동 379"
이팝나무,샛별공원,"서울특별시 동대문구 장안동 379"
소나무,샛별공원,"서울특별시 동대문구 장안동 379"
이팝나무,샛별공원,"서울특별시 동대문구 장안동 379"
이팝나무,샛별공원,"서울특별시 동대문구 장안동 379"
이팝나무,샛별공원,"서울특별시 동대문구 장안동 379"
모과나무,샛별공원,"서울특별시 동대문구 장안동 379"
모과나무,샛별공원,"서울특별시 동대문구 장안동 379"
느티나무,샛별공원,"서울특별시 동대문구 장안동 379"
소나무,샛별공원,"서울특별시 동대문구 장안동 379"
소나무,샛별공원,"서울특별시 동대문구 장안동 379"
이팝나무,샛별공원,"서울특별시 동대문구 장안동 379"
이팝나무,샛별공원,"서울특별시 동대문구 장안동 379"
이팝나무,샛별공원,"서울특별시 동대문구 장안동 379"
이팝나무,샛별공원,"서울특별시 동대문구 장안동 379"
단풍나무,샛별공원,"서울특별시 동대문구 장안동 379"
단풍나무,샛별공원,"서울특별시 동대문구 장안동 379"
느티나무,샛별공원,"서울특별시 동대문구 장안동 379"
느티나무,샛별공원,"서울특별시 동대문구 장안동 379"
느티나무,샛별공원,"서울특별시 동대문구 장안동 379"
느티나무,샛별공원,"서울특별시 동대문구 장안동 379"
이팝나무,샛별공원,"서울특별시 동대문구 장안동 379"
산딸나무,샛별공원,"서울특별시 동대문구 장안동 379"
산딸나무,샛별공원,"서울특별시 동대문구 장안동 379"
소나무,샛별공원,"서울특별시 동대문구 장안동 379"
단풍나무,샛별공원,"서울특별시 동대문구 장안동 379"
단풍나무,샛별공원,"서울특별시 동대문구 장안동 379"
단풍나무,샛별공원,"서울특별시 동대문구 장안동 379"
느티나무,샛별공원,"서울특별시 동대문구 장안동 379"
산딸나무,샛별공원,"서울특별시 동대문구 장안동 379"
이팝나무,샛별공원,"서울특별시 동대문구 장안동 379"
이팝나무,샛별공원,"서울특별시 동대문구 장안동 379"
이팝나무,샛별공원,"서울특별시 동대문구 장안동 379"
이팝나무,샛별공원,"서울특별시 동대문구 장안동 379"
이팝나무,샛별공원,"서울특별시 동대문구 장안동 379"
이팝나무,샛별공원,"서울특별시 동대문구 장안동 379"
단풍나무,샛별공원,"서울특별시 동대문구 장안동 379"
산딸나무,샛별공원,"서울특별시 동대문구 장안동 379"
피나무,샛별공원,"서울특별시 동대문구 장안동 379"
양버즘나무,샛별공원,"서울특별시 동대문구 장안동 379"
느티나무,샛별공원,"서울특별시 동대문구 장안동 379"
산딸나무,샛별공원,"서울특별시 동대문구 장안동 379"
산딸나무,샛별공원,"서울특별시 동대문구 장안동 379"
산딸나무,샛별공원,"서울특별시 동대문구 장안동 379"
살구나무,샛별공원,"서울특별시 동대문구 장안동 379"
살구나무,샛별공원,"서울특별시 동대문구 장안동 379"
목련,샛별공원,"서울특별시 동대문구 장안동 379"
주목,샛별공원,"서울특별시 동대문구 장안동 379"
주목,샛별공원,"서울특별시 동대문구 장안동 379"
느티나무,샛별공원,"서울특별시 동대문구 장안동 379"
소나무,샛별공원,"서울특별시 동대문구 장안동 379"
단풍나무,샛별공원,"서울특별시 동대문구 장안동 379"
단풍나무,샛별공원,"서울특별시 동대문구 장안동 379"
단풍나무,샛별공원,"서울특별시 동대문구 장안동 379"
느티나무,샛별공원,"서울특별시 동대문구 장안동 379"
단풍나무,샛별공원,"서울특별시 동대문구 장안동 379"
단풍나무,샛별공원,"서울특별시 동대문구 장안동 379"
소나무,샛별공원,"서울특별시 동대문구 장안동 379"
소나무,샛별공원,"서울특별시 동대문구 장안동 379"
메타세쿼이아,샛별공원,"서울특별시 동대문구 장안동 379"
메타세쿼이아,샛별공원,"서울특별시 동대문구 장안동 379"
메타세쿼이아,샛별공원,"서울특별시 동대문구 장안동 379"
메타세쿼이아,샛별공원,"서울특별시 동대문구 장안동 379"
단풍나무,샛별공원,"서울특별시 동대문구 장안동 379"
단풍나무,샛별공원,"서울특별시 동대문구 장안동 379"
단풍나무,샛별공원,"서울특별시 동대문구 장안동 379"
단풍나무,샛별공원,"서울특별시 동대문구 장안동 379"
메타세쿼이아,샛별공원,"서울특별시 동대문구 장안동 379"
메타세쿼이아,샛별공원,"서울특별시 동대문구 장안동 379"
메타세쿼이아,샛별공원,"서울특별시 동대문구 장안동 379"
단풍나무,샛별공원,"서울특별시 동대문구 장안동 379"
메타세쿼이아,샛별공원,"서울특별시 동대문구 장안동 379"
메타세쿼이아,샛별공원,"서울특별시 동대문구 장안동 379"
단풍나무,샛별공원,"서울특별시 동대문구 장안동 379"
단풍나무,샛별공원,"서울특별시 동대문구 장안동 379"
단풍나무,샛별공원,"서울특별시 동대문구 장안동 379"
단풍나무,샛별공원,"서울특별시 동대문구 장안동 379"
메타세쿼이아,샛별공원,"서울특별시 동대문구 장안동 379"
메타세쿼이아,샛별공원,"서울특별시 동대문구 장안동 379"
메타세쿼이아,샛별공원,"서울특별시 동대문구 장안동 379"
메타세쿼이아,샛별공원,"서울특별시 동대문구 장안동 379"
메타세쿼이아,샛별공원,"서울특별시 동대문구 장안동 379"
메타세쿼이아,샛별공원,"서울특별시 동대문구 장안동 379"
감나무,샛별공원,"서울특별시 동대문구 장안동 379"
감나무,샛별공원,"서울특별시 동대문구 장안동 379"
감나무,샛별공원,"서울특별시 동대문구 장안동 379"
잣나무,샛별공원,"서울특별시 동대문구 장안동 379"
잣나무,샛별공원,"서울특별시 동대문구 장안동 379"
잣나무,샛별공원,"서울특별시 동대문구 장안동 379"
잣나무,샛별공원,"서울특별시 동대문구 장안동 379"
잣나무,샛별공원,"서울특별시 동대문구 장안동 379"
잣나무,샛별공원,"서울특별시 동대문구 장안동 379"
단풍나무,샛별공원,"서울특별시 동대문구 장안동 379"
잣나무,샛별공원,"서울특별시 동대문구 장안동 379"
잣나무,샛별공원,"서울특별시 동대문구 장안동 379"
잣나무,샛별공원,"서울특별시 동대문구 장안동 379"
잣나무,샛별공원,"서울특별시 동대문구 장안동 379"
잣나무,샛별공원,"서울특별시 동대문구 장안동 379"
단풍나무,샛별공원,"서울특별시 동대문구 장안동 379"
느티나무,샛별공원,"서울특별시 동대문구 장안동 379"
잣나무,샛별공원,"서울특별시 동대문구 장안동 379"
잣나무,샛별공원,"서울특별시 동대문구 장안동 379"
이팝나무,동산공원,"서울특별시 동대문구 답십리동 998-1"
잣나무,동산공원,"서울특별시 동대문구 답십리동 998-1"
잣나무,동산공원,"서울특별시 동대문구 답십리동 998-1"
잣나무,동산공원,"서울특별시 동대문구 답십리동 998-1"
감나무,동산공원,"서울특별시 동대문구 답십리동 998-1"
이팝나무,동산공원,"서울특별시 동대문구 답십리동 998-1"
이팝나무,동산공원,"서울특별시 동대문구 답십리동 998-1"
느티나무,동산공원,"서울특별시 동대문구 답십리동 998-1"
느티나무,동산공원,"서울특별시 동대문구 답십리동 998-1"
느티나무,동산공원,"서울특별시 동대문구 답십리동 998-1"
느티나무,동산공원,"서울특별시 동대문구 답십리동 998-1"
느티나무,동산공원,"서울특별시 동대문구 답십리동 998-1"
느티나무,동산공원,"서울특별시 동대문구 답십리동 998-1"
단풍나무,동산공원,"서울특별시 동대문구 답십리동 998-1"
모과나무,동산공원,"서울특별시 동대문구 답십리동 998-1"
단풍나무,동산공원,"서울특별시 동대문구 답십리동 998-1"
벚나무,동산공원,"서울특별시 동대문구 답십리동 998-1"
벚나무,동산공원,"서울특별시 동대문구 답십리동 998-1"
단풍나무,동산공원,"서울특별시 동대문구 답십리동 998-1"
벚나무,동산공원,"서울특별시 동대문구 답십리동 998-1"
벚나무,동산공원,"서울특별시 동대문구 답십리동 998-1"
벚나무,동산공원,"서울특별시 동대문구 답십리동 998-1"
감나무,동산공원,"서울특별시 동대문구 답십리동 998-1"
목련,동산공원,"서울특별시 동대문구 답십리동 998-1"
벚나무,동산공원,"서울특별시 동대문구 답십리동 998-1"
벚나무,동산공원,"서울특별시 동대문구 답십리동 998-1"
벚나무,동산공원,"서울특별시 동대문구 답십리동 998-1"
사과나무,동산공원,"서울특별시 동대문구 답십리동 998-1"
단풍나무,동산공원,"서울특별시 동대문구 답십리동 998-1"
단풍나무,동산공원,"서울특별시 동대문구 답십리동 998-1"
단풍나무,동산공원,"서울특별시 동대문구 답십리동 998-1"
모과나무,동산공원,"서울특별시 동대문구 답십리동 998-1"
잣나무,동산공원,"서울특별시 동대문구 답십리동 998-1"
잣나무,동산공원,"서울특별시 동대문구 답십리동 998-1"
잣나무,동산공원,"서울특별시 동대문구 답십리동 998-1"
잣나무,동산공원,"서울특별시 동대문구 답십리동 998-1"
잣나무,동산공원,"서울특별시 동대문구 답십리동 998-1"
잣나무,동산공원,"서울특별시 동대문구 답십리동 998-1"
잣나무,동산공원,"서울특별시 동대문구 답십리동 998-1"
잣나무,동산공원,"서울특별시 동대문구 답십리동 998-1"
잣나무,동산공원,"서울특별시 동대문구 답십리동 998-1"
이팝나무,동산공원,"서울특별시 동대문구 답십리동 998-1"
주목,동산공원,"서울특별시 동대문구 답십리동 998-1"
벚나무,동산공원,"서울특별시 동대문구 답십리동 998-1"
잣나무,동산공원,"서울특별시 동대문구 답십리동 998-1"
벚나무,동산공원,"서울특별시 동대문구 답십리동 998-1"
벚나무,동산공원,"서울특별시 동대문구 답십리동 998-1"
잣나무,동산공원,"서울특별시 동대문구 답십리동 998-1"
잣나무,동산공원,"서울특별시 동대문구 답십리동 998-1"
느릅나무,동산공원,"서울특별시 동대문구 답십리동 998-1"
느티나무,용두공원,"서울특별시 동대문구 용두동 34-1"
느티나무,용두공원,"서울특별시 동대문구 용두동 34-1"
느티나무,용두공원,"서울특별시 동대문구 용두동 34-1"
느티나무,용두공원,"서울특별시 동대문구 용두동 34-1"
느티나무,용두공원,"서울특별시 동대문구 용두동 34-1"
느티나무,용두공원,"서울특별시 동대문구 용두동 34-1"
단풍나무,용두공원,"서울특별시 동대문구 용두동 34-1"
대추나무,용두공원,"서울특별시 동대문구 용두동 34-1"
대추나무,용두공원,"서울특별시 동대문구 용두동 34-1"
단풍나무,용두공원,"서울특별시 동대문구 용두동 34-1"
단풍나무,용두공원,"서울특별시 동대문구 용두동 34-1"
버드나무,용두공원,"서울특별시 동대문구 용두동 34-1"
대추나무,용두공원,"서울특별시 동대문구 용두동 34-1"
대추나무,용두공원,"서울특별시 동대문구 용두동 34-1"
대추나무,용두공원,"서울특별시 동대문구 용두동 34-1"
목련,용두공원,"서울특별시 동대문구 용두동 34-1"
느티나무,용두공원,"서울특별시 동대문구 용두동 34-1"
느티나무,용두공원,"서울특별시 동대문구 용두동 34-1"
느티나무,용두공원,"서울특별시 동대문구 용두동 34-1"
느티나무,용두공원,"서울특별시 동대문구 용두동 34-1"
느티나무,용두공원,"서울특별시 동대문구 용두동 34-1"
느티나무,용두공원,"서울특별시 동대문구 용두동 34-1"
자귀나무,용두공원,"서울특별시 동대문구 용두동 34-1"
배롱나무,용두공원,"서울특별시 동대문구 용두동 34-1"
자귀나무,용두공원,"서울특별시 동대문구 용두동 34-1"
자귀나무,용두공원,"서울특별시 동대문구 용두동 34-1"
자귀나무,용두공원,"서울특별시 동대문구 용두동 34-1"
벚나무,용두공원,"서울특별시 동대문구 용두동 34-1"
벚나무,용두공원,"서울특별시 동대문구 용두동 34-1"
벚나무,용두공원,"서울특별시 동대문구 용두동 34-1"
벚나무,용두공원,"서울특별시 동대문구 용두동 34-1"
벚나무,용두공원,"서울특별시 동대문구 용두동 34-1"
벚나무,용두공원,"서울특별시 동대문구 용두동 34-1"
벚나무,용두공원,"서울특별시 동대문구 용두동 34-1"
단풍나무,용두공원,"서울특별시 동대문구 용두동 34-1"
벚나무,용두공원,"서울특별시 동대문구 용두동 34-1"
매실나무,용두공원,"서울특별시 동대문구 용두동 34-1"
매실나무,용두공원,"서울특별시 동대문구 용두동 34-1"
살구나무,용두공원,"서울특별시 동대문구 용두동 34-1"
산수유,용두공원,"서울특별시 동대문구 용두동 34-1"
산수유,용두공원,"서울특별시 동대문구 용두동 34-1"
산수유,용두공원,"서울특별시 동대문구 용두동 34-1"
산수유,용두공원,"서울특별시 동대문구 용두동 34-1"
산수유,용두공원,"서울특별시 동대문구 용두동 34-1"
중국단풍,용두공원,"서울특별시 동대문구 용두동 34-1"
모과나무,용두공원,"서울특별시 동대문구 용두동 34-1"
중국단풍,용두공원,"서울특별시 동대문구 용두동 34-1"
참나무,용두공원,"서울특별시 동대문구 용두동 34-1"
모과나무,용두공원,"서울특별시 동대문구 용두동 34-1"
참나무,용두공원,"서울특별시 동대문구 용두동 34-1"
중국단풍,용두공원,"서울특별시 동대문구 용두동 34-1"
소나무,용두공원,"서울특별시 동대문구 용두동 34-1"
산수유,용두공원,"서울특별시 동대문구 용두동 34-1"
이팝나무,용두공원,"서울특별시 동대문구 용두동 34-1"
소나무,용두공원,"서울특별시 동대문구 용두동 34-1"
이팝나무,용두공원,"서울특별시 동대문구 용두동 34-1"
느티나무,용두공원,"서울특별시 동대문구 용두동 34-1"
소나무,용두공원,"서울특별시 동대문구 용두동 34-1"
소나무,용두공원,"서울특별시 동대문구 용두동 34-1"
소나무,용두공원,"서울특별시 동대문구 용두동 34-1"
소나무,용두공원,"서울특별시 동대문구 용두동 34-1"
소나무,용두공원,"서울특별시 동대문구 용두동 34-1"
소나무,용두공원,"서울특별시 동대문구 용두동 34-1"
소나무,용두공원,"서울특별시 동대문구 용두동 34-1"
소나무,용두공원,"서울특별시 동대문구 용두동 34-1"
소나무,용두공원,"서울특별시 동대문구 용두동 34-1"
소나무,용두공원,"서울특별시 동대문구 용두동 34-1"
소나무,용두공원,"서울특별시 동대문구 용두동 34-1"
소나무,용두공원,"서울특별시 동대문구 용두동 34-1"
소나무,용두공원,"서울특별시 동대문구 용두동 34-1"
소나무,용두공원,"서울특별시 동대문구 용두동 34-1"
소나무,용두공원,"서울특별시 동대문구 용두동 34-1"
이팝나무,용두공원,"서울특별시 동대문구 용두동 34-1"
단풍나무,용두공원,"서울특별시 동대문구 용두동 34-1"
단풍나무,용두공원,"서울특별시 동대문구 용두동 34-1"
단풍나무,용두공원,"서울특별시 동대문구 용두동 34-1"
백합나무,용두공원,"서울특별시 동대문구 용두동 34-1"
단풍나무,용두공원,"서울특별시 동대문구 용두동 34-1"
단풍나무,용두공원,"서울특별시 동대문구 용두동 34-1"
살구나무,용두공원,"서울특별시 동대문구 용두동 34-1"
백합나무,용두공원,"서울특별시 동대문구 용두동 34-1"
매실나무,용두공원,"서울특별시 동대문구 용두동 34-1"
단풍나무,용두공원,"서울특별시 동대문구 용두동 34-1"
백합나무,용두공원,"서울특별시 동대문구 용두동 34-1"
매실나무,용두공원,"서울특별시 동대문구 용두동 34-1"
소나무,용두공원,"서울특별시 동대문구 용두동 34-1"
단풍나무,용두공원,"서울특별시 동대문구 용두동 34-1"
소나무,용두공원,"서울특별시 동대문구 용두동 34-1"
소나무,용두공원,"서울특별시 동대문구 용두동 34-1"
매실나무,용두공원,"서울특별시 동대문구 용두동 34-1"
뽕나무,용두공원,"서울특별시 동대문구 용두동 34-1"
주목,용두공원,"서울특별시 동대문구 용두동 34-1"
주목,용두공원,"서울특별시 동대문구 용두동 34-1"
감나무,용두공원,"서울특별시 동대문구 용두동 34-1"
감나무,용두공원,"서울특별시 동대문구 용두동 34-1"
살구나무,용두공원,"서울특별시 동대문구 용두동 34-1"
감나무,용두공원,"서울특별시 동대문구 용두동 34-1"
단풍나무,용두공원,"서울특별시 동대문구 용두동 34-1"
자귀나무,용두공원,"서울특별시 동대문구 용두동 34-1"
단풍나무,용두공원,"서울특별시 동대문구 용두동 34-1"
백합나무,용두공원,"서울특별시 동대문구 용두동 34-1"
단풍나무,용두공원,"서울특별시 동대문구 용두동 34-1"
단풍나무,용두공원,"서울특별시 동대문구 용두동 34-1"
참나무,용두공원,"서울특별시 동대문구 용두동 34-1"
단풍나무,용두공원,"서울특별시 동대문구 용두동 34-1"
백합나무,용두공원,"서울특별시 동대문구 용두동 34-1"
소나무,용두공원,"서울특별시 동대문구 용두동 34-1"
소나무,용두공원,"서울특별시 동대문구 용두동 34-1"
소나무,용두공원,"서울특별시 동대문구 용두동 34-1"
참나무,용두공원,"서울특별시 동대문구 용두동 34-1"
단풍나무,용두공원,"서울특별시 동대문구 용두동 34-1"
참나무,용두공원,"서울특별시 동대문구 용두동 34-1"
이팝나무,용두공원,"서울특별시 동대문구 용두동 34-1"
벚나무,용두공원,"서울특별시 동대문구 용두동 34-1"
벚나무,용두공원,"서울특별시 동대문구 용두동 34-1"
단풍나무,용두공원,"서울특별시 동대문구 용두동 34-1"
단풍나무,용두공원,"서울특별시 동대문구 용두동 34-1"
단풍나무,용두공원,"서울특별시 동대문구 용두동 34-1"
때죽나무,용두공원,"서울특별시 동대문구 용두동 34-1"
백합나무,용두공원,"서울특별시 동대문구 용두동 34-1"
벚나무,용두공원,"서울특별시 동대문구 용두동 34-1"
벚나무,용두공원,"서울특별시 동대문구 용두동 34-1"
벚나무,용두공원,"서울특별시 동대문구 용두동 34-1"
소나무,용두공원,"서울특별시 동대문구 용두동 34-1"
단풍나무,용두공원,"서울특별시 동대문구 용두동 34-1"
단풍나무,용두공원,"서울특별시 동대문구 용두동 34-1"
버드나무,용두공원,"서울특별시 동대문구 용두동 34-1"
뽕나무,용두공원,"서울특별시 동대문구 용두동 34-1"
벚나무,용두공원,"서울특별시 동대문구 용두동 34-1"
소나무,용두공원,"서울특별시 동대문구 용두동 34-1"
단풍나무,용두공원,"서울특별시 동대문구 용두동 34-1"
참나무,용두공원,"서울특별시 동대문구 용두동 34-1"
단풍나무,용두공원,"서울특별시 동대문구 용두동 34-1"
벚나무,용두공원,"서울특별시 동대문구 용두동 34-1"
참나무,용두공원,"서울특별시 동대문구 용두동 34-1"
느티나무,용두공원,"서울특별시 동대문구 용두동 34-1"
벚나무,용두공원,"서울특별시 동대문구 용두동 34-1"
참나무,용두공원,"서울특별시 동대문구 용두동 34-1"
참나무,용두공원,"서울특별시 동대문구 용두동 34-1"
산딸나무,용두공원,"서울특별시 동대문구 용두동 34-1"
산딸나무,용두공원,"서울특별시 동대문구 용두동 34-1"
밤나무,용두공원,"서울특별시 동대문구 용두동 34-1"
살구나무,용두공원,"서울특별시 동대문구 용두동 34-1"
참나무,용두공원,"서울특별시 동대문구 용두동 34-1"
참나무,용두공원,"서울특별시 동대문구 용두동 34-1"
참나무,용두공원,"서울특별시 동대문구 용두동 34-1"
소나무,용두공원,"서울특별시 동대문구 용두동 34-1"
참나무,용두공원,"서울특별시 동대문구 용두동 34-1"
이팝나무,용두공원,"서울특별시 동대문구 용두동 34-1"
소나무,용두공원,"서울특별시 동대문구 용두동 34-1"
단풍나무,용두공원,"서울특별시 동대문구 용두동 34-1"
참나무,용두공원,"서울특별시 동대문구 용두동 34-1"
단풍나무,용두공원,"서울특별시 동대문구 용두동 34-1"
이팝나무,용두공원,"서울특별시 동대문구 용두동 34-1"
소나무,용두공원,"서울특별시 동대문구 용두동 34-1"
소나무,용두공원,"서울특별시 동대문구 용두동 34-1"
때죽나무,용두공원,"서울특별시 동대문구 용두동 34-1"
소나무,용두공원,"서울특별시 동대문구 용두동 34-1"
벚나무,용두공원,"서울특별시 동대문구 용두동 34-1"
단풍나무,용두공원,"서울특별시 동대문구 용두동 34-1"
단풍나무,용두공원,"서울특별시 동대문구 용두동 34-1"
단풍나무,용두공원,"서울특별시 동대문구 용두동 34-1"
향나무,용두공원,"서울특별시 동대문구 용두동 34-1"
이팝나무,용두공원,"서울특별시 동대문구 용두동 34-1"
벚나무,용두공원,"서울특별시 동대문구 용두동 34-1"
참나무,용두공원,"서울특별시 동대문구 용두동 34-1"
느티나무,용두공원,"서울특별시 동대문구 용두동 34-1"
잣나무,용두공원,"서울특별시 동대문구 용두동 34-1"
벚나무,용두공원,"서울특별시 동대문구 용두동 34-1"
이팝나무,용두공원,"서울특별시 동대문구 용두동 34-1"
단풍나무,용두공원,"서울특별시 동대문구 용두동 34-1"
이팝나무,용두공원,"서울특별시 동대문구 용두동 34-1"
단풍나무,용두공원,"서울특별시 동대문구 용두동 34-1"
벚나무,용두공원,"서울특별시 동대문구 용두동 34-1"
단풍나무,용두공원,"서울특별시 동대문구 용두동 34-1"
모과나무,용두공원,"서울특별시 동대문구 용두동 34-1"
단풍나무,용두공원,"서울특별시 동대문구 용두동 34-1"
잣나무,용두공원,"서울특별시 동대문구 용두동 34-1"
단풍나무,용두공원,"서울특별시 동대문구 용두동 34-1"
잣나무,용두공원,"서울특별시 동대문구 용두동 34-1"
모과나무,용두공원,"서울특별시 동대문구 용두동 34-1"
잣나무,용두공원,"서울특별시 동대문구 용두동 34-1"
잣나무,용두공원,"서울특별시 동대문구 용두동 34-1"
소나무,용두공원,"서울특별시 동대문구 용두동 34-1"
소나무,용두공원,"서울특별시 동대문구 용두동 34-1"
소나무,용두공원,"서울특별시 동대문구 용두동 34-1"
소나무,용두공원,"서울특별시 동대문구 용두동 34-1"
소나무,용두공원,"서울특별시 동대문구 용두동 34-1"
단풍나무,용두공원,"서울특별시 동대문구 용두동 34-1"
느티나무,용두공원,"서울특별시 동대문구 용두동 34-1"
느티나무,용두공원,"서울특별시 동대문구 용두동 34-1"
모과나무,용두공원,"서울특별시 동대문구 용두동 34-1"
향나무,용두공원,"서울특별시 동대문구 용두동 34-1"
단풍나무,용두공원,"서울특별시 동대문구 용두동 34-1"
향나무,용두공원,"서울특별시 동대문구 용두동 34-1"
단풍나무,용두공원,"서울특별시 동대문구 용두동 34-1"
벚나무,용두공원,"서울특별시 동대문구 용두동 34-1"
잣나무,용두공원,"서울특별시 동대문구 용두동 34-1"
단풍나무,용두공원,"서울특별시 동대문구 용두동 34-1"
소나무,용두공원,"서울특별시 동대문구 용두동 34-1"
잣나무,용두공원,"서울특별시 동대문구 용두동 34-1"
단풍나무,용두공원,"서울특별시 동대문구 용두동 34-1"
벚나무,용두공원,"서울특별시 동대문구 용두동 34-1"
소나무,용두공원,"서울특별시 동대문구 용두동 34-1"
단풍나무,용두공원,"서울특별시 동대문구 용두동 34-1"
참나무,용두공원,"서울특별시 동대문구 용두동 34-1"
단풍나무,용두공원,"서울특별시 동대문구 용두동 34-1"
벚나무,용두공원,"서울특별시 동대문구 용두동 34-1"
중국단풍,용두공원,"서울특별시 동대문구 용두동 34-1"
벚나무,용두공원,"서울특별시 동대문구 용두동 34-1"
산수유,용두공원,"서울특별시 동대문구 용두동 34-1"
벚나무,용두공원,"서울특별시 동대문구 용두동 34-1"
산수유,용두공원,"서울특별시 동대문구 용두동 34-1"
소나무,용두공원,"서울특별시 동대문구 용두동 34-1"
산수유,용두공원,"서울특별시 동대문구 용두동 34-1"
소나무,용두공원,"서울특별시 동대문구 용두동 34-1"
중국단풍,용두공원,"서울특별시 동대문구 용두동 34-1"
감나무,용두공원,"서울특별시 동대문구 용두동 34-1"
산수유,용두공원,"서울특별시 동대문구 용두동 34-1"
중국단풍,용두공원,"서울특별시 동대문구 용두동 34-1"
소나무,용두공원,"서울특별시 동대문구 용두동 34-1"
소나무,용두공원,"서울특별시 동대문구 용두동 34-1"
소나무,용두공원,"서울특별시 동대문구 용두동 34-1"
소나무,용두공원,"서울특별시 동대문구 용두동 34-1"
소나무,용두공원,"서울특별시 동대문구 용두동 34-1"
참나무,용두공원,"서울특별시 동대문구 용두동 34-1"
소나무,용두공원,"서울특별시 동대문구 용두동 34-1"
산수유,용두공원,"서울특별시 동대문구 용두동 34-1"
소나무,용두공원,"서울특별시 동대문구 용두동 34-1"
소나무,용두공원,"서울특별시 동대문구 용두동 34-1"
감나무,용두공원,"서울특별시 동대문구 용두동 34-1"
산딸나무,용두공원,"서울특별시 동대문구 용두동 34-1"
감나무,용두공원,"서울특별시 동대문구 용두동 34-1"
모과나무,용두공원,"서울특별시 동대문구 용두동 34-1"
산수유,용두공원,"서울특별시 동대문구 용두동 34-1"
주목,용두공원,"서울특별시 동대문구 용두동 34-1"
단풍나무,용두공원,"서울특별시 동대문구 용두동 34-1"
단풍나무,용두공원,"서울특별시 동대문구 용두동 34-1"
단풍나무,용두공원,"서울특별시 동대문구 용두동 34-1"
단풍나무,용두공원,"서울특별시 동대문구 용두동 34-1"
모과나무,용두공원,"서울특별시 동대문구 용두동 34-1"
느티나무,용두공원,"서울특별시 동대문구 용두동 34-1"
모과나무,용두공원,"서울특별시 동대문구 용두동 34-1"
주목,용두공원,"서울특별시 동대문구 용두동 34-1"
느티나무,용두공원,"서울특별시 동대문구 용두동 34-1"
감나무,용두공원,"서울특별시 동대문구 용두동 34-1"
느티나무,용두공원,"서울특별시 동대문구 용두동 34-1"
주목,용두공원,"서울특별시 동대문구 용두동 34-1"
단풍나무,용두공원,"서울특별시 동대문구 용두동 34-1"
모과나무,용두공원,"서울특별시 동대문구 용두동 34-1"
단풍나무,용두공원,"서울특별시 동대문구 용두동 34-1"
모과나무,용두공원,"서울특별시 동대문구 용두동 34-1"
단풍나무,용두공원,"서울특별시 동대문구 용두동 34-1"
느티나무,용두공원,"서울특별시 동대문구 용두동 34-1"
모과나무,용두공원,"서울특별시 동대문구 용두동 34-1"
산수유,용두공원,"서울특별시 동대문구 용두동 34-1"
산수유,용두공원,"서울특별시 동대문구 용두동 34-1"
벚나무,용두공원,"서울특별시 동대문구 용두동 34-1"
단풍나무,용두공원,"서울특별시 동대문구 용두동 34-1"
단풍나무,용두공원,"서울특별시 동대문구 용두동 34-1"
벚나무,용두공원,"서울특별시 동대문구 용두동 34-1"
단풍나무,용두공원,"서울특별시 동대문구 용두동 34-1"
왕벚나무,용두공원,"서울특별시 동대문구 용두동 34-1"
벚나무,용두공원,"서울특별시 동대문구 용두동 34-1"
벚나무,용두공원,"서울특별시 동대문구 용두동 34-1"
단풍나무,용두공원,"서울특별시 동대문구 용두동 34-1"
단풍나무,용두공원,"서울특별시 동대문구 용두동 34-1"
소나무,용두공원,"서울특별시 동대문구 용두동 34-1"
소나무,용두공원,"서울특별시 동대문구 용두동 34-1"
소나무,용두공원,"서울특별시 동대문구 용두동 34-1"
참나무,용두공원,"서울특별시 동대문구 용두동 34-1"
소나무,용두공원,"서울특별시 동대문구 용두동 34-1"
소나무,용두공원,"서울특별시 동대문구 용두동 34-1"
소나무,용두공원,"서울특별시 동대문구 용두동 34-1"
소나무,용두공원,"서울특별시 동대문구 용두동 34-1"
소나무,용두공원,"서울특별시 동대문구 용두동 34-1"
단풍나무,용두공원,"서울특별시 동대문구 용두동 34-1"
단풍나무,용두공원,"서울특별시 동대문구 용두동 34-1"
단풍나무,용두공원,"서울특별시 동대문구 용두동 34-1"
산딸나무,용두공원,"서울특별시 동대문구 용두동 34-1"
산딸나무,용두공원,"서울특별시 동대문구 용두동 34-1"
은행나무,용두공원,"서울특별시 동대문구 용두동 34-1"
산딸나무,용두공원,"서울특별시 동대문구 용두동 34-1"
느티나무,용두공원,"서울특별시 동대문구 용두동 34-1"
밤나무,용두공원,"서울특별시 동대문구 용두동 34-1"
단풍나무,용두공원,"서울특별시 동대문구 용두동 34-1"
단풍나무,용두공원,"서울특별시 동대문구 용두동 34-1"
단풍나무,용두공원,"서울특별시 동대문구 용두동 34-1"
단풍나무,용두공원,"서울특별시 동대문구 용두동 34-1"
단풍나무,용두공원,"서울특별시 동대문구 용두동 34-1"
벚나무,용두공원,"서울특별시 동대문구 용두동 34-1"
벚나무,용두공원,"서울특별시 동대문구 용두동 34-1"
중국단풍,용두공원,"서울특별시 동대문구 용두동 34-1"
중국단풍,용두공원,"서울특별시 동대문구 용두동 34-1"
단풍나무,용두공원,"서울특별시 동대문구 용두동 34-1"
중국단풍,용두공원,"서울특별시 동대문구 용두동 34-1"
단풍나무,용두공원,"서울특별시 동대문구 용두동 34-1"
단풍나무,용두공원,"서울특별시 동대문구 용두동 34-1"
단풍나무,용두공원,"서울특별시 동대문구 용두동 34-1"
벚나무,용두공원,"서울특별시 동대문구 용두동 34-1"
단풍나무,용두공원,"서울특별시 동대문구 용두동 34-1"
단풍나무,용두공원,"서울특별시 동대문구 용두동 34-1"
회화나무,용두공원,"서울특별시 동대문구 용두동 34-1"
벚나무,용두공원,"서울특별시 동대문구 용두동 34-1"
벚나무,용두공원,"서울특별시 동대문구 용두동 34-1"
잣나무,용두공원,"서울특별시 동대문구 용두동 34-1"
잣나무,용두공원,"서울특별시 동대문구 용두동 34-1"
잣나무,용두공원,"서울특별시 동대문구 용두동 34-1"
잣나무,용두공원,"서울특별시 동대문구 용두동 34-1"
벚나무,용두공원,"서울특별시 동대문구 용두동 34-1"
단풍나무,용두공원,"서울특별시 동대문구 용두동 34-1"
단풍나무,용두공원,"서울특별시 동대문구 용두동 34-1"
때죽나무,용두공원,"서울특별시 동대문구 용두동 34-1"
벚나무,용두공원,"서울특별시 동대문구 용두동 34-1"
때죽나무,용두공원,"서울특별시 동대문구 용두동 34-1"
때죽나무,용두공원,"서울특별시 동대문구 용두동 34-1"
때죽나무,용두공원,"서울특별시 동대문구 용두동 34-1"
산수유,용두공원,"서울특별시 동대문구 용두동 34-1"
잣나무,용두공원,"서울특별시 동대문구 용두동 34-1"
단풍나무,용두공원,"서울특별시 동대문구 용두동 34-1"
잣나무,용두공원,"서울특별시 동대문구 용두동 34-1"
잣나무,용두공원,"서울특별시 동대문구 용두동 34-1"
잣나무,용두공원,"서울특별시 동대문구 용두동 34-1"
벚나무,용두공원,"서울특별시 동대문구 용두동 34-1"
벚나무,용두공원,"서울특별시 동대문구 용두동 34-1"
때죽나무,용두공원,"서울특별시 동대문구 용두동 34-1"
벚나무,용두공원,"서울특별시 동대문구 용두동 34-1"
벚나무,용두공원,"서울특별시 동대문구 용두동 34-1"
단풍나무,용두공원,"서울특별시 동대문구 용두동 34-1"
단풍나무,용두공원,"서울특별시 동대문구 용두동 34-1"
잣나무,용두공원,"서울특별시 동대문구 용두동 34-1"
단풍나무,용두공원,"서울특별시 동대문구 용두동 34-1"
잣나무,용두공원,"서울특별시 동대문구 용두동 34-1"
단풍나무,용두공원,"서울특별시 동대문구 용두동 34-1"
잣나무,용두공원,"서울특별시 동대문구 용두동 34-1"
느티나무,용두공원,"서울특별시 동대문구 용두동 34-1"
잣나무,용두공원,"서울특별시 동대문구 용두동 34-1"
잣나무,용두공원,"서울특별시 동대문구 용두동 34-1"
단풍나무,용두공원,"서울특별시 동대문구 용두동 34-1"
단풍나무,용두공원,"서울특별시 동대문구 용두동 34-1"
단풍나무,용두공원,"서울특별시 동대문구 용두동 34-1"
산딸나무,용두공원,"서울특별시 동대문구 용두동 34-1"
벚나무,용두공원,"서울특별시 동대문구 용두동 34-1"
단풍나무,용두공원,"서울특별시 동대문구 용두동 34-1"
느티나무,용두공원,"서울특별시 동대문구 용두동 34-1"
느티나무,용두공원,"서울특별시 동대문구 용두동 34-1"
산딸나무,용두공원,"서울특별시 동대문구 용두동 34-1"
때죽나무,용두공원,"서울특별시 동대문구 용두동 34-1"
단풍나무,용두공원,"서울특별시 동대문구 용두동 34-1"
때죽나무,용두공원,"서울특별시 동대문구 용두동 34-1"
단풍나무,용두공원,"서울특별시 동대문구 용두동 34-1"
단풍나무,용두공원,"서울특별시 동대문구 용두동 34-1"
단풍나무,용두공원,"서울특별시 동대문구 용두동 34-1"
때죽나무,용두공원,"서울특별시 동대문구 용두동 34-1"
때죽나무,용두공원,"서울특별시 동대문구 용두동 34-1"
때죽나무,용두공원,"서울특별시 동대문구 용두동 34-1"
모과나무,용두공원,"서울특별시 동대문구 용두동 34-1"
잣나무,용두공원,"서울특별시 동대문구 용두동 34-1"
잣나무,용두공원,"서울특별시 동대문구 용두동 34-1"
모과나무,용두공원,"서울특별시 동대문구 용두동 34-1"
잣나무,용두공원,"서울특별시 동대문구 용두동 34-1"
모과나무,용두공원,"서울특별시 동대문구 용두동 34-1"
잣나무,용두공원,"서울특별시 동대문구 용두동 34-1"
모과나무,용두공원,"서울특별시 동대문구 용두동 34-1"
잣나무,용두공원,"서울특별시 동대문구 용두동 34-1"
잣나무,용두공원,"서울특별시 동대문구 용두동 34-1"
모과나무,용두공원,"서울특별시 동대문구 용두동 34-1"
산수유,용두공원,"서울특별시 동대문구 용두동 34-1"
산수유,용두공원,"서울특별시 동대문구 용두동 34-1"
산수유,용두공원,"서울특별시 동대문구 용두동 34-1"
산수유,용두공원,"서울특별시 동대문구 용두동 34-1"
잣나무,용두공원,"서울특별시 동대문구 용두동 34-1"
산수유,용두공원,"서울특별시 동대문구 용두동 34-1"
산수유,용두공원,"서울특별시 동대문구 용두동 34-1"
소나무,용두공원,"서울특별시 동대문구 용두동 34-1"
잣나무,용두공원,"서울특별시 동대문구 용두동 34-1"
모과나무,용두공원,"서울특별시 동대문구 용두동 34-1"
소나무,용두공원,"서울특별시 동대문구 용두동 34-1"
잣나무,용두공원,"서울특별시 동대문구 용두동 34-1"
모과나무,용두공원,"서울특별시 동대문구 용두동 34-1"
느티나무,용두공원,"서울특별시 동대문구 용두동 34-1"
잣나무,용두공원,"서울특별시 동대문구 용두동 34-1"
잣나무,용두공원,"서울특별시 동대문구 용두동 34-1"
벚나무,용두공원,"서울특별시 동대문구 용두동 34-1"
벚나무,용두공원,"서울특별시 동대문구 용두동 34-1"
벚나무,용두공원,"서울특별시 동대문구 용두동 34-1"
잣나무,용두공원,"서울특별시 동대문구 용두동 34-1"
단풍나무,용두공원,"서울특별시 동대문구 용두동 34-1"
소나무,용두공원,"서울특별시 동대문구 용두동 34-1"
잣나무,용두공원,"서울특별시 동대문구 용두동 34-1"
단풍나무,용두공원,"서울특별시 동대문구 용두동 34-1"
소나무,용두공원,"서울특별시 동대문구 용두동 34-1"
잣나무,용두공원,"서울특별시 동대문구 용두동 34-1"
잣나무,용두공원,"서울특별시 동대문구 용두동 34-1"
단풍나무,용두공원,"서울특별시 동대문구 용두동 34-1"
잣나무,용두공원,"서울특별시 동대문구 용두동 34-1"
느티나무,용두공원,"서울특별시 동대문구 용두동 34-1"
메타세쿼이아,용두공원,"서울특별시 동대문구 용두동 34-1"
잣나무,용두공원,"서울특별시 동대문구 용두동 34-1"
메타세쿼이아,용두공원,"서울특별시 동대문구 용두동 34-1"
잣나무,용두공원,"서울특별시 동대문구 용두동 34-1"
잣나무,용두공원,"서울특별시 동대문구 용두동 34-1"
산수유,용두공원,"서울특별시 동대문구 용두동 34-1"
벚나무,용두공원,"서울특별시 동대문구 용두동 34-1"
목련,용두공원,"서울특별시 동대문구 용두동 34-1"
잣나무,용두공원,"서울특별시 동대문구 용두동 34-1"
벚나무,용두공원,"서울특별시 동대문구 용두동 34-1"
벚나무,용두공원,"서울특별시 동대문구 용두동 34-1"
소나무,용두공원,"서울특별시 동대문구 용두동 34-1"
메타세쿼이아,용두공원,"서울특별시 동대문구 용두동 34-1"
벚나무,용두공원,"서울특별시 동대문구 용두동 34-1"
벚나무,용두공원,"서울특별시 동대문구 용두동 34-1"
벚나무,용두공원,"서울특별시 동대문구 용두동 34-1"
벚나무,용두공원,"서울특별시 동대문구 용두동 34-1"
잣나무,용두공원,"서울특별시 동대문구 용두동 34-1"
벚나무,용두공원,"서울특별시 동대문구 용두동 34-1"
느티나무,용두공원,"서울특별시 동대문구 용두동 34-1"
느티나무,용두공원,"서울특별시 동대문구 용두동 34-1"
느티나무,용두공원,"서울특별시 동대문구 용두동 34-1"
잣나무,용두공원,"서울특별시 동대문구 용두동 34-1"
메타세쿼이아,용두공원,"서울특별시 동대문구 용두동 34-1"
소나무,용두공원,"서울특별시 동대문구 용두동 34-1"
벚나무,용두공원,"서울특별시 동대문구 용두동 34-1"
느티나무,용두공원,"서울특별시 동대문구 용두동 34-1"
잣나무,용두공원,"서울특별시 동대문구 용두동 34-1"
벚나무,용두공원,"서울특별시 동대문구 용두동 34-1"
메타세쿼이아,용두공원,"서울특별시 동대문구 용두동 34-1"
잣나무,용두공원,"서울특별시 동대문구 용두동 34-1"
단풍나무,용두공원,"서울특별시 동대문구 용두동 34-1"
잣나무,용두공원,"서울특별시 동대문구 용두동 34-1"
소나무,용두공원,"서울특별시 동대문구 용두동 34-1"
메타세쿼이아,용두공원,"서울특별시 동대문구 용두동 34-1"
잣나무,용두공원,"서울특별시 동대문구 용두동 34-1"
벚나무,용두공원,"서울특별시 동대문구 용두동 34-1"
잣나무,용두공원,"서울특별시 동대문구 용두동 34-1"
메타세쿼이아,용두공원,"서울특별시 동대문구 용두동 34-1"
소나무,용두공원,"서울특별시 동대문구 용두동 34-1"
소나무,용두공원,"서울특별시 동대문구 용두동 34-1"
잣나무,용두공원,"서울특별시 동대문구 용두동 34-1"
메타세쿼이아,용두공원,"서울특별시 동대문구 용두동 34-1"
잣나무,용두공원,"서울특별시 동대문구 용두동 34-1"
잣나무,용두공원,"서울특별시 동대문구 용두동 34-1"
메타세쿼이아,용두공원,"서울특별시 동대문구 용두동 34-1"
소나무,용두공원,"서울특별시 동대문구 용두동 34-1"
잣나무,용두공원,"서울특별시 동대문구 용두동 34-1"
잣나무,용두공원,"서울특별시 동대문구 용두동 34-1"
소나무,용두공원,"서울특별시 동대문구 용두동 34-1"
잣나무,용두공원,"서울특별시 동대문구 용두동 34-1"
중국단풍,용두공원,"서울특별시 동대문구 용두동 34-1"
중국단풍,용두공원,"서울특별시 동대문구 용두동 34-1"
느티나무,용두공원,"서울특별시 동대문구 용두동 34-1"
소나무,용두공원,"서울특별시 동대문구 용두동 34-1"
중국단풍,용두공원,"서울특별시 동대문구 용두동 34-1"
소나무,용두공원,"서울특별시 동대문구 용두동 34-1"
중국단풍,용두공원,"서울특별시 동대문구 용두동 34-1"
잣나무,용두공원,"서울특별시 동대문구 용두동 34-1"
소나무,용두공원,"서울특별시 동대문구 용두동 34-1"
잣나무,용두공원,"서울특별시 동대문구 용두동 34-1"
잣나무,용두공원,"서울특별시 동대문구 용두동 34-1"
느티나무,용두공원,"서울특별시 동대문구 용두동 34-1"
잣나무,용두공원,"서울특별시 동대문구 용두동 34-1"
목련,용두공원,"서울특별시 동대문구 용두동 34-1"
느티나무,용두공원,"서울특별시 동대문구 용두동 34-1"
벚나무,용두공원,"서울특별시 동대문구 용두동 34-1"
잣나무,용두공원,"서울특별시 동대문구 용두동 34-1"
잣나무,용두공원,"서울특별시 동대문구 용두동 34-1"
느티나무,용두공원,"서울특별시 동대문구 용두동 34-1"
느티나무,용두공원,"서울특별시 동대문구 용두동 34-1"
소나무,용두공원,"서울특별시 동대문구 용두동 34-1"
참나무,용두공원,"서울특별시 동대문구 용두동 34-1"
중국단풍,용두공원,"서울특별시 동대문구 용두동 34-1"
느티나무,용두공원,"서울특별시 동대문구 용두동 34-1"
잣나무,용두공원,"서울특별시 동대문구 용두동 34-1"
느티나무,용두공원,"서울특별시 동대문구 용두동 34-1"
잣나무,용두공원,"서울특별시 동대문구 용두동 34-1"
잣나무,용두공원,"서울특별시 동대문구 용두동 34-1"
잣나무,용두공원,"서울특별시 동대문구 용두동 34-1"
벚나무,용두공원,"서울특별시 동대문구 용두동 34-1"
잣나무,용두공원,"서울특별시 동대문구 용두동 34-1"
벚나무,용두공원,"서울특별시 동대문구 용두동 34-1"
벚나무,용두공원,"서울특별시 동대문구 용두동 34-1"
벚나무,용두공원,"서울특별시 동대문구 용두동 34-1"
벚나무,용두공원,"서울특별시 동대문구 용두동 34-1"
산수유,용두공원,"서울특별시 동대문구 용두동 34-1"
벚나무,용두공원,"서울특별시 동대문구 용두동 34-1"
벚나무,용두공원,"서울특별시 동대문구 용두동 34-1"
잣나무,용두공원,"서울특별시 동대문구 용두동 34-1"
벚나무,용두공원,"서울특별시 동대문구 용두동 34-1"
잣나무,용두공원,"서울특별시 동대문구 용두동 34-1"
벚나무,용두공원,"서울특별시 동대문구 용두동 34-1"
목련,용두공원,"서울특별시 동대문구 용두동 34-1"
벚나무,용두공원,"서울특별시 동대문구 용두동 34-1"
벚나무,용두공원,"서울특별시 동대문구 용두동 34-1"
벚나무,용두공원,"서울특별시 동대문구 용두동 34-1"
잣나무,용두공원,"서울특별시 동대문구 용두동 34-1"
벚나무,용두공원,"서울특별시 동대문구 용두동 34-1"
모과나무,용두공원,"서울특별시 동대문구 용두동 34-1"
벚나무,용두공원,"서울특별시 동대문구 용두동 34-1"
느티나무,용두공원,"서울특별시 동대문구 용두동 34-1"
은행나무,용두공원,"서울특별시 동대문구 용두동 34-1"
잣나무,용두공원,"서울특별시 동대문구 용두동 34-1"
벚나무,용두공원,"서울특별시 동대문구 용두동 34-1"
소나무,용두공원,"서울특별시 동대문구 용두동 34-1"
소나무,용두공원,"서울특별시 동대문구 용두동 34-1"
벚나무,용두공원,"서울특별시 동대문구 용두동 34-1"
단풍나무,용두공원,"서울특별시 동대문구 용두동 34-1"
벚나무,용두공원,"서울특별시 동대문구 용두동 34-1"
벚나무,용두공원,"서울특별시 동대문구 용두동 34-1"
잣나무,용두공원,"서울특별시 동대문구 용두동 34-1"
소나무,용두공원,"서울특별시 동대문구 용두동 34-1"
잣나무,용두공원,"서울특별시 동대문구 용두동 34-1"
잣나무,용두공원,"서울특별시 동대문구 용두동 34-1"
잣나무,용두공원,"서울특별시 동대문구 용두동 34-1"
소나무,용두공원,"서울특별시 동대문구 용두동 34-1"
벚나무,용두공원,"서울특별시 동대문구 용두동 34-1"
소나무,용두공원,"서울특별시 동대문구 용두동 34-1"
단풍나무,용두공원,"서울특별시 동대문구 용두동 34-1"
단풍나무,용두공원,"서울특별시 동대문구 용두동 34-1"
소나무,용두공원,"서울특별시 동대문구 용두동 34-1"
소나무,용두공원,"서울특별시 동대문구 용두동 34-1"
소나무,용두공원,"서울특별시 동대문구 용두동 34-1"
소나무,용두공원,"서울특별시 동대문구 용두동 34-1"
소나무,용두공원,"서울특별시 동대문구 용두동 34-1"
소나무,용두공원,"서울특별시 동대문구 용두동 34-1"
소나무,용두공원,"서울특별시 동대문구 용두동 34-1"
벚나무,용두공원,"서울특별시 동대문구 용두동 34-1"
소나무,용두공원,"서울특별시 동대문구 용두동 34-1"
소나무,용두공원,"서울특별시 동대문구 용두동 34-1"
소나무,용두공원,"서울특별시 동대문구 용두동 34-1"
벚나무,용두공원,"서울특별시 동대문구 용두동 34-1"
소나무,용두공원,"서울특별시 동대문구 용두동 34-1"
소나무,용두공원,"서울특별시 동대문구 용두동 34-1"
소나무,용두공원,"서울특별시 동대문구 용두동 34-1"
소나무,용두공원,"서울특별시 동대문구 용두동 34-1"
소나무,용두공원,"서울특별시 동대문구 용두동 34-1"
소나무,용두공원,"서울특별시 동대문구 용두동 34-1"
소나무,용두공원,"서울특별시 동대문구 용두동 34-1"
벚나무,용두공원,"서울특별시 동대문구 용두동 34-1"
소나무,용두공원,"서울특별시 동대문구 용두동 34-1"
대추나무,용두공원,"서울특별시 동대문구 용두동 34-1"
소나무,용두공원,"서울특별시 동대문구 용두동 34-1"
대추나무,용두공원,"서울특별시 동대문구 용두동 34-1"
소나무,용두공원,"서울특별시 동대문구 용두동 34-1"
소나무,용두공원,"서울특별시 동대문구 용두동 34-1"
소나무,용두공원,"서울특별시 동대문구 용두동 34-1"
소나무,용두공원,"서울특별시 동대문구 용두동 34-1"
벚나무,용두공원,"서울특별시 동대문구 용두동 34-1"
벚나무,용두공원,"서울특별시 동대문구 용두동 34-1"
대추나무,용두공원,"서울특별시 동대문구 용두동 34-1"
단풍나무,용두공원,"서울특별시 동대문구 용두동 34-1"
단풍나무,용두공원,"서울특별시 동대문구 용두동 34-1"
벚나무,용두공원,"서울특별시 동대문구 용두동 34-1"
벚나무,용두공원,"서울특별시 동대문구 용두동 34-1"
단풍나무,용두공원,"서울특별시 동대문구 용두동 34-1"
벚나무,용두공원,"서울특별시 동대문구 용두동 34-1"
소나무,용두공원,"서울특별시 동대문구 용두동 34-1"
소나무,용두공원,"서울특별시 동대문구 용두동 34-1"
느티나무,용두공원,"서울특별시 동대문구 용두동 34-1"
소나무,용두공원,"서울특별시 동대문구 용두동 34-1"
느티나무,용두공원,"서울특별시 동대문구 용두동 34-1"
느티나무,용두공원,"서울특별시 동대문구 용두동 34-1"
은행나무,용두공원,"서울특별시 동대문구 용두동 34-1"
느티나무,용두공원,"서울특별시 동대문구 용두동 34-1"
느티나무,용두공원,"서울특별시 동대문구 용두동 34-1"
느티나무,용두공원,"서울특별시 동대문구 용두동 34-1"
느티나무,용두공원,"서울특별시 동대문구 용두동 34-1"
벚나무,용두공원,"서울특별시 동대문구 용두동 34-1"
사과나무,아름드리공원,"서울특별시 동대문구 전농동 688-7"
사과나무,아름드리공원,"서울특별시 동대문구 전농동 688-7"
소나무,아름드리공원,"서울특별시 동대문구 전농동 688-7"
소나무,아름드리공원,"서울특별시 동대문구 전농동 688-7"
소나무,아름드리공원,"서울특별시 동대문구 전농동 688-7"
소나무,아름드리공원,"서울특별시 동대문구 전농동 688-7"
소나무,아름드리공원,"서울특별시 동대문구 전농동 688-7"
소나무,아름드리공원,"서울특별시 동대문구 전농동 688-7"
소나무,아름드리공원,"서울특별시 동대문구 전농동 688-7"
소나무,아름드리공원,"서울특별시 동대문구 전농동 688-7"
단풍나무,아름드리공원,"서울특별시 동대문구 전농동 688-7"
느티나무,아름드리공원,"서울특별시 동대문구 전농동 688-7"
소나무,아름드리공원,"서울특별시 동대문구 전농동 688-7"
느티나무,아름드리공원,"서울특별시 동대문구 전농동 688-7"
산수유,아름드리공원,"서울특별시 동대문구 전농동 688-7"
소나무,아름드리공원,"서울특별시 동대문구 전농동 688-7"
단풍나무,아름드리공원,"서울특별시 동대문구 전농동 688-7"
산수유,아름드리공원,"서울특별시 동대문구 전농동 688-7"
산수유,아름드리공원,"서울특별시 동대문구 전농동 688-7"
단풍나무,아름드리공원,"서울특별시 동대문구 전농동 688-7"
소나무,아름드리공원,"서울특별시 동대문구 전농동 688-7"
소나무,아름드리공원,"서울특별시 동대문구 전농동 688-7"
소나무,아름드리공원,"서울특별시 동대문구 전농동 688-7"
사과나무,아름드리공원,"서울특별시 동대문구 전농동 688-7"
단풍나무,아름드리공원,"서울특별시 동대문구 전농동 688-7"
사과나무,아름드리공원,"서울특별시 동대문구 전농동 688-7"
사과나무,아름드리공원,"서울특별시 동대문구 전농동 688-7"
느티나무,아름드리공원,"서울특별시 동대문구 전농동 688-7"
느티나무,아름드리공원,"서울특별시 동대문구 전농동 688-7"
뽕나무,아름드리공원,"서울특별시 동대문구 전농동 688-7"
느티나무,아름드리공원,"서울특별시 동대문구 전농동 688-7"
느티나무,아름드리공원,"서울특별시 동대문구 전농동 688-7"
소나무,아름드리공원,"서울특별시 동대문구 전농동 688-7"
소나무,아름드리공원,"서울특별시 동대문구 전농동 688-7"
벚나무,아름드리공원,"서울특별시 동대문구 전농동 688-7"
단풍나무,아름드리공원,"서울특별시 동대문구 전농동 688-7"
벚나무,아름드리공원,"서울특별시 동대문구 전농동 688-7"
산수유,아름드리공원,"서울특별시 동대문구 전농동 688-7"
소나무,아름드리공원,"서울특별시 동대문구 전농동 688-7"
사과나무,아름드리공원,"서울특별시 동대문구 전농동 688-7"
단풍나무,아름드리공원,"서울특별시 동대문구 전농동 688-7"
소나무,아름드리공원,"서울특별시 동대문구 전농동 688-7"
산딸나무,아름드리공원,"서울특별시 동대문구 전농동 688-7"
소나무,아름드리공원,"서울특별시 동대문구 전농동 688-7"
소나무,아름드리공원,"서울특별시 동대문구 전농동 688-7"
소나무,아름드리공원,"서울특별시 동대문구 전농동 688-7"
소나무,아름드리공원,"서울특별시 동대문구 전농동 688-7"
단풍나무,아름드리공원,"서울특별시 동대문구 전농동 688-7"
소나무,아름드리공원,"서울특별시 동대문구 전농동 688-7"
느티나무,아름드리공원,"서울특별시 동대문구 전농동 688-7"
소나무,아름드리공원,"서울특별시 동대문구 전농동 688-7"
산딸나무,아름드리공원,"서울특별시 동대문구 전농동 688-7"
사과나무,아름드리공원,"서울특별시 동대문구 전농동 688-7"
단풍나무,아름드리공원,"서울특별시 동대문구 전농동 688-7"
산수유,아름드리공원,"서울특별시 동대문구 전농동 688-7"
사과나무,아름드리공원,"서울특별시 동대문구 전농동 688-7"
산수유,아름드리공원,"서울특별시 동대문구 전농동 688-7"
사과나무,아름드리공원,"서울특별시 동대문구 전농동 688-7"
산수유,아름드리공원,"서울특별시 동대문구 전농동 688-7"
벚나무,아름드리공원,"서울특별시 동대문구 전농동 688-7"
단풍나무,아름드리공원,"서울특별시 동대문구 전농동 688-7"
메타세쿼이아,아름드리공원,"서울특별시 동대문구 전농동 688-7"
사과나무,아름드리공원,"서울특별시 동대문구 전농동 688-7"
사과나무,아름드리공원,"서울특별시 동대문구 전농동 688-7"
소나무,아름드리공원,"서울특별시 동대문구 전농동 688-7"
벚나무,아름드리공원,"서울특별시 동대문구 전농동 688-7"
소나무,아름드리공원,"서울특별시 동대문구 전농동 688-7"
잣나무,아름드리공원,"서울특별시 동대문구 전농동 688-7"
소나무,아름드리공원,"서울특별시 동대문구 전농동 688-7"
느티나무,아름드리공원,"서울특별시 동대문구 전농동 688-7"
소나무,아름드리공원,"서울특별시 동대문구 전농동 688-7"
잣나무,아름드리공원,"서울특별시 동대문구 전농동 688-7"
소나무,아름드리공원,"서울특별시 동대문구 전농동 688-7"
느티나무,아름드리공원,"서울특별시 동대문구 전농동 688-7"
소나무,아름드리공원,"서울특별시 동대문구 전농동 688-7"
소나무,아름드리공원,"서울특별시 동대문구 전농동 688-7"
가죽나무,아름드리공원,"서울특별시 동대문구 전농동 688-7"
소나무,아름드리공원,"서울특별시 동대문구 전농동 688-7"
소나무,아름드리공원,"서울특별시 동대문구 전농동 688-7"
소나무,아름드리공원,"서울특별시 동대문구 전농동 688-7"
소나무,아름드리공원,"서울특별시 동대문구 전농동 688-7"
소나무,아름드리공원,"서울특별시 동대문구 전농동 688-7"
단풍나무,아름드리공원,"서울특별시 동대문구 전농동 688-7"
소나무,아름드리공원,"서울특별시 동대문구 전농동 688-7"
소나무,아름드리공원,"서울특별시 동대문구 전농동 688-7"
벚나무,아름드리공원,"서울특별시 동대문구 전농동 688-7"
잣나무,아름드리공원,"서울특별시 동대문구 전농동 688-7"
벚나무,아름드리공원,"서울특별시 동대문구 전농동 688-7"
단풍나무,아름드리공원,"서울특별시 동대문구 전농동 688-7"
소나무,아름드리공원,"서울특별시 동대문구 전농동 688-7"
소나무,아름드리공원,"서울특별시 동대문구 전농동 688-7"
단풍나무,아름드리공원,"서울특별시 동대문구 전농동 688-7"
소나무,아름드리공원,"서울특별시 동대문구 전농동 688-7"
잣나무,아름드리공원,"서울특별시 동대문구 전농동 688-7"
소나무,아름드리공원,"서울특별시 동대문구 전농동 688-7"
소나무,아름드리공원,"서울특별시 동대문구 전농동 688-7"
단풍나무,아름드리공원,"서울특별시 동대문구 전농동 688-7"
단풍나무,아름드리공원,"서울특별시 동대문구 전농동 688-7"
잣나무,아름드리공원,"서울특별시 동대문구 전농동 688-7"
단풍나무,아름드리공원,"서울특별시 동대문구 전농동 688-7"
잣나무,아름드리공원,"서울특별시 동대문구 전농동 688-7"
산딸나무,아름드리공원,"서울특별시 동대문구 전농동 688-7"
산수유,아름드리공원,"서울특별시 동대문구 전농동 688-7"
산수유,아름드리공원,"서울특별시 동대문구 전농동 688-7"
산수유,아름드리공원,"서울특별시 동대문구 전농동 688-7"
산수유,아름드리공원,"서울특별시 동대문구 전농동 688-7"
단풍나무,아름드리공원,"서울특별시 동대문구 전농동 688-7"
사과나무,아름드리공원,"서울특별시 동대문구 전농동 688-7"
사과나무,아름드리공원,"서울특별시 동대문구 전농동 688-7"
산딸나무,아름드리공원,"서울특별시 동대문구 전농동 688-7"
잣나무,아름드리공원,"서울특별시 동대문구 전농동 688-7"
잣나무,아름드리공원,"서울특별시 동대문구 전농동 688-7"
산수유,아름드리공원,"서울특별시 동대문구 전농동 688-7"
단풍나무,아름드리공원,"서울특별시 동대문구 전농동 688-7"
소나무,아름드리공원,"서울특별시 동대문구 전농동 688-7"
소나무,아름드리공원,"서울특별시 동대문구 전농동 688-7"
벚나무,아름드리공원,"서울특별시 동대문구 전농동 688-7"
소나무,아름드리공원,"서울특별시 동대문구 전농동 688-7"
벚나무,아름드리공원,"서울특별시 동대문구 전농동 688-7"
소나무,아름드리공원,"서울특별시 동대문구 전농동 688-7"
벚나무,아름드리공원,"서울특별시 동대문구 전농동 688-7"
단풍나무,아름드리공원,"서울특별시 동대문구 전농동 688-7"
단풍나무,아름드리공원,"서울특별시 동대문구 전농동 688-7"
벚나무,아름드리공원,"서울특별시 동대문구 전농동 688-7"
단풍나무,아름드리공원,"서울특별시 동대문구 전농동 688-7"
단풍나무,아름드리공원,"서울특별시 동대문구 전농동 688-7"
느티나무,아름드리공원,"서울특별시 동대문구 전농동 688-7"
메타세쿼이아,아름드리공원,"서울특별시 동대문구 전농동 688-7"
느티나무,아름드리공원,"서울특별시 동대문구 전농동 688-7"
느티나무,아름드리공원,"서울특별시 동대문구 전농동 688-7"
소나무,아름드리공원,"서울특별시 동대문구 전농동 688-7"
소나무,아름드리공원,"서울특별시 동대문구 전농동 688-7"
소나무,아름드리공원,"서울특별시 동대문구 전농동 688-7"
소나무,아름드리공원,"서울특별시 동대문구 전농동 688-7"
단풍나무,아름드리공원,"서울특별시 동대문구 전농동 688-7"
소나무,아름드리공원,"서울특별시 동대문구 전농동 688-7"
느티나무,아름드리공원,"서울특별시 동대문구 전농동 688-7"
소나무,휘경공원,"서울특별시 동대문구 휘경동 372-2"
느티나무,휘경공원,"서울특별시 동대문구 휘경동 372-2"
느티나무,휘경공원,"서울특별시 동대문구 휘경동 372-2"
소나무,휘경공원,"서울특별시 동대문구 휘경동 372-2"
느티나무,휘경공원,"서울특별시 동대문구 휘경동 372-2"
벚나무,휘경공원,"서울특별시 동대문구 휘경동 372-2"
소나무,휘경공원,"서울특별시 동대문구 휘경동 372-2"
산딸나무,휘경공원,"서울특별시 동대문구 휘경동 372-2"
벚나무,휘경공원,"서울특별시 동대문구 휘경동 372-2"
단풍나무,휘경공원,"서울특별시 동대문구 휘경동 372-2"
벚나무,휘경공원,"서울특별시 동대문구 휘경동 372-2"
산딸나무,휘경공원,"서울특별시 동대문구 휘경동 372-2"
단풍나무,휘경공원,"서울특별시 동대문구 휘경동 372-2"
산딸나무,휘경공원,"서울특별시 동대문구 휘경동 372-2"
소나무,휘경공원,"서울특별시 동대문구 휘경동 372-2"
단풍나무,휘경공원,"서울특별시 동대문구 휘경동 372-2"
단풍나무,휘경공원,"서울특별시 동대문구 휘경동 372-2"
단풍나무,휘경공원,"서울특별시 동대문구 휘경동 372-2"
단풍나무,휘경공원,"서울특별시 동대문구 휘경동 372-2"
살구나무,휘경공원,"서울특별시 동대문구 휘경동 372-2"
은행나무,휘경공원,"서울특별시 동대문구 휘경동 372-2"
살구나무,휘경공원,"서울특별시 동대문구 휘경동 372-2"
산수유,휘경공원,"서울특별시 동대문구 휘경동 372-2"
잣나무,휘경공원,"서울특별시 동대문구 휘경동 372-2"
단풍나무,휘경공원,"서울특별시 동대문구 휘경동 372-2"
잣나무,휘경공원,"서울특별시 동대문구 휘경동 372-2"
살구나무,휘경공원,"서울특별시 동대문구 휘경동 372-2"
잣나무,휘경공원,"서울특별시 동대문구 휘경동 372-2"
잣나무,휘경공원,"서울특별시 동대문구 휘경동 372-2"
산수유,휘경공원,"서울특별시 동대문구 휘경동 372-2"
잣나무,휘경공원,"서울특별시 동대문구 휘경동 372-2"
산딸나무,휘경공원,"서울특별시 동대문구 휘경동 372-2"
소나무,휘경공원,"서울특별시 동대문구 휘경동 372-2"
소나무,휘경공원,"서울특별시 동대문구 휘경동 372-2"
산딸나무,휘경공원,"서울특별시 동대문구 휘경동 372-2"
단풍나무,휘경공원,"서울특별시 동대문구 휘경동 372-2"
단풍나무,휘경공원,"서울특별시 동대문구 휘경동 372-2"
산수유,휘경공원,"서울특별시 동대문구 휘경동 372-2"
단풍나무,휘경공원,"서울특별시 동대문구 휘경동 372-2"
소나무,휘경공원,"서울특별시 동대문구 휘경동 372-2"
소나무,휘경공원,"서울특별시 동대문구 휘경동 372-2"
단풍나무,휘경공원,"서울특별시 동대문구 휘경동 372-2"
소나무,휘경공원,"서울특별시 동대문구 휘경동 372-2"
소나무,휘경공원,"서울특별시 동대문구 휘경동 372-2"
단풍나무,휘경공원,"서울특별시 동대문구 휘경동 372-2"
소나무,휘경공원,"서울특별시 동대문구 휘경동 372-2"
살구나무,휘경공원,"서울특별시 동대문구 휘경동 372-2"
느티나무,휘경공원,"서울특별시 동대문구 휘경동 372-2"
산수유,휘경공원,"서울특별시 동대문구 휘경동 372-2"
소나무,휘경공원,"서울특별시 동대문구 휘경동 372-2"
산수유,휘경공원,"서울특별시 동대문구 휘경동 372-2"
산수유,휘경공원,"서울특별시 동대문구 휘경동 372-2"
이팝나무,휘경공원,"서울특별시 동대문구 휘경동 372-2"
벚나무,휘경공원,"서울특별시 동대문구 휘경동 372-2"
감나무,휘경공원,"서울특별시 동대문구 휘경동 372-2"
느티나무,휘경공원,"서울특별시 동대문구 휘경동 372-2"
살구나무,휘경공원,"서울특별시 동대문구 휘경동 372-2"
단풍나무,휘경공원,"서울특별시 동대문구 휘경동 372-2"
소나무,휘경공원,"서울특별시 동대문구 휘경동 372-2"
감나무,휘경공원,"서울특별시 동대문구 휘경동 372-2"
단풍나무,휘경공원,"서울특별시 동대문구 휘경동 372-2"
벚나무,휘경공원,"서울특별시 동대문구 휘경동 372-2"
감나무,휘경공원,"서울특별시 동대문구 휘경동 372-2"
감나무,휘경공원,"서울특별시 동대문구 휘경동 372-2"
단풍나무,휘경공원,"서울특별시 동대문구 휘경동 372-2"
느티나무,휘경공원,"서울특별시 동대문구 휘경동 372-2"
산수유,휘경공원,"서울특별시 동대문구 휘경동 372-2"
산수유,휘경공원,"서울특별시 동대문구 휘경동 372-2"
이팝나무,휘경공원,"서울특별시 동대문구 휘경동 372-2"
소나무,휘경공원,"서울특별시 동대문구 휘경동 372-2"
감나무,휘경공원,"서울특별시 동대문구 휘경동 372-2"
단풍나무,휘경공원,"서울특별시 동대문구 휘경동 372-2"
소나무,휘경공원,"서울특별시 동대문구 휘경동 372-2"
소나무,휘경공원,"서울특별시 동대문구 휘경동 372-2"
소나무,휘경공원,"서울특별시 동대문구 휘경동 372-2"
산딸나무,휘경공원,"서울특별시 동대문구 휘경동 372-2"
단풍나무,휘경공원,"서울특별시 동대문구 휘경동 372-2"
소나무,휘경공원,"서울특별시 동대문구 휘경동 372-2"
단풍나무,휘경공원,"서울특별시 동대문구 휘경동 372-2"
느티나무,휘경공원,"서울특별시 동대문구 휘경동 372-2"
살구나무,휘경공원,"서울특별시 동대문구 휘경동 372-2"
살구나무,휘경공원,"서울특별시 동대문구 휘경동 372-2"
단풍나무,휘경공원,"서울특별시 동대문구 휘경동 372-2"
소나무,휘경공원,"서울특별시 동대문구 휘경동 372-2"
감나무,휘경공원,"서울특별시 동대문구 휘경동 372-2"
살구나무,휘경공원,"서울특별시 동대문구 휘경동 372-2"
단풍나무,휘경공원,"서울특별시 동대문구 휘경동 372-2"
살구나무,휘경공원,"서울특별시 동대문구 휘경동 372-2"
단풍나무,휘경공원,"서울특별시 동대문구 휘경동 372-2"
단풍나무,휘경공원,"서울특별시 동대문구 휘경동 372-2"
단풍나무,휘경공원,"서울특별시 동대문구 휘경동 372-2"
벚나무,휘경공원,"서울특별시 동대문구 휘경동 372-2"
단풍나무,휘경공원,"서울특별시 동대문구 휘경동 372-2"
산딸나무,휘경공원,"서울특별시 동대문구 휘경동 372-2"
단풍나무,휘경공원,"서울특별시 동대문구 휘경동 372-2"
단풍나무,휘경공원,"서울특별시 동대문구 휘경동 372-2"
벚나무,휘경공원,"서울특별시 동대문구 휘경동 372-2"
느티나무,휘경공원,"서울특별시 동대문구 휘경동 372-2"
단풍나무,휘경공원,"서울특별시 동대문구 휘경동 372-2"
산수유,휘경공원,"서울특별시 동대문구 휘경동 372-2"
소나무,휘경공원,"서울특별시 동대문구 휘경동 372-2"
말채나무,휘경공원,"서울특별시 동대문구 휘경동 372-2"
산딸나무,휘경공원,"서울특별시 동대문구 휘경동 372-2"
살구나무,휘경공원,"서울특별시 동대문구 휘경동 372-2"
느티나무,휘경공원,"서울특별시 동대문구 휘경동 372-2"
느티나무,휘경공원,"서울특별시 동대문구 휘경동 372-2"
산딸나무,휘경공원,"서울특별시 동대문구 휘경동 372-2"
벚나무,휘경공원,"서울특별시 동대문구 휘경동 372-2"
벚나무,휘경공원,"서울특별시 동대문구 휘경동 372-2"
목련,휘경공원,"서울특별시 동대문구 휘경동 372-2"
벚나무,휘경공원,"서울특별시 동대문구 휘경동 372-2"
목련,휘경공원,"서울특별시 동대문구 휘경동 372-2"
목련,휘경공원,"서울특별시 동대문구 휘경동 372-2"
벚나무,휘경공원,"서울특별시 동대문구 휘경동 372-2"
벚나무,휘경공원,"서울특별시 동대문구 휘경동 372-2"
느티나무,휘경공원,"서울특별시 동대문구 휘경동 372-2"
벚나무,휘경공원,"서울특별시 동대문구 휘경동 372-2"
단풍나무,휘경공원,"서울특별시 동대문구 휘경동 372-2"
단풍나무,휘경공원,"서울특별시 동대문구 휘경동 372-2"
벚나무,휘경공원,"서울특별시 동대문구 휘경동 372-2"
소나무,휘경공원,"서울특별시 동대문구 휘경동 372-2"
소나무,휘경공원,"서울특별시 동대문구 휘경동 372-2"
목련,휘경공원,"서울특별시 동대문구 휘경동 372-2"
산수유,휘경공원,"서울특별시 동대문구 휘경동 372-2"
NULL,NULL,"서울특별시 동대문구 휘경동 368-4"
잣나무,장이공원,"서울특별시 동대문구 장안동 587-1"
잣나무,장이공원,"서울특별시 동대문구 장안동 587-1"
모과나무,장이공원,"서울특별시 동대문구 장안동 587-1"
잣나무,장이공원,"서울특별시 동대문구 장안동 587-1"
잣나무,장이공원,"서울특별시 동대문구 장안동 587-1"
잣나무,장이공원,"서울특별시 동대문구 장안동 587-1"
잣나무,장이공원,"서울특별시 동대문구 장안동 587-1"
잣나무,장이공원,"서울특별시 동대문구 장안동 587-1"
잣나무,장이공원,"서울특별시 동대문구 장안동 587-1"
잣나무,장이공원,"서울특별시 동대문구 장안동 587-1"
잣나무,장이공원,"서울특별시 동대문구 장안동 587-1"
잣나무,장이공원,"서울특별시 동대문구 장안동 587-1"
잣나무,장이공원,"서울특별시 동대문구 장안동 587-1"
팽나무,장이공원,"서울특별시 동대문구 장안동 587-1"
참나무,장이공원,"서울특별시 동대문구 장안동 587-1"
참나무,장이공원,"서울특별시 동대문구 장안동 587-1"
참나무,장이공원,"서울특별시 동대문구 장안동 587-1"
소나무,장이공원,"서울특별시 동대문구 장안동 587-1"
소나무,장이공원,"서울특별시 동대문구 장안동 587-1"
소나무,장이공원,"서울특별시 동대문구 장안동 587-1"
소나무,장이공원,"서울특별시 동대문구 장안동 587-1"
소나무,장이공원,"서울특별시 동대문구 장안동 587-1"
참나무,장이공원,"서울특별시 동대문구 장안동 587-1"
소나무,장이공원,"서울특별시 동대문구 장안동 587-1"
느티나무,장이공원,"서울특별시 동대문구 장안동 587-1"
느티나무,장이공원,"서울특별시 동대문구 장안동 587-1"
단풍나무,장이공원,"서울특별시 동대문구 장안동 587-1"
단풍나무,장이공원,"서울특별시 동대문구 장안동 587-1"
단풍나무,장이공원,"서울특별시 동대문구 장안동 587-1"
이팝나무,장이공원,"서울특별시 동대문구 장안동 587-1"
이팝나무,장이공원,"서울특별시 동대문구 장안동 587-1"
이팝나무,장이공원,"서울특별시 동대문구 장안동 587-1"
이팝나무,장이공원,"서울특별시 동대문구 장안동 587-1"
이팝나무,장이공원,"서울특별시 동대문구 장안동 587-1"
이팝나무,장이공원,"서울특별시 동대문구 장안동 587-1"
배롱나무,장이공원,"서울특별시 동대문구 장안동 587-1"
배롱나무,장이공원,"서울특별시 동대문구 장안동 587-1"
배롱나무,장이공원,"서울특별시 동대문구 장안동 587-1"
벚나무,장이공원,"서울특별시 동대문구 장안동 587-1"
벚나무,장이공원,"서울특별시 동대문구 장안동 587-1"
벚나무,장이공원,"서울특별시 동대문구 장안동 587-1"
잣나무,장이공원,"서울특별시 동대문구 장안동 587-1"
잣나무,장이공원,"서울특별시 동대문구 장안동 587-1"
잣나무,장이공원,"서울특별시 동대문구 장안동 587-1"
잣나무,장이공원,"서울특별시 동대문구 장안동 587-1"
잣나무,장이공원,"서울특별시 동대문구 장안동 587-1"
잣나무,장이공원,"서울특별시 동대문구 장안동 587-1"
잣나무,장이공원,"서울특별시 동대문구 장안동 587-1"
잣나무,장이공원,"서울특별시 동대문구 장안동 587-1"
잣나무,장이공원,"서울특별시 동대문구 장안동 587-1"
잣나무,장이공원,"서울특별시 동대문구 장안동 587-1"
잣나무,장이공원,"서울특별시 동대문구 장안동 587-1"
잣나무,장이공원,"서울특별시 동대문구 장안동 587-1"
잣나무,장이공원,"서울특별시 동대문구 장안동 587-1"
잣나무,장이공원,"서울특별시 동대문구 장안동 587-1"
잣나무,장이공원,"서울특별시 동대문구 장안동 587-1"
잣나무,장이공원,"서울특별시 동대문구 장안동 587-1"
잣나무,장이공원,"서울특별시 동대문구 장안동 587-1"
잣나무,장이공원,"서울특별시 동대문구 장안동 587-1"
잣나무,장이공원,"서울특별시 동대문구 장안동 587-1"
벚나무,장이공원,"서울특별시 동대문구 장안동 587-1"
벚나무,장이공원,"서울특별시 동대문구 장안동 587-1"
팽나무,장이공원,"서울특별시 동대문구 장안동 587-1"
참나무,장이공원,"서울특별시 동대문구 장안동 587-1"
참나무,장이공원,"서울특별시 동대문구 장안동 587-1"
참나무,장이공원,"서울특별시 동대문구 장안동 587-1"
참나무,장이공원,"서울특별시 동대문구 장안동 587-1"
참나무,장이공원,"서울특별시 동대문구 장안동 587-1"
참나무,장이공원,"서울특별시 동대문구 장안동 587-1"
참나무,장이공원,"서울특별시 동대문구 장안동 587-1"
참나무,장이공원,"서울특별시 동대문구 장안동 587-1"
참나무,장이공원,"서울특별시 동대문구 장안동 587-1"
참나무,장이공원,"서울특별시 동대문구 장안동 587-1"
단풍나무,장이공원,"서울특별시 동대문구 장안동 587-1"
단풍나무,장이공원,"서울특별시 동대문구 장안동 587-1"
단풍나무,장이공원,"서울특별시 동대문구 장안동 587-1"
벚나무,장이공원,"서울특별시 동대문구 장안동 587-1"
이팝나무,장이공원,"서울특별시 동대문구 장안동 587-1"
이팝나무,장이공원,"서울특별시 동대문구 장안동 587-1"
이팝나무,장이공원,"서울특별시 동대문구 장안동 587-1"
배롱나무,장이공원,"서울특별시 동대문구 장안동 587-1"
배롱나무,장이공원,"서울특별시 동대문구 장안동 587-1"
배롱나무,장이공원,"서울특별시 동대문구 장안동 587-1"
배롱나무,장이공원,"서울특별시 동대문구 장안동 587-1"
배롱나무,장이공원,"서울특별시 동대문구 장안동 587-1"
벚나무,장이공원,"서울특별시 동대문구 장안동 587-1"
이팝나무,장이공원,"서울특별시 동대문구 장안동 587-1"
모과나무,장이공원,"서울특별시 동대문구 장안동 587-1"
모과나무,장이공원,"서울특별시 동대문구 장안동 587-1"
목련,장이공원,"서울특별시 동대문구 장안동 587-1"
이팝나무,장이공원,"서울특별시 동대문구 장안동 587-1"
단풍나무,장이공원,"서울특별시 동대문구 장안동 587-1"
단풍나무,장이공원,"서울특별시 동대문구 장안동 587-1"
단풍나무,장이공원,"서울특별시 동대문구 장안동 587-1"
느티나무,장이공원,"서울특별시 동대문구 장안동 587-1"
느티나무,장이공원,"서울특별시 동대문구 장안동 587-1"
소나무,장이공원,"서울특별시 동대문구 장안동 587-1"
소나무,장이공원,"서울특별시 동대문구 장안동 587-1"
소나무,장이공원,"서울특별시 동대문구 장안동 587-1"
소나무,장이공원,"서울특별시 동대문구 장안동 587-1"
소나무,장이공원,"서울특별시 동대문구 장안동 587-1"
소나무,장이공원,"서울특별시 동대문구 장안동 587-1"
소나무,장이공원,"서울특별시 동대문구 장안동 587-1"
이팝나무,장이공원,"서울특별시 동대문구 장안동 587-1"
느티나무,장이공원,"서울특별시 동대문구 장안동 587-1"
소나무,장이공원,"서울특별시 동대문구 장안동 587-1"
소나무,장이공원,"서울특별시 동대문구 장안동 587-1"
NULL,NULL,"서울특별시 동대문구 이문동 264-181"
NULL,NULL,"서울특별시 동대문구 전농동 553-1"
느티나무,늘봄공원,"서울특별시 동대문구 장안동 343"
느티나무,늘봄공원,"서울특별시 동대문구 장안동 343"
느티나무,늘봄공원,"서울특별시 동대문구 장안동 343"
느티나무,늘봄공원,"서울특별시 동대문구 장안동 343"
향나무,늘봄공원,"서울특별시 동대문구 장안동 343"
향나무,늘봄공원,"서울특별시 동대문구 장안동 343"
느티나무,늘봄공원,"서울특별시 동대문구 장안동 343"
모감주나무,늘봄공원,"서울특별시 동대문구 장안동 343"
은행나무,늘봄공원,"서울특별시 동대문구 장안동 343"
양버즘나무,늘봄공원,"서울특별시 동대문구 장안동 343"
향나무,늘봄공원,"서울특별시 동대문구 장안동 343"
향나무,늘봄공원,"서울특별시 동대문구 장안동 343"
향나무,늘봄공원,"서울특별시 동대문구 장안동 343"
향나무,늘봄공원,"서울특별시 동대문구 장안동 343"
향나무,늘봄공원,"서울특별시 동대문구 장안동 343"
향나무,늘봄공원,"서울특별시 동대문구 장안동 343"
향나무,늘봄공원,"서울특별시 동대문구 장안동 343"
향나무,늘봄공원,"서울특별시 동대문구 장안동 343"
향나무,늘봄공원,"서울특별시 동대문구 장안동 343"
향나무,늘봄공원,"서울특별시 동대문구 장안동 343"
향나무,늘봄공원,"서울특별시 동대문구 장안동 343"
향나무,늘봄공원,"서울특별시 동대문구 장안동 343"
향나무,늘봄공원,"서울특별시 동대문구 장안동 343"
양버즘나무,늘봄공원,"서울특별시 동대문구 장안동 343"
느티나무,늘봄공원,"서울특별시 동대문구 장안동 343"
느티나무,늘봄공원,"서울특별시 동대문구 장안동 343"
느티나무,늘봄공원,"서울특별시 동대문구 장안동 343"
느티나무,늘봄공원,"서울특별시 동대문구 장안동 343"
은행나무,늘봄공원,"서울특별시 동대문구 장안동 343"
은행나무,늘봄공원,"서울특별시 동대문구 장안동 343"
산수유,늘봄공원,"서울특별시 동대문구 장안동 343"
산수유,늘봄공원,"서울특별시 동대문구 장안동 343"
산수유,늘봄공원,"서울특별시 동대문구 장안동 343"
은행나무,늘봄공원,"서울특별시 동대문구 장안동 343"
양버즘나무,늘봄공원,"서울특별시 동대문구 장안동 343"
감나무,늘봄공원,"서울특별시 동대문구 장안동 343"
은행나무,늘봄공원,"서울특별시 동대문구 장안동 343"
소나무,늘봄공원,"서울특별시 동대문구 장안동 343"
은행나무,늘봄공원,"서울특별시 동대문구 장안동 343"
소나무,늘봄공원,"서울특별시 동대문구 장안동 343"
양버즘나무,늘봄공원,"서울특별시 동대문구 장안동 343"
은행나무,늘봄공원,"서울특별시 동대문구 장안동 343"
은행나무,늘봄공원,"서울특별시 동대문구 장안동 343"
은행나무,늘봄공원,"서울특별시 동대문구 장안동 343"
은행나무,늘봄공원,"서울특별시 동대문구 장안동 343"
은행나무,늘봄공원,"서울특별시 동대문구 장안동 343"
은행나무,늘봄공원,"서울특별시 동대문구 장안동 343"
은행나무,늘봄공원,"서울특별시 동대문구 장안동 343"
은행나무,늘봄공원,"서울특별시 동대문구 장안동 343"
은행나무,늘봄공원,"서울특별시 동대문구 장안동 343"
은행나무,늘봄공원,"서울특별시 동대문구 장안동 343"
칠엽수,늘봄공원,"서울특별시 동대문구 장안동 343"
칠엽수,늘봄공원,"서울특별시 동대문구 장안동 343"
느티나무,늘봄공원,"서울특별시 동대문구 장안동 343"
은행나무,늘봄공원,"서울특별시 동대문구 장안동 343"
칠엽수,늘봄공원,"서울특별시 동대문구 장안동 343"
은행나무,늘봄공원,"서울특별시 동대문구 장안동 343"
양버즘나무,늘봄공원,"서울특별시 동대문구 장안동 343"
이팝나무,늘봄공원,"서울특별시 동대문구 장안동 343"
이팝나무,늘봄공원,"서울특별시 동대문구 장안동 343"
이팝나무,늘봄공원,"서울특별시 동대문구 장안동 343"
양버즘나무,늘봄공원,"서울특별시 동대문구 장안동 343"
단풍나무,늘봄공원,"서울특별시 동대문구 장안동 343"
단풍나무,늘봄공원,"서울특별시 동대문구 장안동 343"
단풍나무,늘봄공원,"서울특별시 동대문구 장안동 343"
단풍나무,늘봄공원,"서울특별시 동대문구 장안동 343"
양버즘나무,늘봄공원,"서울특별시 동대문구 장안동 343"
감나무,늘봄공원,"서울특별시 동대문구 장안동 343"
양버즘나무,늘봄공원,"서울특별시 동대문구 장안동 343"
모과나무,늘봄공원,"서울특별시 동대문구 장안동 343"
모과나무,늘봄공원,"서울특별시 동대문구 장안동 343"
모과나무,늘봄공원,"서울특별시 동대문구 장안동 343"
은행나무,늘봄공원,"서울특별시 동대문구 장안동 343"
양버즘나무,늘봄공원,"서울특별시 동대문구 장안동 343"
양버즘나무,늘봄공원,"서울특별시 동대문구 장안동 343"
양버즘나무,늘봄공원,"서울특별시 동대문구 장안동 343"
양버즘나무,늘봄공원,"서울특별시 동대문구 장안동 343"
단풍나무,늘봄공원,"서울특별시 동대문구 장안동 343"
단풍나무,늘봄공원,"서울특별시 동대문구 장안동 343"
양버즘나무,늘봄공원,"서울특별시 동대문구 장안동 343"
양버즘나무,늘봄공원,"서울특별시 동대문구 장안동 343"
목련,휘경공원,"서울특별시 동대문구 휘경동 372-2"
살구나무,휘경공원,"서울특별시 동대문구 휘경동 372-2"
목련,휘경공원,"서울특별시 동대문구 휘경동 372-2"
벚나무,휘경공원,"서울특별시 동대문구 휘경동 372-2"
벚나무,휘경공원,"서울특별시 동대문구 휘경동 372-2"
느티나무,휘경공원,"서울특별시 동대문구 휘경동 372-2"
산수유,휘경공원,"서울특별시 동대문구 휘경동 372-2"
측백나무,휘경공원,"서울특별시 동대문구 휘경동 372-2"
측백나무,휘경공원,"서울특별시 동대문구 휘경동 372-2"
산수유,휘경공원,"서울특별시 동대문구 휘경동 372-2"
산수유,휘경공원,"서울특별시 동대문구 휘경동 372-2"
소나무,휘경공원,"서울특별시 동대문구 휘경동 372-2"
소나무,휘경공원,"서울특별시 동대문구 휘경동 372-2"
소나무,휘경공원,"서울특별시 동대문구 휘경동 372-2"
소나무,휘경공원,"서울특별시 동대문구 휘경동 372-2"
단풍나무,휘경공원,"서울특별시 동대문구 휘경동 372-2"
잣나무,휘경공원,"서울특별시 동대문구 휘경동 372-2"
산수유,휘경공원,"서울특별시 동대문구 휘경동 372-2"
단풍나무,휘경공원,"서울특별시 동대문구 휘경동 372-2"
단풍나무,휘경공원,"서울특별시 동대문구 휘경동 372-2"
산수유,휘경공원,"서울특별시 동대문구 휘경동 372-2"
산수유,휘경공원,"서울특별시 동대문구 휘경동 372-2"
산딸나무,휘경공원,"서울특별시 동대문구 휘경동 372-2"
산딸나무,휘경공원,"서울특별시 동대문구 휘경동 372-2"
감나무,휘경공원,"서울특별시 동대문구 휘경동 372-2"
감나무,휘경공원,"서울특별시 동대문구 휘경동 372-2"
잣나무,휘경공원,"서울특별시 동대문구 휘경동 372-2"
벚나무,휘경공원,"서울특별시 동대문구 휘경동 372-2"
측백나무,휘경공원,"서울특별시 동대문구 휘경동 372-2"
측백나무,휘경공원,"서울특별시 동대문구 휘경동 372-2"
측백나무,휘경공원,"서울특별시 동대문구 휘경동 372-2"
측백나무,휘경공원,"서울특별시 동대문구 휘경동 372-2"
느티나무,휘경공원,"서울특별시 동대문구 휘경동 372-2"
벚나무,휘경공원,"서울특별시 동대문구 휘경동 372-2"
단풍나무,휘경공원,"서울특별시 동대문구 휘경동 372-2"
단풍나무,휘경공원,"서울특별시 동대문구 휘경동 372-2"
단풍나무,휘경공원,"서울특별시 동대문구 휘경동 372-2"
소나무,휘경공원,"서울특별시 동대문구 휘경동 372-2"
목련,휘경공원,"서울특별시 동대문구 휘경동 372-2"
목련,휘경공원,"서울특별시 동대문구 휘경동 372-2"
측백나무,휘경공원,"서울특별시 동대문구 휘경동 372-2"
느티나무,휘경공원,"서울특별시 동대문구 휘경동 372-2"
측백나무,휘경공원,"서울특별시 동대문구 휘경동 372-2"
측백나무,휘경공원,"서울특별시 동대문구 휘경동 372-2"
측백나무,휘경공원,"서울특별시 동대문구 휘경동 372-2"
측백나무,휘경공원,"서울특별시 동대문구 휘경동 372-2"
자두나무,휘경공원,"서울특별시 동대문구 휘경동 372-2"
단풍나무,휘경공원,"서울특별시 동대문구 휘경동 372-2"
단풍나무,휘경공원,"서울특별시 동대문구 휘경동 372-2"
단풍나무,휘경공원,"서울특별시 동대문구 휘경동 372-2"
살구나무,휘경공원,"서울특별시 동대문구 휘경동 372-2"
느티나무,휘경공원,"서울특별시 동대문구 휘경동 372-2"
살구나무,휘경공원,"서울특별시 동대문구 휘경동 372-2"
살구나무,휘경공원,"서울특별시 동대문구 휘경동 372-2"
살구나무,휘경공원,"서울특별시 동대문구 휘경동 372-2"
단풍나무,휘경공원,"서울특별시 동대문구 휘경동 372-2"
산수유,휘경공원,"서울특별시 동대문구 휘경동 372-2"
산수유,휘경공원,"서울특별시 동대문구 휘경동 372-2"
산수유,휘경공원,"서울특별시 동대문구 휘경동 372-2"
단풍나무,휘경공원,"서울특별시 동대문구 휘경동 372-2"
목련,휘경공원,"서울특별시 동대문구 휘경동 372-2"
단풍나무,휘경공원,"서울특별시 동대문구 휘경동 372-2"
목련,휘경공원,"서울특별시 동대문구 휘경동 372-2"
단풍나무,휘경공원,"서울특별시 동대문구 휘경동 372-2"
목련,휘경공원,"서울특별시 동대문구 휘경동 372-2"
감나무,휘경공원,"서울특별시 동대문구 휘경동 372-2"
벚나무,휘경공원,"서울특별시 동대문구 휘경동 372-2"
느티나무,휘경공원,"서울특별시 동대문구 휘경동 372-2"
감나무,휘경공원,"서울특별시 동대문구 휘경동 372-2"
감나무,휘경공원,"서울특별시 동대문구 휘경동 372-2"
벚나무,휘경공원,"서울특별시 동대문구 휘경동 372-2"
벚나무,휘경공원,"서울특별시 동대문구 휘경동 372-2"
벚나무,휘경공원,"서울특별시 동대문구 휘경동 372-2"
단풍나무,휘경공원,"서울특별시 동대문구 휘경동 372-2"
벚나무,휘경공원,"서울특별시 동대문구 휘경동 372-2"
단풍나무,휘경공원,"서울특별시 동대문구 휘경동 372-2"
단풍나무,휘경공원,"서울특별시 동대문구 휘경동 372-2"
감나무,휘경공원,"서울특별시 동대문구 휘경동 372-2"
느티나무,휘경공원,"서울특별시 동대문구 휘경동 372-2"
소나무,휘경공원,"서울특별시 동대문구 휘경동 372-2"
중국단풍,휘경공원,"서울특별시 동대문구 휘경동 372-2"
소나무,휘경공원,"서울특별시 동대문구 휘경동 372-2"
소나무,휘경공원,"서울특별시 동대문구 휘경동 372-2"
잣나무,휘경공원,"서울특별시 동대문구 휘경동 372-2"
잣나무,휘경공원,"서울특별시 동대문구 휘경동 372-2"
잣나무,휘경공원,"서울특별시 동대문구 휘경동 372-2"
잣나무,휘경공원,"서울특별시 동대문구 휘경동 372-2"
느티나무,휘경공원,"서울특별시 동대문구 휘경동 372-2"
단풍나무,휘경공원,"서울특별시 동대문구 휘경동 372-2"
소나무,휘경공원,"서울특별시 동대문구 휘경동 372-2"
단풍나무,휘경공원,"서울특별시 동대문구 휘경동 372-2"
소나무,휘경공원,"서울특별시 동대문구 휘경동 372-2"
벚나무,휘경공원,"서울특별시 동대문구 휘경동 372-2"
감나무,휘경공원,"서울특별시 동대문구 휘경동 372-2"
소나무,휘경공원,"서울특별시 동대문구 휘경동 372-2"
벚나무,휘경공원,"서울특별시 동대문구 휘경동 372-2"
벚나무,휘경공원,"서울특별시 동대문구 휘경동 372-2"
소나무,휘경공원,"서울특별시 동대문구 휘경동 372-2"
감나무,휘경공원,"서울특별시 동대문구 휘경동 372-2"
소나무,휘경공원,"서울특별시 동대문구 휘경동 372-2"
산수유,휘경공원,"서울특별시 동대문구 휘경동 372-2"
단풍나무,휘경공원,"서울특별시 동대문구 휘경동 372-2"
단풍나무,휘경공원,"서울특별시 동대문구 휘경동 372-2"
벚나무,휘경공원,"서울특별시 동대문구 휘경동 372-2"
단풍나무,휘경공원,"서울특별시 동대문구 휘경동 372-2"
단풍나무,휘경공원,"서울특별시 동대문구 휘경동 372-2"
단풍나무,휘경공원,"서울특별시 동대문구 휘경동 372-2"
목련,휘경공원,"서울특별시 동대문구 휘경동 372-2"
산딸나무,휘경공원,"서울특별시 동대문구 휘경동 372-2"
산딸나무,휘경공원,"서울특별시 동대문구 휘경동 372-2"
목련,휘경공원,"서울특별시 동대문구 휘경동 372-2"
NULL,NULL,"서울특별시 동대문구 청량리동 산1-1"
NULL,NULL,"서울특별시 동대문구 전농동 675"
NULL,NULL,"서울특별시 동대문구 장안동 190-62"
NULL,NULL,"서울특별시 동대문구 용두동 795-2"
NULL,NULL,"서울특별시 동대문구 휘경동 43-275"
NULL,NULL,"서울특별시 동대문구 휘경동 43-275"
NULL,NULL,"서울특별시 동대문구 전농동 695-1"
NULL,NULL,"서울특별시 동대문구 휘경동 375-1"
NULL,NULL,"서울특별시 동대문구 용두동 696-8"
NULL,NULL,"서울특별시 동대문구 휘경동 49-384"
NULL,NULL,"서울특별시 동대문구 제기동 274-1"
모감주나무,미나리공원,"서울특별시 동대문구 장안동 449"
향나무,미나리공원,"서울특별시 동대문구 장안동 449"
모감주나무,미나리공원,"서울특별시 동대문구 장안동 449"
모감주나무,미나리공원,"서울특별시 동대문구 장안동 449"
살구나무,미나리공원,"서울특별시 동대문구 장안동 449"
살구나무,미나리공원,"서울특별시 동대문구 장안동 449"
살구나무,미나리공원,"서울특별시 동대문구 장안동 449"
목련,미나리공원,"서울특별시 동대문구 장안동 449"
중국단풍,미나리공원,"서울특별시 동대문구 장안동 449"
중국단풍,미나리공원,"서울특별시 동대문구 장안동 449"
은행나무,미나리공원,"서울특별시 동대문구 장안동 449"
살구나무,미나리공원,"서울특별시 동대문구 장안동 449"
살구나무,미나리공원,"서울특별시 동대문구 장안동 449"
살구나무,미나리공원,"서울특별시 동대문구 장안동 449"
은행나무,미나리공원,"서울특별시 동대문구 장안동 449"
뽕나무,미나리공원,"서울특별시 동대문구 장안동 449"
뽕나무,미나리공원,"서울특별시 동대문구 장안동 449"
살구나무,미나리공원,"서울특별시 동대문구 장안동 449"
느티나무,미나리공원,"서울특별시 동대문구 장안동 449"
은행나무,미나리공원,"서울특별시 동대문구 장안동 449"
단풍나무,미나리공원,"서울특별시 동대문구 장안동 449"
단풍나무,미나리공원,"서울특별시 동대문구 장안동 449"
단풍나무,미나리공원,"서울특별시 동대문구 장안동 449"
벚나무,미나리공원,"서울특별시 동대문구 장안동 449"
벚나무,미나리공원,"서울특별시 동대문구 장안동 449"
벚나무,미나리공원,"서울특별시 동대문구 장안동 449"
벚나무,미나리공원,"서울특별시 동대문구 장안동 449"
칠엽수,미나리공원,"서울특별시 동대문구 장안동 449"
칠엽수,미나리공원,"서울특별시 동대문구 장안동 449"
칠엽수,미나리공원,"서울특별시 동대문구 장안동 449"
목련,미나리공원,"서울특별시 동대문구 장안동 449"
목련,미나리공원,"서울특별시 동대문구 장안동 449"
목련,미나리공원,"서울특별시 동대문구 장안동 449"
잣나무,미나리공원,"서울특별시 동대문구 장안동 449"
잣나무,미나리공원,"서울특별시 동대문구 장안동 449"
잣나무,미나리공원,"서울특별시 동대문구 장안동 449"
잣나무,미나리공원,"서울특별시 동대문구 장안동 449"
잣나무,미나리공원,"서울특별시 동대문구 장안동 449"
잣나무,미나리공원,"서울특별시 동대문구 장안동 449"
잣나무,미나리공원,"서울특별시 동대문구 장안동 449"
잣나무,미나리공원,"서울특별시 동대문구 장안동 449"
잣나무,미나리공원,"서울특별시 동대문구 장안동 449"
잣나무,미나리공원,"서울특별시 동대문구 장안동 449"
살구나무,미나리공원,"서울특별시 동대문구 장안동 449"
살구나무,미나리공원,"서울특별시 동대문구 장안동 449"
살구나무,미나리공원,"서울특별시 동대문구 장안동 449"
산딸나무,미나리공원,"서울특별시 동대문구 장안동 449"
살구나무,미나리공원,"서울특별시 동대문구 장안동 449"
살구나무,미나리공원,"서울특별시 동대문구 장안동 449"
살구나무,미나리공원,"서울특별시 동대문구 장안동 449"
산수유,미나리공원,"서울특별시 동대문구 장안동 449"
양버즘나무,미나리공원,"서울특별시 동대문구 장안동 449"
산사나무,미나리공원,"서울특별시 동대문구 장안동 449"
양버즘나무,미나리공원,"서울특별시 동대문구 장안동 449"
양버즘나무,미나리공원,"서울특별시 동대문구 장안동 449"
산딸나무,미나리공원,"서울특별시 동대문구 장안동 449"
양버즘나무,미나리공원,"서울특별시 동대문구 장안동 449"
은행나무,미나리공원,"서울특별시 동대문구 장안동 449"
산딸나무,미나리공원,"서울특별시 동대문구 장안동 449"
산딸나무,미나리공원,"서울특별시 동대문구 장안동 449"
양버즘나무,미나리공원,"서울특별시 동대문구 장안동 449"
산딸나무,미나리공원,"서울특별시 동대문구 장안동 449"
산딸나무,미나리공원,"서울특별시 동대문구 장안동 449"
은행나무,미나리공원,"서울특별시 동대문구 장안동 449"
은행나무,미나리공원,"서울특별시 동대문구 장안동 449"
은행나무,미나리공원,"서울특별시 동대문구 장안동 449"
소나무,미나리공원,"서울특별시 동대문구 장안동 449"
소나무,미나리공원,"서울특별시 동대문구 장안동 449"
소나무,미나리공원,"서울특별시 동대문구 장안동 449"
소나무,미나리공원,"서울특별시 동대문구 장안동 449"
단풍나무,미나리공원,"서울특별시 동대문구 장안동 449"
소나무,미나리공원,"서울특별시 동대문구 장안동 449"
목련,미나리공원,"서울특별시 동대문구 장안동 449"
칠엽수,미나리공원,"서울특별시 동대문구 장안동 449"
단풍나무,미나리공원,"서울특별시 동대문구 장안동 449"
은행나무,미나리공원,"서울특별시 동대문구 장안동 449"
단풍나무,미나리공원,"서울특별시 동대문구 장안동 449"
양버즘나무,미나리공원,"서울특별시 동대문구 장안동 449"
양버즘나무,미나리공원,"서울특별시 동대문구 장안동 449"
NULL,NULL,"서울특별시 동대문구 답십리동 471"
NULL,NULL,"서울특별시 동대문구 답십리동 1002-1"
NULL,NULL,"서울특별시 동대문구 답십리동 53-43"
NULL,NULL,"서울특별시 동대문구 청량리동 산1-145"
NULL,NULL,"서울특별시 동대문구 답십리동 산2-9"
NULL,NULL,"서울특별시 동대문구 답십리동 1009-1"
측백나무,안골공원,"서울특별시 동대문구 장안동 402"
측백나무,안골공원,"서울특별시 동대문구 장안동 402"
측백나무,안골공원,"서울특별시 동대문구 장안동 402"
측백나무,안골공원,"서울특별시 동대문구 장안동 402"
측백나무,안골공원,"서울특별시 동대문구 장안동 402"
측백나무,안골공원,"서울특별시 동대문구 장안동 402"
단풍나무,안골공원,"서울특별시 동대문구 장안동 402"
측백나무,안골공원,"서울특별시 동대문구 장안동 402"
측백나무,안골공원,"서울특별시 동대문구 장안동 402"
단풍나무,안골공원,"서울특별시 동대문구 장안동 402"
측백나무,안골공원,"서울특별시 동대문구 장안동 402"
전나무,안골공원,"서울특별시 동대문구 장안동 402"
측백나무,안골공원,"서울특별시 동대문구 장안동 402"
측백나무,안골공원,"서울특별시 동대문구 장안동 402"
측백나무,안골공원,"서울특별시 동대문구 장안동 402"
측백나무,안골공원,"서울특별시 동대문구 장안동 402"
측백나무,안골공원,"서울특별시 동대문구 장안동 402"
측백나무,안골공원,"서울특별시 동대문구 장안동 402"
측백나무,안골공원,"서울특별시 동대문구 장안동 402"
측백나무,안골공원,"서울특별시 동대문구 장안동 402"
측백나무,안골공원,"서울특별시 동대문구 장안동 402"
측백나무,안골공원,"서울특별시 동대문구 장안동 402"
측백나무,안골공원,"서울특별시 동대문구 장안동 402"
측백나무,안골공원,"서울특별시 동대문구 장안동 402"
측백나무,안골공원,"서울특별시 동대문구 장안동 402"
측백나무,안골공원,"서울특별시 동대문구 장안동 402"
측백나무,안골공원,"서울특별시 동대문구 장안동 402"
측백나무,안골공원,"서울특별시 동대문구 장안동 402"
측백나무,안골공원,"서울특별시 동대문구 장안동 402"
측백나무,안골공원,"서울특별시 동대문구 장안동 402"
측백나무,안골공원,"서울특별시 동대문구 장안동 402"
측백나무,안골공원,"서울특별시 동대문구 장안동 402"
측백나무,안골공원,"서울특별시 동대문구 장안동 402"
측백나무,안골공원,"서울특별시 동대문구 장안동 402"
소나무,안골공원,"서울특별시 동대문구 장안동 402"
소나무,안골공원,"서울특별시 동대문구 장안동 402"
소나무,안골공원,"서울특별시 동대문구 장안동 402"
소나무,안골공원,"서울특별시 동대문구 장안동 402"
소나무,안골공원,"서울특별시 동대문구 장안동 402"
소나무,안골공원,"서울특별시 동대문구 장안동 402"
소나무,안골공원,"서울특별시 동대문구 장안동 402"
느티나무,안골공원,"서울특별시 동대문구 장안동 402"
느티나무,안골공원,"서울특별시 동대문구 장안동 402"
은행나무,안골공원,"서울특별시 동대문구 장안동 402"
느티나무,안골공원,"서울특별시 동대문구 장안동 402"
느티나무,안골공원,"서울특별시 동대문구 장안동 402"
은행나무,안골공원,"서울특별시 동대문구 장안동 402"
단풍나무,안골공원,"서울특별시 동대문구 장안동 402"
은행나무,안골공원,"서울특별시 동대문구 장안동 402"
은행나무,안골공원,"서울특별시 동대문구 장안동 402"
잣나무,안골공원,"서울특별시 동대문구 장안동 402"
잣나무,안골공원,"서울특별시 동대문구 장안동 402"
잣나무,안골공원,"서울특별시 동대문구 장안동 402"
잣나무,안골공원,"서울특별시 동대문구 장안동 402"
잣나무,안골공원,"서울특별시 동대문구 장안동 402"
은행나무,안골공원,"서울특별시 동대문구 장안동 402"
단풍나무,안골공원,"서울특별시 동대문구 장안동 402"
단풍나무,안골공원,"서울특별시 동대문구 장안동 402"
느티나무,안골공원,"서울특별시 동대문구 장안동 402"
느티나무,안골공원,"서울특별시 동대문구 장안동 402"
단풍나무,안골공원,"서울특별시 동대문구 장안동 402"
단풍나무,안골공원,"서울특별시 동대문구 장안동 402"
단풍나무,안골공원,"서울특별시 동대문구 장안동 402"
산수유,안골공원,"서울특별시 동대문구 장안동 402"
산수유,안골공원,"서울특별시 동대문구 장안동 402"
산수유,안골공원,"서울특별시 동대문구 장안동 402"
산수유,안골공원,"서울특별시 동대문구 장안동 402"
산수유,안골공원,"서울특별시 동대문구 장안동 402"
단풍나무,안골공원,"서울특별시 동대문구 장안동 402"
단풍나무,안골공원,"서울특별시 동대문구 장안동 402"
느티나무,안골공원,"서울특별시 동대문구 장안동 402"
잣나무,안골공원,"서울특별시 동대문구 장안동 402"
잣나무,안골공원,"서울특별시 동대문구 장안동 402"
잣나무,안골공원,"서울특별시 동대문구 장안동 402"
잣나무,안골공원,"서울특별시 동대문구 장안동 402"
은행나무,안골공원,"서울특별시 동대문구 장안동 402"
잣나무,안골공원,"서울특별시 동대문구 장안동 402"
잣나무,안골공원,"서울특별시 동대문구 장안동 402"
잣나무,안골공원,"서울특별시 동대문구 장안동 402"
잣나무,안골공원,"서울특별시 동대문구 장안동 402"
잣나무,안골공원,"서울특별시 동대문구 장안동 402"
은행나무,안골공원,"서울특별시 동대문구 장안동 402"
잣나무,안골공원,"서울특별시 동대문구 장안동 402"
은행나무,안골공원,"서울특별시 동대문구 장안동 402"
느티나무,안골공원,"서울특별시 동대문구 장안동 402"
단풍나무,안골공원,"서울특별시 동대문구 장안동 402"
은행나무,안골공원,"서울특별시 동대문구 장안동 402"
단풍나무,안골공원,"서울특별시 동대문구 장안동 402"
느티나무,안골공원,"서울특별시 동대문구 장안동 402"
단풍나무,안골공원,"서울특별시 동대문구 장안동 402"
단풍나무,안골공원,"서울특별시 동대문구 장안동 402"
단풍나무,안골공원,"서울특별시 동대문구 장안동 402"
NULL,NULL,"서울특별시 동대문구 답십리동 294-69"
NULL,NULL,"서울특별시 동대문구 전농동 산32-20"
NULL,NULL,"서울특별시 동대문구 장안동 93-29"
은행나무,장일공원,"서울특별시 동대문구 장안동 164-1"
은행나무,장일공원,"서울특별시 동대문구 장안동 164-1"
은행나무,장일공원,"서울특별시 동대문구 장안동 164-1"
은행나무,장일공원,"서울특별시 동대문구 장안동 164-1"
살구나무,장일공원,"서울특별시 동대문구 장안동 164-1"
복숭아나무,장일공원,"서울특별시 동대문구 장안동 164-1"
잣나무,장일공원,"서울특별시 동대문구 장안동 164-1"
소나무,장일공원,"서울특별시 동대문구 장안동 164-1"
은행나무,장일공원,"서울특별시 동대문구 장안동 164-1"
은행나무,장일공원,"서울특별시 동대문구 장안동 164-1"
잣나무,장일공원,"서울특별시 동대문구 장안동 164-1"
은행나무,장일공원,"서울특별시 동대문구 장안동 164-1"
은행나무,장일공원,"서울특별시 동대문구 장안동 164-1"
은행나무,장일공원,"서울특별시 동대문구 장안동 164-1"
은행나무,장일공원,"서울특별시 동대문구 장안동 164-1"
은행나무,장일공원,"서울특별시 동대문구 장안동 164-1"
느티나무,장일공원,"서울특별시 동대문구 장안동 164-1"
은행나무,장일공원,"서울특별시 동대문구 장안동 164-1"
은행나무,장일공원,"서울특별시 동대문구 장안동 164-1"
느티나무,장일공원,"서울특별시 동대문구 장안동 164-1"
산수유,장일공원,"서울특별시 동대문구 장안동 164-1"
산수유,장일공원,"서울특별시 동대문구 장안동 164-1"
산수유,장일공원,"서울특별시 동대문구 장안동 164-1"
잣나무,장일공원,"서울특별시 동대문구 장안동 164-1"
잣나무,장일공원,"서울특별시 동대문구 장안동 164-1"
잣나무,장일공원,"서울특별시 동대문구 장안동 164-1"
잣나무,장일공원,"서울특별시 동대문구 장안동 164-1"
잣나무,장일공원,"서울특별시 동대문구 장안동 164-1"
잣나무,장일공원,"서울특별시 동대문구 장안동 164-1"
잣나무,장일공원,"서울특별시 동대문구 장안동 164-1"
잣나무,장일공원,"서울특별시 동대문구 장안동 164-1"
잣나무,장일공원,"서울특별시 동대문구 장안동 164-1"
잣나무,장일공원,"서울특별시 동대문구 장안동 164-1"
잣나무,장일공원,"서울특별시 동대문구 장안동 164-1"
잣나무,장일공원,"서울특별시 동대문구 장안동 164-1"
단풍나무,장일공원,"서울특별시 동대문구 장안동 164-1"
단풍나무,장일공원,"서울특별시 동대문구 장안동 164-1"
단풍나무,장일공원,"서울특별시 동대문구 장안동 164-1"
살구나무,장일공원,"서울특별시 동대문구 장안동 164-1"
잣나무,장일공원,"서울특별시 동대문구 장안동 164-1"
잣나무,장일공원,"서울특별시 동대문구 장안동 164-1"
잣나무,장일공원,"서울특별시 동대문구 장안동 164-1"
살구나무,장일공원,"서울특별시 동대문구 장안동 164-1"
살구나무,장일공원,"서울특별시 동대문구 장안동 164-1"
살구나무,장일공원,"서울특별시 동대문구 장안동 164-1"
잣나무,장일공원,"서울특별시 동대문구 장안동 164-1"
벚나무,장일공원,"서울특별시 동대문구 장안동 164-1"
은행나무,장일공원,"서울특별시 동대문구 장안동 164-1"
NULL,NULL,"서울특별시 동대문구 용두동 765-12"
소나무,동산공원,"서울특별시 동대문구 답십리동 998-1"
소나무,동산공원,"서울특별시 동대문구 답십리동 998-1"
소나무,동산공원,"서울특별시 동대문구 답십리동 998-1"
단풍나무,동산공원,"서울특별시 동대문구 답십리동 998-1"
소나무,동산공원,"서울특별시 동대문구 답십리동 998-1"
소나무,동산공원,"서울특별시 동대문구 답십리동 998-1"
소나무,동산공원,"서울특별시 동대문구 답십리동 998-1"
소나무,동산공원,"서울특별시 동대문구 답십리동 998-1"
소나무,동산공원,"서울특별시 동대문구 답십리동 998-1"
주목,동산공원,"서울특별시 동대문구 답십리동 998-1"
NULL,NULL,"서울특별시 동대문구 회기동 351-6"
NULL,NULL,"서울특별시 동대문구 답십리동 952-5"
NULL,NULL,"서울특별시 동대문구 용두동 138-61"
NULL,NULL,"서울특별시 동대문구 장안동 303"
NULL,NULL,"서울특별시 동대문구 용두동 715"
소나무,방아다리공원,"서울특별시 동대문구 제기동 132-1"
잣나무,방아다리공원,"서울특별시 동대문구 제기동 132-1"
잣나무,방아다리공원,"서울특별시 동대문구 제기동 132-1"
잣나무,방아다리공원,"서울특별시 동대문구 제기동 132-1"
감나무,방아다리공원,"서울특별시 동대문구 제기동 132-1"
산수유,방아다리공원,"서울특별시 동대문구 제기동 132-1"
산딸나무,방아다리공원,"서울특별시 동대문구 제기동 132-1"
목련,방아다리공원,"서울특별시 동대문구 제기동 132-1"
잣나무,방아다리공원,"서울특별시 동대문구 제기동 132-1"
잣나무,방아다리공원,"서울특별시 동대문구 제기동 132-1"
잣나무,방아다리공원,"서울특별시 동대문구 제기동 132-1"
벚나무,방아다리공원,"서울특별시 동대문구 제기동 132-1"
잣나무,방아다리공원,"서울특별시 동대문구 제기동 132-1"
측백나무,방아다리공원,"서울특별시 동대문구 제기동 132-1"
측백나무,방아다리공원,"서울특별시 동대문구 제기동 132-1"
측백나무,방아다리공원,"서울특별시 동대문구 제기동 132-1"
측백나무,방아다리공원,"서울특별시 동대문구 제기동 132-1"
이팝나무,방아다리공원,"서울특별시 동대문구 제기동 132-1"
단풍나무,방아다리공원,"서울특별시 동대문구 제기동 132-1"
단풍나무,방아다리공원,"서울특별시 동대문구 제기동 132-1"
벚나무,방아다리공원,"서울특별시 동대문구 제기동 132-1"
벚나무,방아다리공원,"서울특별시 동대문구 제기동 132-1"
잣나무,방아다리공원,"서울특별시 동대문구 제기동 132-1"
측백나무,방아다리공원,"서울특별시 동대문구 제기동 132-1"
잣나무,방아다리공원,"서울특별시 동대문구 제기동 132-1"
산수유,방아다리공원,"서울특별시 동대문구 제기동 132-1"
소나무,방아다리공원,"서울특별시 동대문구 제기동 132-1"
측백나무,방아다리공원,"서울특별시 동대문구 제기동 132-1"
소나무,방아다리공원,"서울특별시 동대문구 제기동 132-1"
소나무,방아다리공원,"서울특별시 동대문구 제기동 132-1"
느티나무,방아다리공원,"서울특별시 동대문구 제기동 132-1"
느티나무,방아다리공원,"서울특별시 동대문구 제기동 132-1"
느티나무,방아다리공원,"서울특별시 동대문구 제기동 132-1"
산수유,방아다리공원,"서울특별시 동대문구 제기동 132-1"
산수유,방아다리공원,"서울특별시 동대문구 제기동 132-1"
측백나무,방아다리공원,"서울특별시 동대문구 제기동 132-1"
단풍나무,방아다리공원,"서울특별시 동대문구 제기동 132-1"
단풍나무,방아다리공원,"서울특별시 동대문구 제기동 132-1"
단풍나무,방아다리공원,"서울특별시 동대문구 제기동 132-1"
단풍나무,방아다리공원,"서울특별시 동대문구 제기동 132-1"
단풍나무,방아다리공원,"서울특별시 동대문구 제기동 132-1"
벚나무,방아다리공원,"서울특별시 동대문구 제기동 132-1"
단풍나무,방아다리공원,"서울특별시 동대문구 제기동 132-1"
단풍나무,방아다리공원,"서울특별시 동대문구 제기동 132-1"
목련,방아다리공원,"서울특별시 동대문구 제기동 132-1"
잣나무,방아다리공원,"서울특별시 동대문구 제기동 132-1"
잣나무,방아다리공원,"서울특별시 동대문구 제기동 132-1"
잣나무,방아다리공원,"서울특별시 동대문구 제기동 132-1"
산수유,방아다리공원,"서울특별시 동대문구 제기동 132-1"
느티나무,방아다리공원,"서울특별시 동대문구 제기동 132-1"
벚나무,방아다리공원,"서울특별시 동대문구 제기동 132-1"
산수유,방아다리공원,"서울특별시 동대문구 제기동 132-1"
잣나무,방아다리공원,"서울특별시 동대문구 제기동 132-1"
잣나무,방아다리공원,"서울특별시 동대문구 제기동 132-1"
벚나무,방아다리공원,"서울특별시 동대문구 제기동 132-1"
산수유,방아다리공원,"서울특별시 동대문구 제기동 132-1"
잣나무,방아다리공원,"서울특별시 동대문구 제기동 132-1"
주목,방아다리공원,"서울특별시 동대문구 제기동 132-1"
느티나무,방아다리공원,"서울특별시 동대문구 제기동 132-1"
느티나무,방아다리공원,"서울특별시 동대문구 제기동 132-1"
느티나무,방아다리공원,"서울특별시 동대문구 제기동 132-1"
느티나무,방아다리공원,"서울특별시 동대문구 제기동 132-1"
벚나무,방아다리공원,"서울특별시 동대문구 제기동 132-1"
목련,방아다리공원,"서울특별시 동대문구 제기동 132-1"
측백나무,방아다리공원,"서울특별시 동대문구 제기동 132-1"
측백나무,방아다리공원,"서울특별시 동대문구 제기동 132-1"
측백나무,방아다리공원,"서울특별시 동대문구 제기동 132-1"
목련,방아다리공원,"서울특별시 동대문구 제기동 132-1"
측백나무,방아다리공원,"서울특별시 동대문구 제기동 132-1"
NULL,NULL,"서울특별시 동대문구 답십리동 1004-4"
NULL,NULL,"서울특별시 동대문구 용두동 794-1"
