INTEGRATED_NAME,ADDRESS,AREA,TREES_KIND,TREE_NAME,CONIFEROUS_DECIDUOUS,EVERGREEN_DECIDUOUS,SIZE_STRUCTURE,FLOWER_FRUIT,FLOWER,SEASON
장안근린공원,"서울특별시 동대문구 장안동 300",14744.8,"모과나무 매실나무 양버즘나무 단풍나무 목련 잣나무 오동나무 이팝나무 계수나무 버드나무 산딸나무 은행나무 소나무 피나무 사과나무 산수유 뽕나무 향나무 감나무 가죽나무 느티나무 벚나무 물푸레나무 모감주나무 메타세쿼이아 아까시나무 오동나무 가문비나무 칠엽수 측백나무 백합나무 팥배나무 ",팥배나무,활엽수,낙엽수,교목,열매수,봄,X
장안근린공원,"서울특별시 동대문구 장안동 300",14744.8,"모과나무 매실나무 양버즘나무 단풍나무 목련 잣나무 오동나무 이팝나무 계수나무 버드나무 산딸나무 은행나무 소나무 피나무 사과나무 산수유 뽕나무 향나무 감나무 가죽나무 느티나무 벚나무 물푸레나무 모감주나무 메타세쿼이아 아까시나무 오동나무 가문비나무 칠엽수 측백나무 백합나무 팥배나무 ",백합나무,활엽수,낙엽수,교목,,봄,X
장안근린공원,"서울특별시 동대문구 장안동 300",14744.8,"모과나무 매실나무 양버즘나무 단풍나무 목련 잣나무 오동나무 이팝나무 계수나무 버드나무 산딸나무 은행나무 소나무 피나무 사과나무 산수유 뽕나무 향나무 감나무 가죽나무 느티나무 벚나무 물푸레나무 모감주나무 메타세쿼이아 아까시나무 오동나무 가문비나무 칠엽수 측백나무 백합나무 팥배나무 ",측백나무,침엽수,상록수,관목,,X,X
장안근린공원,"서울특별시 동대문구 장안동 300",14744.8,"모과나무 매실나무 양버즘나무 단풍나무 목련 잣나무 오동나무 이팝나무 계수나무 버드나무 산딸나무 은행나무 소나무 피나무 사과나무 산수유 뽕나무 향나무 감나무 가죽나무 느티나무 벚나무 물푸레나무 모감주나무 메타세쿼이아 아까시나무 오동나무 가문비나무 칠엽수 측백나무 백합나무 팥배나무 ",칠엽수,활엽수,낙엽수,교목,,봄,X
장안근린공원,"서울특별시 동대문구 장안동 300",14744.8,"모과나무 매실나무 양버즘나무 단풍나무 목련 잣나무 오동나무 이팝나무 계수나무 버드나무 산딸나무 은행나무 소나무 피나무 사과나무 산수유 뽕나무 향나무 감나무 가죽나무 느티나무 벚나무 물푸레나무 모감주나무 메타세쿼이아 아까시나무 오동나무 가문비나무 칠엽수 측백나무 백합나무 팥배나무 ",가문비나무,침엽수,상록수,교목,,X,X
장안근린공원,"서울특별시 동대문구 장안동 300",14744.8,"모과나무 매실나무 양버즘나무 단풍나무 목련 잣나무 오동나무 이팝나무 계수나무 버드나무 산딸나무 은행나무 소나무 피나무 사과나무 산수유 뽕나무 향나무 감나무 가죽나무 느티나무 벚나무 물푸레나무 모감주나무 메타세쿼이아 아까시나무 오동나무 가문비나무 칠엽수 측백나무 백합나무 팥배나무 ",아까시나무,활엽수,낙엽수,교목,화목,봄,X
장안근린공원,"서울특별시 동대문구 장안동 300",14744.8,"모과나무 매실나무 양버즘나무 단풍나무 목련 잣나무 오동나무 이팝나무 계수나무 버드나무 산딸나무 은행나무 소나무 피나무 사과나무 산수유 뽕나무 향나무 감나무 가죽나무 느티나무 벚나무 물푸레나무 모감주나무 메타세쿼이아 아까시나무 오동나무 가문비나무 칠엽수 측백나무 백합나무 팥배나무 ",메타세쿼이아,침엽수,낙엽수,교목,,X,X
장안근린공원,"서울특별시 동대문구 장안동 300",14744.8,"모과나무 매실나무 양버즘나무 단풍나무 목련 잣나무 오동나무 이팝나무 계수나무 버드나무 산딸나무 은행나무 소나무 피나무 사과나무 산수유 뽕나무 향나무 감나무 가죽나무 느티나무 벚나무 물푸레나무 모감주나무 메타세쿼이아 아까시나무 오동나무 가문비나무 칠엽수 측백나무 백합나무 팥배나무 ",모감주나무,활엽수,낙엽수,교목,,봄,X
장안근린공원,"서울특별시 동대문구 장안동 300",14744.8,"모과나무 매실나무 양버즘나무 단풍나무 목련 잣나무 오동나무 이팝나무 계수나무 버드나무 산딸나무 은행나무 소나무 피나무 사과나무 산수유 뽕나무 향나무 감나무 가죽나무 느티나무 벚나무 물푸레나무 모감주나무 메타세쿼이아 아까시나무 오동나무 가문비나무 칠엽수 측백나무 백합나무 팥배나무 ",물푸레나무,활엽수,낙엽수,교목,,봄,X
장안근린공원,"서울특별시 동대문구 장안동 300",14744.8,"모과나무 매실나무 양버즘나무 단풍나무 목련 잣나무 오동나무 이팝나무 계수나무 버드나무 산딸나무 은행나무 소나무 피나무 사과나무 산수유 뽕나무 향나무 감나무 가죽나무 느티나무 벚나무 물푸레나무 모감주나무 메타세쿼이아 아까시나무 오동나무 가문비나무 칠엽수 측백나무 백합나무 팥배나무 ",벚나무,활엽수,낙엽수,교목,화목,봄,X
장안근린공원,"서울특별시 동대문구 장안동 300",14744.8,"모과나무 매실나무 양버즘나무 단풍나무 목련 잣나무 오동나무 이팝나무 계수나무 버드나무 산딸나무 은행나무 소나무 피나무 사과나무 산수유 뽕나무 향나무 감나무 가죽나무 느티나무 벚나무 물푸레나무 모감주나무 메타세쿼이아 아까시나무 오동나무 가문비나무 칠엽수 측백나무 백합나무 팥배나무 ",느티나무,활엽수,낙엽수,교목,,여름,X
장안근린공원,"서울특별시 동대문구 장안동 300",14744.8,"모과나무 매실나무 양버즘나무 단풍나무 목련 잣나무 오동나무 이팝나무 계수나무 버드나무 산딸나무 은행나무 소나무 피나무 사과나무 산수유 뽕나무 향나무 감나무 가죽나무 느티나무 벚나무 물푸레나무 모감주나무 메타세쿼이아 아까시나무 오동나무 가문비나무 칠엽수 측백나무 백합나무 팥배나무 ",가죽나무,활엽수,낙엽수,교목,,봄,X
장안근린공원,"서울특별시 동대문구 장안동 300",14744.8,"모과나무 매실나무 양버즘나무 단풍나무 목련 잣나무 오동나무 이팝나무 계수나무 버드나무 산딸나무 은행나무 소나무 피나무 사과나무 산수유 뽕나무 향나무 감나무 가죽나무 느티나무 벚나무 물푸레나무 모감주나무 메타세쿼이아 아까시나무 오동나무 가문비나무 칠엽수 측백나무 백합나무 팥배나무 ",감나무,활엽수,낙엽수,교목,열매수,봄,가을
장안근린공원,"서울특별시 동대문구 장안동 300",14744.8,"모과나무 매실나무 양버즘나무 단풍나무 목련 잣나무 오동나무 이팝나무 계수나무 버드나무 산딸나무 은행나무 소나무 피나무 사과나무 산수유 뽕나무 향나무 감나무 가죽나무 느티나무 벚나무 물푸레나무 모감주나무 메타세쿼이아 아까시나무 오동나무 가문비나무 칠엽수 측백나무 백합나무 팥배나무 ",향나무,침엽수,상록수,관목,,X,X
장안근린공원,"서울특별시 동대문구 장안동 300",14744.8,"모과나무 매실나무 양버즘나무 단풍나무 목련 잣나무 오동나무 이팝나무 계수나무 버드나무 산딸나무 은행나무 소나무 피나무 사과나무 산수유 뽕나무 향나무 감나무 가죽나무 느티나무 벚나무 물푸레나무 모감주나무 메타세쿼이아 아까시나무 오동나무 가문비나무 칠엽수 측백나무 백합나무 팥배나무 ",뽕나무,활엽수,낙엽수,교목,열매수,봄,여름
장안근린공원,"서울특별시 동대문구 장안동 300",14744.8,"모과나무 매실나무 양버즘나무 단풍나무 목련 잣나무 오동나무 이팝나무 계수나무 버드나무 산딸나무 은행나무 소나무 피나무 사과나무 산수유 뽕나무 향나무 감나무 가죽나무 느티나무 벚나무 물푸레나무 모감주나무 메타세쿼이아 아까시나무 오동나무 가문비나무 칠엽수 측백나무 백합나무 팥배나무 ",산수유,활엽수,낙엽수,관목,화목/열매수,봄,가을
장안근린공원,"서울특별시 동대문구 장안동 300",14744.8,"모과나무 매실나무 양버즘나무 단풍나무 목련 잣나무 오동나무 이팝나무 계수나무 버드나무 산딸나무 은행나무 소나무 피나무 사과나무 산수유 뽕나무 향나무 감나무 가죽나무 느티나무 벚나무 물푸레나무 모감주나무 메타세쿼이아 아까시나무 오동나무 가문비나무 칠엽수 측백나무 백합나무 팥배나무 ",사과나무,활엽수,낙엽수,교목,열매수,봄,가을
장안근린공원,"서울특별시 동대문구 장안동 300",14744.8,"모과나무 매실나무 양버즘나무 단풍나무 목련 잣나무 오동나무 이팝나무 계수나무 버드나무 산딸나무 은행나무 소나무 피나무 사과나무 산수유 뽕나무 향나무 감나무 가죽나무 느티나무 벚나무 물푸레나무 모감주나무 메타세쿼이아 아까시나무 오동나무 가문비나무 칠엽수 측백나무 백합나무 팥배나무 ",피나무,활엽수,낙엽수,교목,,봄,여름
장안근린공원,"서울특별시 동대문구 장안동 300",14744.8,"모과나무 매실나무 양버즘나무 단풍나무 목련 잣나무 오동나무 이팝나무 계수나무 버드나무 산딸나무 은행나무 소나무 피나무 사과나무 산수유 뽕나무 향나무 감나무 가죽나무 느티나무 벚나무 물푸레나무 모감주나무 메타세쿼이아 아까시나무 오동나무 가문비나무 칠엽수 측백나무 백합나무 팥배나무 ",소나무,침엽수,상록수,교목,,X,X
장안근린공원,"서울특별시 동대문구 장안동 300",14744.8,"모과나무 매실나무 양버즘나무 단풍나무 목련 잣나무 오동나무 이팝나무 계수나무 버드나무 산딸나무 은행나무 소나무 피나무 사과나무 산수유 뽕나무 향나무 감나무 가죽나무 느티나무 벚나무 물푸레나무 모감주나무 메타세쿼이아 아까시나무 오동나무 가문비나무 칠엽수 측백나무 백합나무 팥배나무 ",은행나무,침엽수,낙엽수,교목,,봄,가을
장안근린공원,"서울특별시 동대문구 장안동 300",14744.8,"모과나무 매실나무 양버즘나무 단풍나무 목련 잣나무 오동나무 이팝나무 계수나무 버드나무 산딸나무 은행나무 소나무 피나무 사과나무 산수유 뽕나무 향나무 감나무 가죽나무 느티나무 벚나무 물푸레나무 모감주나무 메타세쿼이아 아까시나무 오동나무 가문비나무 칠엽수 측백나무 백합나무 팥배나무 ",산딸나무,활엽수,낙엽수,관목,화목/열매수,봄,가을
장안근린공원,"서울특별시 동대문구 장안동 300",14744.8,"모과나무 매실나무 양버즘나무 단풍나무 목련 잣나무 오동나무 이팝나무 계수나무 버드나무 산딸나무 은행나무 소나무 피나무 사과나무 산수유 뽕나무 향나무 감나무 가죽나무 느티나무 벚나무 물푸레나무 모감주나무 메타세쿼이아 아까시나무 오동나무 가문비나무 칠엽수 측백나무 백합나무 팥배나무 ",버드나무,활엽수,낙엽수,교목,,봄,X
장안근린공원,"서울특별시 동대문구 장안동 300",14744.8,"모과나무 매실나무 양버즘나무 단풍나무 목련 잣나무 오동나무 이팝나무 계수나무 버드나무 산딸나무 은행나무 소나무 피나무 사과나무 산수유 뽕나무 향나무 감나무 가죽나무 느티나무 벚나무 물푸레나무 모감주나무 메타세쿼이아 아까시나무 오동나무 가문비나무 칠엽수 측백나무 백합나무 팥배나무 ",계수나무,활엽수,낙엽수,교목,,봄,X
장안근린공원,"서울특별시 동대문구 장안동 300",14744.8,"모과나무 매실나무 양버즘나무 단풍나무 목련 잣나무 오동나무 이팝나무 계수나무 버드나무 산딸나무 은행나무 소나무 피나무 사과나무 산수유 뽕나무 향나무 감나무 가죽나무 느티나무 벚나무 물푸레나무 모감주나무 메타세쿼이아 아까시나무 오동나무 가문비나무 칠엽수 측백나무 백합나무 팥배나무 ",이팝나무,활엽수,낙엽수,교목,화목,봄,X
장안근린공원,"서울특별시 동대문구 장안동 300",14744.8,"모과나무 매실나무 양버즘나무 단풍나무 목련 잣나무 오동나무 이팝나무 계수나무 버드나무 산딸나무 은행나무 소나무 피나무 사과나무 산수유 뽕나무 향나무 감나무 가죽나무 느티나무 벚나무 물푸레나무 모감주나무 메타세쿼이아 아까시나무 오동나무 가문비나무 칠엽수 측백나무 백합나무 팥배나무 ",오동나무,활엽수,낙엽수,교목,,봄,X
장안근린공원,"서울특별시 동대문구 장안동 300",14744.8,"모과나무 매실나무 양버즘나무 단풍나무 목련 잣나무 오동나무 이팝나무 계수나무 버드나무 산딸나무 은행나무 소나무 피나무 사과나무 산수유 뽕나무 향나무 감나무 가죽나무 느티나무 벚나무 물푸레나무 모감주나무 메타세쿼이아 아까시나무 오동나무 가문비나무 칠엽수 측백나무 백합나무 팥배나무 ",잣나무,침엽수,상록수,교목,,X,X
장안근린공원,"서울특별시 동대문구 장안동 300",14744.8,"모과나무 매실나무 양버즘나무 단풍나무 목련 잣나무 오동나무 이팝나무 계수나무 버드나무 산딸나무 은행나무 소나무 피나무 사과나무 산수유 뽕나무 향나무 감나무 가죽나무 느티나무 벚나무 물푸레나무 모감주나무 메타세쿼이아 아까시나무 오동나무 가문비나무 칠엽수 측백나무 백합나무 팥배나무 ",목련,활엽수,낙엽수,교목,화목,봄,X
장안근린공원,"서울특별시 동대문구 장안동 300",14744.8,"모과나무 매실나무 양버즘나무 단풍나무 목련 잣나무 오동나무 이팝나무 계수나무 버드나무 산딸나무 은행나무 소나무 피나무 사과나무 산수유 뽕나무 향나무 감나무 가죽나무 느티나무 벚나무 물푸레나무 모감주나무 메타세쿼이아 아까시나무 오동나무 가문비나무 칠엽수 측백나무 백합나무 팥배나무 ",단풍나무,활엽수,낙엽수,교목,,봄,가을
장안근린공원,"서울특별시 동대문구 장안동 300",14744.8,"모과나무 매실나무 양버즘나무 단풍나무 목련 잣나무 오동나무 이팝나무 계수나무 버드나무 산딸나무 은행나무 소나무 피나무 사과나무 산수유 뽕나무 향나무 감나무 가죽나무 느티나무 벚나무 물푸레나무 모감주나무 메타세쿼이아 아까시나무 오동나무 가문비나무 칠엽수 측백나무 백합나무 팥배나무 ",양버즘나무,활엽수,낙엽수,교목,,봄,X
장안근린공원,"서울특별시 동대문구 장안동 300",14744.8,"모과나무 매실나무 양버즘나무 단풍나무 목련 잣나무 오동나무 이팝나무 계수나무 버드나무 산딸나무 은행나무 소나무 피나무 사과나무 산수유 뽕나무 향나무 감나무 가죽나무 느티나무 벚나무 물푸레나무 모감주나무 메타세쿼이아 아까시나무 오동나무 가문비나무 칠엽수 측백나무 백합나무 팥배나무 ",매실나무,활엽수,낙엽수,교목,열매수,봄,여름
장안근린공원,"서울특별시 동대문구 장안동 300",14744.8,"모과나무 매실나무 양버즘나무 단풍나무 목련 잣나무 오동나무 이팝나무 계수나무 버드나무 산딸나무 은행나무 소나무 피나무 사과나무 산수유 뽕나무 향나무 감나무 가죽나무 느티나무 벚나무 물푸레나무 모감주나무 메타세쿼이아 아까시나무 오동나무 가문비나무 칠엽수 측백나무 백합나무 팥배나무 ",모과나무,활엽수,낙엽수,교목,열매수,봄,가을
용두근린공원,"서울특별시 동대문구 용두동 34-1",17182,"모과나무 매실나무 단풍나무 목련 잣나무 이팝나무 버드나무 산딸나무 은행나무 소나무 산수유 뽕나무 향나무 감나무 느티나무 벚나무 메타세쿼이아 백합나무 배롱나무 때죽나무 살구나무 참나무 회화나무 왕벚나무 대추나무 중국단풍 밤나무 주목 자귀나무 ",자귀나무,활엽수,낙엽수,관목,,봄,X
용두근린공원,"서울특별시 동대문구 용두동 34-1",17182,"모과나무 매실나무 단풍나무 목련 잣나무 이팝나무 버드나무 산딸나무 은행나무 소나무 산수유 뽕나무 향나무 감나무 느티나무 벚나무 메타세쿼이아 백합나무 배롱나무 때죽나무 살구나무 참나무 회화나무 왕벚나무 대추나무 중국단풍 밤나무 주목 자귀나무 ",주목,침엽수,상록수,관목,,X,X
용두근린공원,"서울특별시 동대문구 용두동 34-1",17182,"모과나무 매실나무 단풍나무 목련 잣나무 이팝나무 버드나무 산딸나무 은행나무 소나무 산수유 뽕나무 향나무 감나무 느티나무 벚나무 메타세쿼이아 백합나무 배롱나무 때죽나무 살구나무 참나무 회화나무 왕벚나무 대추나무 중국단풍 밤나무 주목 자귀나무 ",밤나무,활엽수,낙엽수,교목,열매수,봄,가을
용두근린공원,"서울특별시 동대문구 용두동 34-1",17182,"모과나무 매실나무 단풍나무 목련 잣나무 이팝나무 버드나무 산딸나무 은행나무 소나무 산수유 뽕나무 향나무 감나무 느티나무 벚나무 메타세쿼이아 백합나무 배롱나무 때죽나무 살구나무 참나무 회화나무 왕벚나무 대추나무 중국단풍 밤나무 주목 자귀나무 ",중국단풍,활엽수,낙엽수,교목,,봄,가을
용두근린공원,"서울특별시 동대문구 용두동 34-1",17182,"모과나무 매실나무 단풍나무 목련 잣나무 이팝나무 버드나무 산딸나무 은행나무 소나무 산수유 뽕나무 향나무 감나무 느티나무 벚나무 메타세쿼이아 백합나무 배롱나무 때죽나무 살구나무 참나무 회화나무 왕벚나무 대추나무 중국단풍 밤나무 주목 자귀나무 ",대추나무,활엽수,낙엽수,교목,열매수,봄,가을
용두근린공원,"서울특별시 동대문구 용두동 34-1",17182,"모과나무 매실나무 단풍나무 목련 잣나무 이팝나무 버드나무 산딸나무 은행나무 소나무 산수유 뽕나무 향나무 감나무 느티나무 벚나무 메타세쿼이아 백합나무 배롱나무 때죽나무 살구나무 참나무 회화나무 왕벚나무 대추나무 중국단풍 밤나무 주목 자귀나무 ",왕벚나무,활엽수,낙엽수,교목,화목,봄,X
용두근린공원,"서울특별시 동대문구 용두동 34-1",17182,"모과나무 매실나무 단풍나무 목련 잣나무 이팝나무 버드나무 산딸나무 은행나무 소나무 산수유 뽕나무 향나무 감나무 느티나무 벚나무 메타세쿼이아 백합나무 배롱나무 때죽나무 살구나무 참나무 회화나무 왕벚나무 대추나무 중국단풍 밤나무 주목 자귀나무 ",회화나무,활엽수,낙엽수,교목,,봄,X
용두근린공원,"서울특별시 동대문구 용두동 34-1",17182,"모과나무 매실나무 단풍나무 목련 잣나무 이팝나무 버드나무 산딸나무 은행나무 소나무 산수유 뽕나무 향나무 감나무 느티나무 벚나무 메타세쿼이아 백합나무 배롱나무 때죽나무 살구나무 참나무 회화나무 왕벚나무 대추나무 중국단풍 밤나무 주목 자귀나무 ",참나무,활엽수,낙엽수,교목,,봄,가을
용두근린공원,"서울특별시 동대문구 용두동 34-1",17182,"모과나무 매실나무 단풍나무 목련 잣나무 이팝나무 버드나무 산딸나무 은행나무 소나무 산수유 뽕나무 향나무 감나무 느티나무 벚나무 메타세쿼이아 백합나무 배롱나무 때죽나무 살구나무 참나무 회화나무 왕벚나무 대추나무 중국단풍 밤나무 주목 자귀나무 ",살구나무,활엽수,낙엽수,교목,열매수,봄,여름
용두근린공원,"서울특별시 동대문구 용두동 34-1",17182,"모과나무 매실나무 단풍나무 목련 잣나무 이팝나무 버드나무 산딸나무 은행나무 소나무 산수유 뽕나무 향나무 감나무 느티나무 벚나무 메타세쿼이아 백합나무 배롱나무 때죽나무 살구나무 참나무 회화나무 왕벚나무 대추나무 중국단풍 밤나무 주목 자귀나무 ",때죽나무,활엽수,낙엽수,교목,화목,봄,X
용두근린공원,"서울특별시 동대문구 용두동 34-1",17182,"모과나무 매실나무 단풍나무 목련 잣나무 이팝나무 버드나무 산딸나무 은행나무 소나무 산수유 뽕나무 향나무 감나무 느티나무 벚나무 메타세쿼이아 백합나무 배롱나무 때죽나무 살구나무 참나무 회화나무 왕벚나무 대추나무 중국단풍 밤나무 주목 자귀나무 ",배롱나무,활엽수,낙엽수,교목,화목,여름,X
용두근린공원,"서울특별시 동대문구 용두동 34-1",17182,"모과나무 매실나무 단풍나무 목련 잣나무 이팝나무 버드나무 산딸나무 은행나무 소나무 산수유 뽕나무 향나무 감나무 느티나무 벚나무 메타세쿼이아 백합나무 배롱나무 때죽나무 살구나무 참나무 회화나무 왕벚나무 대추나무 중국단풍 밤나무 주목 자귀나무 ",백합나무,활엽수,낙엽수,교목,,봄,X
용두근린공원,"서울특별시 동대문구 용두동 34-1",17182,"모과나무 매실나무 단풍나무 목련 잣나무 이팝나무 버드나무 산딸나무 은행나무 소나무 산수유 뽕나무 향나무 감나무 느티나무 벚나무 메타세쿼이아 백합나무 배롱나무 때죽나무 살구나무 참나무 회화나무 왕벚나무 대추나무 중국단풍 밤나무 주목 자귀나무 ",메타세쿼이아,침엽수,낙엽수,교목,,X,X
용두근린공원,"서울특별시 동대문구 용두동 34-1",17182,"모과나무 매실나무 단풍나무 목련 잣나무 이팝나무 버드나무 산딸나무 은행나무 소나무 산수유 뽕나무 향나무 감나무 느티나무 벚나무 메타세쿼이아 백합나무 배롱나무 때죽나무 살구나무 참나무 회화나무 왕벚나무 대추나무 중국단풍 밤나무 주목 자귀나무 ",벚나무,활엽수,낙엽수,교목,화목,봄,X
용두근린공원,"서울특별시 동대문구 용두동 34-1",17182,"모과나무 매실나무 단풍나무 목련 잣나무 이팝나무 버드나무 산딸나무 은행나무 소나무 산수유 뽕나무 향나무 감나무 느티나무 벚나무 메타세쿼이아 백합나무 배롱나무 때죽나무 살구나무 참나무 회화나무 왕벚나무 대추나무 중국단풍 밤나무 주목 자귀나무 ",느티나무,활엽수,낙엽수,교목,,여름,X
용두근린공원,"서울특별시 동대문구 용두동 34-1",17182,"모과나무 매실나무 단풍나무 목련 잣나무 이팝나무 버드나무 산딸나무 은행나무 소나무 산수유 뽕나무 향나무 감나무 느티나무 벚나무 메타세쿼이아 백합나무 배롱나무 때죽나무 살구나무 참나무 회화나무 왕벚나무 대추나무 중국단풍 밤나무 주목 자귀나무 ",감나무,활엽수,낙엽수,교목,열매수,봄,가을
용두근린공원,"서울특별시 동대문구 용두동 34-1",17182,"모과나무 매실나무 단풍나무 목련 잣나무 이팝나무 버드나무 산딸나무 은행나무 소나무 산수유 뽕나무 향나무 감나무 느티나무 벚나무 메타세쿼이아 백합나무 배롱나무 때죽나무 살구나무 참나무 회화나무 왕벚나무 대추나무 중국단풍 밤나무 주목 자귀나무 ",향나무,침엽수,상록수,관목,,X,X
용두근린공원,"서울특별시 동대문구 용두동 34-1",17182,"모과나무 매실나무 단풍나무 목련 잣나무 이팝나무 버드나무 산딸나무 은행나무 소나무 산수유 뽕나무 향나무 감나무 느티나무 벚나무 메타세쿼이아 백합나무 배롱나무 때죽나무 살구나무 참나무 회화나무 왕벚나무 대추나무 중국단풍 밤나무 주목 자귀나무 ",뽕나무,활엽수,낙엽수,교목,열매수,봄,여름
용두근린공원,"서울특별시 동대문구 용두동 34-1",17182,"모과나무 매실나무 단풍나무 목련 잣나무 이팝나무 버드나무 산딸나무 은행나무 소나무 산수유 뽕나무 향나무 감나무 느티나무 벚나무 메타세쿼이아 백합나무 배롱나무 때죽나무 살구나무 참나무 회화나무 왕벚나무 대추나무 중국단풍 밤나무 주목 자귀나무 ",산수유,활엽수,낙엽수,관목,화목/열매수,봄,가을
용두근린공원,"서울특별시 동대문구 용두동 34-1",17182,"모과나무 매실나무 단풍나무 목련 잣나무 이팝나무 버드나무 산딸나무 은행나무 소나무 산수유 뽕나무 향나무 감나무 느티나무 벚나무 메타세쿼이아 백합나무 배롱나무 때죽나무 살구나무 참나무 회화나무 왕벚나무 대추나무 중국단풍 밤나무 주목 자귀나무 ",소나무,침엽수,상록수,교목,,X,X
용두근린공원,"서울특별시 동대문구 용두동 34-1",17182,"모과나무 매실나무 단풍나무 목련 잣나무 이팝나무 버드나무 산딸나무 은행나무 소나무 산수유 뽕나무 향나무 감나무 느티나무 벚나무 메타세쿼이아 백합나무 배롱나무 때죽나무 살구나무 참나무 회화나무 왕벚나무 대추나무 중국단풍 밤나무 주목 자귀나무 ",은행나무,침엽수,낙엽수,교목,,봄,가을
용두근린공원,"서울특별시 동대문구 용두동 34-1",17182,"모과나무 매실나무 단풍나무 목련 잣나무 이팝나무 버드나무 산딸나무 은행나무 소나무 산수유 뽕나무 향나무 감나무 느티나무 벚나무 메타세쿼이아 백합나무 배롱나무 때죽나무 살구나무 참나무 회화나무 왕벚나무 대추나무 중국단풍 밤나무 주목 자귀나무 ",산딸나무,활엽수,낙엽수,관목,화목/열매수,봄,가을
용두근린공원,"서울특별시 동대문구 용두동 34-1",17182,"모과나무 매실나무 단풍나무 목련 잣나무 이팝나무 버드나무 산딸나무 은행나무 소나무 산수유 뽕나무 향나무 감나무 느티나무 벚나무 메타세쿼이아 백합나무 배롱나무 때죽나무 살구나무 참나무 회화나무 왕벚나무 대추나무 중국단풍 밤나무 주목 자귀나무 ",버드나무,활엽수,낙엽수,교목,,봄,X
용두근린공원,"서울특별시 동대문구 용두동 34-1",17182,"모과나무 매실나무 단풍나무 목련 잣나무 이팝나무 버드나무 산딸나무 은행나무 소나무 산수유 뽕나무 향나무 감나무 느티나무 벚나무 메타세쿼이아 백합나무 배롱나무 때죽나무 살구나무 참나무 회화나무 왕벚나무 대추나무 중국단풍 밤나무 주목 자귀나무 ",이팝나무,활엽수,낙엽수,교목,화목,봄,X
용두근린공원,"서울특별시 동대문구 용두동 34-1",17182,"모과나무 매실나무 단풍나무 목련 잣나무 이팝나무 버드나무 산딸나무 은행나무 소나무 산수유 뽕나무 향나무 감나무 느티나무 벚나무 메타세쿼이아 백합나무 배롱나무 때죽나무 살구나무 참나무 회화나무 왕벚나무 대추나무 중국단풍 밤나무 주목 자귀나무 ",잣나무,침엽수,상록수,교목,,X,X
용두근린공원,"서울특별시 동대문구 용두동 34-1",17182,"모과나무 매실나무 단풍나무 목련 잣나무 이팝나무 버드나무 산딸나무 은행나무 소나무 산수유 뽕나무 향나무 감나무 느티나무 벚나무 메타세쿼이아 백합나무 배롱나무 때죽나무 살구나무 참나무 회화나무 왕벚나무 대추나무 중국단풍 밤나무 주목 자귀나무 ",목련,활엽수,낙엽수,교목,화목,봄,X
용두근린공원,"서울특별시 동대문구 용두동 34-1",17182,"모과나무 매실나무 단풍나무 목련 잣나무 이팝나무 버드나무 산딸나무 은행나무 소나무 산수유 뽕나무 향나무 감나무 느티나무 벚나무 메타세쿼이아 백합나무 배롱나무 때죽나무 살구나무 참나무 회화나무 왕벚나무 대추나무 중국단풍 밤나무 주목 자귀나무 ",단풍나무,활엽수,낙엽수,교목,,봄,가을
용두근린공원,"서울특별시 동대문구 용두동 34-1",17182,"모과나무 매실나무 단풍나무 목련 잣나무 이팝나무 버드나무 산딸나무 은행나무 소나무 산수유 뽕나무 향나무 감나무 느티나무 벚나무 메타세쿼이아 백합나무 배롱나무 때죽나무 살구나무 참나무 회화나무 왕벚나무 대추나무 중국단풍 밤나무 주목 자귀나무 ",매실나무,활엽수,낙엽수,교목,열매수,봄,여름
용두근린공원,"서울특별시 동대문구 용두동 34-1",17182,"모과나무 매실나무 단풍나무 목련 잣나무 이팝나무 버드나무 산딸나무 은행나무 소나무 산수유 뽕나무 향나무 감나무 느티나무 벚나무 메타세쿼이아 백합나무 배롱나무 때죽나무 살구나무 참나무 회화나무 왕벚나무 대추나무 중국단풍 밤나무 주목 자귀나무 ",모과나무,활엽수,낙엽수,교목,열매수,봄,가을
우산각어린이공원,"서울특별시 동대문구 신설동 109-4",5294.2,"양버즘나무 단풍나무 목련 잣나무 산딸나무 은행나무 소나무 산수유 뽕나무 느티나무 벚나무 메타세쿼이아 오동나무 측백나무 살구나무 자두나무 주목 ",주목,침엽수,상록수,관목,,X,X
우산각어린이공원,"서울특별시 동대문구 신설동 109-4",5294.2,"양버즘나무 단풍나무 목련 잣나무 산딸나무 은행나무 소나무 산수유 뽕나무 느티나무 벚나무 메타세쿼이아 오동나무 측백나무 살구나무 자두나무 주목 ",자두나무,활엽수,낙엽수,교목,열매수,봄,여름
우산각어린이공원,"서울특별시 동대문구 신설동 109-4",5294.2,"양버즘나무 단풍나무 목련 잣나무 산딸나무 은행나무 소나무 산수유 뽕나무 느티나무 벚나무 메타세쿼이아 오동나무 측백나무 살구나무 자두나무 주목 ",살구나무,활엽수,낙엽수,교목,열매수,봄,여름
우산각어린이공원,"서울특별시 동대문구 신설동 109-4",5294.2,"양버즘나무 단풍나무 목련 잣나무 산딸나무 은행나무 소나무 산수유 뽕나무 느티나무 벚나무 메타세쿼이아 오동나무 측백나무 살구나무 자두나무 주목 ",측백나무,침엽수,상록수,관목,,X,X
우산각어린이공원,"서울특별시 동대문구 신설동 109-4",5294.2,"양버즘나무 단풍나무 목련 잣나무 산딸나무 은행나무 소나무 산수유 뽕나무 느티나무 벚나무 메타세쿼이아 오동나무 측백나무 살구나무 자두나무 주목 ",메타세쿼이아,침엽수,낙엽수,교목,,X,X
우산각어린이공원,"서울특별시 동대문구 신설동 109-4",5294.2,"양버즘나무 단풍나무 목련 잣나무 산딸나무 은행나무 소나무 산수유 뽕나무 느티나무 벚나무 메타세쿼이아 오동나무 측백나무 살구나무 자두나무 주목 ",벚나무,활엽수,낙엽수,교목,화목,봄,X
우산각어린이공원,"서울특별시 동대문구 신설동 109-4",5294.2,"양버즘나무 단풍나무 목련 잣나무 산딸나무 은행나무 소나무 산수유 뽕나무 느티나무 벚나무 메타세쿼이아 오동나무 측백나무 살구나무 자두나무 주목 ",느티나무,활엽수,낙엽수,교목,,여름,X
우산각어린이공원,"서울특별시 동대문구 신설동 109-4",5294.2,"양버즘나무 단풍나무 목련 잣나무 산딸나무 은행나무 소나무 산수유 뽕나무 느티나무 벚나무 메타세쿼이아 오동나무 측백나무 살구나무 자두나무 주목 ",뽕나무,활엽수,낙엽수,교목,열매수,봄,여름
우산각어린이공원,"서울특별시 동대문구 신설동 109-4",5294.2,"양버즘나무 단풍나무 목련 잣나무 산딸나무 은행나무 소나무 산수유 뽕나무 느티나무 벚나무 메타세쿼이아 오동나무 측백나무 살구나무 자두나무 주목 ",산수유,활엽수,낙엽수,관목,화목/열매수,봄,가을
우산각어린이공원,"서울특별시 동대문구 신설동 109-4",5294.2,"양버즘나무 단풍나무 목련 잣나무 산딸나무 은행나무 소나무 산수유 뽕나무 느티나무 벚나무 메타세쿼이아 오동나무 측백나무 살구나무 자두나무 주목 ",소나무,침엽수,상록수,교목,,X,X
우산각어린이공원,"서울특별시 동대문구 신설동 109-4",5294.2,"양버즘나무 단풍나무 목련 잣나무 산딸나무 은행나무 소나무 산수유 뽕나무 느티나무 벚나무 메타세쿼이아 오동나무 측백나무 살구나무 자두나무 주목 ",은행나무,침엽수,낙엽수,교목,,봄,가을
우산각어린이공원,"서울특별시 동대문구 신설동 109-4",5294.2,"양버즘나무 단풍나무 목련 잣나무 산딸나무 은행나무 소나무 산수유 뽕나무 느티나무 벚나무 메타세쿼이아 오동나무 측백나무 살구나무 자두나무 주목 ",산딸나무,활엽수,낙엽수,관목,화목/열매수,봄,가을
우산각어린이공원,"서울특별시 동대문구 신설동 109-4",5294.2,"양버즘나무 단풍나무 목련 잣나무 산딸나무 은행나무 소나무 산수유 뽕나무 느티나무 벚나무 메타세쿼이아 오동나무 측백나무 살구나무 자두나무 주목 ",오동나무,활엽수,낙엽수,교목,,봄,X
우산각어린이공원,"서울특별시 동대문구 신설동 109-4",5294.2,"양버즘나무 단풍나무 목련 잣나무 산딸나무 은행나무 소나무 산수유 뽕나무 느티나무 벚나무 메타세쿼이아 오동나무 측백나무 살구나무 자두나무 주목 ",잣나무,침엽수,상록수,교목,,X,X
우산각어린이공원,"서울특별시 동대문구 신설동 109-4",5294.2,"양버즘나무 단풍나무 목련 잣나무 산딸나무 은행나무 소나무 산수유 뽕나무 느티나무 벚나무 메타세쿼이아 오동나무 측백나무 살구나무 자두나무 주목 ",목련,활엽수,낙엽수,교목,화목,봄,X
우산각어린이공원,"서울특별시 동대문구 신설동 109-4",5294.2,"양버즘나무 단풍나무 목련 잣나무 산딸나무 은행나무 소나무 산수유 뽕나무 느티나무 벚나무 메타세쿼이아 오동나무 측백나무 살구나무 자두나무 주목 ",단풍나무,활엽수,낙엽수,교목,,봄,가을
우산각어린이공원,"서울특별시 동대문구 신설동 109-4",5294.2,"양버즘나무 단풍나무 목련 잣나무 산딸나무 은행나무 소나무 산수유 뽕나무 느티나무 벚나무 메타세쿼이아 오동나무 측백나무 살구나무 자두나무 주목 ",양버즘나무,활엽수,낙엽수,교목,,봄,X
안골어린이공원,"서울특별시 동대문구 장안동 402",1652.3,"단풍나무 잣나무 은행나무 소나무 산수유 느티나무 측백나무 전나무 ",전나무,침엽수,상록수,교목,,X,X
안골어린이공원,"서울특별시 동대문구 장안동 402",1652.3,"단풍나무 잣나무 은행나무 소나무 산수유 느티나무 측백나무 전나무 ",측백나무,침엽수,상록수,관목,,X,X
안골어린이공원,"서울특별시 동대문구 장안동 402",1652.3,"단풍나무 잣나무 은행나무 소나무 산수유 느티나무 측백나무 전나무 ",느티나무,활엽수,낙엽수,교목,,여름,X
안골어린이공원,"서울특별시 동대문구 장안동 402",1652.3,"단풍나무 잣나무 은행나무 소나무 산수유 느티나무 측백나무 전나무 ",산수유,활엽수,낙엽수,관목,화목/열매수,봄,가을
안골어린이공원,"서울특별시 동대문구 장안동 402",1652.3,"단풍나무 잣나무 은행나무 소나무 산수유 느티나무 측백나무 전나무 ",소나무,침엽수,상록수,교목,,X,X
안골어린이공원,"서울특별시 동대문구 장안동 402",1652.3,"단풍나무 잣나무 은행나무 소나무 산수유 느티나무 측백나무 전나무 ",은행나무,침엽수,낙엽수,교목,,봄,가을
안골어린이공원,"서울특별시 동대문구 장안동 402",1652.3,"단풍나무 잣나무 은행나무 소나무 산수유 느티나무 측백나무 전나무 ",잣나무,침엽수,상록수,교목,,X,X
안골어린이공원,"서울특별시 동대문구 장안동 402",1652.3,"단풍나무 잣나무 은행나무 소나무 산수유 느티나무 측백나무 전나무 ",단풍나무,활엽수,낙엽수,교목,,봄,가을
장일어린이공원,"서울특별시 동대문구 장안동 164-1",992,"단풍나무 잣나무 은행나무 소나무 산수유 느티나무 벚나무 살구나무 복숭아나무 ",복숭아나무,활엽수,낙엽수,교목,열매수,봄,여름
장일어린이공원,"서울특별시 동대문구 장안동 164-1",992,"단풍나무 잣나무 은행나무 소나무 산수유 느티나무 벚나무 살구나무 복숭아나무 ",살구나무,활엽수,낙엽수,교목,열매수,봄,여름
장일어린이공원,"서울특별시 동대문구 장안동 164-1",992,"단풍나무 잣나무 은행나무 소나무 산수유 느티나무 벚나무 살구나무 복숭아나무 ",벚나무,활엽수,낙엽수,교목,화목,봄,X
장일어린이공원,"서울특별시 동대문구 장안동 164-1",992,"단풍나무 잣나무 은행나무 소나무 산수유 느티나무 벚나무 살구나무 복숭아나무 ",느티나무,활엽수,낙엽수,교목,,여름,X
장일어린이공원,"서울특별시 동대문구 장안동 164-1",992,"단풍나무 잣나무 은행나무 소나무 산수유 느티나무 벚나무 살구나무 복숭아나무 ",산수유,활엽수,낙엽수,관목,화목/열매수,봄,가을
장일어린이공원,"서울특별시 동대문구 장안동 164-1",992,"단풍나무 잣나무 은행나무 소나무 산수유 느티나무 벚나무 살구나무 복숭아나무 ",소나무,침엽수,상록수,교목,,X,X
장일어린이공원,"서울특별시 동대문구 장안동 164-1",992,"단풍나무 잣나무 은행나무 소나무 산수유 느티나무 벚나무 살구나무 복숭아나무 ",은행나무,침엽수,낙엽수,교목,,봄,가을
장일어린이공원,"서울특별시 동대문구 장안동 164-1",992,"단풍나무 잣나무 은행나무 소나무 산수유 느티나무 벚나무 살구나무 복숭아나무 ",잣나무,침엽수,상록수,교목,,X,X
장일어린이공원,"서울특별시 동대문구 장안동 164-1",992,"단풍나무 잣나무 은행나무 소나무 산수유 느티나무 벚나무 살구나무 복숭아나무 ",단풍나무,활엽수,낙엽수,교목,,봄,가을
미나리어린이공원,"서울특별시 동대문구 장안동 449",1636.3,"양버즘나무 단풍나무 목련 잣나무 산딸나무 은행나무 소나무 산수유 뽕나무 향나무 느티나무 벚나무 모감주나무 오동나무 칠엽수 살구나무 중국단풍 ",중국단풍,활엽수,낙엽수,교목,,봄,가을
미나리어린이공원,"서울특별시 동대문구 장안동 449",1636.3,"양버즘나무 단풍나무 목련 잣나무 산딸나무 은행나무 소나무 산수유 뽕나무 향나무 느티나무 벚나무 모감주나무 오동나무 칠엽수 살구나무 중국단풍 ",살구나무,활엽수,낙엽수,교목,열매수,봄,여름
미나리어린이공원,"서울특별시 동대문구 장안동 449",1636.3,"양버즘나무 단풍나무 목련 잣나무 산딸나무 은행나무 소나무 산수유 뽕나무 향나무 느티나무 벚나무 모감주나무 오동나무 칠엽수 살구나무 중국단풍 ",칠엽수,활엽수,낙엽수,교목,,봄,X
미나리어린이공원,"서울특별시 동대문구 장안동 449",1636.3,"양버즘나무 단풍나무 목련 잣나무 산딸나무 은행나무 소나무 산수유 뽕나무 향나무 느티나무 벚나무 모감주나무 오동나무 칠엽수 살구나무 중국단풍 ",모감주나무,활엽수,낙엽수,교목,,봄,X
미나리어린이공원,"서울특별시 동대문구 장안동 449",1636.3,"양버즘나무 단풍나무 목련 잣나무 산딸나무 은행나무 소나무 산수유 뽕나무 향나무 느티나무 벚나무 모감주나무 오동나무 칠엽수 살구나무 중국단풍 ",벚나무,활엽수,낙엽수,교목,화목,봄,X
미나리어린이공원,"서울특별시 동대문구 장안동 449",1636.3,"양버즘나무 단풍나무 목련 잣나무 산딸나무 은행나무 소나무 산수유 뽕나무 향나무 느티나무 벚나무 모감주나무 오동나무 칠엽수 살구나무 중국단풍 ",느티나무,활엽수,낙엽수,교목,,여름,X
미나리어린이공원,"서울특별시 동대문구 장안동 449",1636.3,"양버즘나무 단풍나무 목련 잣나무 산딸나무 은행나무 소나무 산수유 뽕나무 향나무 느티나무 벚나무 모감주나무 오동나무 칠엽수 살구나무 중국단풍 ",향나무,침엽수,상록수,관목,,X,X
미나리어린이공원,"서울특별시 동대문구 장안동 449",1636.3,"양버즘나무 단풍나무 목련 잣나무 산딸나무 은행나무 소나무 산수유 뽕나무 향나무 느티나무 벚나무 모감주나무 오동나무 칠엽수 살구나무 중국단풍 ",뽕나무,활엽수,낙엽수,교목,열매수,봄,여름
미나리어린이공원,"서울특별시 동대문구 장안동 449",1636.3,"양버즘나무 단풍나무 목련 잣나무 산딸나무 은행나무 소나무 산수유 뽕나무 향나무 느티나무 벚나무 모감주나무 오동나무 칠엽수 살구나무 중국단풍 ",산수유,활엽수,낙엽수,관목,화목/열매수,봄,가을
미나리어린이공원,"서울특별시 동대문구 장안동 449",1636.3,"양버즘나무 단풍나무 목련 잣나무 산딸나무 은행나무 소나무 산수유 뽕나무 향나무 느티나무 벚나무 모감주나무 오동나무 칠엽수 살구나무 중국단풍 ",소나무,침엽수,상록수,교목,,X,X
미나리어린이공원,"서울특별시 동대문구 장안동 449",1636.3,"양버즘나무 단풍나무 목련 잣나무 산딸나무 은행나무 소나무 산수유 뽕나무 향나무 느티나무 벚나무 모감주나무 오동나무 칠엽수 살구나무 중국단풍 ",은행나무,침엽수,낙엽수,교목,,봄,가을
미나리어린이공원,"서울특별시 동대문구 장안동 449",1636.3,"양버즘나무 단풍나무 목련 잣나무 산딸나무 은행나무 소나무 산수유 뽕나무 향나무 느티나무 벚나무 모감주나무 오동나무 칠엽수 살구나무 중국단풍 ",산딸나무,활엽수,낙엽수,관목,화목/열매수,봄,가을
미나리어린이공원,"서울특별시 동대문구 장안동 449",1636.3,"양버즘나무 단풍나무 목련 잣나무 산딸나무 은행나무 소나무 산수유 뽕나무 향나무 느티나무 벚나무 모감주나무 오동나무 칠엽수 살구나무 중국단풍 ",오동나무,활엽수,낙엽수,교목,,봄,X
미나리어린이공원,"서울특별시 동대문구 장안동 449",1636.3,"양버즘나무 단풍나무 목련 잣나무 산딸나무 은행나무 소나무 산수유 뽕나무 향나무 느티나무 벚나무 모감주나무 오동나무 칠엽수 살구나무 중국단풍 ",잣나무,침엽수,상록수,교목,,X,X
미나리어린이공원,"서울특별시 동대문구 장안동 449",1636.3,"양버즘나무 단풍나무 목련 잣나무 산딸나무 은행나무 소나무 산수유 뽕나무 향나무 느티나무 벚나무 모감주나무 오동나무 칠엽수 살구나무 중국단풍 ",목련,활엽수,낙엽수,교목,화목,봄,X
미나리어린이공원,"서울특별시 동대문구 장안동 449",1636.3,"양버즘나무 단풍나무 목련 잣나무 산딸나무 은행나무 소나무 산수유 뽕나무 향나무 느티나무 벚나무 모감주나무 오동나무 칠엽수 살구나무 중국단풍 ",단풍나무,활엽수,낙엽수,교목,,봄,가을
미나리어린이공원,"서울특별시 동대문구 장안동 449",1636.3,"양버즘나무 단풍나무 목련 잣나무 산딸나무 은행나무 소나무 산수유 뽕나무 향나무 느티나무 벚나무 모감주나무 오동나무 칠엽수 살구나무 중국단풍 ",양버즘나무,활엽수,낙엽수,교목,,봄,X
한내어린이공원,"서울특별시 동대문구 장안동 348",1617.2,"단풍나무 잣나무 이팝나무 산딸나무 은행나무 소나무 피나무 산수유 느티나무 벚나무 모감주나무 ",모감주나무,활엽수,낙엽수,교목,,봄,X
한내어린이공원,"서울특별시 동대문구 장안동 348",1617.2,"단풍나무 잣나무 이팝나무 산딸나무 은행나무 소나무 피나무 산수유 느티나무 벚나무 모감주나무 ",벚나무,활엽수,낙엽수,교목,화목,봄,X
한내어린이공원,"서울특별시 동대문구 장안동 348",1617.2,"단풍나무 잣나무 이팝나무 산딸나무 은행나무 소나무 피나무 산수유 느티나무 벚나무 모감주나무 ",느티나무,활엽수,낙엽수,교목,,여름,X
한내어린이공원,"서울특별시 동대문구 장안동 348",1617.2,"단풍나무 잣나무 이팝나무 산딸나무 은행나무 소나무 피나무 산수유 느티나무 벚나무 모감주나무 ",산수유,활엽수,낙엽수,관목,화목/열매수,봄,가을
한내어린이공원,"서울특별시 동대문구 장안동 348",1617.2,"단풍나무 잣나무 이팝나무 산딸나무 은행나무 소나무 피나무 산수유 느티나무 벚나무 모감주나무 ",피나무,활엽수,낙엽수,교목,,봄,여름
한내어린이공원,"서울특별시 동대문구 장안동 348",1617.2,"단풍나무 잣나무 이팝나무 산딸나무 은행나무 소나무 피나무 산수유 느티나무 벚나무 모감주나무 ",소나무,침엽수,상록수,교목,,X,X
한내어린이공원,"서울특별시 동대문구 장안동 348",1617.2,"단풍나무 잣나무 이팝나무 산딸나무 은행나무 소나무 피나무 산수유 느티나무 벚나무 모감주나무 ",은행나무,침엽수,낙엽수,교목,,봄,가을
한내어린이공원,"서울특별시 동대문구 장안동 348",1617.2,"단풍나무 잣나무 이팝나무 산딸나무 은행나무 소나무 피나무 산수유 느티나무 벚나무 모감주나무 ",산딸나무,활엽수,낙엽수,관목,화목/열매수,봄,가을
한내어린이공원,"서울특별시 동대문구 장안동 348",1617.2,"단풍나무 잣나무 이팝나무 산딸나무 은행나무 소나무 피나무 산수유 느티나무 벚나무 모감주나무 ",이팝나무,활엽수,낙엽수,교목,화목,봄,X
한내어린이공원,"서울특별시 동대문구 장안동 348",1617.2,"단풍나무 잣나무 이팝나무 산딸나무 은행나무 소나무 피나무 산수유 느티나무 벚나무 모감주나무 ",잣나무,침엽수,상록수,교목,,X,X
한내어린이공원,"서울특별시 동대문구 장안동 348",1617.2,"단풍나무 잣나무 이팝나무 산딸나무 은행나무 소나무 피나무 산수유 느티나무 벚나무 모감주나무 ",단풍나무,활엽수,낙엽수,교목,,봄,가을
장이소공원,"서울특별시 동대문구 장안동 587-1",1403.6,"모과나무 단풍나무 목련 잣나무 이팝나무 소나무 느티나무 벚나무 배롱나무 팽나무 참나무 ",참나무,활엽수,낙엽수,교목,,봄,가을
장이소공원,"서울특별시 동대문구 장안동 587-1",1403.6,"모과나무 단풍나무 목련 잣나무 이팝나무 소나무 느티나무 벚나무 배롱나무 팽나무 참나무 ",팽나무,활엽수,낙엽수,교목,,여름,X
장이소공원,"서울특별시 동대문구 장안동 587-1",1403.6,"모과나무 단풍나무 목련 잣나무 이팝나무 소나무 느티나무 벚나무 배롱나무 팽나무 참나무 ",배롱나무,활엽수,낙엽수,교목,화목,여름,X
장이소공원,"서울특별시 동대문구 장안동 587-1",1403.6,"모과나무 단풍나무 목련 잣나무 이팝나무 소나무 느티나무 벚나무 배롱나무 팽나무 참나무 ",벚나무,활엽수,낙엽수,교목,화목,봄,X
장이소공원,"서울특별시 동대문구 장안동 587-1",1403.6,"모과나무 단풍나무 목련 잣나무 이팝나무 소나무 느티나무 벚나무 배롱나무 팽나무 참나무 ",느티나무,활엽수,낙엽수,교목,,여름,X
장이소공원,"서울특별시 동대문구 장안동 587-1",1403.6,"모과나무 단풍나무 목련 잣나무 이팝나무 소나무 느티나무 벚나무 배롱나무 팽나무 참나무 ",소나무,침엽수,상록수,교목,,X,X
장이소공원,"서울특별시 동대문구 장안동 587-1",1403.6,"모과나무 단풍나무 목련 잣나무 이팝나무 소나무 느티나무 벚나무 배롱나무 팽나무 참나무 ",이팝나무,활엽수,낙엽수,교목,화목,봄,X
장이소공원,"서울특별시 동대문구 장안동 587-1",1403.6,"모과나무 단풍나무 목련 잣나무 이팝나무 소나무 느티나무 벚나무 배롱나무 팽나무 참나무 ",잣나무,침엽수,상록수,교목,,X,X
장이소공원,"서울특별시 동대문구 장안동 587-1",1403.6,"모과나무 단풍나무 목련 잣나무 이팝나무 소나무 느티나무 벚나무 배롱나무 팽나무 참나무 ",목련,활엽수,낙엽수,교목,화목,봄,X
장이소공원,"서울특별시 동대문구 장안동 587-1",1403.6,"모과나무 단풍나무 목련 잣나무 이팝나무 소나무 느티나무 벚나무 배롱나무 팽나무 참나무 ",단풍나무,활엽수,낙엽수,교목,,봄,가을
장이소공원,"서울특별시 동대문구 장안동 587-1",1403.6,"모과나무 단풍나무 목련 잣나무 이팝나무 소나무 느티나무 벚나무 배롱나무 팽나무 참나무 ",모과나무,활엽수,낙엽수,교목,열매수,봄,가을
샛별어린이공원,"서울특별시 동대문구 장안동 379",1652.9,"모과나무 양버즘나무 단풍나무 목련 잣나무 이팝나무 산딸나무 소나무 피나무 감나무 느티나무 메타세쿼이아 살구나무 주목 ",주목,침엽수,상록수,관목,,X,X
샛별어린이공원,"서울특별시 동대문구 장안동 379",1652.9,"모과나무 양버즘나무 단풍나무 목련 잣나무 이팝나무 산딸나무 소나무 피나무 감나무 느티나무 메타세쿼이아 살구나무 주목 ",살구나무,활엽수,낙엽수,교목,열매수,봄,여름
샛별어린이공원,"서울특별시 동대문구 장안동 379",1652.9,"모과나무 양버즘나무 단풍나무 목련 잣나무 이팝나무 산딸나무 소나무 피나무 감나무 느티나무 메타세쿼이아 살구나무 주목 ",메타세쿼이아,침엽수,낙엽수,교목,,X,X
샛별어린이공원,"서울특별시 동대문구 장안동 379",1652.9,"모과나무 양버즘나무 단풍나무 목련 잣나무 이팝나무 산딸나무 소나무 피나무 감나무 느티나무 메타세쿼이아 살구나무 주목 ",느티나무,활엽수,낙엽수,교목,,여름,X
샛별어린이공원,"서울특별시 동대문구 장안동 379",1652.9,"모과나무 양버즘나무 단풍나무 목련 잣나무 이팝나무 산딸나무 소나무 피나무 감나무 느티나무 메타세쿼이아 살구나무 주목 ",감나무,활엽수,낙엽수,교목,열매수,봄,가을
샛별어린이공원,"서울특별시 동대문구 장안동 379",1652.9,"모과나무 양버즘나무 단풍나무 목련 잣나무 이팝나무 산딸나무 소나무 피나무 감나무 느티나무 메타세쿼이아 살구나무 주목 ",피나무,활엽수,낙엽수,교목,,봄,여름
샛별어린이공원,"서울특별시 동대문구 장안동 379",1652.9,"모과나무 양버즘나무 단풍나무 목련 잣나무 이팝나무 산딸나무 소나무 피나무 감나무 느티나무 메타세쿼이아 살구나무 주목 ",소나무,침엽수,상록수,교목,,X,X
샛별어린이공원,"서울특별시 동대문구 장안동 379",1652.9,"모과나무 양버즘나무 단풍나무 목련 잣나무 이팝나무 산딸나무 소나무 피나무 감나무 느티나무 메타세쿼이아 살구나무 주목 ",산딸나무,활엽수,낙엽수,관목,화목/열매수,봄,가을
샛별어린이공원,"서울특별시 동대문구 장안동 379",1652.9,"모과나무 양버즘나무 단풍나무 목련 잣나무 이팝나무 산딸나무 소나무 피나무 감나무 느티나무 메타세쿼이아 살구나무 주목 ",이팝나무,활엽수,낙엽수,교목,화목,봄,X
샛별어린이공원,"서울특별시 동대문구 장안동 379",1652.9,"모과나무 양버즘나무 단풍나무 목련 잣나무 이팝나무 산딸나무 소나무 피나무 감나무 느티나무 메타세쿼이아 살구나무 주목 ",잣나무,침엽수,상록수,교목,,X,X
샛별어린이공원,"서울특별시 동대문구 장안동 379",1652.9,"모과나무 양버즘나무 단풍나무 목련 잣나무 이팝나무 산딸나무 소나무 피나무 감나무 느티나무 메타세쿼이아 살구나무 주목 ",목련,활엽수,낙엽수,교목,화목,봄,X
샛별어린이공원,"서울특별시 동대문구 장안동 379",1652.9,"모과나무 양버즘나무 단풍나무 목련 잣나무 이팝나무 산딸나무 소나무 피나무 감나무 느티나무 메타세쿼이아 살구나무 주목 ",단풍나무,활엽수,낙엽수,교목,,봄,가을
샛별어린이공원,"서울특별시 동대문구 장안동 379",1652.9,"모과나무 양버즘나무 단풍나무 목련 잣나무 이팝나무 산딸나무 소나무 피나무 감나무 느티나무 메타세쿼이아 살구나무 주목 ",양버즘나무,활엽수,낙엽수,교목,,봄,X
샛별어린이공원,"서울특별시 동대문구 장안동 379",1652.9,"모과나무 양버즘나무 단풍나무 목련 잣나무 이팝나무 산딸나무 소나무 피나무 감나무 느티나무 메타세쿼이아 살구나무 주목 ",모과나무,활엽수,낙엽수,교목,열매수,봄,가을
장미어린이공원,"서울특별시 동대문구 장안동 386",1652.8,"양버즘나무 단풍나무 잣나무 은행나무 소나무 느티나무 ",느티나무,활엽수,낙엽수,교목,,여름,X
장미어린이공원,"서울특별시 동대문구 장안동 386",1652.8,"양버즘나무 단풍나무 잣나무 은행나무 소나무 느티나무 ",소나무,침엽수,상록수,교목,,X,X
장미어린이공원,"서울특별시 동대문구 장안동 386",1652.8,"양버즘나무 단풍나무 잣나무 은행나무 소나무 느티나무 ",은행나무,침엽수,낙엽수,교목,,봄,가을
장미어린이공원,"서울특별시 동대문구 장안동 386",1652.8,"양버즘나무 단풍나무 잣나무 은행나무 소나무 느티나무 ",잣나무,침엽수,상록수,교목,,X,X
장미어린이공원,"서울특별시 동대문구 장안동 386",1652.8,"양버즘나무 단풍나무 잣나무 은행나무 소나무 느티나무 ",단풍나무,활엽수,낙엽수,교목,,봄,가을
장미어린이공원,"서울특별시 동대문구 장안동 386",1652.8,"양버즘나무 단풍나무 잣나무 은행나무 소나무 느티나무 ",양버즘나무,활엽수,낙엽수,교목,,봄,X
동산어린이공원,"서울특별시 동대문구 답십리동 998-1",1359.2,"모과나무 단풍나무 목련 잣나무 이팝나무 소나무 사과나무 감나무 느티나무 벚나무 느릅나무 주목 ",주목,침엽수,상록수,관목,,X,X
동산어린이공원,"서울특별시 동대문구 답십리동 998-1",1359.2,"모과나무 단풍나무 목련 잣나무 이팝나무 소나무 사과나무 감나무 느티나무 벚나무 느릅나무 주목 ",느릅나무,활엽수,낙엽수,교목,,봄,X
동산어린이공원,"서울특별시 동대문구 답십리동 998-1",1359.2,"모과나무 단풍나무 목련 잣나무 이팝나무 소나무 사과나무 감나무 느티나무 벚나무 느릅나무 주목 ",벚나무,활엽수,낙엽수,교목,화목,봄,X
동산어린이공원,"서울특별시 동대문구 답십리동 998-1",1359.2,"모과나무 단풍나무 목련 잣나무 이팝나무 소나무 사과나무 감나무 느티나무 벚나무 느릅나무 주목 ",느티나무,활엽수,낙엽수,교목,,여름,X
동산어린이공원,"서울특별시 동대문구 답십리동 998-1",1359.2,"모과나무 단풍나무 목련 잣나무 이팝나무 소나무 사과나무 감나무 느티나무 벚나무 느릅나무 주목 ",감나무,활엽수,낙엽수,교목,열매수,봄,가을
동산어린이공원,"서울특별시 동대문구 답십리동 998-1",1359.2,"모과나무 단풍나무 목련 잣나무 이팝나무 소나무 사과나무 감나무 느티나무 벚나무 느릅나무 주목 ",사과나무,활엽수,낙엽수,교목,열매수,봄,가을
동산어린이공원,"서울특별시 동대문구 답십리동 998-1",1359.2,"모과나무 단풍나무 목련 잣나무 이팝나무 소나무 사과나무 감나무 느티나무 벚나무 느릅나무 주목 ",소나무,침엽수,상록수,교목,,X,X
동산어린이공원,"서울특별시 동대문구 답십리동 998-1",1359.2,"모과나무 단풍나무 목련 잣나무 이팝나무 소나무 사과나무 감나무 느티나무 벚나무 느릅나무 주목 ",이팝나무,활엽수,낙엽수,교목,화목,봄,X
동산어린이공원,"서울특별시 동대문구 답십리동 998-1",1359.2,"모과나무 단풍나무 목련 잣나무 이팝나무 소나무 사과나무 감나무 느티나무 벚나무 느릅나무 주목 ",잣나무,침엽수,상록수,교목,,X,X
동산어린이공원,"서울특별시 동대문구 답십리동 998-1",1359.2,"모과나무 단풍나무 목련 잣나무 이팝나무 소나무 사과나무 감나무 느티나무 벚나무 느릅나무 주목 ",목련,활엽수,낙엽수,교목,화목,봄,X
동산어린이공원,"서울특별시 동대문구 답십리동 998-1",1359.2,"모과나무 단풍나무 목련 잣나무 이팝나무 소나무 사과나무 감나무 느티나무 벚나무 느릅나무 주목 ",단풍나무,활엽수,낙엽수,교목,,봄,가을
동산어린이공원,"서울특별시 동대문구 답십리동 998-1",1359.2,"모과나무 단풍나무 목련 잣나무 이팝나무 소나무 사과나무 감나무 느티나무 벚나무 느릅나무 주목 ",모과나무,활엽수,낙엽수,교목,열매수,봄,가을
아름드리어린이공원,"서울특별시 동대문구 전농동 688-7",2626.5,"단풍나무 잣나무 산딸나무 소나무 사과나무 산수유 뽕나무 가죽나무 느티나무 벚나무 메타세쿼이아 ",메타세쿼이아,침엽수,낙엽수,교목,,X,X
아름드리어린이공원,"서울특별시 동대문구 전농동 688-7",2626.5,"단풍나무 잣나무 산딸나무 소나무 사과나무 산수유 뽕나무 가죽나무 느티나무 벚나무 메타세쿼이아 ",벚나무,활엽수,낙엽수,교목,화목,봄,X
아름드리어린이공원,"서울특별시 동대문구 전농동 688-7",2626.5,"단풍나무 잣나무 산딸나무 소나무 사과나무 산수유 뽕나무 가죽나무 느티나무 벚나무 메타세쿼이아 ",느티나무,활엽수,낙엽수,교목,,여름,X
아름드리어린이공원,"서울특별시 동대문구 전농동 688-7",2626.5,"단풍나무 잣나무 산딸나무 소나무 사과나무 산수유 뽕나무 가죽나무 느티나무 벚나무 메타세쿼이아 ",가죽나무,활엽수,낙엽수,교목,,봄,X
아름드리어린이공원,"서울특별시 동대문구 전농동 688-7",2626.5,"단풍나무 잣나무 산딸나무 소나무 사과나무 산수유 뽕나무 가죽나무 느티나무 벚나무 메타세쿼이아 ",뽕나무,활엽수,낙엽수,교목,열매수,봄,여름
아름드리어린이공원,"서울특별시 동대문구 전농동 688-7",2626.5,"단풍나무 잣나무 산딸나무 소나무 사과나무 산수유 뽕나무 가죽나무 느티나무 벚나무 메타세쿼이아 ",산수유,활엽수,낙엽수,관목,화목/열매수,봄,가을
아름드리어린이공원,"서울특별시 동대문구 전농동 688-7",2626.5,"단풍나무 잣나무 산딸나무 소나무 사과나무 산수유 뽕나무 가죽나무 느티나무 벚나무 메타세쿼이아 ",사과나무,활엽수,낙엽수,교목,열매수,봄,가을
아름드리어린이공원,"서울특별시 동대문구 전농동 688-7",2626.5,"단풍나무 잣나무 산딸나무 소나무 사과나무 산수유 뽕나무 가죽나무 느티나무 벚나무 메타세쿼이아 ",소나무,침엽수,상록수,교목,,X,X
아름드리어린이공원,"서울특별시 동대문구 전농동 688-7",2626.5,"단풍나무 잣나무 산딸나무 소나무 사과나무 산수유 뽕나무 가죽나무 느티나무 벚나무 메타세쿼이아 ",산딸나무,활엽수,낙엽수,관목,화목/열매수,봄,가을
아름드리어린이공원,"서울특별시 동대문구 전농동 688-7",2626.5,"단풍나무 잣나무 산딸나무 소나무 사과나무 산수유 뽕나무 가죽나무 느티나무 벚나무 메타세쿼이아 ",잣나무,침엽수,상록수,교목,,X,X
아름드리어린이공원,"서울특별시 동대문구 전농동 688-7",2626.5,"단풍나무 잣나무 산딸나무 소나무 사과나무 산수유 뽕나무 가죽나무 느티나무 벚나무 메타세쿼이아 ",단풍나무,활엽수,낙엽수,교목,,봄,가을
늘봄어린이공원,"서울특별시 동대문구 장안동 343",1659.2,"모과나무 양버즘나무 단풍나무 이팝나무 은행나무 소나무 산수유 향나무 감나무 느티나무 모감주나무 칠엽수 ",칠엽수,활엽수,낙엽수,교목,,봄,X
늘봄어린이공원,"서울특별시 동대문구 장안동 343",1659.2,"모과나무 양버즘나무 단풍나무 이팝나무 은행나무 소나무 산수유 향나무 감나무 느티나무 모감주나무 칠엽수 ",모감주나무,활엽수,낙엽수,교목,,봄,X
늘봄어린이공원,"서울특별시 동대문구 장안동 343",1659.2,"모과나무 양버즘나무 단풍나무 이팝나무 은행나무 소나무 산수유 향나무 감나무 느티나무 모감주나무 칠엽수 ",느티나무,활엽수,낙엽수,교목,,여름,X
늘봄어린이공원,"서울특별시 동대문구 장안동 343",1659.2,"모과나무 양버즘나무 단풍나무 이팝나무 은행나무 소나무 산수유 향나무 감나무 느티나무 모감주나무 칠엽수 ",감나무,활엽수,낙엽수,교목,열매수,봄,가을
늘봄어린이공원,"서울특별시 동대문구 장안동 343",1659.2,"모과나무 양버즘나무 단풍나무 이팝나무 은행나무 소나무 산수유 향나무 감나무 느티나무 모감주나무 칠엽수 ",향나무,침엽수,상록수,관목,,X,X
늘봄어린이공원,"서울특별시 동대문구 장안동 343",1659.2,"모과나무 양버즘나무 단풍나무 이팝나무 은행나무 소나무 산수유 향나무 감나무 느티나무 모감주나무 칠엽수 ",산수유,활엽수,낙엽수,관목,화목/열매수,봄,가을
늘봄어린이공원,"서울특별시 동대문구 장안동 343",1659.2,"모과나무 양버즘나무 단풍나무 이팝나무 은행나무 소나무 산수유 향나무 감나무 느티나무 모감주나무 칠엽수 ",소나무,침엽수,상록수,교목,,X,X
늘봄어린이공원,"서울특별시 동대문구 장안동 343",1659.2,"모과나무 양버즘나무 단풍나무 이팝나무 은행나무 소나무 산수유 향나무 감나무 느티나무 모감주나무 칠엽수 ",은행나무,침엽수,낙엽수,교목,,봄,가을
늘봄어린이공원,"서울특별시 동대문구 장안동 343",1659.2,"모과나무 양버즘나무 단풍나무 이팝나무 은행나무 소나무 산수유 향나무 감나무 느티나무 모감주나무 칠엽수 ",이팝나무,활엽수,낙엽수,교목,화목,봄,X
늘봄어린이공원,"서울특별시 동대문구 장안동 343",1659.2,"모과나무 양버즘나무 단풍나무 이팝나무 은행나무 소나무 산수유 향나무 감나무 느티나무 모감주나무 칠엽수 ",단풍나무,활엽수,낙엽수,교목,,봄,가을
늘봄어린이공원,"서울특별시 동대문구 장안동 343",1659.2,"모과나무 양버즘나무 단풍나무 이팝나무 은행나무 소나무 산수유 향나무 감나무 느티나무 모감주나무 칠엽수 ",양버즘나무,활엽수,낙엽수,교목,,봄,X
늘봄어린이공원,"서울특별시 동대문구 장안동 343",1659.2,"모과나무 양버즘나무 단풍나무 이팝나무 은행나무 소나무 산수유 향나무 감나무 느티나무 모감주나무 칠엽수 ",모과나무,활엽수,낙엽수,교목,열매수,봄,가을
방아다리어린이공원,"서울특별시 동대문구 제기동 132-1",1537,"단풍나무 목련 잣나무 이팝나무 산딸나무 소나무 산수유 감나무 느티나무 벚나무 측백나무 주목 ",주목,침엽수,상록수,관목,,X,X
방아다리어린이공원,"서울특별시 동대문구 제기동 132-1",1537,"단풍나무 목련 잣나무 이팝나무 산딸나무 소나무 산수유 감나무 느티나무 벚나무 측백나무 주목 ",측백나무,침엽수,상록수,관목,,X,X
방아다리어린이공원,"서울특별시 동대문구 제기동 132-1",1537,"단풍나무 목련 잣나무 이팝나무 산딸나무 소나무 산수유 감나무 느티나무 벚나무 측백나무 주목 ",벚나무,활엽수,낙엽수,교목,화목,봄,X
방아다리어린이공원,"서울특별시 동대문구 제기동 132-1",1537,"단풍나무 목련 잣나무 이팝나무 산딸나무 소나무 산수유 감나무 느티나무 벚나무 측백나무 주목 ",느티나무,활엽수,낙엽수,교목,,여름,X
방아다리어린이공원,"서울특별시 동대문구 제기동 132-1",1537,"단풍나무 목련 잣나무 이팝나무 산딸나무 소나무 산수유 감나무 느티나무 벚나무 측백나무 주목 ",감나무,활엽수,낙엽수,교목,열매수,봄,가을
방아다리어린이공원,"서울특별시 동대문구 제기동 132-1",1537,"단풍나무 목련 잣나무 이팝나무 산딸나무 소나무 산수유 감나무 느티나무 벚나무 측백나무 주목 ",산수유,활엽수,낙엽수,관목,화목/열매수,봄,가을
방아다리어린이공원,"서울특별시 동대문구 제기동 132-1",1537,"단풍나무 목련 잣나무 이팝나무 산딸나무 소나무 산수유 감나무 느티나무 벚나무 측백나무 주목 ",소나무,침엽수,상록수,교목,,X,X
방아다리어린이공원,"서울특별시 동대문구 제기동 132-1",1537,"단풍나무 목련 잣나무 이팝나무 산딸나무 소나무 산수유 감나무 느티나무 벚나무 측백나무 주목 ",산딸나무,활엽수,낙엽수,관목,화목/열매수,봄,가을
방아다리어린이공원,"서울특별시 동대문구 제기동 132-1",1537,"단풍나무 목련 잣나무 이팝나무 산딸나무 소나무 산수유 감나무 느티나무 벚나무 측백나무 주목 ",이팝나무,활엽수,낙엽수,교목,화목,봄,X
방아다리어린이공원,"서울특별시 동대문구 제기동 132-1",1537,"단풍나무 목련 잣나무 이팝나무 산딸나무 소나무 산수유 감나무 느티나무 벚나무 측백나무 주목 ",잣나무,침엽수,상록수,교목,,X,X
방아다리어린이공원,"서울특별시 동대문구 제기동 132-1",1537,"단풍나무 목련 잣나무 이팝나무 산딸나무 소나무 산수유 감나무 느티나무 벚나무 측백나무 주목 ",목련,활엽수,낙엽수,교목,화목,봄,X
방아다리어린이공원,"서울특별시 동대문구 제기동 132-1",1537,"단풍나무 목련 잣나무 이팝나무 산딸나무 소나무 산수유 감나무 느티나무 벚나무 측백나무 주목 ",단풍나무,활엽수,낙엽수,교목,,봄,가을
휘경어린이공원,"서울특별시 동대문구 휘경동 372-2",3426.3,"단풍나무 목련 잣나무 이팝나무 산딸나무 은행나무 소나무 산수유 감나무 느티나무 벚나무 측백나무 살구나무 자두나무 중국단풍 말채나무 ",말채나무,활엽수,낙엽수,관목,,봄,X
휘경어린이공원,"서울특별시 동대문구 휘경동 372-2",3426.3,"단풍나무 목련 잣나무 이팝나무 산딸나무 은행나무 소나무 산수유 감나무 느티나무 벚나무 측백나무 살구나무 자두나무 중국단풍 말채나무 ",중국단풍,활엽수,낙엽수,교목,,봄,가을
휘경어린이공원,"서울특별시 동대문구 휘경동 372-2",3426.3,"단풍나무 목련 잣나무 이팝나무 산딸나무 은행나무 소나무 산수유 감나무 느티나무 벚나무 측백나무 살구나무 자두나무 중국단풍 말채나무 ",자두나무,활엽수,낙엽수,교목,열매수,봄,여름
휘경어린이공원,"서울특별시 동대문구 휘경동 372-2",3426.3,"단풍나무 목련 잣나무 이팝나무 산딸나무 은행나무 소나무 산수유 감나무 느티나무 벚나무 측백나무 살구나무 자두나무 중국단풍 말채나무 ",살구나무,활엽수,낙엽수,교목,열매수,봄,여름
휘경어린이공원,"서울특별시 동대문구 휘경동 372-2",3426.3,"단풍나무 목련 잣나무 이팝나무 산딸나무 은행나무 소나무 산수유 감나무 느티나무 벚나무 측백나무 살구나무 자두나무 중국단풍 말채나무 ",측백나무,침엽수,상록수,관목,,X,X
휘경어린이공원,"서울특별시 동대문구 휘경동 372-2",3426.3,"단풍나무 목련 잣나무 이팝나무 산딸나무 은행나무 소나무 산수유 감나무 느티나무 벚나무 측백나무 살구나무 자두나무 중국단풍 말채나무 ",벚나무,활엽수,낙엽수,교목,화목,봄,X
휘경어린이공원,"서울특별시 동대문구 휘경동 372-2",3426.3,"단풍나무 목련 잣나무 이팝나무 산딸나무 은행나무 소나무 산수유 감나무 느티나무 벚나무 측백나무 살구나무 자두나무 중국단풍 말채나무 ",느티나무,활엽수,낙엽수,교목,,여름,X
휘경어린이공원,"서울특별시 동대문구 휘경동 372-2",3426.3,"단풍나무 목련 잣나무 이팝나무 산딸나무 은행나무 소나무 산수유 감나무 느티나무 벚나무 측백나무 살구나무 자두나무 중국단풍 말채나무 ",감나무,활엽수,낙엽수,교목,열매수,봄,가을
휘경어린이공원,"서울특별시 동대문구 휘경동 372-2",3426.3,"단풍나무 목련 잣나무 이팝나무 산딸나무 은행나무 소나무 산수유 감나무 느티나무 벚나무 측백나무 살구나무 자두나무 중국단풍 말채나무 ",산수유,활엽수,낙엽수,관목,화목/열매수,봄,가을
휘경어린이공원,"서울특별시 동대문구 휘경동 372-2",3426.3,"단풍나무 목련 잣나무 이팝나무 산딸나무 은행나무 소나무 산수유 감나무 느티나무 벚나무 측백나무 살구나무 자두나무 중국단풍 말채나무 ",소나무,침엽수,상록수,교목,,X,X
휘경어린이공원,"서울특별시 동대문구 휘경동 372-2",3426.3,"단풍나무 목련 잣나무 이팝나무 산딸나무 은행나무 소나무 산수유 감나무 느티나무 벚나무 측백나무 살구나무 자두나무 중국단풍 말채나무 ",은행나무,침엽수,낙엽수,교목,,봄,가을
휘경어린이공원,"서울특별시 동대문구 휘경동 372-2",3426.3,"단풍나무 목련 잣나무 이팝나무 산딸나무 은행나무 소나무 산수유 감나무 느티나무 벚나무 측백나무 살구나무 자두나무 중국단풍 말채나무 ",산딸나무,활엽수,낙엽수,관목,화목/열매수,봄,가을
휘경어린이공원,"서울특별시 동대문구 휘경동 372-2",3426.3,"단풍나무 목련 잣나무 이팝나무 산딸나무 은행나무 소나무 산수유 감나무 느티나무 벚나무 측백나무 살구나무 자두나무 중국단풍 말채나무 ",이팝나무,활엽수,낙엽수,교목,화목,봄,X
휘경어린이공원,"서울특별시 동대문구 휘경동 372-2",3426.3,"단풍나무 목련 잣나무 이팝나무 산딸나무 은행나무 소나무 산수유 감나무 느티나무 벚나무 측백나무 살구나무 자두나무 중국단풍 말채나무 ",잣나무,침엽수,상록수,교목,,X,X
휘경어린이공원,"서울특별시 동대문구 휘경동 372-2",3426.3,"단풍나무 목련 잣나무 이팝나무 산딸나무 은행나무 소나무 산수유 감나무 느티나무 벚나무 측백나무 살구나무 자두나무 중국단풍 말채나무 ",목련,활엽수,낙엽수,교목,화목,봄,X
휘경어린이공원,"서울특별시 동대문구 휘경동 372-2",3426.3,"단풍나무 목련 잣나무 이팝나무 산딸나무 은행나무 소나무 산수유 감나무 느티나무 벚나무 측백나무 살구나무 자두나무 중국단풍 말채나무 ",단풍나무,활엽수,낙엽수,교목,,봄,가을
마로니에어린이공원,"서울특별시 동대문구 장안동 325",1656.2,"단풍나무 잣나무 은행나무 사과나무 향나무 느티나무 물푸레나무 칠엽수 중국단풍 스트로브잣나무 ",스트로브잣나무,침엽수,상록수,교목,,X,X
마로니에어린이공원,"서울특별시 동대문구 장안동 325",1656.2,"단풍나무 잣나무 은행나무 사과나무 향나무 느티나무 물푸레나무 칠엽수 중국단풍 스트로브잣나무 ",중국단풍,활엽수,낙엽수,교목,,봄,가을
마로니에어린이공원,"서울특별시 동대문구 장안동 325",1656.2,"단풍나무 잣나무 은행나무 사과나무 향나무 느티나무 물푸레나무 칠엽수 중국단풍 스트로브잣나무 ",칠엽수,활엽수,낙엽수,교목,,봄,X
마로니에어린이공원,"서울특별시 동대문구 장안동 325",1656.2,"단풍나무 잣나무 은행나무 사과나무 향나무 느티나무 물푸레나무 칠엽수 중국단풍 스트로브잣나무 ",물푸레나무,활엽수,낙엽수,교목,,봄,X
마로니에어린이공원,"서울특별시 동대문구 장안동 325",1656.2,"단풍나무 잣나무 은행나무 사과나무 향나무 느티나무 물푸레나무 칠엽수 중국단풍 스트로브잣나무 ",느티나무,활엽수,낙엽수,교목,,여름,X
마로니에어린이공원,"서울특별시 동대문구 장안동 325",1656.2,"단풍나무 잣나무 은행나무 사과나무 향나무 느티나무 물푸레나무 칠엽수 중국단풍 스트로브잣나무 ",향나무,침엽수,상록수,관목,,X,X
마로니에어린이공원,"서울특별시 동대문구 장안동 325",1656.2,"단풍나무 잣나무 은행나무 사과나무 향나무 느티나무 물푸레나무 칠엽수 중국단풍 스트로브잣나무 ",사과나무,활엽수,낙엽수,교목,열매수,봄,가을
마로니에어린이공원,"서울특별시 동대문구 장안동 325",1656.2,"단풍나무 잣나무 은행나무 사과나무 향나무 느티나무 물푸레나무 칠엽수 중국단풍 스트로브잣나무 ",은행나무,침엽수,낙엽수,교목,,봄,가을
마로니에어린이공원,"서울특별시 동대문구 장안동 325",1656.2,"단풍나무 잣나무 은행나무 사과나무 향나무 느티나무 물푸레나무 칠엽수 중국단풍 스트로브잣나무 ",잣나무,침엽수,상록수,교목,,X,X
마로니에어린이공원,"서울특별시 동대문구 장안동 325",1656.2,"단풍나무 잣나무 은행나무 사과나무 향나무 느티나무 물푸레나무 칠엽수 중국단풍 스트로브잣나무 ",단풍나무,활엽수,낙엽수,교목,,봄,가을
천호대로,"서울특별시 동대문구 용두동 237-10",0.050337358499340144,"양버즘나무 이팝나무 은행나무 느티나무 백합나무 ",백합나무,활엽수,낙엽수,교목,,봄,X
천호대로,"서울특별시 동대문구 용두동 237-10",0.050337358499340144,"양버즘나무 이팝나무 은행나무 느티나무 백합나무 ",느티나무,활엽수,낙엽수,교목,,여름,X
천호대로,"서울특별시 동대문구 용두동 237-10",0.050337358499340144,"양버즘나무 이팝나무 은행나무 느티나무 백합나무 ",은행나무,침엽수,낙엽수,교목,,봄,가을
천호대로,"서울특별시 동대문구 용두동 237-10",0.050337358499340144,"양버즘나무 이팝나무 은행나무 느티나무 백합나무 ",이팝나무,활엽수,낙엽수,교목,화목,봄,X
천호대로,"서울특별시 동대문구 용두동 237-10",0.050337358499340144,"양버즘나무 이팝나무 은행나무 느티나무 백합나무 ",양버즘나무,활엽수,낙엽수,교목,,봄,X
외대역동로,"서울특별시 동대문구 휘경동 112-43",0.009616367442984957,"양버즘나무 ",양버즘나무,활엽수,낙엽수,교목,,봄,X
제기로17길,"서울특별시 동대문구 청량리동 203-316",0.0029835842628772665,"은행나무 ",은행나무,침엽수,낙엽수,교목,,봄,가을
천호대로,"서울특별시 동대문구 답십리동 524-1",0.050337358499340144,"양버즘나무 느티나무 ",느티나무,활엽수,낙엽수,교목,,여름,X
천호대로,"서울특별시 동대문구 답십리동 524-1",0.050337358499340144,"양버즘나무 느티나무 ",양버즘나무,활엽수,낙엽수,교목,,봄,X
답십리로,"서울특별시 동대문구 전농동 485-11",0.03436276900247712,"양버즘나무 ",양버즘나무,활엽수,낙엽수,교목,,봄,X
사가정로,"서울특별시 동대문구 장안동 469-1",0.07865510585547797,"양버즘나무 단풍나무 이팝나무 은행나무 회화나무 ",회화나무,활엽수,낙엽수,교목,,봄,X
사가정로,"서울특별시 동대문구 장안동 469-1",0.07865510585547797,"양버즘나무 단풍나무 이팝나무 은행나무 회화나무 ",은행나무,침엽수,낙엽수,교목,,봄,가을
사가정로,"서울특별시 동대문구 장안동 469-1",0.07865510585547797,"양버즘나무 단풍나무 이팝나무 은행나무 회화나무 ",이팝나무,활엽수,낙엽수,교목,화목,봄,X
사가정로,"서울특별시 동대문구 장안동 469-1",0.07865510585547797,"양버즘나무 단풍나무 이팝나무 은행나무 회화나무 ",단풍나무,활엽수,낙엽수,교목,,봄,가을
사가정로,"서울특별시 동대문구 장안동 469-1",0.07865510585547797,"양버즘나무 단풍나무 이팝나무 은행나무 회화나무 ",양버즘나무,활엽수,낙엽수,교목,,봄,X
한천로,"서울특별시 동대문구 이문동 105-1",0.043969435750392666,"양버즘나무 이팝나무 은행나무 ",은행나무,침엽수,낙엽수,교목,,봄,가을
한천로,"서울특별시 동대문구 이문동 105-1",0.043969435750392666,"양버즘나무 이팝나무 은행나무 ",이팝나무,활엽수,낙엽수,교목,화목,봄,X
한천로,"서울특별시 동대문구 이문동 105-1",0.043969435750392666,"양버즘나무 이팝나무 은행나무 ",양버즘나무,활엽수,낙엽수,교목,,봄,X
서울시립대로,"서울특별시 동대문구 전농동 124-19",0.015070999217401845,"은행나무 ",은행나무,침엽수,낙엽수,교목,,봄,가을
서울시립대로,"서울특별시 동대문구 전농동 582-24",0.015070999217401845,"은행나무 ",은행나무,침엽수,낙엽수,교목,,봄,가을
제기로17길,"서울특별시 동대문구 청량리동 205-375",0.0029835842628772665,"은행나무 ",은행나무,침엽수,낙엽수,교목,,봄,가을
왕산로,"서울특별시 동대문구 신설동 76-5",0.032634459895788274,"단풍나무 이팝나무 은행나무 ",은행나무,침엽수,낙엽수,교목,,봄,가을
왕산로,"서울특별시 동대문구 신설동 76-5",0.032634459895788274,"단풍나무 이팝나무 은행나무 ",이팝나무,활엽수,낙엽수,교목,화목,봄,X
왕산로,"서울특별시 동대문구 신설동 76-5",0.032634459895788274,"단풍나무 이팝나무 은행나무 ",단풍나무,활엽수,낙엽수,교목,,봄,가을
안암로,"서울특별시 동대문구 제기동 142-19",0.016756015157060974,"은행나무 ",은행나무,침엽수,낙엽수,교목,,봄,가을
전농로,"서울특별시 동대문구 답십리동 51-3",0.01893440584438743,"양버즘나무 은행나무 ",은행나무,침엽수,낙엽수,교목,,봄,가을
전농로,"서울특별시 동대문구 답십리동 51-3",0.01893440584438743,"양버즘나무 은행나무 ",양버즘나무,활엽수,낙엽수,교목,,봄,X
회기로,"서울특별시 동대문구 회기동 45-38",0.021741305586761694,"은행나무 ",은행나무,침엽수,낙엽수,교목,,봄,가을
회기로,"서울특별시 동대문구 회기동 45-37",0.021741305586761694,"은행나무 ",은행나무,침엽수,낙엽수,교목,,봄,가을
회기로,"서울특별시 동대문구 회기동 60-48",0.021741305586761694,"은행나무 ",은행나무,침엽수,낙엽수,교목,,봄,가을
회기로,"서울특별시 동대문구 회기동 60-1",0.021741305586761694,"은행나무 ",은행나무,침엽수,낙엽수,교목,,봄,가을
회기로,"서울특별시 동대문구 청량리동 산 1-135",0.021741305586761694,"양버즘나무 은행나무 ",은행나무,침엽수,낙엽수,교목,,봄,가을
회기로,"서울특별시 동대문구 청량리동 산 1-135",0.021741305586761694,"양버즘나무 은행나무 ",양버즘나무,활엽수,낙엽수,교목,,봄,X
회기로,"서울특별시 동대문구 청량리동 산 4-2",0.021741305586761694,"은행나무 ",은행나무,침엽수,낙엽수,교목,,봄,가을
제기로,"서울특별시 동대문구 청량리동 34",0.016724124074013105,"양버즘나무 은행나무 ",은행나무,침엽수,낙엽수,교목,,봄,가을
제기로,"서울특별시 동대문구 청량리동 34",0.016724124074013105,"양버즘나무 은행나무 ",양버즘나무,활엽수,낙엽수,교목,,봄,X
답십리로,"서울특별시 동대문구 답십리동 473-63",0.03436276900247712,"양버즘나무 은행나무 ",은행나무,침엽수,낙엽수,교목,,봄,가을
답십리로,"서울특별시 동대문구 답십리동 473-63",0.03436276900247712,"양버즘나무 은행나무 ",양버즘나무,활엽수,낙엽수,교목,,봄,X
천호대로,"서울특별시 동대문구 용두동 39-559",0.050337358499340144,"양버즘나무 느티나무 ",느티나무,활엽수,낙엽수,교목,,여름,X
천호대로,"서울특별시 동대문구 용두동 39-559",0.050337358499340144,"양버즘나무 느티나무 ",양버즘나무,활엽수,낙엽수,교목,,봄,X
천호대로,"서울특별시 동대문구 용두동 47-1",0.050337358499340144,"양버즘나무 단풍나무 이팝나무 산수유 느티나무 ",느티나무,활엽수,낙엽수,교목,,여름,X
천호대로,"서울특별시 동대문구 용두동 47-1",0.050337358499340144,"양버즘나무 단풍나무 이팝나무 산수유 느티나무 ",산수유,활엽수,낙엽수,관목,화목/열매수,봄,가을
천호대로,"서울특별시 동대문구 용두동 47-1",0.050337358499340144,"양버즘나무 단풍나무 이팝나무 산수유 느티나무 ",이팝나무,활엽수,낙엽수,교목,화목,봄,X
천호대로,"서울특별시 동대문구 용두동 47-1",0.050337358499340144,"양버즘나무 단풍나무 이팝나무 산수유 느티나무 ",단풍나무,활엽수,낙엽수,교목,,봄,가을
천호대로,"서울특별시 동대문구 용두동 47-1",0.050337358499340144,"양버즘나무 단풍나무 이팝나무 산수유 느티나무 ",양버즘나무,활엽수,낙엽수,교목,,봄,X
황물로,"서울특별시 동대문구 전농동 667-4",0.017570731753290648,"양버즘나무 이팝나무 은행나무 ",은행나무,침엽수,낙엽수,교목,,봄,가을
황물로,"서울특별시 동대문구 전농동 667-4",0.017570731753290648,"양버즘나무 이팝나무 은행나무 ",이팝나무,활엽수,낙엽수,교목,화목,봄,X
황물로,"서울특별시 동대문구 전농동 667-4",0.017570731753290648,"양버즘나무 이팝나무 은행나무 ",양버즘나무,활엽수,낙엽수,교목,,봄,X
제기로17길,"서울특별시 동대문구 청량리동 520-9",0.0029835842628772665,"은행나무 ",은행나무,침엽수,낙엽수,교목,,봄,가을
회기로,"서울특별시 동대문구 청량리동 산 5-8",0.021741305586761694,"은행나무 ",은행나무,침엽수,낙엽수,교목,,봄,가을
사가정로,"서울특별시 동대문구 답십리동 112-3",0.07865510585547797,"은행나무 ",은행나무,침엽수,낙엽수,교목,,봄,가을
전농로,"서울특별시 동대문구 답십리동 53-1",0.01893440584438743,"양버즘나무 은행나무 ",은행나무,침엽수,낙엽수,교목,,봄,가을
전농로,"서울특별시 동대문구 답십리동 53-1",0.01893440584438743,"양버즘나무 은행나무 ",양버즘나무,활엽수,낙엽수,교목,,봄,X
서울시립대로,"서울특별시 동대문구 전농동 129-75",0.015070999217401845,"은행나무 ",은행나무,침엽수,낙엽수,교목,,봄,가을
천호대로,"서울특별시 동대문구 답십리동 497-34",0.050337358499340144,"양버즘나무 은행나무 ",은행나무,침엽수,낙엽수,교목,,봄,가을
천호대로,"서울특별시 동대문구 답십리동 497-34",0.050337358499340144,"양버즘나무 은행나무 ",양버즘나무,활엽수,낙엽수,교목,,봄,X
천호대로,"서울특별시 동대문구 신설동 92-34",0.050337358499340144,"양버즘나무 ",양버즘나무,활엽수,낙엽수,교목,,봄,X
서울시립대로,"서울특별시 동대문구 전농동 646-22",0.015070999217401845,"은행나무 ",은행나무,침엽수,낙엽수,교목,,봄,가을
홍릉로,"서울특별시 동대문구 청량리동 205-850",0.010536790657002002,"양버즘나무 은행나무 ",은행나무,침엽수,낙엽수,교목,,봄,가을
홍릉로,"서울특별시 동대문구 청량리동 205-850",0.010536790657002002,"양버즘나무 은행나무 ",양버즘나무,활엽수,낙엽수,교목,,봄,X
홍릉로,"서울특별시 동대문구 청량리동 산 1-227",0.010536790657002002,"양버즘나무 은행나무 ",은행나무,침엽수,낙엽수,교목,,봄,가을
홍릉로,"서울특별시 동대문구 청량리동 산 1-227",0.010536790657002002,"양버즘나무 은행나무 ",양버즘나무,활엽수,낙엽수,교목,,봄,X
천호대로,"서울특별시 동대문구 장안동 480-18",0.050337358499340144,"양버즘나무 은행나무 ",은행나무,침엽수,낙엽수,교목,,봄,가을
천호대로,"서울특별시 동대문구 장안동 480-18",0.050337358499340144,"양버즘나무 은행나무 ",양버즘나무,활엽수,낙엽수,교목,,봄,X
답십리로,"서울특별시 동대문구 전농동 666",0.03436276900247712,"양버즘나무 이팝나무 은행나무 ",은행나무,침엽수,낙엽수,교목,,봄,가을
답십리로,"서울특별시 동대문구 전농동 666",0.03436276900247712,"양버즘나무 이팝나무 은행나무 ",이팝나무,활엽수,낙엽수,교목,화목,봄,X
답십리로,"서울특별시 동대문구 전농동 666",0.03436276900247712,"양버즘나무 이팝나무 은행나무 ",양버즘나무,활엽수,낙엽수,교목,,봄,X
천호대로47길,"서울특별시 동대문구 답십리동 462-1",0.0021645883362325815,"느티나무 ",느티나무,활엽수,낙엽수,교목,,여름,X
안암로,"서울특별시 동대문구 용두동 774",0.016756015157060974,"양버즘나무 은행나무 ",은행나무,침엽수,낙엽수,교목,,봄,가을
안암로,"서울특별시 동대문구 용두동 774",0.016756015157060974,"양버즘나무 은행나무 ",양버즘나무,활엽수,낙엽수,교목,,봄,X
제기로,"서울특별시 동대문구 청량리동 819",0.016724124074013105,"양버즘나무 은행나무 ",은행나무,침엽수,낙엽수,교목,,봄,가을
제기로,"서울특별시 동대문구 청량리동 819",0.016724124074013105,"양버즘나무 은행나무 ",양버즘나무,활엽수,낙엽수,교목,,봄,X
서울시립대로,"서울특별시 동대문구 전농동 582-6",0.015070999217401845,"은행나무 ",은행나무,침엽수,낙엽수,교목,,봄,가을
사가정로,"서울특별시 동대문구 답십리동 549-2",0.07865510585547797,"은행나무 ",은행나무,침엽수,낙엽수,교목,,봄,가을
한천로,"서울특별시 동대문구 이문동 354-5",0.043969435750392666,"양버즘나무 은행나무 ",은행나무,침엽수,낙엽수,교목,,봄,가을
한천로,"서울특별시 동대문구 이문동 354-5",0.043969435750392666,"양버즘나무 은행나무 ",양버즘나무,활엽수,낙엽수,교목,,봄,X
서울시립대로,"서울특별시 동대문구 전농동 666",0.015070999217401845,"은행나무 ",은행나무,침엽수,낙엽수,교목,,봄,가을
천호대로47길,"서울특별시 동대문구 답십리동 552",0.0021645883362325815,"느티나무 ",느티나무,활엽수,낙엽수,교목,,여름,X
회기로,"서울특별시 동대문구 청량리동 산 5-9",0.021741305586761694,"은행나무 ",은행나무,침엽수,낙엽수,교목,,봄,가을
장한로,"서울특별시 동대문구 장안동 469-3",0.01828729174665348,"이팝나무 벚나무 ",벚나무,활엽수,낙엽수,교목,화목,봄,X
장한로,"서울특별시 동대문구 장안동 469-3",0.01828729174665348,"이팝나무 벚나무 ",이팝나무,활엽수,낙엽수,교목,화목,봄,X
장한로,"서울특별시 동대문구 장안동 469-12",0.01828729174665348,"양버즘나무 이팝나무 은행나무 ",은행나무,침엽수,낙엽수,교목,,봄,가을
장한로,"서울특별시 동대문구 장안동 469-12",0.01828729174665348,"양버즘나무 이팝나무 은행나무 ",이팝나무,활엽수,낙엽수,교목,화목,봄,X
장한로,"서울특별시 동대문구 장안동 469-12",0.01828729174665348,"양버즘나무 이팝나무 은행나무 ",양버즘나무,활엽수,낙엽수,교목,,봄,X
고산자로,"서울특별시 동대문구 제기동 696",0.018242091564576145,"양버즘나무 ",양버즘나무,활엽수,낙엽수,교목,,봄,X
겸재로,"서울특별시 동대문구 휘경동 57-2",0.0029201231399936084,"메타세쿼이아 배롱나무 ",배롱나무,활엽수,낙엽수,교목,화목,여름,X
겸재로,"서울특별시 동대문구 휘경동 57-2",0.0029201231399936084,"메타세쿼이아 배롱나무 ",메타세쿼이아,침엽수,낙엽수,교목,,X,X
한천로,"서울특별시 동대문구 휘경동 43-1",0.043969435750392666,"양버즘나무 은행나무 ",은행나무,침엽수,낙엽수,교목,,봄,가을
한천로,"서울특별시 동대문구 휘경동 43-1",0.043969435750392666,"양버즘나무 은행나무 ",양버즘나무,활엽수,낙엽수,교목,,봄,X
고산자로,"서울특별시 동대문구 제기동 699",0.018242091564576145,"양버즘나무 ",양버즘나무,활엽수,낙엽수,교목,,봄,X
전농로,"서울특별시 동대문구 전농동 103-156",0.01893440584438743,"은행나무 ",은행나무,침엽수,낙엽수,교목,,봄,가을
사가정로,"서울특별시 동대문구 답십리동 549-1",0.07865510585547797,"단풍나무 은행나무 느티나무 ",느티나무,활엽수,낙엽수,교목,,여름,X
사가정로,"서울특별시 동대문구 답십리동 549-1",0.07865510585547797,"단풍나무 은행나무 느티나무 ",은행나무,침엽수,낙엽수,교목,,봄,가을
사가정로,"서울특별시 동대문구 답십리동 549-1",0.07865510585547797,"단풍나무 은행나무 느티나무 ",단풍나무,활엽수,낙엽수,교목,,봄,가을
사가정로,"서울특별시 동대문구 전농동 311",0.07865510585547797,"은행나무 ",은행나무,침엽수,낙엽수,교목,,봄,가을
사가정로,"서울특별시 동대문구 전농동 295-26",0.07865510585547797,"은행나무 ",은행나무,침엽수,낙엽수,교목,,봄,가을
한천로,"서울특별시 동대문구 장안동 150-21",0.043969435750392666,"양버즘나무 은행나무 ",은행나무,침엽수,낙엽수,교목,,봄,가을
한천로,"서울특별시 동대문구 장안동 150-21",0.043969435750392666,"양버즘나무 은행나무 ",양버즘나무,활엽수,낙엽수,교목,,봄,X
왕산로,"서울특별시 동대문구 청량리동 819",0.032634459895788274,"양버즘나무 이팝나무 은행나무 느티나무 ",느티나무,활엽수,낙엽수,교목,,여름,X
왕산로,"서울특별시 동대문구 청량리동 819",0.032634459895788274,"양버즘나무 이팝나무 은행나무 느티나무 ",은행나무,침엽수,낙엽수,교목,,봄,가을
왕산로,"서울특별시 동대문구 청량리동 819",0.032634459895788274,"양버즘나무 이팝나무 은행나무 느티나무 ",이팝나무,활엽수,낙엽수,교목,화목,봄,X
왕산로,"서울특별시 동대문구 청량리동 819",0.032634459895788274,"양버즘나무 이팝나무 은행나무 느티나무 ",양버즘나무,활엽수,낙엽수,교목,,봄,X
회기로,"서울특별시 동대문구 청량리동 205-553",0.021741305586761694,"은행나무 ",은행나무,침엽수,낙엽수,교목,,봄,가을
회기로,"서울특별시 동대문구 청량리동 206-9",0.021741305586761694,"계수나무 버드나무 은행나무 피나무 느티나무 느릅나무 ",느릅나무,활엽수,낙엽수,교목,,봄,X
회기로,"서울특별시 동대문구 청량리동 206-9",0.021741305586761694,"계수나무 버드나무 은행나무 피나무 느티나무 느릅나무 ",느티나무,활엽수,낙엽수,교목,,여름,X
회기로,"서울특별시 동대문구 청량리동 206-9",0.021741305586761694,"계수나무 버드나무 은행나무 피나무 느티나무 느릅나무 ",피나무,활엽수,낙엽수,교목,,봄,여름
회기로,"서울특별시 동대문구 청량리동 206-9",0.021741305586761694,"계수나무 버드나무 은행나무 피나무 느티나무 느릅나무 ",은행나무,침엽수,낙엽수,교목,,봄,가을
회기로,"서울특별시 동대문구 청량리동 206-9",0.021741305586761694,"계수나무 버드나무 은행나무 피나무 느티나무 느릅나무 ",버드나무,활엽수,낙엽수,교목,,봄,X
회기로,"서울특별시 동대문구 청량리동 206-9",0.021741305586761694,"계수나무 버드나무 은행나무 피나무 느티나무 느릅나무 ",계수나무,활엽수,낙엽수,교목,,봄,X
장한로,"서울특별시 동대문구 장안동 469-4",0.01828729174665348,"이팝나무 ",이팝나무,활엽수,낙엽수,교목,화목,봄,X
외대역동로,"서울특별시 동대문구 휘경동 361-1",0.009616367442984957,"양버즘나무 느티나무 백합나무 ",백합나무,활엽수,낙엽수,교목,,봄,X
외대역동로,"서울특별시 동대문구 휘경동 361-1",0.009616367442984957,"양버즘나무 느티나무 백합나무 ",느티나무,활엽수,낙엽수,교목,,여름,X
외대역동로,"서울특별시 동대문구 휘경동 361-1",0.009616367442984957,"양버즘나무 느티나무 백합나무 ",양버즘나무,활엽수,낙엽수,교목,,봄,X
한천로63길,"서울특별시 동대문구 이문동 225",0.0012803989586267705,"느티나무 ",느티나무,활엽수,낙엽수,교목,,여름,X
서울시립대로,"서울특별시 동대문구 전농동 584-21",0.015070999217401845,"은행나무 ",은행나무,침엽수,낙엽수,교목,,봄,가을
홍릉로25길,"서울특별시 동대문구 청량리동 205-491",0.0013694055349826816,"은행나무 ",은행나무,침엽수,낙엽수,교목,,봄,가을
장안벚꽃로,"서울특별시 동대문구 장안동 473-7",0.02736104345503263,"모과나무 양버즘나무 잣나무 이팝나무 은행나무 느티나무 벚나무 ",벚나무,활엽수,낙엽수,교목,화목,봄,X
장안벚꽃로,"서울특별시 동대문구 장안동 473-7",0.02736104345503263,"모과나무 양버즘나무 잣나무 이팝나무 은행나무 느티나무 벚나무 ",느티나무,활엽수,낙엽수,교목,,여름,X
장안벚꽃로,"서울특별시 동대문구 장안동 473-7",0.02736104345503263,"모과나무 양버즘나무 잣나무 이팝나무 은행나무 느티나무 벚나무 ",은행나무,침엽수,낙엽수,교목,,봄,가을
장안벚꽃로,"서울특별시 동대문구 장안동 473-7",0.02736104345503263,"모과나무 양버즘나무 잣나무 이팝나무 은행나무 느티나무 벚나무 ",이팝나무,활엽수,낙엽수,교목,화목,봄,X
장안벚꽃로,"서울특별시 동대문구 장안동 473-7",0.02736104345503263,"모과나무 양버즘나무 잣나무 이팝나무 은행나무 느티나무 벚나무 ",잣나무,침엽수,상록수,교목,,X,X
장안벚꽃로,"서울특별시 동대문구 장안동 473-7",0.02736104345503263,"모과나무 양버즘나무 잣나무 이팝나무 은행나무 느티나무 벚나무 ",양버즘나무,활엽수,낙엽수,교목,,봄,X
장안벚꽃로,"서울특별시 동대문구 장안동 473-7",0.02736104345503263,"모과나무 양버즘나무 잣나무 이팝나무 은행나무 느티나무 벚나무 ",모과나무,활엽수,낙엽수,교목,열매수,봄,가을
답십리로,"서울특별시 동대문구 전농동 655-36",0.03436276900247712,"은행나무 ",은행나무,침엽수,낙엽수,교목,,봄,가을
망우로,"서울특별시 동대문구 휘경동 66-1",0.016272854542858997,"은행나무 ",은행나무,침엽수,낙엽수,교목,,봄,가을
서울시립대로,"서울특별시 동대문구 전농동 530-119",0.015070999217401845,"은행나무 ",은행나무,침엽수,낙엽수,교목,,봄,가을
망우로,"서울특별시 동대문구 휘경동 268-1",0.016272854542858997,"이팝나무 은행나무 ",은행나무,침엽수,낙엽수,교목,,봄,가을
망우로,"서울특별시 동대문구 휘경동 268-1",0.016272854542858997,"이팝나무 은행나무 ",이팝나무,활엽수,낙엽수,교목,화목,봄,X
무학로,"서울특별시 동대문구 용두동 118-86",0.01198180693274892,"양버즘나무 ",양버즘나무,활엽수,낙엽수,교목,,봄,X
이문로,"서울특별시 동대문구 이문동 284-4",0.01893917204337028,"양버즘나무 은행나무 ",은행나무,침엽수,낙엽수,교목,,봄,가을
이문로,"서울특별시 동대문구 이문동 284-4",0.01893917204337028,"양버즘나무 은행나무 ",양버즘나무,활엽수,낙엽수,교목,,봄,X
이문로,"서울특별시 동대문구 이문동 325-1",0.01893917204337028,"양버즘나무 은행나무 ",은행나무,침엽수,낙엽수,교목,,봄,가을
이문로,"서울특별시 동대문구 이문동 325-1",0.01893917204337028,"양버즘나무 은행나무 ",양버즘나무,활엽수,낙엽수,교목,,봄,X
무학로,"서울특별시 동대문구 용두동 190-5",0.01198180693274892,"은행나무 ",은행나무,침엽수,낙엽수,교목,,봄,가을
무학로,"서울특별시 동대문구 용두동 237-10",0.01198180693274892,"양버즘나무 은행나무 백합나무 ",백합나무,활엽수,낙엽수,교목,,봄,X
무학로,"서울특별시 동대문구 용두동 237-10",0.01198180693274892,"양버즘나무 은행나무 백합나무 ",은행나무,침엽수,낙엽수,교목,,봄,가을
무학로,"서울특별시 동대문구 용두동 237-10",0.01198180693274892,"양버즘나무 은행나무 백합나무 ",양버즘나무,활엽수,낙엽수,교목,,봄,X
한천로,"서울특별시 동대문구 장안동 217-1",0.043969435750392666,"양버즘나무 이팝나무 은행나무 ",은행나무,침엽수,낙엽수,교목,,봄,가을
한천로,"서울특별시 동대문구 장안동 217-1",0.043969435750392666,"양버즘나무 이팝나무 은행나무 ",이팝나무,활엽수,낙엽수,교목,화목,봄,X
한천로,"서울특별시 동대문구 장안동 217-1",0.043969435750392666,"양버즘나무 이팝나무 은행나무 ",양버즘나무,활엽수,낙엽수,교목,,봄,X
홍릉로,"서울특별시 동대문구 청량리동 205-848",0.010536790657002002,"양버즘나무 ",양버즘나무,활엽수,낙엽수,교목,,봄,X
황물로,"서울특별시 동대문구 답십리동 530-2",0.017570731753290648,"양버즘나무 이팝나무 은행나무 ",은행나무,침엽수,낙엽수,교목,,봄,가을
황물로,"서울특별시 동대문구 답십리동 530-2",0.017570731753290648,"양버즘나무 이팝나무 은행나무 ",이팝나무,활엽수,낙엽수,교목,화목,봄,X
황물로,"서울특별시 동대문구 답십리동 530-2",0.017570731753290648,"양버즘나무 이팝나무 은행나무 ",양버즘나무,활엽수,낙엽수,교목,,봄,X
황물로,"서울특별시 동대문구 답십리동 489-90",0.017570731753290648,"은행나무 ",은행나무,침엽수,낙엽수,교목,,봄,가을
홍릉로,"서울특별시 동대문구 청량리동 819",0.010536790657002002,"양버즘나무 은행나무 느티나무 회화나무 ",회화나무,활엽수,낙엽수,교목,,봄,X
홍릉로,"서울특별시 동대문구 청량리동 819",0.010536790657002002,"양버즘나무 은행나무 느티나무 회화나무 ",느티나무,활엽수,낙엽수,교목,,여름,X
홍릉로,"서울특별시 동대문구 청량리동 819",0.010536790657002002,"양버즘나무 은행나무 느티나무 회화나무 ",은행나무,침엽수,낙엽수,교목,,봄,가을
홍릉로,"서울특별시 동대문구 청량리동 819",0.010536790657002002,"양버즘나무 은행나무 느티나무 회화나무 ",양버즘나무,활엽수,낙엽수,교목,,봄,X
왕산로,"서울특별시 동대문구 청량리동 35",0.032634459895788274,"양버즘나무 은행나무 ",은행나무,침엽수,낙엽수,교목,,봄,가을
왕산로,"서울특별시 동대문구 청량리동 35",0.032634459895788274,"양버즘나무 은행나무 ",양버즘나무,활엽수,낙엽수,교목,,봄,X
한천로,"서울특별시 동대문구 장안동 107-3",0.043969435750392666,"양버즘나무 은행나무 ",은행나무,침엽수,낙엽수,교목,,봄,가을
한천로,"서울특별시 동대문구 장안동 107-3",0.043969435750392666,"양버즘나무 은행나무 ",양버즘나무,활엽수,낙엽수,교목,,봄,X
한천로,"서울특별시 동대문구 장안동 188-15",0.043969435750392666,"양버즘나무 은행나무 ",은행나무,침엽수,낙엽수,교목,,봄,가을
한천로,"서울특별시 동대문구 장안동 188-15",0.043969435750392666,"양버즘나무 은행나무 ",양버즘나무,활엽수,낙엽수,교목,,봄,X
한천로,"서울특별시 동대문구 장안동 106-6",0.043969435750392666,"양버즘나무 은행나무 ",은행나무,침엽수,낙엽수,교목,,봄,가을
한천로,"서울특별시 동대문구 장안동 106-6",0.043969435750392666,"양버즘나무 은행나무 ",양버즘나무,활엽수,낙엽수,교목,,봄,X
약령시로,"서울특별시 동대문구 제기동 856",0.01813872304556547,"양버즘나무 ",양버즘나무,활엽수,낙엽수,교목,,봄,X
이문로,"서울특별시 동대문구 이문동 346-131",0.01893917204337028,"양버즘나무 은행나무 ",은행나무,침엽수,낙엽수,교목,,봄,가을
이문로,"서울특별시 동대문구 이문동 346-131",0.01893917204337028,"양버즘나무 은행나무 ",양버즘나무,활엽수,낙엽수,교목,,봄,X
망우로,"서울특별시 동대문구 휘경동 255-22",0.016272854542858997,"은행나무 ",은행나무,침엽수,낙엽수,교목,,봄,가을
이문로,"서울특별시 동대문구 휘경동 183-52",0.01893917204337028,"은행나무 ",은행나무,침엽수,낙엽수,교목,,봄,가을
이문로,"서울특별시 동대문구 이문동 255-192",0.01893917204337028,"은행나무 ",은행나무,침엽수,낙엽수,교목,,봄,가을
장안벚꽃로,"서울특별시 동대문구 장안동 473-3",0.02736104345503263,"양버즘나무 이팝나무 회화나무 ",회화나무,활엽수,낙엽수,교목,,봄,X
장안벚꽃로,"서울특별시 동대문구 장안동 473-3",0.02736104345503263,"양버즘나무 이팝나무 회화나무 ",이팝나무,활엽수,낙엽수,교목,화목,봄,X
장안벚꽃로,"서울특별시 동대문구 장안동 473-3",0.02736104345503263,"양버즘나무 이팝나무 회화나무 ",양버즘나무,활엽수,낙엽수,교목,,봄,X
천호대로45길,"서울특별시 동대문구 용두동 39-928",0.004652402872591969,"은행나무 ",은행나무,침엽수,낙엽수,교목,,봄,가을
답십리로,"서울특별시 동대문구 장안동 141-2",0.03436276900247712,"이팝나무 ",이팝나무,활엽수,낙엽수,교목,화목,봄,X
회기로,"서울특별시 동대문구 회기동 77-42",0.021741305586761694,"은행나무 ",은행나무,침엽수,낙엽수,교목,,봄,가을
왕산로,"서울특별시 동대문구 용두동 237-10",0.032634459895788274,"양버즘나무 이팝나무 은행나무 ",은행나무,침엽수,낙엽수,교목,,봄,가을
왕산로,"서울특별시 동대문구 용두동 237-10",0.032634459895788274,"양버즘나무 이팝나무 은행나무 ",이팝나무,활엽수,낙엽수,교목,화목,봄,X
왕산로,"서울특별시 동대문구 용두동 237-10",0.032634459895788274,"양버즘나무 이팝나무 은행나무 ",양버즘나무,활엽수,낙엽수,교목,,봄,X
망우로,"서울특별시 동대문구 휘경동 316-3",0.016272854542858997,"은행나무 ",은행나무,침엽수,낙엽수,교목,,봄,가을
이문로,"서울특별시 동대문구 이문동 292-100",0.01893917204337028,"은행나무 ",은행나무,침엽수,낙엽수,교목,,봄,가을
이문로,"서울특별시 동대문구 이문동 255-8",0.01893917204337028,"은행나무 ",은행나무,침엽수,낙엽수,교목,,봄,가을
왕산로,"서울특별시 동대문구 제기동 65",0.032634459895788274,"양버즘나무 이팝나무 은행나무 ",은행나무,침엽수,낙엽수,교목,,봄,가을
왕산로,"서울특별시 동대문구 제기동 65",0.032634459895788274,"양버즘나무 이팝나무 은행나무 ",이팝나무,활엽수,낙엽수,교목,화목,봄,X
왕산로,"서울특별시 동대문구 제기동 65",0.032634459895788274,"양버즘나무 이팝나무 은행나무 ",양버즘나무,활엽수,낙엽수,교목,,봄,X
천호대로,"서울특별시 동대문구 장안동 472-3",0.050337358499340144,"양버즘나무 은행나무 ",은행나무,침엽수,낙엽수,교목,,봄,가을
천호대로,"서울특별시 동대문구 장안동 472-3",0.050337358499340144,"양버즘나무 은행나무 ",양버즘나무,활엽수,낙엽수,교목,,봄,X
서울시립대로,"서울특별시 동대문구 답십리동 465-141",0.015070999217401845,"은행나무 ",은행나무,침엽수,낙엽수,교목,,봄,가을
홍릉로25길,"서울특별시 동대문구 청량리동 203-32",0.0013694055349826816,"은행나무 감나무 ",감나무,활엽수,낙엽수,교목,열매수,봄,가을
홍릉로25길,"서울특별시 동대문구 청량리동 203-32",0.0013694055349826816,"은행나무 감나무 ",은행나무,침엽수,낙엽수,교목,,봄,가을
한천로,"서울특별시 동대문구 이문동 92-27",0.043969435750392666,"양버즘나무 은행나무 ",은행나무,침엽수,낙엽수,교목,,봄,가을
한천로,"서울특별시 동대문구 이문동 92-27",0.043969435750392666,"양버즘나무 은행나무 ",양버즘나무,활엽수,낙엽수,교목,,봄,X
정릉천동로,"서울특별시 동대문구 제기동 271-50",0.013607440316019435,"양버즘나무 은행나무 ",은행나무,침엽수,낙엽수,교목,,봄,가을
정릉천동로,"서울특별시 동대문구 제기동 271-50",0.013607440316019435,"양버즘나무 은행나무 ",양버즘나무,활엽수,낙엽수,교목,,봄,X
전농로,"서울특별시 동대문구 전농동 60-34",0.01893440584438743,"은행나무 ",은행나무,침엽수,낙엽수,교목,,봄,가을
답십리로,"서울특별시 동대문구 답십리동 2-299",0.03436276900247712,"이팝나무 ",이팝나무,활엽수,낙엽수,교목,화목,봄,X
서울시립대로,"서울특별시 동대문구 전농동 129-71",0.015070999217401845,"은행나무 ",은행나무,침엽수,낙엽수,교목,,봄,가을
황물로,"서울특별시 동대문구 답십리동 489-42",0.017570731753290648,"은행나무 ",은행나무,침엽수,낙엽수,교목,,봄,가을
신이문로,"서울특별시 동대문구 이문동 238-2",0.004777305056230333,"은행나무 ",은행나무,침엽수,낙엽수,교목,,봄,가을
망우로,"서울특별시 동대문구 휘경동 336-10",0.016272854542858997,"양버즘나무 은행나무 ",은행나무,침엽수,낙엽수,교목,,봄,가을
망우로,"서울특별시 동대문구 휘경동 336-10",0.016272854542858997,"양버즘나무 은행나무 ",양버즘나무,활엽수,낙엽수,교목,,봄,X
망우로,"서울특별시 동대문구 휘경동 280-1",0.016272854542858997,"은행나무 ",은행나무,침엽수,낙엽수,교목,,봄,가을
겸재로,"서울특별시 동대문구 휘경동 49-322",0.0029201231399936084,"산딸나무 메타세쿼이아 ",메타세쿼이아,침엽수,낙엽수,교목,,X,X
겸재로,"서울특별시 동대문구 휘경동 49-322",0.0029201231399936084,"산딸나무 메타세쿼이아 ",산딸나무,활엽수,낙엽수,관목,화목/열매수,봄,가을
겸재로,"서울특별시 동대문구 휘경동 49-6",0.0029201231399936084,"산딸나무 메타세쿼이아 배롱나무 ",배롱나무,활엽수,낙엽수,교목,화목,여름,X
겸재로,"서울특별시 동대문구 휘경동 49-6",0.0029201231399936084,"산딸나무 메타세쿼이아 배롱나무 ",메타세쿼이아,침엽수,낙엽수,교목,,X,X
겸재로,"서울특별시 동대문구 휘경동 49-6",0.0029201231399936084,"산딸나무 메타세쿼이아 배롱나무 ",산딸나무,활엽수,낙엽수,관목,화목/열매수,봄,가을
장한로,"서울특별시 동대문구 장안동 469-7",0.01828729174665348,"양버즘나무 이팝나무 은행나무 ",은행나무,침엽수,낙엽수,교목,,봄,가을
장한로,"서울특별시 동대문구 장안동 469-7",0.01828729174665348,"양버즘나무 이팝나무 은행나무 ",이팝나무,활엽수,낙엽수,교목,화목,봄,X
장한로,"서울특별시 동대문구 장안동 469-7",0.01828729174665348,"양버즘나무 이팝나무 은행나무 ",양버즘나무,활엽수,낙엽수,교목,,봄,X
한천로,"서울특별시 동대문구 이문동 92-29",0.043969435750392666,"양버즘나무 은행나무 ",은행나무,침엽수,낙엽수,교목,,봄,가을
한천로,"서울특별시 동대문구 이문동 92-29",0.043969435750392666,"양버즘나무 은행나무 ",양버즘나무,활엽수,낙엽수,교목,,봄,X
약령시로,"서울특별시 동대문구 제기동 190-18",0.01813872304556547,"은행나무 ",은행나무,침엽수,낙엽수,교목,,봄,가을
왕산로,"서울특별시 동대문구 용두동 236-1",0.032634459895788274,"느티나무 ",느티나무,활엽수,낙엽수,교목,,여름,X
무학로,"서울특별시 동대문구 용두동 193-58",0.01198180693274892,"은행나무 ",은행나무,침엽수,낙엽수,교목,,봄,가을
무학로,"서울특별시 동대문구 용두동 150-4",0.01198180693274892,"은행나무 ",은행나무,침엽수,낙엽수,교목,,봄,가을
약령시로,"서울특별시 동대문구 청량리동 235-14",0.01813872304556547,"양버즘나무 은행나무 ",은행나무,침엽수,낙엽수,교목,,봄,가을
약령시로,"서울특별시 동대문구 청량리동 235-14",0.01813872304556547,"양버즘나무 은행나무 ",양버즘나무,활엽수,낙엽수,교목,,봄,X
한천로,"서울특별시 동대문구 전농동 1-5",0.043969435750392666,"양버즘나무 은행나무 ",은행나무,침엽수,낙엽수,교목,,봄,가을
한천로,"서울특별시 동대문구 전농동 1-5",0.043969435750392666,"양버즘나무 은행나무 ",양버즘나무,활엽수,낙엽수,교목,,봄,X
서울시립대로,"서울특별시 동대문구 전농동 530-83",0.015070999217401845,"은행나무 ",은행나무,침엽수,낙엽수,교목,,봄,가을
정릉천동로,"서울특별시 동대문구 제기동 1205",0.013607440316019435,"양버즘나무 이팝나무 은행나무 회화나무 대추나무 ",대추나무,활엽수,낙엽수,교목,열매수,봄,가을
정릉천동로,"서울특별시 동대문구 제기동 1205",0.013607440316019435,"양버즘나무 이팝나무 은행나무 회화나무 대추나무 ",회화나무,활엽수,낙엽수,교목,,봄,X
정릉천동로,"서울특별시 동대문구 제기동 1205",0.013607440316019435,"양버즘나무 이팝나무 은행나무 회화나무 대추나무 ",은행나무,침엽수,낙엽수,교목,,봄,가을
정릉천동로,"서울특별시 동대문구 제기동 1205",0.013607440316019435,"양버즘나무 이팝나무 은행나무 회화나무 대추나무 ",이팝나무,활엽수,낙엽수,교목,화목,봄,X
정릉천동로,"서울특별시 동대문구 제기동 1205",0.013607440316019435,"양버즘나무 이팝나무 은행나무 회화나무 대추나무 ",양버즘나무,활엽수,낙엽수,교목,,봄,X
이문로,"서울특별시 동대문구 이문동 292-95",0.01893917204337028,"은행나무 ",은행나무,침엽수,낙엽수,교목,,봄,가을
전농로,"서울특별시 동대문구 전농동 195-1",0.01893440584438743,"은행나무 ",은행나무,침엽수,낙엽수,교목,,봄,가을
장안벚꽃로,"서울특별시 동대문구 장안동 473-6",0.02736104345503263,"양버즘나무 이팝나무 ",이팝나무,활엽수,낙엽수,교목,화목,봄,X
장안벚꽃로,"서울특별시 동대문구 장안동 473-6",0.02736104345503263,"양버즘나무 이팝나무 ",양버즘나무,활엽수,낙엽수,교목,,봄,X
장한로12길,"서울특별시 동대문구 장안동 471-1",0.004855991190501962,"양버즘나무 이팝나무 은행나무 ",은행나무,침엽수,낙엽수,교목,,봄,가을
장한로12길,"서울특별시 동대문구 장안동 471-1",0.004855991190501962,"양버즘나무 이팝나무 은행나무 ",이팝나무,활엽수,낙엽수,교목,화목,봄,X
장한로12길,"서울특별시 동대문구 장안동 471-1",0.004855991190501962,"양버즘나무 이팝나무 은행나무 ",양버즘나무,활엽수,낙엽수,교목,,봄,X
휘경로,"서울특별시 동대문구 휘경동 372-3",0.00827549427237474,"양버즘나무 이팝나무 은행나무 칠엽수 ",칠엽수,활엽수,낙엽수,교목,,봄,X
휘경로,"서울특별시 동대문구 휘경동 372-3",0.00827549427237474,"양버즘나무 이팝나무 은행나무 칠엽수 ",은행나무,침엽수,낙엽수,교목,,봄,가을
휘경로,"서울특별시 동대문구 휘경동 372-3",0.00827549427237474,"양버즘나무 이팝나무 은행나무 칠엽수 ",이팝나무,활엽수,낙엽수,교목,화목,봄,X
휘경로,"서울특별시 동대문구 휘경동 372-3",0.00827549427237474,"양버즘나무 이팝나무 은행나무 칠엽수 ",양버즘나무,활엽수,낙엽수,교목,,봄,X
신이문로,"서울특별시 동대문구 이문동 255-223",0.004777305056230333,"은행나무 ",은행나무,침엽수,낙엽수,교목,,봄,가을
망우로,"서울특별시 동대문구 휘경동 42-6",0.016272854542858997,"이팝나무 은행나무 ",은행나무,침엽수,낙엽수,교목,,봄,가을
망우로,"서울특별시 동대문구 휘경동 42-6",0.016272854542858997,"이팝나무 은행나무 ",이팝나무,활엽수,낙엽수,교목,화목,봄,X
망우로,"서울특별시 동대문구 휘경동 312-245",0.016272854542858997,"은행나무 ",은행나무,침엽수,낙엽수,교목,,봄,가을
전농로,"서울특별시 동대문구 전농동 189-1",0.01893440584438743,"은행나무 ",은행나무,침엽수,낙엽수,교목,,봄,가을
전농로,"서울특별시 동대문구 답십리동 94-2",0.01893440584438743,"양버즘나무 은행나무 ",은행나무,침엽수,낙엽수,교목,,봄,가을
전농로,"서울특별시 동대문구 답십리동 94-2",0.01893440584438743,"양버즘나무 은행나무 ",양버즘나무,활엽수,낙엽수,교목,,봄,X
회기로,"서울특별시 동대문구 청량리동 207-43",0.021741305586761694,"은행나무 ",은행나무,침엽수,낙엽수,교목,,봄,가을
고산자로,"서울특별시 동대문구 제기동 669-1",0.018242091564576145,"양버즘나무 은행나무 ",은행나무,침엽수,낙엽수,교목,,봄,가을
고산자로,"서울특별시 동대문구 제기동 669-1",0.018242091564576145,"양버즘나무 은행나무 ",양버즘나무,활엽수,낙엽수,교목,,봄,X
이문로,"서울특별시 동대문구 이문동 341-11",0.01893917204337028,"은행나무 ",은행나무,침엽수,낙엽수,교목,,봄,가을
한천로,"서울특별시 동대문구 답십리동 2-17",0.043969435750392666,"양버즘나무 은행나무 ",은행나무,침엽수,낙엽수,교목,,봄,가을
한천로,"서울특별시 동대문구 답십리동 2-17",0.043969435750392666,"양버즘나무 은행나무 ",양버즘나무,활엽수,낙엽수,교목,,봄,X
한천로,"서울특별시 동대문구 장안동 95-5",0.043969435750392666,"양버즘나무 은행나무 ",은행나무,침엽수,낙엽수,교목,,봄,가을
한천로,"서울특별시 동대문구 장안동 95-5",0.043969435750392666,"양버즘나무 은행나무 ",양버즘나무,활엽수,낙엽수,교목,,봄,X
한천로,"서울특별시 동대문구 답십리동 917",0.043969435750392666,"양버즘나무 은행나무 ",은행나무,침엽수,낙엽수,교목,,봄,가을
한천로,"서울특별시 동대문구 답십리동 917",0.043969435750392666,"양버즘나무 은행나무 ",양버즘나무,활엽수,낙엽수,교목,,봄,X
약령시로,"서울특별시 동대문구 청량리동 235-10",0.01813872304556547,"양버즘나무 이팝나무 은행나무 ",은행나무,침엽수,낙엽수,교목,,봄,가을
약령시로,"서울특별시 동대문구 청량리동 235-10",0.01813872304556547,"양버즘나무 이팝나무 은행나무 ",이팝나무,활엽수,낙엽수,교목,화목,봄,X
약령시로,"서울특별시 동대문구 청량리동 235-10",0.01813872304556547,"양버즘나무 이팝나무 은행나무 ",양버즘나무,활엽수,낙엽수,교목,,봄,X
장안벚꽃로,"서울특별시 동대문구 장안동 473-2",0.02736104345503263,"양버즘나무 이팝나무 은행나무 벚나무 회화나무 ",회화나무,활엽수,낙엽수,교목,,봄,X
장안벚꽃로,"서울특별시 동대문구 장안동 473-2",0.02736104345503263,"양버즘나무 이팝나무 은행나무 벚나무 회화나무 ",벚나무,활엽수,낙엽수,교목,화목,봄,X
장안벚꽃로,"서울특별시 동대문구 장안동 473-2",0.02736104345503263,"양버즘나무 이팝나무 은행나무 벚나무 회화나무 ",은행나무,침엽수,낙엽수,교목,,봄,가을
장안벚꽃로,"서울특별시 동대문구 장안동 473-2",0.02736104345503263,"양버즘나무 이팝나무 은행나무 벚나무 회화나무 ",이팝나무,활엽수,낙엽수,교목,화목,봄,X
장안벚꽃로,"서울특별시 동대문구 장안동 473-2",0.02736104345503263,"양버즘나무 이팝나무 은행나무 벚나무 회화나무 ",양버즘나무,활엽수,낙엽수,교목,,봄,X
정릉천동로,"서울특별시 동대문구 제기동 891-2",0.013607440316019435,"양버즘나무 이팝나무 은행나무 뽕나무 회화나무 ",회화나무,활엽수,낙엽수,교목,,봄,X
정릉천동로,"서울특별시 동대문구 제기동 891-2",0.013607440316019435,"양버즘나무 이팝나무 은행나무 뽕나무 회화나무 ",뽕나무,활엽수,낙엽수,교목,열매수,봄,여름
정릉천동로,"서울특별시 동대문구 제기동 891-2",0.013607440316019435,"양버즘나무 이팝나무 은행나무 뽕나무 회화나무 ",은행나무,침엽수,낙엽수,교목,,봄,가을
정릉천동로,"서울특별시 동대문구 제기동 891-2",0.013607440316019435,"양버즘나무 이팝나무 은행나무 뽕나무 회화나무 ",이팝나무,활엽수,낙엽수,교목,화목,봄,X
정릉천동로,"서울특별시 동대문구 제기동 891-2",0.013607440316019435,"양버즘나무 이팝나무 은행나무 뽕나무 회화나무 ",양버즘나무,활엽수,낙엽수,교목,,봄,X
답십리로,"서울특별시 동대문구 답십리동 2-150",0.03436276900247712,"이팝나무 ",이팝나무,활엽수,낙엽수,교목,화목,봄,X
전농로,"서울특별시 동대문구 답십리동 69-1",0.01893440584438743,"양버즘나무 은행나무 ",은행나무,침엽수,낙엽수,교목,,봄,가을
전농로,"서울특별시 동대문구 답십리동 69-1",0.01893440584438743,"양버즘나무 은행나무 ",양버즘나무,활엽수,낙엽수,교목,,봄,X
전농로,"서울특별시 동대문구 답십리동 534",0.01893440584438743,"양버즘나무 은행나무 ",은행나무,침엽수,낙엽수,교목,,봄,가을
전농로,"서울특별시 동대문구 답십리동 534",0.01893440584438743,"양버즘나무 은행나무 ",양버즘나무,활엽수,낙엽수,교목,,봄,X
망우로,"서울특별시 동대문구 휘경동 32-1",0.016272854542858997,"은행나무 ",은행나무,침엽수,낙엽수,교목,,봄,가을
이문로,"서울특별시 동대문구 이문동 371-1",0.01893917204337028,"양버즘나무 ",양버즘나무,활엽수,낙엽수,교목,,봄,X
안암로,"서울특별시 동대문구 신설동 397-2",0.016756015157060974,"양버즘나무 은행나무 ",은행나무,침엽수,낙엽수,교목,,봄,가을
안암로,"서울특별시 동대문구 신설동 397-2",0.016756015157060974,"양버즘나무 은행나무 ",양버즘나무,활엽수,낙엽수,교목,,봄,X
안암로,"서울특별시 동대문구 제기동 142-21",0.016756015157060974,"은행나무 ",은행나무,침엽수,낙엽수,교목,,봄,가을
장안벚꽃로,"서울특별시 동대문구 휘경동 49-295",0.02736104345503263,"회화나무 ",회화나무,활엽수,낙엽수,교목,,봄,X
왕산로,"서울특별시 동대문구 용두동 47-1",0.032634459895788274,"이팝나무 은행나무 ",은행나무,침엽수,낙엽수,교목,,봄,가을
왕산로,"서울특별시 동대문구 용두동 47-1",0.032634459895788274,"이팝나무 은행나무 ",이팝나무,활엽수,낙엽수,교목,화목,봄,X
답십리로,"서울특별시 동대문구 답십리동 476-265",0.03436276900247712,"느티나무 ",느티나무,활엽수,낙엽수,교목,,여름,X
사가정로,"서울특별시 동대문구 전농동 30-1",0.07865510585547797,"이팝나무 은행나무 느티나무 벚나무 ",벚나무,활엽수,낙엽수,교목,화목,봄,X
사가정로,"서울특별시 동대문구 전농동 30-1",0.07865510585547797,"이팝나무 은행나무 느티나무 벚나무 ",느티나무,활엽수,낙엽수,교목,,여름,X
사가정로,"서울특별시 동대문구 전농동 30-1",0.07865510585547797,"이팝나무 은행나무 느티나무 벚나무 ",은행나무,침엽수,낙엽수,교목,,봄,가을
사가정로,"서울특별시 동대문구 전농동 30-1",0.07865510585547797,"이팝나무 은행나무 느티나무 벚나무 ",이팝나무,활엽수,낙엽수,교목,화목,봄,X
제기로,"서울특별시 동대문구 제기동 856",0.016724124074013105,"양버즘나무 은행나무 ",은행나무,침엽수,낙엽수,교목,,봄,가을
제기로,"서울특별시 동대문구 제기동 856",0.016724124074013105,"양버즘나무 은행나무 ",양버즘나무,활엽수,낙엽수,교목,,봄,X
무학로,"서울특별시 동대문구 용두동 168-15",0.01198180693274892,"은행나무 ",은행나무,침엽수,낙엽수,교목,,봄,가을
한천로,"서울특별시 동대문구 이문동 209-1",0.043969435750392666,"양버즘나무 은행나무 ",은행나무,침엽수,낙엽수,교목,,봄,가을
한천로,"서울특별시 동대문구 이문동 209-1",0.043969435750392666,"양버즘나무 은행나무 ",양버즘나무,활엽수,낙엽수,교목,,봄,X
천호대로,"서울특별시 동대문구 신설동 102-27",0.050337358499340144,"은행나무 느티나무 ",느티나무,활엽수,낙엽수,교목,,여름,X
천호대로,"서울특별시 동대문구 신설동 102-27",0.050337358499340144,"은행나무 느티나무 ",은행나무,침엽수,낙엽수,교목,,봄,가을
홍릉로,"서울특별시 동대문구 청량리동 199-231",0.010536790657002002,"양버즘나무 ",양버즘나무,활엽수,낙엽수,교목,,봄,X
서울시립대로,"서울특별시 동대문구 전농동 124-64",0.015070999217401845,"은행나무 ",은행나무,침엽수,낙엽수,교목,,봄,가을
한천로,"서울특별시 동대문구 이문동 212-4",0.043969435750392666,"은행나무 ",은행나무,침엽수,낙엽수,교목,,봄,가을
장안벚꽃로,"서울특별시 동대문구 휘경동 49-12",0.02736104345503263,"이팝나무 회화나무 ",회화나무,활엽수,낙엽수,교목,,봄,X
장안벚꽃로,"서울특별시 동대문구 휘경동 49-12",0.02736104345503263,"이팝나무 회화나무 ",이팝나무,활엽수,낙엽수,교목,화목,봄,X
장한로,"서울특별시 동대문구 장안동 469-9",0.01828729174665348,"양버즘나무 이팝나무 은행나무 벚나무 ",벚나무,활엽수,낙엽수,교목,화목,봄,X
장한로,"서울특별시 동대문구 장안동 469-9",0.01828729174665348,"양버즘나무 이팝나무 은행나무 벚나무 ",은행나무,침엽수,낙엽수,교목,,봄,가을
장한로,"서울특별시 동대문구 장안동 469-9",0.01828729174665348,"양버즘나무 이팝나무 은행나무 벚나무 ",이팝나무,활엽수,낙엽수,교목,화목,봄,X
장한로,"서울특별시 동대문구 장안동 469-9",0.01828729174665348,"양버즘나무 이팝나무 은행나무 벚나무 ",양버즘나무,활엽수,낙엽수,교목,,봄,X
한천로,"서울특별시 동대문구 장안동 187",0.043969435750392666,"양버즘나무 은행나무 ",은행나무,침엽수,낙엽수,교목,,봄,가을
한천로,"서울특별시 동대문구 장안동 187",0.043969435750392666,"양버즘나무 은행나무 ",양버즘나무,활엽수,낙엽수,교목,,봄,X
한천로,"서울특별시 동대문구 답십리동 1-465",0.043969435750392666,"양버즘나무 은행나무 ",은행나무,침엽수,낙엽수,교목,,봄,가을
한천로,"서울특별시 동대문구 답십리동 1-465",0.043969435750392666,"양버즘나무 은행나무 ",양버즘나무,활엽수,낙엽수,교목,,봄,X
장한로,"서울특별시 동대문구 장안동 469-5",0.01828729174665348,"이팝나무 ",이팝나무,활엽수,낙엽수,교목,화목,봄,X
한천로,"서울특별시 동대문구 답십리동 952-2",0.043969435750392666,"양버즘나무 이팝나무 은행나무 ",은행나무,침엽수,낙엽수,교목,,봄,가을
한천로,"서울특별시 동대문구 답십리동 952-2",0.043969435750392666,"양버즘나무 이팝나무 은행나무 ",이팝나무,활엽수,낙엽수,교목,화목,봄,X
한천로,"서울특별시 동대문구 답십리동 952-2",0.043969435750392666,"양버즘나무 이팝나무 은행나무 ",양버즘나무,활엽수,낙엽수,교목,,봄,X
전농로,"서울특별시 동대문구 전농동 135-24",0.01893440584438743,"산딸나무 은행나무 ",은행나무,침엽수,낙엽수,교목,,봄,가을
전농로,"서울특별시 동대문구 전농동 135-24",0.01893440584438743,"산딸나무 은행나무 ",산딸나무,활엽수,낙엽수,관목,화목/열매수,봄,가을
서울시립대로,"서울특별시 동대문구 전농동 567-16",0.015070999217401845,"은행나무 ",은행나무,침엽수,낙엽수,교목,,봄,가을
한천로,"서울특별시 동대문구 장안동 108-3",0.043969435750392666,"양버즘나무 ",양버즘나무,활엽수,낙엽수,교목,,봄,X
약령시로,"서울특별시 동대문구 제기동 892-167",0.01813872304556547,"은행나무 ",은행나무,침엽수,낙엽수,교목,,봄,가을
약령시로,"서울특별시 동대문구 제기동 182-44",0.01813872304556547,"은행나무 ",은행나무,침엽수,낙엽수,교목,,봄,가을
서울시립대로,"서울특별시 동대문구 전농동 530-89",0.015070999217401845,"은행나무 ",은행나무,침엽수,낙엽수,교목,,봄,가을
답십리로,"서울특별시 동대문구 답십리동 236-20",0.03436276900247712,"이팝나무 ",이팝나무,활엽수,낙엽수,교목,화목,봄,X
회기로,"서울특별시 동대문구 회기동 105-16",0.021741305586761694,"은행나무 ",은행나무,침엽수,낙엽수,교목,,봄,가을
고산자로,"서울특별시 동대문구 제기동 667-1",0.018242091564576145,"양버즘나무 ",양버즘나무,활엽수,낙엽수,교목,,봄,X
제기로17길,"서울특별시 동대문구 청량리동 203-32",0.0029835842628772665,"이팝나무 은행나무 ",은행나무,침엽수,낙엽수,교목,,봄,가을
제기로17길,"서울특별시 동대문구 청량리동 203-32",0.0029835842628772665,"이팝나무 은행나무 ",이팝나무,활엽수,낙엽수,교목,화목,봄,X
서울시립대로,"서울특별시 동대문구 전농동 124-92",0.015070999217401845,"은행나무 ",은행나무,침엽수,낙엽수,교목,,봄,가을
황물로,"서울특별시 동대문구 답십리동 536",0.017570731753290648,"양버즘나무 은행나무 ",은행나무,침엽수,낙엽수,교목,,봄,가을
황물로,"서울특별시 동대문구 답십리동 536",0.017570731753290648,"양버즘나무 은행나무 ",양버즘나무,활엽수,낙엽수,교목,,봄,X
이문로,"서울특별시 동대문구 휘경동 321-20",0.01893917204337028,"은행나무 ",은행나무,침엽수,낙엽수,교목,,봄,가을
이문로,"서울특별시 동대문구 이문동 292-90",0.01893917204337028,"은행나무 ",은행나무,침엽수,낙엽수,교목,,봄,가을
한빛로,"서울특별시 동대문구 신설동 76-84",0.00721042574656651,"은행나무 ",은행나무,침엽수,낙엽수,교목,,봄,가을
망우로21길,"서울특별시 동대문구 휘경동 255-3",0.0067675002995912815,"은행나무 ",은행나무,침엽수,낙엽수,교목,,봄,가을
고산자로,"서울특별시 동대문구 제기동 856",0.018242091564576145,"양버즘나무 은행나무 느티나무 ",느티나무,활엽수,낙엽수,교목,,여름,X
고산자로,"서울특별시 동대문구 제기동 856",0.018242091564576145,"양버즘나무 은행나무 느티나무 ",은행나무,침엽수,낙엽수,교목,,봄,가을
고산자로,"서울특별시 동대문구 제기동 856",0.018242091564576145,"양버즘나무 은행나무 느티나무 ",양버즘나무,활엽수,낙엽수,교목,,봄,X
답십리로,"서울특별시 동대문구 장안동 470-1",0.03436276900247712,"이팝나무 ",이팝나무,활엽수,낙엽수,교목,화목,봄,X
답십리로,"서울특별시 동대문구 장안동 470-2",0.03436276900247712,"이팝나무 ",이팝나무,활엽수,낙엽수,교목,화목,봄,X
제기로,"서울특별시 동대문구 청량리동 520-13",0.016724124074013105,"양버즘나무 은행나무 ",은행나무,침엽수,낙엽수,교목,,봄,가을
제기로,"서울특별시 동대문구 청량리동 520-13",0.016724124074013105,"양버즘나무 은행나무 ",양버즘나무,활엽수,낙엽수,교목,,봄,X
이문로,"서울특별시 동대문구 이문동 371-14",0.01893917204337028,"은행나무 ",은행나무,침엽수,낙엽수,교목,,봄,가을
서울시립대로,"서울특별시 동대문구 전농동 582-23",0.015070999217401845,"은행나무 ",은행나무,침엽수,낙엽수,교목,,봄,가을
천호대로,"서울특별시 동대문구 답십리동 495-4",0.050337358499340144,"양버즘나무 ",양버즘나무,활엽수,낙엽수,교목,,봄,X
사가정로,"서울특별시 동대문구 장안동 469-2",0.07865510585547797,"이팝나무 ",이팝나무,활엽수,낙엽수,교목,화목,봄,X
제기로,"서울특별시 동대문구 제기동 137-276",0.016724124074013105,"양버즘나무 ",양버즘나무,활엽수,낙엽수,교목,,봄,X
답십리로,"서울특별시 동대문구 답십리동 66-52",0.03436276900247712,"이팝나무 ",이팝나무,활엽수,낙엽수,교목,화목,봄,X
전농로,"서울특별시 동대문구 전농동 188-5",0.01893440584438743,"은행나무 ",은행나무,침엽수,낙엽수,교목,,봄,가을
회기로,"서울특별시 동대문구 청량리동 산 1-140",0.021741305586761694,"은행나무 ",은행나무,침엽수,낙엽수,교목,,봄,가을
한천로66길,"서울특별시 동대문구 이문동 209-16",0.0008439162304942893,"은행나무 ",은행나무,침엽수,낙엽수,교목,,봄,가을
약령시로,"서울특별시 동대문구 제기동 149-16",0.01813872304556547,"은행나무 ",은행나무,침엽수,낙엽수,교목,,봄,가을
장안벚꽃로,"서울특별시 동대문구 장안동 473-5",0.02736104345503263,"양버즘나무 이팝나무 회화나무 ",회화나무,활엽수,낙엽수,교목,,봄,X
장안벚꽃로,"서울특별시 동대문구 장안동 473-5",0.02736104345503263,"양버즘나무 이팝나무 회화나무 ",이팝나무,활엽수,낙엽수,교목,화목,봄,X
장안벚꽃로,"서울특별시 동대문구 장안동 473-5",0.02736104345503263,"양버즘나무 이팝나무 회화나무 ",양버즘나무,활엽수,낙엽수,교목,,봄,X
전농로,"서울특별시 동대문구 전농동 135-33",0.01893440584438743,"은행나무 ",은행나무,침엽수,낙엽수,교목,,봄,가을
한천로66길,"서울특별시 동대문구 이문동 213-5",0.0008439162304942893,"은행나무 ",은행나무,침엽수,낙엽수,교목,,봄,가을
한천로,"서울특별시 동대문구 장안동 118-4",0.043969435750392666,"양버즘나무 은행나무 ",은행나무,침엽수,낙엽수,교목,,봄,가을
한천로,"서울특별시 동대문구 장안동 118-4",0.043969435750392666,"양버즘나무 은행나무 ",양버즘나무,활엽수,낙엽수,교목,,봄,X
서울시립대로,"서울특별시 동대문구 전농동 150-84",0.015070999217401845,"은행나무 느티나무 벚나무 ",벚나무,활엽수,낙엽수,교목,화목,봄,X
서울시립대로,"서울특별시 동대문구 전농동 150-84",0.015070999217401845,"은행나무 느티나무 벚나무 ",느티나무,활엽수,낙엽수,교목,,여름,X
서울시립대로,"서울특별시 동대문구 전농동 150-84",0.015070999217401845,"은행나무 느티나무 벚나무 ",은행나무,침엽수,낙엽수,교목,,봄,가을
외대역동로,"서울특별시 동대문구 이문동 354-5",0.009616367442984957,"이팝나무 ",이팝나무,활엽수,낙엽수,교목,화목,봄,X
제기로17길,"서울특별시 동대문구 청량리동 205-386",0.0029835842628772665,"은행나무 ",은행나무,침엽수,낙엽수,교목,,봄,가을
이문로,"서울특별시 동대문구 이문동 288-3",0.01893917204337028,"양버즘나무 은행나무 ",은행나무,침엽수,낙엽수,교목,,봄,가을
이문로,"서울특별시 동대문구 이문동 288-3",0.01893917204337028,"양버즘나무 은행나무 ",양버즘나무,활엽수,낙엽수,교목,,봄,X
천호대로,"서울특별시 동대문구 답십리동 492-6",0.050337358499340144,"양버즘나무 은행나무 ",은행나무,침엽수,낙엽수,교목,,봄,가을
천호대로,"서울특별시 동대문구 답십리동 492-6",0.050337358499340144,"양버즘나무 은행나무 ",양버즘나무,활엽수,낙엽수,교목,,봄,X
한천로,"서울특별시 동대문구 답십리동 1-448",0.043969435750392666,"양버즘나무 ",양버즘나무,활엽수,낙엽수,교목,,봄,X
약령시로,"서울특별시 동대문구 청량리동 819",0.01813872304556547,"양버즘나무 은행나무 ",은행나무,침엽수,낙엽수,교목,,봄,가을
약령시로,"서울특별시 동대문구 청량리동 819",0.01813872304556547,"양버즘나무 은행나무 ",양버즘나무,활엽수,낙엽수,교목,,봄,X
답십리로,"서울특별시 동대문구 답십리동 2-295",0.03436276900247712,"이팝나무 ",이팝나무,활엽수,낙엽수,교목,화목,봄,X
서울시립대로,"서울특별시 동대문구 전농동 150-56",0.015070999217401845,"은행나무 ",은행나무,침엽수,낙엽수,교목,,봄,가을
장한로,"서울특별시 동대문구 장안동 469-11",0.01828729174665348,"양버즘나무 이팝나무 은행나무 ",은행나무,침엽수,낙엽수,교목,,봄,가을
장한로,"서울특별시 동대문구 장안동 469-11",0.01828729174665348,"양버즘나무 이팝나무 은행나무 ",이팝나무,활엽수,낙엽수,교목,화목,봄,X
장한로,"서울특별시 동대문구 장안동 469-11",0.01828729174665348,"양버즘나무 이팝나무 은행나무 ",양버즘나무,활엽수,낙엽수,교목,,봄,X
한천로,"서울특별시 동대문구 휘경동 산 6-35",0.043969435750392666,"양버즘나무 은행나무 ",은행나무,침엽수,낙엽수,교목,,봄,가을
한천로,"서울특별시 동대문구 휘경동 산 6-35",0.043969435750392666,"양버즘나무 은행나무 ",양버즘나무,활엽수,낙엽수,교목,,봄,X
천호대로,"서울특별시 동대문구 답십리동 528",0.050337358499340144,"양버즘나무 ",양버즘나무,활엽수,낙엽수,교목,,봄,X
천호대로47길,"서울특별시 동대문구 답십리동 645-8",0.0021645883362325815,"느티나무 ",느티나무,활엽수,낙엽수,교목,,여름,X
천호대로,"서울특별시 동대문구 신설동 102-6",0.050337358499340144,"양버즘나무 은행나무 ",은행나무,침엽수,낙엽수,교목,,봄,가을
천호대로,"서울특별시 동대문구 신설동 102-6",0.050337358499340144,"양버즘나무 은행나무 ",양버즘나무,활엽수,낙엽수,교목,,봄,X
전농로,"서울특별시 동대문구 답십리동 530-2",0.01893440584438743,"양버즘나무 은행나무 ",은행나무,침엽수,낙엽수,교목,,봄,가을
전농로,"서울특별시 동대문구 답십리동 530-2",0.01893440584438743,"양버즘나무 은행나무 ",양버즘나무,활엽수,낙엽수,교목,,봄,X
황물로,"서울특별시 동대문구 전농동 672",0.017570731753290648,"양버즘나무 은행나무 느티나무 ",느티나무,활엽수,낙엽수,교목,,여름,X
황물로,"서울특별시 동대문구 전농동 672",0.017570731753290648,"양버즘나무 은행나무 느티나무 ",은행나무,침엽수,낙엽수,교목,,봄,가을
황물로,"서울특별시 동대문구 전농동 672",0.017570731753290648,"양버즘나무 은행나무 느티나무 ",양버즘나무,활엽수,낙엽수,교목,,봄,X
답십리로,"서울특별시 동대문구 답십리동 245-1",0.03436276900247712,"양버즘나무 은행나무 ",은행나무,침엽수,낙엽수,교목,,봄,가을
답십리로,"서울특별시 동대문구 답십리동 245-1",0.03436276900247712,"양버즘나무 은행나무 ",양버즘나무,활엽수,낙엽수,교목,,봄,X
회기로,"서울특별시 동대문구 회기동 346-8",0.021741305586761694,"은행나무 ",은행나무,침엽수,낙엽수,교목,,봄,가을
장한로,"서울특별시 동대문구 장안동 469-8",0.01828729174665348,"양버즘나무 이팝나무 은행나무 ",은행나무,침엽수,낙엽수,교목,,봄,가을
장한로,"서울특별시 동대문구 장안동 469-8",0.01828729174665348,"양버즘나무 이팝나무 은행나무 ",이팝나무,활엽수,낙엽수,교목,화목,봄,X
장한로,"서울특별시 동대문구 장안동 469-8",0.01828729174665348,"양버즘나무 이팝나무 은행나무 ",양버즘나무,활엽수,낙엽수,교목,,봄,X
외대역동로,"서울특별시 동대문구 휘경동 108-3",0.009616367442984957,"이팝나무 ",이팝나무,활엽수,낙엽수,교목,화목,봄,X
사가정로,"서울특별시 동대문구 전농동 3-89",0.07865510585547797,"은행나무 ",은행나무,침엽수,낙엽수,교목,,봄,가을
천호대로,"서울특별시 동대문구 용두동 696-6",0.050337358499340144,"은행나무 ",은행나무,침엽수,낙엽수,교목,,봄,가을
서울시립대로,"서울특별시 동대문구 전농동 572-1",0.015070999217401845,"은행나무 ",은행나무,침엽수,낙엽수,교목,,봄,가을
망우로,"서울특별시 동대문구 휘경동 343-55",0.016272854542858997,"은행나무 ",은행나무,침엽수,낙엽수,교목,,봄,가을
망우로,"서울특별시 동대문구 휘경동 267-1",0.016272854542858997,"은행나무 ",은행나무,침엽수,낙엽수,교목,,봄,가을
답십리로,"서울특별시 동대문구 답십리동 475-111",0.03436276900247712,"양버즘나무 은행나무 ",은행나무,침엽수,낙엽수,교목,,봄,가을
답십리로,"서울특별시 동대문구 답십리동 475-111",0.03436276900247712,"양버즘나무 은행나무 ",양버즘나무,활엽수,낙엽수,교목,,봄,X
망우로,"서울특별시 동대문구 휘경동 33-4",0.016272854542858997,"은행나무 ",은행나무,침엽수,낙엽수,교목,,봄,가을
한천로,"서울특별시 동대문구 전농동 1-33",0.043969435750392666,"양버즘나무 은행나무 ",은행나무,침엽수,낙엽수,교목,,봄,가을
한천로,"서울특별시 동대문구 전농동 1-33",0.043969435750392666,"양버즘나무 은행나무 ",양버즘나무,활엽수,낙엽수,교목,,봄,X
한천로,"서울특별시 동대문구 이문동 356",0.043969435750392666,"은행나무 ",은행나무,침엽수,낙엽수,교목,,봄,가을
사가정로,"서울특별시 동대문구 전농동 25-2",0.07865510585547797,"은행나무 ",은행나무,침엽수,낙엽수,교목,,봄,가을
사가정로,"서울특별시 동대문구 장안동 107-4",0.07865510585547797,"이팝나무 ",이팝나무,활엽수,낙엽수,교목,화목,봄,X
한천로,"서울특별시 동대문구 장안동 105-6",0.043969435750392666,"양버즘나무 은행나무 ",은행나무,침엽수,낙엽수,교목,,봄,가을
한천로,"서울특별시 동대문구 장안동 105-6",0.043969435750392666,"양버즘나무 은행나무 ",양버즘나무,활엽수,낙엽수,교목,,봄,X
한천로,"서울특별시 동대문구 답십리동 1-92",0.043969435750392666,"양버즘나무 은행나무 물푸레나무 ",물푸레나무,활엽수,낙엽수,교목,,봄,X
한천로,"서울특별시 동대문구 답십리동 1-92",0.043969435750392666,"양버즘나무 은행나무 물푸레나무 ",은행나무,침엽수,낙엽수,교목,,봄,가을
한천로,"서울특별시 동대문구 답십리동 1-92",0.043969435750392666,"양버즘나무 은행나무 물푸레나무 ",양버즘나무,활엽수,낙엽수,교목,,봄,X
황물로,"서울특별시 동대문구 전농동 670",0.017570731753290648,"양버즘나무 은행나무 ",은행나무,침엽수,낙엽수,교목,,봄,가을
황물로,"서울특별시 동대문구 전농동 670",0.017570731753290648,"양버즘나무 은행나무 ",양버즘나무,활엽수,낙엽수,교목,,봄,X
안암로,"서울특별시 동대문구 용두동 747",0.016756015157060974,"양버즘나무 은행나무 벚나무 ",벚나무,활엽수,낙엽수,교목,화목,봄,X
안암로,"서울특별시 동대문구 용두동 747",0.016756015157060974,"양버즘나무 은행나무 벚나무 ",은행나무,침엽수,낙엽수,교목,,봄,가을
안암로,"서울특별시 동대문구 용두동 747",0.016756015157060974,"양버즘나무 은행나무 벚나무 ",양버즘나무,활엽수,낙엽수,교목,,봄,X
안암로,"서울특별시 동대문구 용두동 776",0.016756015157060974,"양버즘나무 은행나무 ",은행나무,침엽수,낙엽수,교목,,봄,가을
안암로,"서울특별시 동대문구 용두동 776",0.016756015157060974,"양버즘나무 은행나무 ",양버즘나무,활엽수,낙엽수,교목,,봄,X
한천로,"서울특별시 동대문구 이문동 217-6",0.043969435750392666,"양버즘나무 은행나무 ",은행나무,침엽수,낙엽수,교목,,봄,가을
한천로,"서울특별시 동대문구 이문동 217-6",0.043969435750392666,"양버즘나무 은행나무 ",양버즘나무,활엽수,낙엽수,교목,,봄,X
한천로,"서울특별시 동대문구 답십리동 936",0.043969435750392666,"양버즘나무 은행나무 ",은행나무,침엽수,낙엽수,교목,,봄,가을
한천로,"서울특별시 동대문구 답십리동 936",0.043969435750392666,"양버즘나무 은행나무 ",양버즘나무,활엽수,낙엽수,교목,,봄,X
제기로17길,"서울특별시 동대문구 청량리동 205-66",0.0029835842628772665,"은행나무 ",은행나무,침엽수,낙엽수,교목,,봄,가을
신이문로,"서울특별시 동대문구 이문동 237-3",0.004777305056230333,"은행나무 ",은행나무,침엽수,낙엽수,교목,,봄,가을
회기로,"서울특별시 동대문구 청량리동 산 1-137",0.021741305586761694,"은행나무 ",은행나무,침엽수,낙엽수,교목,,봄,가을
전농로,"서울특별시 동대문구 전농동 25-2",0.01893440584438743,"양버즘나무 은행나무 ",은행나무,침엽수,낙엽수,교목,,봄,가을
전농로,"서울특별시 동대문구 전농동 25-2",0.01893440584438743,"양버즘나무 은행나무 ",양버즘나무,활엽수,낙엽수,교목,,봄,X
한천로,"서울특별시 동대문구 이문동 209-16",0.043969435750392666,"은행나무 ",은행나무,침엽수,낙엽수,교목,,봄,가을
고산자로,"서울특별시 동대문구 제기동 1032",0.018242091564576145,"양버즘나무 ",양버즘나무,활엽수,낙엽수,교목,,봄,X
황물로,"서울특별시 동대문구 답십리동 961-7",0.017570731753290648,"양버즘나무 ",양버즘나무,활엽수,낙엽수,교목,,봄,X
답십리로,"서울특별시 동대문구 전농동 648-164",0.03436276900247712,"양버즘나무 은행나무 ",은행나무,침엽수,낙엽수,교목,,봄,가을
답십리로,"서울특별시 동대문구 전농동 648-164",0.03436276900247712,"양버즘나무 은행나무 ",양버즘나무,활엽수,낙엽수,교목,,봄,X
한천로14길,"서울특별시 동대문구 장안동 471-2",0.004875831588039892,"양버즘나무 이팝나무 은행나무 ",은행나무,침엽수,낙엽수,교목,,봄,가을
한천로14길,"서울특별시 동대문구 장안동 471-2",0.004875831588039892,"양버즘나무 이팝나무 은행나무 ",이팝나무,활엽수,낙엽수,교목,화목,봄,X
한천로14길,"서울특별시 동대문구 장안동 471-2",0.004875831588039892,"양버즘나무 이팝나무 은행나무 ",양버즘나무,활엽수,낙엽수,교목,,봄,X
한천로,"서울특별시 동대문구 휘경동 57-2",0.043969435750392666,"은행나무 메타세쿼이아 ",메타세쿼이아,침엽수,낙엽수,교목,,X,X
한천로,"서울특별시 동대문구 휘경동 57-2",0.043969435750392666,"은행나무 메타세쿼이아 ",은행나무,침엽수,낙엽수,교목,,봄,가을
사가정로,"서울특별시 동대문구 전농1동 314-4",0.07865510585547797,"은행나무 ",은행나무,침엽수,낙엽수,교목,,봄,가을
장안벚꽃로,"서울특별시 동대문구 장안동 473-4",0.02736104345503263,"양버즘나무 이팝나무 느티나무 회화나무 ",회화나무,활엽수,낙엽수,교목,,봄,X
장안벚꽃로,"서울특별시 동대문구 장안동 473-4",0.02736104345503263,"양버즘나무 이팝나무 느티나무 회화나무 ",느티나무,활엽수,낙엽수,교목,,여름,X
장안벚꽃로,"서울특별시 동대문구 장안동 473-4",0.02736104345503263,"양버즘나무 이팝나무 느티나무 회화나무 ",이팝나무,활엽수,낙엽수,교목,화목,봄,X
장안벚꽃로,"서울특별시 동대문구 장안동 473-4",0.02736104345503263,"양버즘나무 이팝나무 느티나무 회화나무 ",양버즘나무,활엽수,낙엽수,교목,,봄,X
망우로21길,"서울특별시 동대문구 휘경동 261-1",0.0067675002995912815,"은행나무 ",은행나무,침엽수,낙엽수,교목,,봄,가을
답십리로,"서울특별시 동대문구 답십리동 62-5",0.03436276900247712,"이팝나무 ",이팝나무,활엽수,낙엽수,교목,화목,봄,X
한천로,"서울특별시 동대문구 휘경동 43-176",0.043969435750392666,"양버즘나무 은행나무 ",은행나무,침엽수,낙엽수,교목,,봄,가을
한천로,"서울특별시 동대문구 휘경동 43-176",0.043969435750392666,"양버즘나무 은행나무 ",양버즘나무,활엽수,낙엽수,교목,,봄,X
한천로,"서울특별시 동대문구 장안동 550",0.043969435750392666,"양버즘나무 은행나무 ",은행나무,침엽수,낙엽수,교목,,봄,가을
한천로,"서울특별시 동대문구 장안동 550",0.043969435750392666,"양버즘나무 은행나무 ",양버즘나무,활엽수,낙엽수,교목,,봄,X
회기로,"서울특별시 동대문구 제기동 1142-29",0.021741305586761694,"은행나무 ",은행나무,침엽수,낙엽수,교목,,봄,가을
안암로,"서울특별시 동대문구 제기동 1154",0.016756015157060974,"은행나무 ",은행나무,침엽수,낙엽수,교목,,봄,가을
한천로,"서울특별시 동대문구 이문동 209-20",0.043969435750392666,"양버즘나무 ",양버즘나무,활엽수,낙엽수,교목,,봄,X
제기로17길,"서울특별시 동대문구 청량리동 203-25",0.0029835842628772665,"은행나무 ",은행나무,침엽수,낙엽수,교목,,봄,가을
천호대로,"서울특별시 동대문구 답십리동 494-8",0.050337358499340144,"양버즘나무 산딸나무 ",산딸나무,활엽수,낙엽수,관목,화목/열매수,봄,가을
천호대로,"서울특별시 동대문구 답십리동 494-8",0.050337358499340144,"양버즘나무 산딸나무 ",양버즘나무,활엽수,낙엽수,교목,,봄,X
한천로,"서울특별시 동대문구 장안동 482",0.043969435750392666,"양버즘나무 은행나무 백합나무 ",백합나무,활엽수,낙엽수,교목,,봄,X
한천로,"서울특별시 동대문구 장안동 482",0.043969435750392666,"양버즘나무 은행나무 백합나무 ",은행나무,침엽수,낙엽수,교목,,봄,가을
한천로,"서울특별시 동대문구 장안동 482",0.043969435750392666,"양버즘나무 은행나무 백합나무 ",양버즘나무,활엽수,낙엽수,교목,,봄,X
약령시로,"서울특별시 동대문구 제기동 851",0.01813872304556547,"양버즘나무 은행나무 ",은행나무,침엽수,낙엽수,교목,,봄,가을
약령시로,"서울특별시 동대문구 제기동 851",0.01813872304556547,"양버즘나무 은행나무 ",양버즘나무,활엽수,낙엽수,교목,,봄,X
장안벚꽃로,"서울특별시 동대문구 휘경동 49-23",0.02736104345503263,"회화나무 ",회화나무,활엽수,낙엽수,교목,,봄,X
천호대로,"서울특별시 동대문구 답십리동 495-5",0.050337358499340144,"양버즘나무 은행나무 ",은행나무,침엽수,낙엽수,교목,,봄,가을
천호대로,"서울특별시 동대문구 답십리동 495-5",0.050337358499340144,"양버즘나무 은행나무 ",양버즘나무,활엽수,낙엽수,교목,,봄,X
천호대로47길,"서울특별시 동대문구 답십리동 645-9",0.0021645883362325815,"느티나무 ",느티나무,활엽수,낙엽수,교목,,여름,X
천호대로,"서울특별시 동대문구 답십리동 492-12",0.050337358499340144,"양버즘나무 ",양버즘나무,활엽수,낙엽수,교목,,봄,X
전농로,"서울특별시 동대문구 답십리동 264-1",0.01893440584438743,"양버즘나무 은행나무 ",은행나무,침엽수,낙엽수,교목,,봄,가을
전농로,"서울특별시 동대문구 답십리동 264-1",0.01893440584438743,"양버즘나무 은행나무 ",양버즘나무,활엽수,낙엽수,교목,,봄,X
장안벚꽃로,"서울특별시 동대문구 장안동 456-13",0.02736104345503263,"양버즘나무 이팝나무 회화나무 ",회화나무,활엽수,낙엽수,교목,,봄,X
장안벚꽃로,"서울특별시 동대문구 장안동 456-13",0.02736104345503263,"양버즘나무 이팝나무 회화나무 ",이팝나무,활엽수,낙엽수,교목,화목,봄,X
장안벚꽃로,"서울특별시 동대문구 장안동 456-13",0.02736104345503263,"양버즘나무 이팝나무 회화나무 ",양버즘나무,활엽수,낙엽수,교목,,봄,X
휘경로,"서울특별시 동대문구 휘경동 146-116",0.00827549427237474,"양버즘나무 ",양버즘나무,활엽수,낙엽수,교목,,봄,X
사가정로,"서울특별시 동대문구 전농동 42-4",0.07865510585547797,"양버즘나무 단풍나무 은행나무 ",은행나무,침엽수,낙엽수,교목,,봄,가을
사가정로,"서울특별시 동대문구 전농동 42-4",0.07865510585547797,"양버즘나무 단풍나무 은행나무 ",단풍나무,활엽수,낙엽수,교목,,봄,가을
사가정로,"서울특별시 동대문구 전농동 42-4",0.07865510585547797,"양버즘나무 단풍나무 은행나무 ",양버즘나무,활엽수,낙엽수,교목,,봄,X
한천로,"서울특별시 동대문구 답십리동 2-32",0.043969435750392666,"양버즘나무 ",양버즘나무,활엽수,낙엽수,교목,,봄,X
청계천로,"서울특별시 동대문구 용두동 701-6",0.01948566321300367,"단풍나무 이팝나무 느티나무 ",느티나무,활엽수,낙엽수,교목,,여름,X
청계천로,"서울특별시 동대문구 용두동 701-6",0.01948566321300367,"단풍나무 이팝나무 느티나무 ",이팝나무,활엽수,낙엽수,교목,화목,봄,X
청계천로,"서울특별시 동대문구 용두동 701-6",0.01948566321300367,"단풍나무 이팝나무 느티나무 ",단풍나무,활엽수,낙엽수,교목,,봄,가을
청계천로,"서울특별시 동대문구 신설동 100-23",0.01948566321300367,"느티나무 ",느티나무,활엽수,낙엽수,교목,,여름,X
전농로,"서울특별시 동대문구 전농동 295-61",0.01893440584438743,"은행나무 ",은행나무,침엽수,낙엽수,교목,,봄,가을
회기로,"서울특별시 동대문구 청량리동 206-4",0.021741305586761694,"은행나무 ",은행나무,침엽수,낙엽수,교목,,봄,가을
장안벚꽃로,"서울특별시 동대문구 휘경동 49-54",0.02736104345503263,"회화나무 ",회화나무,활엽수,낙엽수,교목,,봄,X
서울시립대로,"서울특별시 동대문구 전농동 150-10",0.015070999217401845,"은행나무 ",은행나무,침엽수,낙엽수,교목,,봄,가을
답십리로,"서울특별시 동대문구 전농동 625-5",0.03436276900247712,"양버즘나무 은행나무 ",은행나무,침엽수,낙엽수,교목,,봄,가을
답십리로,"서울특별시 동대문구 전농동 625-5",0.03436276900247712,"양버즘나무 은행나무 ",양버즘나무,활엽수,낙엽수,교목,,봄,X
황물로,"서울특별시 동대문구 답십리동 530-18",0.017570731753290648,"백합나무 ",백합나무,활엽수,낙엽수,교목,,봄,X
한천로,"서울특별시 동대문구 전농동 1-203",0.043969435750392666,"이팝나무 ",이팝나무,활엽수,낙엽수,교목,화목,봄,X
청계천로,"서울특별시 동대문구 신설동 109-8",0.01948566321300367,"느티나무 ",느티나무,활엽수,낙엽수,교목,,여름,X
서울시립대로,"서울특별시 동대문구 전농동 569-54",0.015070999217401845,"은행나무 ",은행나무,침엽수,낙엽수,교목,,봄,가을
왕산로,"서울특별시 동대문구 전농동 620-67",0.032634459895788274,"양버즘나무 이팝나무 은행나무 느티나무 ",느티나무,활엽수,낙엽수,교목,,여름,X
왕산로,"서울특별시 동대문구 전농동 620-67",0.032634459895788274,"양버즘나무 이팝나무 은행나무 느티나무 ",은행나무,침엽수,낙엽수,교목,,봄,가을
왕산로,"서울특별시 동대문구 전농동 620-67",0.032634459895788274,"양버즘나무 이팝나무 은행나무 느티나무 ",이팝나무,활엽수,낙엽수,교목,화목,봄,X
왕산로,"서울특별시 동대문구 전농동 620-67",0.032634459895788274,"양버즘나무 이팝나무 은행나무 느티나무 ",양버즘나무,활엽수,낙엽수,교목,,봄,X
한천로,"서울특별시 동대문구 이문동 101-20",0.043969435750392666,"양버즘나무 은행나무 ",은행나무,침엽수,낙엽수,교목,,봄,가을
한천로,"서울특별시 동대문구 이문동 101-20",0.043969435750392666,"양버즘나무 은행나무 ",양버즘나무,활엽수,낙엽수,교목,,봄,X
신이문로,"서울특별시 동대문구 이문동 357-3",0.004777305056230333,"은행나무 ",은행나무,침엽수,낙엽수,교목,,봄,가을
전농로,"서울특별시 동대문구 전농동 141-171",0.01893440584438743,"은행나무 ",은행나무,침엽수,낙엽수,교목,,봄,가을
한천로,"서울특별시 동대문구 답십리동 951-3",0.043969435750392666,"양버즘나무 이팝나무 은행나무 ",은행나무,침엽수,낙엽수,교목,,봄,가을
한천로,"서울특별시 동대문구 답십리동 951-3",0.043969435750392666,"양버즘나무 이팝나무 은행나무 ",이팝나무,활엽수,낙엽수,교목,화목,봄,X
한천로,"서울특별시 동대문구 답십리동 951-3",0.043969435750392666,"양버즘나무 이팝나무 은행나무 ",양버즘나무,활엽수,낙엽수,교목,,봄,X
전농로,"서울특별시 동대문구 전농동 103-524",0.01893440584438743,"은행나무 ",은행나무,침엽수,낙엽수,교목,,봄,가을
회기로,"서울특별시 동대문구 휘경동 319-42",0.021741305586761694,"양버즘나무 은행나무 ",은행나무,침엽수,낙엽수,교목,,봄,가을
회기로,"서울특별시 동대문구 휘경동 319-42",0.021741305586761694,"양버즘나무 은행나무 ",양버즘나무,활엽수,낙엽수,교목,,봄,X
회기로,"서울특별시 동대문구 회기동 45-46",0.021741305586761694,"은행나무 ",은행나무,침엽수,낙엽수,교목,,봄,가을
전농로,"서울특별시 동대문구 전농동 184-4",0.01893440584438743,"은행나무 ",은행나무,침엽수,낙엽수,교목,,봄,가을
장안벚꽃로,"서울특별시 동대문구 장안동 440-16",0.02736104345503263,"이팝나무 ",이팝나무,활엽수,낙엽수,교목,화목,봄,X
천호대로,"서울특별시 동대문구 답십리동 493-7",0.050337358499340144,"양버즘나무 은행나무 ",은행나무,침엽수,낙엽수,교목,,봄,가을
천호대로,"서울특별시 동대문구 답십리동 493-7",0.050337358499340144,"양버즘나무 은행나무 ",양버즘나무,활엽수,낙엽수,교목,,봄,X
고산자로,"서울특별시 동대문구 제기동 796",0.018242091564576145,"양버즘나무 ",양버즘나무,활엽수,낙엽수,교목,,봄,X
전농로,"서울특별시 동대문구 답십리동 257-1",0.01893440584438743,"양버즘나무 은행나무 ",은행나무,침엽수,낙엽수,교목,,봄,가을
전농로,"서울특별시 동대문구 답십리동 257-1",0.01893440584438743,"양버즘나무 은행나무 ",양버즘나무,활엽수,낙엽수,교목,,봄,X
회기로,"서울특별시 동대문구 청량리동 206-3",0.021741305586761694,"은행나무 ",은행나무,침엽수,낙엽수,교목,,봄,가을
경동시장로,"서울특별시 동대문구 제기동 293",0.007339705754235844,"이팝나무 ",이팝나무,활엽수,낙엽수,교목,화목,봄,X
사가정로,"서울특별시 동대문구 장안동 105-6",0.07865510585547797,"이팝나무 느티나무 ",느티나무,활엽수,낙엽수,교목,,여름,X
사가정로,"서울특별시 동대문구 장안동 105-6",0.07865510585547797,"이팝나무 느티나무 ",이팝나무,활엽수,낙엽수,교목,화목,봄,X
전농로,"서울특별시 동대문구 전농동 141-62",0.01893440584438743,"은행나무 ",은행나무,침엽수,낙엽수,교목,,봄,가을
회기로,"서울특별시 동대문구 청량리동 산 1-141",0.021741305586761694,"은행나무 ",은행나무,침엽수,낙엽수,교목,,봄,가을
고산자로,"서울특별시 동대문구 제기동 909",0.018242091564576145,"양버즘나무 ",양버즘나무,활엽수,낙엽수,교목,,봄,X
약령시로,"서울특별시 동대문구 제기동 1154",0.01813872304556547,"느티나무 벚나무 ",벚나무,활엽수,낙엽수,교목,화목,봄,X
약령시로,"서울특별시 동대문구 제기동 1154",0.01813872304556547,"느티나무 벚나무 ",느티나무,활엽수,낙엽수,교목,,여름,X
천호대로,"서울특별시 동대문구 장안동 472-1",0.050337358499340144,"양버즘나무 은행나무 ",은행나무,침엽수,낙엽수,교목,,봄,가을
천호대로,"서울특별시 동대문구 장안동 472-1",0.050337358499340144,"양버즘나무 은행나무 ",양버즘나무,활엽수,낙엽수,교목,,봄,X
답십리로,"서울특별시 동대문구 전농동 623-15",0.03436276900247712,"양버즘나무 ",양버즘나무,활엽수,낙엽수,교목,,봄,X
홍릉로,"서울특별시 동대문구 청량리동 204-38",0.010536790657002002,"양버즘나무 은행나무 ",은행나무,침엽수,낙엽수,교목,,봄,가을
홍릉로,"서울특별시 동대문구 청량리동 204-38",0.010536790657002002,"양버즘나무 은행나무 ",양버즘나무,활엽수,낙엽수,교목,,봄,X
망우로,"서울특별시 동대문구 휘경동 34-6",0.016272854542858997,"은행나무 ",은행나무,침엽수,낙엽수,교목,,봄,가을
무학로,"서울특별시 동대문구 용두동 150-32",0.01198180693274892,"은행나무 ",은행나무,침엽수,낙엽수,교목,,봄,가을
한천로,"서울특별시 동대문구 답십리동 12-231",0.043969435750392666,"양버즘나무 이팝나무 은행나무 ",은행나무,침엽수,낙엽수,교목,,봄,가을
한천로,"서울특별시 동대문구 답십리동 12-231",0.043969435750392666,"양버즘나무 이팝나무 은행나무 ",이팝나무,활엽수,낙엽수,교목,화목,봄,X
한천로,"서울특별시 동대문구 답십리동 12-231",0.043969435750392666,"양버즘나무 이팝나무 은행나무 ",양버즘나무,활엽수,낙엽수,교목,,봄,X
휘경로,"서울특별시 동대문구 휘경동 118-22",0.00827549427237474,"양버즘나무 은행나무 ",은행나무,침엽수,낙엽수,교목,,봄,가을
휘경로,"서울특별시 동대문구 휘경동 118-22",0.00827549427237474,"양버즘나무 은행나무 ",양버즘나무,활엽수,낙엽수,교목,,봄,X
이문로,"서울특별시 동대문구 이문동 256-2",0.01893917204337028,"은행나무 ",은행나무,침엽수,낙엽수,교목,,봄,가을
장안벚꽃로,"서울특별시 동대문구 장안동 473-1",0.02736104345503263,"이팝나무 회화나무 ",회화나무,활엽수,낙엽수,교목,,봄,X
장안벚꽃로,"서울특별시 동대문구 장안동 473-1",0.02736104345503263,"이팝나무 회화나무 ",이팝나무,활엽수,낙엽수,교목,화목,봄,X
이문로,"서울특별시 동대문구 이문동 292-261",0.01893917204337028,"양버즘나무 은행나무 ",은행나무,침엽수,낙엽수,교목,,봄,가을
이문로,"서울특별시 동대문구 이문동 292-261",0.01893917204337028,"양버즘나무 은행나무 ",양버즘나무,활엽수,낙엽수,교목,,봄,X
외대역동로,"서울특별시 동대문구 휘경동 108-36",0.009616367442984957,"양버즘나무 ",양버즘나무,활엽수,낙엽수,교목,,봄,X
답십리로,"서울특별시 동대문구 전농동 679-8",0.03436276900247712,"양버즘나무 ",양버즘나무,활엽수,낙엽수,교목,,봄,X
홍릉로,"서울특별시 동대문구 청량리동 산 1-215",0.010536790657002002,"양버즘나무 은행나무 ",은행나무,침엽수,낙엽수,교목,,봄,가을
홍릉로,"서울특별시 동대문구 청량리동 산 1-215",0.010536790657002002,"양버즘나무 은행나무 ",양버즘나무,활엽수,낙엽수,교목,,봄,X
천호대로47길,"서울특별시 동대문구 답십리동 645-7",0.0021645883362325815,"은행나무 느티나무 ",느티나무,활엽수,낙엽수,교목,,여름,X
천호대로47길,"서울특별시 동대문구 답십리동 645-7",0.0021645883362325815,"은행나무 느티나무 ",은행나무,침엽수,낙엽수,교목,,봄,가을
서울시립대로,"서울특별시 동대문구 전농동 581-19",0.015070999217401845,"은행나무 ",은행나무,침엽수,낙엽수,교목,,봄,가을
전농로,"서울특별시 동대문구 전농동 103-98",0.01893440584438743,"은행나무 ",은행나무,침엽수,낙엽수,교목,,봄,가을
무학로,"서울특별시 동대문구 용두동 146-16",0.01198180693274892,"은행나무 ",은행나무,침엽수,낙엽수,교목,,봄,가을
전농로,"서울특별시 동대문구 답십리동 439-4",0.01893440584438743,"양버즘나무 ",양버즘나무,활엽수,낙엽수,교목,,봄,X
한천로,"서울특별시 동대문구 답십리동 2-56",0.043969435750392666,"양버즘나무 은행나무 ",은행나무,침엽수,낙엽수,교목,,봄,가을
한천로,"서울특별시 동대문구 답십리동 2-56",0.043969435750392666,"양버즘나무 은행나무 ",양버즘나무,활엽수,낙엽수,교목,,봄,X
무학로,"서울특별시 동대문구 용두동 130-16",0.01198180693274892,"은행나무 ",은행나무,침엽수,낙엽수,교목,,봄,가을
안암로,"서울특별시 동대문구 제기동 190-11",0.016756015157060974,"양버즘나무 은행나무 ",은행나무,침엽수,낙엽수,교목,,봄,가을
안암로,"서울특별시 동대문구 제기동 190-11",0.016756015157060974,"양버즘나무 은행나무 ",양버즘나무,활엽수,낙엽수,교목,,봄,X
회기로,"서울특별시 동대문구 제기동 1142-16",0.021741305586761694,"은행나무 ",은행나무,침엽수,낙엽수,교목,,봄,가을
장한로,"서울특별시 동대문구 장안동 469-10",0.01828729174665348,"양버즘나무 이팝나무 은행나무 ",은행나무,침엽수,낙엽수,교목,,봄,가을
장한로,"서울특별시 동대문구 장안동 469-10",0.01828729174665348,"양버즘나무 이팝나무 은행나무 ",이팝나무,활엽수,낙엽수,교목,화목,봄,X
장한로,"서울특별시 동대문구 장안동 469-10",0.01828729174665348,"양버즘나무 이팝나무 은행나무 ",양버즘나무,활엽수,낙엽수,교목,,봄,X
답십리로,"서울특별시 동대문구 답십리동 53-54",0.03436276900247712,"이팝나무 ",이팝나무,활엽수,낙엽수,교목,화목,봄,X
한천로,"서울특별시 동대문구 이문동 210-1",0.043969435750392666,"양버즘나무 ",양버즘나무,활엽수,낙엽수,교목,,봄,X
장안벚꽃로,"서울특별시 동대문구 휘경동 49-11",0.02736104345503263,"이팝나무 회화나무 ",회화나무,활엽수,낙엽수,교목,,봄,X
장안벚꽃로,"서울특별시 동대문구 휘경동 49-11",0.02736104345503263,"이팝나무 회화나무 ",이팝나무,활엽수,낙엽수,교목,화목,봄,X
천호대로45길,"서울특별시 동대문구 용두동 39-924",0.004652402872591969,"은행나무 ",은행나무,침엽수,낙엽수,교목,,봄,가을
서울시립대로,"서울특별시 동대문구 전농동 530-88",0.015070999217401845,"은행나무 ",은행나무,침엽수,낙엽수,교목,,봄,가을
전농로,"서울특별시 동대문구 답십리동 36-2",0.01893440584438743,"양버즘나무 은행나무 ",은행나무,침엽수,낙엽수,교목,,봄,가을
전농로,"서울특별시 동대문구 답십리동 36-2",0.01893440584438743,"양버즘나무 은행나무 ",양버즘나무,활엽수,낙엽수,교목,,봄,X
이문로,"서울특별시 동대문구 휘경동 187-50",0.01893917204337028,"은행나무 ",은행나무,침엽수,낙엽수,교목,,봄,가을
이문로,"서울특별시 동대문구 이문동 251-1",0.01893917204337028,"양버즘나무 은행나무 ",은행나무,침엽수,낙엽수,교목,,봄,가을
이문로,"서울특별시 동대문구 이문동 251-1",0.01893917204337028,"양버즘나무 은행나무 ",양버즘나무,활엽수,낙엽수,교목,,봄,X
장한로6길,"서울특별시 동대문구 장안동 480-11",0.00499277495184584,"은행나무 ",은행나무,침엽수,낙엽수,교목,,봄,가을
청계천로,"서울특별시 동대문구 용두동 696-6",0.01948566321300367,"양버즘나무 은행나무 소나무 느티나무 ",느티나무,활엽수,낙엽수,교목,,여름,X
청계천로,"서울특별시 동대문구 용두동 696-6",0.01948566321300367,"양버즘나무 은행나무 소나무 느티나무 ",소나무,침엽수,상록수,교목,,X,X
청계천로,"서울특별시 동대문구 용두동 696-6",0.01948566321300367,"양버즘나무 은행나무 소나무 느티나무 ",은행나무,침엽수,낙엽수,교목,,봄,가을
청계천로,"서울특별시 동대문구 용두동 696-6",0.01948566321300367,"양버즘나무 은행나무 소나무 느티나무 ",양버즘나무,활엽수,낙엽수,교목,,봄,X
회기로,"서울특별시 동대문구 청량리동 산 1-227",0.021741305586761694,"은행나무 ",은행나무,침엽수,낙엽수,교목,,봄,가을
장한로,"서울특별시 동대문구 장안동 469-13",0.01828729174665348,"이팝나무 은행나무 ",은행나무,침엽수,낙엽수,교목,,봄,가을
장한로,"서울특별시 동대문구 장안동 469-13",0.01828729174665348,"이팝나무 은행나무 ",이팝나무,활엽수,낙엽수,교목,화목,봄,X
한천로,"서울특별시 동대문구 휘경동 7-34",0.043969435750392666,"양버즘나무 ",양버즘나무,활엽수,낙엽수,교목,,봄,X
한천로,"서울특별시 동대문구 이문동 209-18",0.043969435750392666,"은행나무 ",은행나무,침엽수,낙엽수,교목,,봄,가을
전농로,"서울특별시 동대문구 전농동 103-297",0.01893440584438743,"은행나무 ",은행나무,침엽수,낙엽수,교목,,봄,가을
경희대로,"서울특별시 동대문구 회기동 16-59",0.0035236378263621155,"은행나무 ",은행나무,침엽수,낙엽수,교목,,봄,가을
서울시립대로,"서울특별시 동대문구 전농동 534-5",0.015070999217401845,"은행나무 ",은행나무,침엽수,낙엽수,교목,,봄,가을
고산자로,"서울특별시 동대문구 제기동 136-11",0.018242091564576145,"은행나무 ",은행나무,침엽수,낙엽수,교목,,봄,가을
장안벚꽃로,"서울특별시 동대문구 휘경동 49-14",0.02736104345503263,"이팝나무 회화나무 ",회화나무,활엽수,낙엽수,교목,,봄,X
장안벚꽃로,"서울특별시 동대문구 휘경동 49-14",0.02736104345503263,"이팝나무 회화나무 ",이팝나무,활엽수,낙엽수,교목,화목,봄,X
황물로,"서울특별시 동대문구 답십리동 539-6",0.017570731753290648,"양버즘나무 이팝나무 은행나무 ",은행나무,침엽수,낙엽수,교목,,봄,가을
황물로,"서울특별시 동대문구 답십리동 539-6",0.017570731753290648,"양버즘나무 이팝나무 은행나무 ",이팝나무,활엽수,낙엽수,교목,화목,봄,X
황물로,"서울특별시 동대문구 답십리동 539-6",0.017570731753290648,"양버즘나무 이팝나무 은행나무 ",양버즘나무,활엽수,낙엽수,교목,,봄,X
왕산로,"서울특별시 동대문구 신설동 76-69",0.032634459895788274,"은행나무 ",은행나무,침엽수,낙엽수,교목,,봄,가을
이문로,"서울특별시 동대문구 회기동 67-7",0.01893917204337028,"양버즘나무 은행나무 백합나무 ",백합나무,활엽수,낙엽수,교목,,봄,X
이문로,"서울특별시 동대문구 회기동 67-7",0.01893917204337028,"양버즘나무 은행나무 백합나무 ",은행나무,침엽수,낙엽수,교목,,봄,가을
이문로,"서울특별시 동대문구 회기동 67-7",0.01893917204337028,"양버즘나무 은행나무 백합나무 ",양버즘나무,활엽수,낙엽수,교목,,봄,X
이문로,"서울특별시 동대문구 이문동 341-13",0.01893917204337028,"은행나무 ",은행나무,침엽수,낙엽수,교목,,봄,가을
망우로,"서울특별시 동대문구 휘경동 317-10",0.016272854542858997,"은행나무 ",은행나무,침엽수,낙엽수,교목,,봄,가을
홍릉로,"서울특별시 동대문구 청량리동 317-1",0.010536790657002002,"양버즘나무 ",양버즘나무,활엽수,낙엽수,교목,,봄,X
전농로,"서울특별시 동대문구 답십리동 97-1",0.01893440584438743,"양버즘나무 은행나무 백합나무 ",백합나무,활엽수,낙엽수,교목,,봄,X
전농로,"서울특별시 동대문구 답십리동 97-1",0.01893440584438743,"양버즘나무 은행나무 백합나무 ",은행나무,침엽수,낙엽수,교목,,봄,가을
전농로,"서울특별시 동대문구 답십리동 97-1",0.01893440584438743,"양버즘나무 은행나무 백합나무 ",양버즘나무,활엽수,낙엽수,교목,,봄,X
전농로,"서울특별시 동대문구 답십리동 530-3",0.01893440584438743,"양버즘나무 ",양버즘나무,활엽수,낙엽수,교목,,봄,X
약령시로,"서울특별시 동대문구 제기동 180-1",0.01813872304556547,"은행나무 ",은행나무,침엽수,낙엽수,교목,,봄,가을
이문로,"서울특별시 동대문구 이문동 327-3",0.01893917204337028,"은행나무 ",은행나무,침엽수,낙엽수,교목,,봄,가을
홍릉로,"서울특별시 동대문구 청량리동 205-845",0.010536790657002002,"양버즘나무 ",양버즘나무,활엽수,낙엽수,교목,,봄,X
외대역동로,"서울특별시 동대문구 휘경동 42-4",0.009616367442984957,"은행나무 느티나무 ",느티나무,활엽수,낙엽수,교목,,여름,X
외대역동로,"서울특별시 동대문구 휘경동 42-4",0.009616367442984957,"은행나무 느티나무 ",은행나무,침엽수,낙엽수,교목,,봄,가을
회기로10길,"서울특별시 동대문구 청량리동 206-9",0.0026016673482499105,"벚나무 ",벚나무,활엽수,낙엽수,교목,화목,봄,X
이문로,"서울특별시 동대문구 이문동 256-371",0.01893917204337028,"은행나무 ",은행나무,침엽수,낙엽수,교목,,봄,가을
제기로17길,"서울특별시 동대문구 청량리동 203-38",0.0029835842628772665,"은행나무 ",은행나무,침엽수,낙엽수,교목,,봄,가을
천호대로,"서울특별시 동대문구 답십리동 497-39",0.050337358499340144,"양버즘나무 ",양버즘나무,활엽수,낙엽수,교목,,봄,X
신이문로,"서울특별시 동대문구 이문동 220-106",0.004777305056230333,"은행나무 ",은행나무,침엽수,낙엽수,교목,,봄,가을
홍릉로,"서울특별시 동대문구 청량리동 205-809",0.010536790657002002,"양버즘나무 ",양버즘나무,활엽수,낙엽수,교목,,봄,X
황물로,"서울특별시 동대문구 답십리동 961-1",0.017570731753290648,"양버즘나무 은행나무 ",은행나무,침엽수,낙엽수,교목,,봄,가을
황물로,"서울특별시 동대문구 답십리동 961-1",0.017570731753290648,"양버즘나무 은행나무 ",양버즘나무,활엽수,낙엽수,교목,,봄,X
답십리로,"서울특별시 동대문구 답십리동 474-28",0.03436276900247712,"양버즘나무 ",양버즘나무,활엽수,낙엽수,교목,,봄,X
홍릉로,"서울특별시 동대문구 청량리동 산 1-213",0.010536790657002002,"양버즘나무 ",양버즘나무,활엽수,낙엽수,교목,,봄,X
회기로,"서울특별시 동대문구 회기동 60-212",0.021741305586761694,"은행나무 ",은행나무,침엽수,낙엽수,교목,,봄,가을
답십리로,"서울특별시 동대문구 전농동 625-6",0.03436276900247712,"양버즘나무 ",양버즘나무,활엽수,낙엽수,교목,,봄,X
회기로,"서울특별시 동대문구 회기동 60-111",0.021741305586761694,"은행나무 ",은행나무,침엽수,낙엽수,교목,,봄,가을
답십리로,"서울특별시 동대문구 답십리동 472-103",0.03436276900247712,"양버즘나무 은행나무 ",은행나무,침엽수,낙엽수,교목,,봄,가을
답십리로,"서울특별시 동대문구 답십리동 472-103",0.03436276900247712,"양버즘나무 은행나무 ",양버즘나무,활엽수,낙엽수,교목,,봄,X
이문로,"서울특별시 동대문구 이문동 255-4",0.01893917204337028,"은행나무 ",은행나무,침엽수,낙엽수,교목,,봄,가을
한천로,"서울특별시 동대문구 전농동 1-120",0.043969435750392666,"양버즘나무 은행나무 ",은행나무,침엽수,낙엽수,교목,,봄,가을
한천로,"서울특별시 동대문구 전농동 1-120",0.043969435750392666,"양버즘나무 은행나무 ",양버즘나무,활엽수,낙엽수,교목,,봄,X
회기로,"서울특별시 동대문구 휘경동 255-4",0.021741305586761694,"은행나무 ",은행나무,침엽수,낙엽수,교목,,봄,가을
회기로,"서울특별시 동대문구 청량리동 207",0.021741305586761694,"은행나무 ",은행나무,침엽수,낙엽수,교목,,봄,가을
경희대로,"서울특별시 동대문구 회기동 32",0.0035236378263621155,"은행나무 ",은행나무,침엽수,낙엽수,교목,,봄,가을
한빛로,"서울특별시 동대문구 용두동 150-38",0.00721042574656651,"이팝나무 ",이팝나무,활엽수,낙엽수,교목,화목,봄,X
고산자로,"서울특별시 동대문구 용두동 47-1",0.018242091564576145,"양버즘나무 이팝나무 은행나무 느티나무 ",느티나무,활엽수,낙엽수,교목,,여름,X
고산자로,"서울특별시 동대문구 용두동 47-1",0.018242091564576145,"양버즘나무 이팝나무 은행나무 느티나무 ",은행나무,침엽수,낙엽수,교목,,봄,가을
고산자로,"서울특별시 동대문구 용두동 47-1",0.018242091564576145,"양버즘나무 이팝나무 은행나무 느티나무 ",이팝나무,활엽수,낙엽수,교목,화목,봄,X
고산자로,"서울특별시 동대문구 용두동 47-1",0.018242091564576145,"양버즘나무 이팝나무 은행나무 느티나무 ",양버즘나무,활엽수,낙엽수,교목,,봄,X
답십리로,"서울특별시 동대문구 장안동 142-7",0.03436276900247712,"이팝나무 ",이팝나무,활엽수,낙엽수,교목,화목,봄,X
서울시립대로,"서울특별시 동대문구 전농동 569-5",0.015070999217401845,"은행나무 ",은행나무,침엽수,낙엽수,교목,,봄,가을
약령시로,"서울특별시 동대문구 제기동 241-26",0.01813872304556547,"은행나무 ",은행나무,침엽수,낙엽수,교목,,봄,가을
약령시로,"서울특별시 동대문구 제기동 151-14",0.01813872304556547,"은행나무 ",은행나무,침엽수,낙엽수,교목,,봄,가을
한천로,"서울특별시 동대문구 답십리동 924",0.043969435750392666,"양버즘나무 은행나무 ",은행나무,침엽수,낙엽수,교목,,봄,가을
한천로,"서울특별시 동대문구 답십리동 924",0.043969435750392666,"양버즘나무 은행나무 ",양버즘나무,활엽수,낙엽수,교목,,봄,X
약령시로,"서울특별시 동대문구 제기동 818-8",0.01813872304556547,"은행나무 ",은행나무,침엽수,낙엽수,교목,,봄,가을
서울시립대로,"서울특별시 동대문구 전농동 645-4",0.015070999217401845,"은행나무 ",은행나무,침엽수,낙엽수,교목,,봄,가을
무학로,"서울특별시 동대문구 용두동 747",0.01198180693274892,"은행나무 벚나무 ",벚나무,활엽수,낙엽수,교목,화목,봄,X
무학로,"서울특별시 동대문구 용두동 747",0.01198180693274892,"은행나무 벚나무 ",은행나무,침엽수,낙엽수,교목,,봄,가을
한빛로,"서울특별시 동대문구 신설동 79-2",0.00721042574656651,"이팝나무 ",이팝나무,활엽수,낙엽수,교목,화목,봄,X
황물로,"서울특별시 동대문구 전농동 645-1",0.017570731753290648,"양버즘나무 이팝나무 은행나무 ",은행나무,침엽수,낙엽수,교목,,봄,가을
황물로,"서울특별시 동대문구 전농동 645-1",0.017570731753290648,"양버즘나무 이팝나무 은행나무 ",이팝나무,활엽수,낙엽수,교목,화목,봄,X
황물로,"서울특별시 동대문구 전농동 645-1",0.017570731753290648,"양버즘나무 이팝나무 은행나무 ",양버즘나무,활엽수,낙엽수,교목,,봄,X
청계천로,"서울특별시 동대문구 용두동 255-74",0.01948566321300367,"느티나무 ",느티나무,활엽수,낙엽수,교목,,여름,X
망우로,"서울특별시 동대문구 휘경동 275-1",0.016272854542858997,"은행나무 ",은행나무,침엽수,낙엽수,교목,,봄,가을
왕산로,"서울특별시 동대문구 전농동 99-4",0.032634459895788274,"이팝나무 은행나무 ",은행나무,침엽수,낙엽수,교목,,봄,가을
왕산로,"서울특별시 동대문구 전농동 99-4",0.032634459895788274,"이팝나무 은행나무 ",이팝나무,활엽수,낙엽수,교목,화목,봄,X
고산자로,"서울특별시 동대문구 제기동 136-207",0.018242091564576145,"은행나무 ",은행나무,침엽수,낙엽수,교목,,봄,가을
경희대로,"서울특별시 동대문구 회기동 16-58",0.0035236378263621155,"은행나무 ",은행나무,침엽수,낙엽수,교목,,봄,가을
안암로,"서울특별시 동대문구 제기동 67-242",0.016756015157060974,"은행나무 ",은행나무,침엽수,낙엽수,교목,,봄,가을
외대역동로,"서울특별시 동대문구 휘경동 110-7",0.009616367442984957,"양버즘나무 ",양버즘나무,활엽수,낙엽수,교목,,봄,X
장한로,"서울특별시 동대문구 장안동 469-14",0.01828729174665348,"이팝나무 은행나무 벚나무 ",벚나무,활엽수,낙엽수,교목,화목,봄,X
장한로,"서울특별시 동대문구 장안동 469-14",0.01828729174665348,"이팝나무 은행나무 벚나무 ",은행나무,침엽수,낙엽수,교목,,봄,가을
장한로,"서울특별시 동대문구 장안동 469-14",0.01828729174665348,"이팝나무 은행나무 벚나무 ",이팝나무,활엽수,낙엽수,교목,화목,봄,X
천호대로,"서울특별시 동대문구 장안동 472-2",0.050337358499340144,"양버즘나무 산딸나무 은행나무 ",은행나무,침엽수,낙엽수,교목,,봄,가을
천호대로,"서울특별시 동대문구 장안동 472-2",0.050337358499340144,"양버즘나무 산딸나무 은행나무 ",산딸나무,활엽수,낙엽수,관목,화목/열매수,봄,가을
천호대로,"서울특별시 동대문구 장안동 472-2",0.050337358499340144,"양버즘나무 산딸나무 은행나무 ",양버즘나무,활엽수,낙엽수,교목,,봄,X
전농로,"서울특별시 동대문구 전농동 135-45",0.01893440584438743,"은행나무 ",은행나무,침엽수,낙엽수,교목,,봄,가을
답십리로,"서울특별시 동대문구 장안동 332-13",0.03436276900247712,"이팝나무 ",이팝나무,활엽수,낙엽수,교목,화목,봄,X
고산자로,"서울특별시 동대문구 제기동 122-432",0.018242091564576145,"양버즘나무 ",양버즘나무,활엽수,낙엽수,교목,,봄,X
장한로,"서울특별시 동대문구 장안동 469-15",0.01828729174665348,"이팝나무 ",이팝나무,활엽수,낙엽수,교목,화목,봄,X
망우로,"서울특별시 동대문구 휘경동 31-1",0.016272854542858997,"은행나무 ",은행나무,침엽수,낙엽수,교목,,봄,가을
왕산로,"서울특별시 동대문구 신설동 85-1",0.032634459895788274,"은행나무 ",은행나무,침엽수,낙엽수,교목,,봄,가을
신이문로,"서울특별시 동대문구 이문동 164-25",0.004777305056230333,"은행나무 ",은행나무,침엽수,낙엽수,교목,,봄,가을
천호대로,"서울특별시 동대문구 신설동 102-12",0.050337358499340144,"은행나무 ",은행나무,침엽수,낙엽수,교목,,봄,가을
약령시로,"서울특별시 동대문구 제기동 888-18",0.01813872304556547,"은행나무 ",은행나무,침엽수,낙엽수,교목,,봄,가을
회기로,"서울특별시 동대문구 회기동 60-267",0.021741305586761694,"은행나무 ",은행나무,침엽수,낙엽수,교목,,봄,가을
서울시립대로,"서울특별시 동대문구 전농동 497-3",0.015070999217401845,"은행나무 ",은행나무,침엽수,낙엽수,교목,,봄,가을
황물로,"서울특별시 동대문구 답십리동 532-1",0.017570731753290648,"양버즘나무 ",양버즘나무,활엽수,낙엽수,교목,,봄,X
홍릉로,"서울특별시 동대문구 청량리동 205-849",0.010536790657002002,"양버즘나무 ",양버즘나무,활엽수,낙엽수,교목,,봄,X
서울시립대로,"서울특별시 동대문구 전농동 500-30",0.015070999217401845,"은행나무 ",은행나무,침엽수,낙엽수,교목,,봄,가을
망우로,"서울특별시 동대문구 휘경동 42-3",0.016272854542858997,"이팝나무 은행나무 ",은행나무,침엽수,낙엽수,교목,,봄,가을
망우로,"서울특별시 동대문구 휘경동 42-3",0.016272854542858997,"이팝나무 은행나무 ",이팝나무,활엽수,낙엽수,교목,화목,봄,X
전농로,"서울특별시 동대문구 답십리동 266-2",0.01893440584438743,"양버즘나무 ",양버즘나무,활엽수,낙엽수,교목,,봄,X
전농로,"서울특별시 동대문구 전농동 295-94",0.01893440584438743,"은행나무 ",은행나무,침엽수,낙엽수,교목,,봄,가을
회기로,"서울특별시 동대문구 회기동 60-172",0.021741305586761694,"은행나무 ",은행나무,침엽수,낙엽수,교목,,봄,가을
회기로,"서울특별시 동대문구 회기동 산 4-78",0.021741305586761694,"은행나무 ",은행나무,침엽수,낙엽수,교목,,봄,가을
장안벚꽃로,"서울특별시 동대문구 휘경동 49-72",0.02736104345503263,"회화나무 ",회화나무,활엽수,낙엽수,교목,,봄,X
천호대로45길,"서울특별시 동대문구 용두동 39-1033",0.004652402872591969,"은행나무 ",은행나무,침엽수,낙엽수,교목,,봄,가을
천호대로45길,"서울특별시 동대문구 용두동 39-311",0.004652402872591969,"은행나무 ",은행나무,침엽수,낙엽수,교목,,봄,가을
서울시립대로,"서울특별시 동대문구 전농동 124-15",0.015070999217401845,"은행나무 ",은행나무,침엽수,낙엽수,교목,,봄,가을
제기로17길,"서울특별시 동대문구 청량리동 205-103",0.0029835842628772665,"은행나무 ",은행나무,침엽수,낙엽수,교목,,봄,가을
정릉천동로,"서울특별시 동대문구 용두동 790",0.013607440316019435,"은행나무 ",은행나무,침엽수,낙엽수,교목,,봄,가을
휘경로,"서울특별시 동대문구 휘경동 147-6",0.00827549427237474,"양버즘나무 이팝나무 은행나무 ",은행나무,침엽수,낙엽수,교목,,봄,가을
휘경로,"서울특별시 동대문구 휘경동 147-6",0.00827549427237474,"양버즘나무 이팝나무 은행나무 ",이팝나무,활엽수,낙엽수,교목,화목,봄,X
휘경로,"서울특별시 동대문구 휘경동 147-6",0.00827549427237474,"양버즘나무 이팝나무 은행나무 ",양버즘나무,활엽수,낙엽수,교목,,봄,X
서울시립대로,"서울특별시 동대문구 전농동 530-87",0.015070999217401845,"은행나무 ",은행나무,침엽수,낙엽수,교목,,봄,가을
사가정로,"서울특별시 동대문구 전농동 325-21",0.07865510585547797,"은행나무 ",은행나무,침엽수,낙엽수,교목,,봄,가을
천호대로,"서울특별시 동대문구 신설동 92-43",0.050337358499340144,"양버즘나무 ",양버즘나무,활엽수,낙엽수,교목,,봄,X
천호대로47길,"서울특별시 동대문구 답십리동 463-1",0.0021645883362325815,"느티나무 ",느티나무,활엽수,낙엽수,교목,,여름,X
제기로17길,"서울특별시 동대문구 청량리동 205-379",0.0029835842628772665,"은행나무 ",은행나무,침엽수,낙엽수,교목,,봄,가을
답십리로,"서울특별시 동대문구 장안동 469-15",0.03436276900247712,"이팝나무 ",이팝나무,활엽수,낙엽수,교목,화목,봄,X
이문로,"서울특별시 동대문구 회기동 346-34",0.01893917204337028,"은행나무 ",은행나무,침엽수,낙엽수,교목,,봄,가을
고산자로,"서울특별시 동대문구 제기동 800",0.018242091564576145,"양버즘나무 느티나무 ",느티나무,활엽수,낙엽수,교목,,여름,X
고산자로,"서울특별시 동대문구 제기동 800",0.018242091564576145,"양버즘나무 느티나무 ",양버즘나무,활엽수,낙엽수,교목,,봄,X
장한로,"서울특별시 동대문구 장안동 469-1",0.01828729174665348,"이팝나무 ",이팝나무,활엽수,낙엽수,교목,화목,봄,X
장안벚꽃로,"서울특별시 동대문구 휘경동 49-15",0.02736104345503263,"이팝나무 회화나무 ",회화나무,활엽수,낙엽수,교목,,봄,X
장안벚꽃로,"서울특별시 동대문구 휘경동 49-15",0.02736104345503263,"이팝나무 회화나무 ",이팝나무,활엽수,낙엽수,교목,화목,봄,X
제기로17길,"서울특별시 동대문구 청량리동 205-390",0.0029835842628772665,"은행나무 ",은행나무,침엽수,낙엽수,교목,,봄,가을
답십리로,"서울특별시 동대문구 답십리동 3-9",0.03436276900247712,"이팝나무 ",이팝나무,활엽수,낙엽수,교목,화목,봄,X
신이문로,"서울특별시 동대문구 이문동 256-13",0.004777305056230333,"은행나무 ",은행나무,침엽수,낙엽수,교목,,봄,가을
이문로,"서울특별시 동대문구 이문동 328-3",0.01893917204337028,"은행나무 ",은행나무,침엽수,낙엽수,교목,,봄,가을
전농로,"서울특별시 동대문구 전농동 183-1",0.01893440584438743,"은행나무 ",은행나무,침엽수,낙엽수,교목,,봄,가을
고산자로,"서울특별시 동대문구 제기동 1150-1",0.018242091564576145,"은행나무 ",은행나무,침엽수,낙엽수,교목,,봄,가을
천호대로45길,"서울특별시 동대문구 용두동 39-308",0.004652402872591969,"은행나무 ",은행나무,침엽수,낙엽수,교목,,봄,가을
제기로17길,"서울특별시 동대문구 청량리동 205-287",0.0029835842628772665,"은행나무 ",은행나무,침엽수,낙엽수,교목,,봄,가을
사가정로,"서울특별시 동대문구 전농동 6-3",0.07865510585547797,"이팝나무 은행나무 ",은행나무,침엽수,낙엽수,교목,,봄,가을
사가정로,"서울특별시 동대문구 전농동 6-3",0.07865510585547797,"이팝나무 은행나무 ",이팝나무,활엽수,낙엽수,교목,화목,봄,X
회기로,"서울특별시 동대문구 회기동 346-11",0.021741305586761694,"은행나무 ",은행나무,침엽수,낙엽수,교목,,봄,가을
신이문로,"서울특별시 동대문구 이문동 237-113",0.004777305056230333,"은행나무 ",은행나무,침엽수,낙엽수,교목,,봄,가을
약령시로,"서울특별시 동대문구 제기동 250-1",0.01813872304556547,"은행나무 ",은행나무,침엽수,낙엽수,교목,,봄,가을
고산자로,"서울특별시 동대문구 제기동 787",0.018242091564576145,"양버즘나무 느티나무 ",느티나무,활엽수,낙엽수,교목,,여름,X
고산자로,"서울특별시 동대문구 제기동 787",0.018242091564576145,"양버즘나무 느티나무 ",양버즘나무,활엽수,낙엽수,교목,,봄,X
서울시립대로,"서울특별시 동대문구 전농동 530-84",0.015070999217401845,"은행나무 ",은행나무,침엽수,낙엽수,교목,,봄,가을
회기로,"서울특별시 동대문구 회기동 60-110",0.021741305586761694,"은행나무 ",은행나무,침엽수,낙엽수,교목,,봄,가을
전농로,"서울특별시 동대문구 답십리동 66-19",0.01893440584438743,"양버즘나무 은행나무 ",은행나무,침엽수,낙엽수,교목,,봄,가을
전농로,"서울특별시 동대문구 답십리동 66-19",0.01893440584438743,"양버즘나무 은행나무 ",양버즘나무,활엽수,낙엽수,교목,,봄,X
장한로,"서울특별시 동대문구 장안동 469-17",0.01828729174665348,"이팝나무 ",이팝나무,활엽수,낙엽수,교목,화목,봄,X
답십리로,"서울특별시 동대문구 전농동 693-3",0.03436276900247712,"양버즘나무 은행나무 ",은행나무,침엽수,낙엽수,교목,,봄,가을
답십리로,"서울특별시 동대문구 전농동 693-3",0.03436276900247712,"양버즘나무 은행나무 ",양버즘나무,활엽수,낙엽수,교목,,봄,X
안암로,"서울특별시 동대문구 용두동 748",0.016756015157060974,"양버즘나무 은행나무 ",은행나무,침엽수,낙엽수,교목,,봄,가을
안암로,"서울특별시 동대문구 용두동 748",0.016756015157060974,"양버즘나무 은행나무 ",양버즘나무,활엽수,낙엽수,교목,,봄,X
한천로,"서울특별시 동대문구 이문동 90-2",0.043969435750392666,"백합나무 ",백합나무,활엽수,낙엽수,교목,,봄,X
고산자로,"서울특별시 동대문구 용두동 36-10",0.018242091564576145,"은행나무 ",은행나무,침엽수,낙엽수,교목,,봄,가을
전농로,"서울특별시 동대문구 전농동 155-4",0.01893440584438743,"은행나무 ",은행나무,침엽수,낙엽수,교목,,봄,가을
사가정로,"서울특별시 동대문구 전농동 31-15",0.07865510585547797,"이팝나무 ",이팝나무,활엽수,낙엽수,교목,화목,봄,X
망우로,"서울특별시 동대문구 휘경동 343-21",0.016272854542858997,"은행나무 ",은행나무,침엽수,낙엽수,교목,,봄,가을
고산자로,"서울특별시 동대문구 제기동 702",0.018242091564576145,"양버즘나무 ",양버즘나무,활엽수,낙엽수,교목,,봄,X
한천로,"서울특별시 동대문구 장안동 114-1",0.043969435750392666,"양버즘나무 은행나무 ",은행나무,침엽수,낙엽수,교목,,봄,가을
한천로,"서울특별시 동대문구 장안동 114-1",0.043969435750392666,"양버즘나무 은행나무 ",양버즘나무,활엽수,낙엽수,교목,,봄,X
회기로,"서울특별시 동대문구 제기동 1149-21",0.021741305586761694,"은행나무 ",은행나무,침엽수,낙엽수,교목,,봄,가을
이문로,"서울특별시 동대문구 이문동 329-2",0.01893917204337028,"은행나무 ",은행나무,침엽수,낙엽수,교목,,봄,가을
답십리로,"서울특별시 동대문구 전농동 493-4",0.03436276900247712,"양버즘나무 ",양버즘나무,활엽수,낙엽수,교목,,봄,X
회기로,"서울특별시 동대문구 회기동 60-202",0.021741305586761694,"은행나무 ",은행나무,침엽수,낙엽수,교목,,봄,가을
한천로,"서울특별시 동대문구 휘경동 361-1",0.043969435750392666,"양버즘나무 은행나무 ",은행나무,침엽수,낙엽수,교목,,봄,가을
한천로,"서울특별시 동대문구 휘경동 361-1",0.043969435750392666,"양버즘나무 은행나무 ",양버즘나무,활엽수,낙엽수,교목,,봄,X
답십리로,"서울특별시 동대문구 전농동 655-32",0.03436276900247712,"은행나무 ",은행나무,침엽수,낙엽수,교목,,봄,가을
사가정로,"서울특별시 동대문구 전농동 311-3",0.07865510585547797,"은행나무 ",은행나무,침엽수,낙엽수,교목,,봄,가을
사가정로,"서울특별시 동대문구 전농동 307-6",0.07865510585547797,"은행나무 ",은행나무,침엽수,낙엽수,교목,,봄,가을
망우로21길,"서울특별시 동대문구 휘경동 269-9",0.0067675002995912815,"은행나무 ",은행나무,침엽수,낙엽수,교목,,봄,가을
사가정로,"서울특별시 동대문구 답십리동 540",0.07865510585547797,"은행나무 ",은행나무,침엽수,낙엽수,교목,,봄,가을
황물로,"서울특별시 동대문구 전농동 672-2",0.017570731753290648,"양버즘나무 ",양버즘나무,활엽수,낙엽수,교목,,봄,X
한천로,"서울특별시 동대문구 휘경동 43-257",0.043969435750392666,"양버즘나무 은행나무 ",은행나무,침엽수,낙엽수,교목,,봄,가을
한천로,"서울특별시 동대문구 휘경동 43-257",0.043969435750392666,"양버즘나무 은행나무 ",양버즘나무,활엽수,낙엽수,교목,,봄,X
사가정로,"서울특별시 동대문구 전농동 307-7",0.07865510585547797,"은행나무 ",은행나무,침엽수,낙엽수,교목,,봄,가을
한천로,"서울특별시 동대문구 장안동 245-13",0.043969435750392666,"양버즘나무 은행나무 ",은행나무,침엽수,낙엽수,교목,,봄,가을
한천로,"서울특별시 동대문구 장안동 245-13",0.043969435750392666,"양버즘나무 은행나무 ",양버즘나무,활엽수,낙엽수,교목,,봄,X
제기로,"서울특별시 동대문구 제기동 135-126",0.016724124074013105,"양버즘나무 ",양버즘나무,활엽수,낙엽수,교목,,봄,X
황물로,"서울특별시 동대문구 답십리동 530-3",0.017570731753290648,"양버즘나무 은행나무 ",은행나무,침엽수,낙엽수,교목,,봄,가을
황물로,"서울특별시 동대문구 답십리동 530-3",0.017570731753290648,"양버즘나무 은행나무 ",양버즘나무,활엽수,낙엽수,교목,,봄,X
서울시립대로,"서울특별시 동대문구 전농동 567-8",0.015070999217401845,"은행나무 ",은행나무,침엽수,낙엽수,교목,,봄,가을
신이문로,"서울특별시 동대문구 이문동 237-100",0.004777305056230333,"은행나무 ",은행나무,침엽수,낙엽수,교목,,봄,가을
회기로10길,"서울특별시 동대문구 청량리동 산 1-195",0.0026016673482499105,"은행나무 백합나무 ",백합나무,활엽수,낙엽수,교목,,봄,X
회기로10길,"서울특별시 동대문구 청량리동 산 1-195",0.0026016673482499105,"은행나무 백합나무 ",은행나무,침엽수,낙엽수,교목,,봄,가을
외대역동로,"서울특별시 동대문구 휘경동 39-74",0.009616367442984957,"느티나무 ",느티나무,활엽수,낙엽수,교목,,여름,X
서울시립대로,"서울특별시 동대문구 전농동 583-1",0.015070999217401845,"은행나무 ",은행나무,침엽수,낙엽수,교목,,봄,가을
망우로,"서울특별시 동대문구 휘경동 317-65",0.016272854542858997,"은행나무 ",은행나무,침엽수,낙엽수,교목,,봄,가을
이문로,"서울특별시 동대문구 이문동 255-428",0.01893917204337028,"은행나무 ",은행나무,침엽수,낙엽수,교목,,봄,가을
홍릉로25길,"서울특별시 동대문구 청량리동 205-217",0.0013694055349826816,"은행나무 ",은행나무,침엽수,낙엽수,교목,,봄,가을
약령시로,"서울특별시 동대문구 제기동 928-14",0.01813872304556547,"은행나무 ",은행나무,침엽수,낙엽수,교목,,봄,가을
전농로,"서울특별시 동대문구 전농동 135-5",0.01893440584438743,"은행나무 ",은행나무,침엽수,낙엽수,교목,,봄,가을
답십리로,"서울특별시 동대문구 답십리동 112-209",0.03436276900247712,"느티나무 ",느티나무,활엽수,낙엽수,교목,,여름,X
한천로,"서울특별시 동대문구 전농동 1-191",0.043969435750392666,"양버즘나무 이팝나무 은행나무 ",은행나무,침엽수,낙엽수,교목,,봄,가을
한천로,"서울특별시 동대문구 전농동 1-191",0.043969435750392666,"양버즘나무 이팝나무 은행나무 ",이팝나무,활엽수,낙엽수,교목,화목,봄,X
한천로,"서울특별시 동대문구 전농동 1-191",0.043969435750392666,"양버즘나무 이팝나무 은행나무 ",양버즘나무,활엽수,낙엽수,교목,,봄,X
고산자로,"서울특별시 동대문구 제기동 122-40",0.018242091564576145,"은행나무 벚나무 ",벚나무,활엽수,낙엽수,교목,화목,봄,X
고산자로,"서울특별시 동대문구 제기동 122-40",0.018242091564576145,"은행나무 벚나무 ",은행나무,침엽수,낙엽수,교목,,봄,가을
답십리로,"서울특별시 동대문구 장안동 331-15",0.03436276900247712,"이팝나무 ",이팝나무,활엽수,낙엽수,교목,화목,봄,X
천호대로45길,"서울특별시 동대문구 용두동 39-125",0.004652402872591969,"은행나무 ",은행나무,침엽수,낙엽수,교목,,봄,가을
서울시립대로,"서울특별시 동대문구 전농동 124-93",0.015070999217401845,"은행나무 ",은행나무,침엽수,낙엽수,교목,,봄,가을
한천로,"서울특별시 동대문구 휘경동 43-281",0.043969435750392666,"양버즘나무 ",양버즘나무,활엽수,낙엽수,교목,,봄,X
황물로,"서울특별시 동대문구 답십리동 555",0.017570731753290648,"양버즘나무 이팝나무 은행나무 ",은행나무,침엽수,낙엽수,교목,,봄,가을
황물로,"서울특별시 동대문구 답십리동 555",0.017570731753290648,"양버즘나무 이팝나무 은행나무 ",이팝나무,활엽수,낙엽수,교목,화목,봄,X
황물로,"서울특별시 동대문구 답십리동 555",0.017570731753290648,"양버즘나무 이팝나무 은행나무 ",양버즘나무,활엽수,낙엽수,교목,,봄,X
답십리로,"서울특별시 동대문구 전농동 621-2",0.03436276900247712,"양버즘나무 ",양버즘나무,활엽수,낙엽수,교목,,봄,X
황물로,"서울특별시 동대문구 전농동 644-28",0.017570731753290648,"은행나무 ",은행나무,침엽수,낙엽수,교목,,봄,가을
답십리로,"서울특별시 동대문구 답십리동 3-107",0.03436276900247712,"이팝나무 ",이팝나무,활엽수,낙엽수,교목,화목,봄,X
답십리로,"서울특별시 동대문구 답십리동 244-15",0.03436276900247712,"양버즘나무 은행나무 ",은행나무,침엽수,낙엽수,교목,,봄,가을
답십리로,"서울특별시 동대문구 답십리동 244-15",0.03436276900247712,"양버즘나무 은행나무 ",양버즘나무,활엽수,낙엽수,교목,,봄,X
서울시립대로,"서울특별시 동대문구 전농동 644-104",0.015070999217401845,"은행나무 ",은행나무,침엽수,낙엽수,교목,,봄,가을
천호대로,"서울특별시 동대문구 신설동 102-28",0.050337358499340144,"양버즘나무 은행나무 ",은행나무,침엽수,낙엽수,교목,,봄,가을
천호대로,"서울특별시 동대문구 신설동 102-28",0.050337358499340144,"양버즘나무 은행나무 ",양버즘나무,활엽수,낙엽수,교목,,봄,X
장한로,"서울특별시 동대문구 장안동 471-1",0.01828729174665348,"양버즘나무 ",양버즘나무,활엽수,낙엽수,교목,,봄,X
왕산로,"서울특별시 동대문구 청량리동 1-2",0.032634459895788274,"은행나무 ",은행나무,침엽수,낙엽수,교목,,봄,가을
한천로,"서울특별시 동대문구 이문동 100-2",0.043969435750392666,"양버즘나무 ",양버즘나무,활엽수,낙엽수,교목,,봄,X
서울시립대로,"서울특별시 동대문구 전농동 500-5",0.015070999217401845,"은행나무 ",은행나무,침엽수,낙엽수,교목,,봄,가을
한천로,"서울특별시 동대문구 이문동 177-106",0.043969435750392666,"양버즘나무 ",양버즘나무,활엽수,낙엽수,교목,,봄,X
천호대로,"서울특별시 동대문구 답십리동 533-3",0.050337358499340144,"양버즘나무 ",양버즘나무,활엽수,낙엽수,교목,,봄,X
제기로,"서울특별시 동대문구 제기동 142-21",0.016724124074013105,"양버즘나무 은행나무 ",은행나무,침엽수,낙엽수,교목,,봄,가을
제기로,"서울특별시 동대문구 제기동 142-21",0.016724124074013105,"양버즘나무 은행나무 ",양버즘나무,활엽수,낙엽수,교목,,봄,X
이문로,"서울특별시 동대문구 이문동 288-38",0.01893917204337028,"은행나무 ",은행나무,침엽수,낙엽수,교목,,봄,가을
회기로,"서울특별시 동대문구 회기동 60-42",0.021741305586761694,"은행나무 ",은행나무,침엽수,낙엽수,교목,,봄,가을
신이문로,"서울특별시 동대문구 이문동 237-107",0.004777305056230333,"은행나무 ",은행나무,침엽수,낙엽수,교목,,봄,가을
제기로17길,"서울특별시 동대문구 청량리동 205-78",0.0029835842628772665,"은행나무 ",은행나무,침엽수,낙엽수,교목,,봄,가을
천호대로47길,"서울특별시 동대문구 답십리동 555",0.0021645883362325815,"느티나무 ",느티나무,활엽수,낙엽수,교목,,여름,X
회기로,"서울특별시 동대문구 회기동 45-57",0.021741305586761694,"은행나무 ",은행나무,침엽수,낙엽수,교목,,봄,가을
회기로,"서울특별시 동대문구 회기동 45-74",0.021741305586761694,"은행나무 ",은행나무,침엽수,낙엽수,교목,,봄,가을
고산자로,"서울특별시 동대문구 용두동 26-14",0.018242091564576145,"느티나무 ",느티나무,활엽수,낙엽수,교목,,여름,X
고산자로,"서울특별시 동대문구 제기동 908",0.018242091564576145,"양버즘나무 ",양버즘나무,활엽수,낙엽수,교목,,봄,X
천호대로,"서울특별시 동대문구 신설동 102-9",0.050337358499340144,"양버즘나무 은행나무 ",은행나무,침엽수,낙엽수,교목,,봄,가을
천호대로,"서울특별시 동대문구 신설동 102-9",0.050337358499340144,"양버즘나무 은행나무 ",양버즘나무,활엽수,낙엽수,교목,,봄,X
황물로,"서울특별시 동대문구 전농동 645-2",0.017570731753290648,"양버즘나무 이팝나무 은행나무 ",은행나무,침엽수,낙엽수,교목,,봄,가을
황물로,"서울특별시 동대문구 전농동 645-2",0.017570731753290648,"양버즘나무 이팝나무 은행나무 ",이팝나무,활엽수,낙엽수,교목,화목,봄,X
황물로,"서울특별시 동대문구 전농동 645-2",0.017570731753290648,"양버즘나무 이팝나무 은행나무 ",양버즘나무,활엽수,낙엽수,교목,,봄,X
한천로,"서울특별시 동대문구 장안동 162-12",0.043969435750392666,"양버즘나무 ",양버즘나무,활엽수,낙엽수,교목,,봄,X
한천로,"서울특별시 동대문구 장안동 106-23",0.043969435750392666,"은행나무 ",은행나무,침엽수,낙엽수,교목,,봄,가을
한천로,"서울특별시 동대문구 장안동 95-1",0.043969435750392666,"양버즘나무 은행나무 ",은행나무,침엽수,낙엽수,교목,,봄,가을
한천로,"서울특별시 동대문구 장안동 95-1",0.043969435750392666,"양버즘나무 은행나무 ",양버즘나무,활엽수,낙엽수,교목,,봄,X
한천로,"서울특별시 동대문구 답십리동 920",0.043969435750392666,"양버즘나무 은행나무 ",은행나무,침엽수,낙엽수,교목,,봄,가을
한천로,"서울특별시 동대문구 답십리동 920",0.043969435750392666,"양버즘나무 은행나무 ",양버즘나무,활엽수,낙엽수,교목,,봄,X
장안벚꽃로,"서울특별시 동대문구 휘경동 49-191",0.02736104345503263,"회화나무 ",회화나무,활엽수,낙엽수,교목,,봄,X
천호대로45길,"서울특별시 동대문구 용두동 39-127",0.004652402872591969,"은행나무 ",은행나무,침엽수,낙엽수,교목,,봄,가을
제기로17길,"서울특별시 동대문구 청량리동 205-382",0.0029835842628772665,"은행나무 ",은행나무,침엽수,낙엽수,교목,,봄,가을
한천로,"서울특별시 동대문구 휘경동 43-39",0.043969435750392666,"양버즘나무 은행나무 ",은행나무,침엽수,낙엽수,교목,,봄,가을
한천로,"서울특별시 동대문구 휘경동 43-39",0.043969435750392666,"양버즘나무 은행나무 ",양버즘나무,활엽수,낙엽수,교목,,봄,X
회기로,"서울특별시 동대문구 회기동 45-149",0.021741305586761694,"은행나무 ",은행나무,침엽수,낙엽수,교목,,봄,가을
청계천로,"서울특별시 동대문구 신설동 109-2",0.01948566321300367,"이팝나무 느티나무 ",느티나무,활엽수,낙엽수,교목,,여름,X
청계천로,"서울특별시 동대문구 신설동 109-2",0.01948566321300367,"이팝나무 느티나무 ",이팝나무,활엽수,낙엽수,교목,화목,봄,X
홍릉로25길,"서울특별시 동대문구 청량리동 205-486",0.0013694055349826816,"은행나무 ",은행나무,침엽수,낙엽수,교목,,봄,가을
경희대로,"서울특별시 동대문구 회기동 36-22",0.0035236378263621155,"은행나무 ",은행나무,침엽수,낙엽수,교목,,봄,가을
전농로,"서울특별시 동대문구 전농동 90-6",0.01893440584438743,"은행나무 ",은행나무,침엽수,낙엽수,교목,,봄,가을
답십리로,"서울특별시 동대문구 전농동 655-30",0.03436276900247712,"은행나무 ",은행나무,침엽수,낙엽수,교목,,봄,가을
천호대로,"서울특별시 동대문구 답십리동 497-17",0.050337358499340144,"양버즘나무 ",양버즘나무,활엽수,낙엽수,교목,,봄,X
답십리로,"서울특별시 동대문구 답십리동 69-1",0.03436276900247712,"이팝나무 ",이팝나무,활엽수,낙엽수,교목,화목,봄,X
장안벚꽃로,"서울특별시 동대문구 휘경동 49-16",0.02736104345503263,"회화나무 ",회화나무,활엽수,낙엽수,교목,,봄,X
난계로,"서울특별시 동대문구 신설동 109-7",0.0030644768131894394,"느티나무 ",느티나무,활엽수,낙엽수,교목,,여름,X
답십리로,"서울특별시 동대문구 전농동 655-34",0.03436276900247712,"양버즘나무 은행나무 ",은행나무,침엽수,낙엽수,교목,,봄,가을
답십리로,"서울특별시 동대문구 전농동 655-34",0.03436276900247712,"양버즘나무 은행나무 ",양버즘나무,활엽수,낙엽수,교목,,봄,X
청계천로,"서울특별시 동대문구 용두동 47-30",0.01948566321300367,"양버즘나무 은행나무 소나무 ",소나무,침엽수,상록수,교목,,X,X
청계천로,"서울특별시 동대문구 용두동 47-30",0.01948566321300367,"양버즘나무 은행나무 소나무 ",은행나무,침엽수,낙엽수,교목,,봄,가을
청계천로,"서울특별시 동대문구 용두동 47-30",0.01948566321300367,"양버즘나무 은행나무 소나무 ",양버즘나무,활엽수,낙엽수,교목,,봄,X
망우로,"서울특별시 동대문구 휘경동 312-20",0.016272854542858997,"은행나무 ",은행나무,침엽수,낙엽수,교목,,봄,가을
서울시립대로,"서울특별시 동대문구 전농동 584-37",0.015070999217401845,"은행나무 ",은행나무,침엽수,낙엽수,교목,,봄,가을
망우로,"서울특별시 동대문구 휘경동 318-2",0.016272854542858997,"은행나무 ",은행나무,침엽수,낙엽수,교목,,봄,가을
사가정로,"서울특별시 동대문구 답십리동 536",0.07865510585547797,"은행나무 ",은행나무,침엽수,낙엽수,교목,,봄,가을
서울시립대로,"서울특별시 동대문구 답십리동 542",0.015070999217401845,"은행나무 ",은행나무,침엽수,낙엽수,교목,,봄,가을
천호대로45길,"서울특별시 동대문구 용두동 39-929",0.004652402872591969,"은행나무 ",은행나무,침엽수,낙엽수,교목,,봄,가을
황물로,"서울특별시 동대문구 답십리동 483-39",0.017570731753290648,"양버즘나무 은행나무 ",은행나무,침엽수,낙엽수,교목,,봄,가을
황물로,"서울특별시 동대문구 답십리동 483-39",0.017570731753290648,"양버즘나무 은행나무 ",양버즘나무,활엽수,낙엽수,교목,,봄,X
장안벚꽃로,"서울특별시 동대문구 휘경동 49-19",0.02736104345503263,"회화나무 ",회화나무,활엽수,낙엽수,교목,,봄,X
황물로,"서울특별시 동대문구 답십리동 483-48",0.017570731753290648,"양버즘나무 ",양버즘나무,활엽수,낙엽수,교목,,봄,X
무학로,"서울특별시 동대문구 용두동 193-59",0.01198180693274892,"은행나무 ",은행나무,침엽수,낙엽수,교목,,봄,가을
답십리로,"서울특별시 동대문구 전농동 493-2",0.03436276900247712,"양버즘나무 은행나무 ",은행나무,침엽수,낙엽수,교목,,봄,가을
답십리로,"서울특별시 동대문구 전농동 493-2",0.03436276900247712,"양버즘나무 은행나무 ",양버즘나무,활엽수,낙엽수,교목,,봄,X
천호대로,"서울특별시 동대문구 답십리동 1002",0.050337358499340144,"양버즘나무 ",양버즘나무,활엽수,낙엽수,교목,,봄,X
황물로,"서울특별시 동대문구 답십리동 952-2",0.017570731753290648,"양버즘나무 이팝나무 은행나무 ",은행나무,침엽수,낙엽수,교목,,봄,가을
황물로,"서울특별시 동대문구 답십리동 952-2",0.017570731753290648,"양버즘나무 이팝나무 은행나무 ",이팝나무,활엽수,낙엽수,교목,화목,봄,X
황물로,"서울특별시 동대문구 답십리동 952-2",0.017570731753290648,"양버즘나무 이팝나무 은행나무 ",양버즘나무,활엽수,낙엽수,교목,,봄,X
답십리로69길,"서울특별시 동대문구 장안동 476-6",0.0067818909743493595,"은행나무 ",은행나무,침엽수,낙엽수,교목,,봄,가을
답십리로,"서울특별시 동대문구 답십리동 112-255",0.03436276900247712,"느티나무 ",느티나무,활엽수,낙엽수,교목,,여름,X
한천로,"서울특별시 동대문구 장안동 141-2",0.043969435750392666,"양버즘나무 은행나무 ",은행나무,침엽수,낙엽수,교목,,봄,가을
한천로,"서울특별시 동대문구 장안동 141-2",0.043969435750392666,"양버즘나무 은행나무 ",양버즘나무,활엽수,낙엽수,교목,,봄,X
전농로,"서울특별시 동대문구 답십리동 443-12",0.01893440584438743,"은행나무 ",은행나무,침엽수,낙엽수,교목,,봄,가을
안암로,"서울특별시 동대문구 용두동 775",0.016756015157060974,"양버즘나무 은행나무 ",은행나무,침엽수,낙엽수,교목,,봄,가을
안암로,"서울특별시 동대문구 용두동 775",0.016756015157060974,"양버즘나무 은행나무 ",양버즘나무,활엽수,낙엽수,교목,,봄,X
약령시로,"서울특별시 동대문구 제기동 945-1",0.01813872304556547,"은행나무 ",은행나무,침엽수,낙엽수,교목,,봄,가을
천호대로45길,"서울특별시 동대문구 용두동 39-309",0.004652402872591969,"은행나무 ",은행나무,침엽수,낙엽수,교목,,봄,가을
한천로,"서울특별시 동대문구 이문동 92-21",0.043969435750392666,"양버즘나무 은행나무 ",은행나무,침엽수,낙엽수,교목,,봄,가을
한천로,"서울특별시 동대문구 이문동 92-21",0.043969435750392666,"양버즘나무 은행나무 ",양버즘나무,활엽수,낙엽수,교목,,봄,X
전농로,"서울특별시 동대문구 전농동 295-92",0.01893440584438743,"은행나무 ",은행나무,침엽수,낙엽수,교목,,봄,가을
고산자로,"서울특별시 동대문구 제기동 932",0.018242091564576145,"양버즘나무 ",양버즘나무,활엽수,낙엽수,교목,,봄,X
천호대로,"서울특별시 동대문구 답십리동 496-14",0.050337358499340144,"양버즘나무 ",양버즘나무,활엽수,낙엽수,교목,,봄,X
답십리로,"서울특별시 동대문구 전농동 622-1",0.03436276900247712,"양버즘나무 은행나무 ",은행나무,침엽수,낙엽수,교목,,봄,가을
답십리로,"서울특별시 동대문구 전농동 622-1",0.03436276900247712,"양버즘나무 은행나무 ",양버즘나무,활엽수,낙엽수,교목,,봄,X
서울시립대로,"서울특별시 동대문구 전농동 572",0.015070999217401845,"은행나무 ",은행나무,침엽수,낙엽수,교목,,봄,가을
신이문로,"서울특별시 동대문구 이문동 217-6",0.004777305056230333,"은행나무 ",은행나무,침엽수,낙엽수,교목,,봄,가을
한천로,"서울특별시 동대문구 답십리동 2-13",0.043969435750392666,"양버즘나무 은행나무 ",은행나무,침엽수,낙엽수,교목,,봄,가을
한천로,"서울특별시 동대문구 답십리동 2-13",0.043969435750392666,"양버즘나무 은행나무 ",양버즘나무,활엽수,낙엽수,교목,,봄,X
회기로,"서울특별시 동대문구 회기동 45-49",0.021741305586761694,"은행나무 ",은행나무,침엽수,낙엽수,교목,,봄,가을
한빛로,"서울특별시 동대문구 신설동 42-3",0.00721042574656651,"이팝나무 ",이팝나무,활엽수,낙엽수,교목,화목,봄,X
한천로,"서울특별시 동대문구 장안동 186-20",0.043969435750392666,"양버즘나무 ",양버즘나무,활엽수,낙엽수,교목,,봄,X
사가정로,"서울특별시 동대문구 전농동 315-2",0.07865510585547797,"은행나무 ",은행나무,침엽수,낙엽수,교목,,봄,가을
장한로,"서울특별시 동대문구 장안동 469-6",0.01828729174665348,"이팝나무 ",이팝나무,활엽수,낙엽수,교목,화목,봄,X
장안벚꽃로,"서울특별시 동대문구 휘경동 49-25",0.02736104345503263,"회화나무 ",회화나무,활엽수,낙엽수,교목,,봄,X
사가정로,"서울특별시 동대문구 전농1동 307-6",0.07865510585547797,"은행나무 ",은행나무,침엽수,낙엽수,교목,,봄,가을
서울시립대로,"서울특별시 동대문구 전농동 644-99",0.015070999217401845,"은행나무 ",은행나무,침엽수,낙엽수,교목,,봄,가을
회기로,"서울특별시 동대문구 제기동 1147",0.021741305586761694,"은행나무 ",은행나무,침엽수,낙엽수,교목,,봄,가을
신이문로,"서울특별시 동대문구 이문동 255-225",0.004777305056230333,"은행나무 ",은행나무,침엽수,낙엽수,교목,,봄,가을
안암로,"서울특별시 동대문구 제기동 136-361",0.016756015157060974,"은행나무 ",은행나무,침엽수,낙엽수,교목,,봄,가을
회기로,"서울특별시 동대문구 청량리동 205-551",0.021741305586761694,"은행나무 ",은행나무,침엽수,낙엽수,교목,,봄,가을
회기로,"서울특별시 동대문구 회기동 45-56",0.021741305586761694,"은행나무 ",은행나무,침엽수,낙엽수,교목,,봄,가을
장안벚꽃로,"서울특별시 동대문구 휘경동 43-149",0.02736104345503263,"회화나무 ",회화나무,활엽수,낙엽수,교목,,봄,X
한천로,"서울특별시 동대문구 장안동 535-1",0.043969435750392666,"양버즘나무 은행나무 ",은행나무,침엽수,낙엽수,교목,,봄,가을
한천로,"서울특별시 동대문구 장안동 535-1",0.043969435750392666,"양버즘나무 은행나무 ",양버즘나무,활엽수,낙엽수,교목,,봄,X
고산자로,"서울특별시 동대문구 제기동 121-3",0.018242091564576145,"양버즘나무 ",양버즘나무,활엽수,낙엽수,교목,,봄,X
답십리로,"서울특별시 동대문구 전농동 655-37",0.03436276900247712,"은행나무 ",은행나무,침엽수,낙엽수,교목,,봄,가을
한천로,"서울특별시 동대문구 답십리동 438",0.043969435750392666,"양버즘나무 ",양버즘나무,활엽수,낙엽수,교목,,봄,X
이문로,"서울특별시 동대문구 이문동 292-97",0.01893917204337028,"은행나무 ",은행나무,침엽수,낙엽수,교목,,봄,가을
황물로,"서울특별시 동대문구 답십리동 961-5",0.017570731753290648,"은행나무 ",은행나무,침엽수,낙엽수,교목,,봄,가을
청계천로,"서울특별시 동대문구 신설동 100-27",0.01948566321300367,"느티나무 ",느티나무,활엽수,낙엽수,교목,,여름,X
답십리로,"서울특별시 동대문구 답십리동 111",0.03436276900247712,"이팝나무 느티나무 벚나무 ",벚나무,활엽수,낙엽수,교목,화목,봄,X
답십리로,"서울특별시 동대문구 답십리동 111",0.03436276900247712,"이팝나무 느티나무 벚나무 ",느티나무,활엽수,낙엽수,교목,,여름,X
답십리로,"서울특별시 동대문구 답십리동 111",0.03436276900247712,"이팝나무 느티나무 벚나무 ",이팝나무,활엽수,낙엽수,교목,화목,봄,X
제기로17길,"서울특별시 동대문구 청량리동 203-57",0.0029835842628772665,"은행나무 ",은행나무,침엽수,낙엽수,교목,,봄,가을
사가정로,"서울특별시 동대문구 답십리동 539-6",0.07865510585547797,"은행나무 ",은행나무,침엽수,낙엽수,교목,,봄,가을
황물로,"서울특별시 동대문구 답십리동 484-41",0.017570731753290648,"양버즘나무 ",양버즘나무,활엽수,낙엽수,교목,,봄,X
제기로17길,"서울특별시 동대문구 청량리동 205-648",0.0029835842628772665,"은행나무 ",은행나무,침엽수,낙엽수,교목,,봄,가을
회기로,"서울특별시 동대문구 회기동 60-263",0.021741305586761694,"은행나무 ",은행나무,침엽수,낙엽수,교목,,봄,가을
사가정로,"서울특별시 동대문구 답십리동 1012",0.07865510585547797,"은행나무 ",은행나무,침엽수,낙엽수,교목,,봄,가을
사가정로,"서울특별시 동대문구 답십리동 524-1",0.07865510585547797,"은행나무 ",은행나무,침엽수,낙엽수,교목,,봄,가을
무학로,"서울특별시 동대문구 제기동 1157-9",0.01198180693274892,"은행나무 ",은행나무,침엽수,낙엽수,교목,,봄,가을
무학로,"서울특별시 동대문구 용두동 187-84",0.01198180693274892,"은행나무 ",은행나무,침엽수,낙엽수,교목,,봄,가을
고산자로,"서울특별시 동대문구 제기동 928-10",0.018242091564576145,"양버즘나무 ",양버즘나무,활엽수,낙엽수,교목,,봄,X
약령시로,"서울특별시 동대문구 제기동 148-136",0.01813872304556547,"은행나무 ",은행나무,침엽수,낙엽수,교목,,봄,가을
전농로,"서울특별시 동대문구 전농동 103-322",0.01893440584438743,"은행나무 ",은행나무,침엽수,낙엽수,교목,,봄,가을
고산자로,"서울특별시 동대문구 제기동 799",0.018242091564576145,"양버즘나무 ",양버즘나무,활엽수,낙엽수,교목,,봄,X
왕산로,"서울특별시 동대문구 제기동 856",0.032634459895788274,"은행나무 ",은행나무,침엽수,낙엽수,교목,,봄,가을
제기로17길,"서울특별시 동대문구 청량리동 205-371",0.0029835842628772665,"은행나무 ",은행나무,침엽수,낙엽수,교목,,봄,가을
무학로,"서울특별시 동대문구 용두동 185-2",0.01198180693274892,"은행나무 ",은행나무,침엽수,낙엽수,교목,,봄,가을
고산자로,"서울특별시 동대문구 제기동 1150-6",0.018242091564576145,"은행나무 ",은행나무,침엽수,낙엽수,교목,,봄,가을
천호대로,"서울특별시 동대문구 답십리동 493-11",0.050337358499340144,"양버즘나무 ",양버즘나무,활엽수,낙엽수,교목,,봄,X
무학로,"서울특별시 동대문구 제기동 148-75",0.01198180693274892,"은행나무 ",은행나무,침엽수,낙엽수,교목,,봄,가을
천호대로,"서울특별시 동대문구 답십리동 492-9",0.050337358499340144,"양버즘나무 은행나무 ",은행나무,침엽수,낙엽수,교목,,봄,가을
천호대로,"서울특별시 동대문구 답십리동 492-9",0.050337358499340144,"양버즘나무 은행나무 ",양버즘나무,활엽수,낙엽수,교목,,봄,X
망우로21길,"서울특별시 동대문구 휘경동 255-53",0.0067675002995912815,"은행나무 ",은행나무,침엽수,낙엽수,교목,,봄,가을
답십리로,"서울특별시 동대문구 전농동 695-5",0.03436276900247712,"이팝나무 ",이팝나무,활엽수,낙엽수,교목,화목,봄,X
답십리로,"서울특별시 동대문구 답십리동 산 2-30",0.03436276900247712,"이팝나무 ",이팝나무,활엽수,낙엽수,교목,화목,봄,X
이문로,"서울특별시 동대문구 이문동 292-93",0.01893917204337028,"은행나무 ",은행나무,침엽수,낙엽수,교목,,봄,가을
장안벚꽃로,"서울특별시 동대문구 휘경동 43-257",0.02736104345503263,"은행나무 ",은행나무,침엽수,낙엽수,교목,,봄,가을
답십리로,"서울특별시 동대문구 답십리동 198-116",0.03436276900247712,"이팝나무 ",이팝나무,활엽수,낙엽수,교목,화목,봄,X
약령시로,"서울특별시 동대문구 제기동 148-88",0.01813872304556547,"벚나무 ",벚나무,활엽수,낙엽수,교목,화목,봄,X
신이문로,"서울특별시 동대문구 이문동 220-202",0.004777305056230333,"은행나무 ",은행나무,침엽수,낙엽수,교목,,봄,가을
전농로,"서울특별시 동대문구 전농동 295-3",0.01893440584438743,"은행나무 ",은행나무,침엽수,낙엽수,교목,,봄,가을
황물로,"서울특별시 동대문구 답십리동 535-10",0.017570731753290648,"양버즘나무 은행나무 ",은행나무,침엽수,낙엽수,교목,,봄,가을
황물로,"서울특별시 동대문구 답십리동 535-10",0.017570731753290648,"양버즘나무 은행나무 ",양버즘나무,활엽수,낙엽수,교목,,봄,X
한천로,"서울특별시 동대문구 휘경동 43-270",0.043969435750392666,"양버즘나무 ",양버즘나무,활엽수,낙엽수,교목,,봄,X
무학로,"서울특별시 동대문구 용두동 742-1",0.01198180693274892,"양버즘나무 은행나무 ",은행나무,침엽수,낙엽수,교목,,봄,가을
무학로,"서울특별시 동대문구 용두동 742-1",0.01198180693274892,"양버즘나무 은행나무 ",양버즘나무,활엽수,낙엽수,교목,,봄,X
망우로,"서울특별시 동대문구 휘경동 31-2",0.016272854542858997,"은행나무 ",은행나무,침엽수,낙엽수,교목,,봄,가을
망우로,"서울특별시 동대문구 휘경동 312-247",0.016272854542858997,"은행나무 ",은행나무,침엽수,낙엽수,교목,,봄,가을
장안벚꽃로,"서울특별시 동대문구 장안동 440-19",0.02736104345503263,"양버즘나무 이팝나무 ",이팝나무,활엽수,낙엽수,교목,화목,봄,X
장안벚꽃로,"서울특별시 동대문구 장안동 440-19",0.02736104345503263,"양버즘나무 이팝나무 ",양버즘나무,활엽수,낙엽수,교목,,봄,X
한천로,"서울특별시 동대문구 답십리동 436",0.043969435750392666,"양버즘나무 이팝나무 은행나무 ",은행나무,침엽수,낙엽수,교목,,봄,가을
한천로,"서울특별시 동대문구 답십리동 436",0.043969435750392666,"양버즘나무 이팝나무 은행나무 ",이팝나무,활엽수,낙엽수,교목,화목,봄,X
한천로,"서울특별시 동대문구 답십리동 436",0.043969435750392666,"양버즘나무 이팝나무 은행나무 ",양버즘나무,활엽수,낙엽수,교목,,봄,X
제기로,"서울특별시 동대문구 제기동 139-4",0.016724124074013105,"양버즘나무 은행나무 ",은행나무,침엽수,낙엽수,교목,,봄,가을
제기로,"서울특별시 동대문구 제기동 139-4",0.016724124074013105,"양버즘나무 은행나무 ",양버즘나무,활엽수,낙엽수,교목,,봄,X
휘경로,"서울특별시 동대문구 휘경동 148-32",0.00827549427237474,"양버즘나무 ",양버즘나무,활엽수,낙엽수,교목,,봄,X
청계천로,"서울특별시 동대문구 용두동 696-8",0.01948566321300367,"느티나무 ",느티나무,활엽수,낙엽수,교목,,여름,X
이문로,"서울특별시 동대문구 이문동 255-261",0.01893917204337028,"은행나무 ",은행나무,침엽수,낙엽수,교목,,봄,가을
답십리로,"서울특별시 동대문구 답십리동 65-11",0.03436276900247712,"이팝나무 ",이팝나무,활엽수,낙엽수,교목,화목,봄,X
천호대로45길,"서울특별시 동대문구 용두동 39-126",0.004652402872591969,"은행나무 ",은행나무,침엽수,낙엽수,교목,,봄,가을
서울시립대로,"서울특별시 동대문구 전농동 644-101",0.015070999217401845,"은행나무 ",은행나무,침엽수,낙엽수,교목,,봄,가을
답십리로,"서울특별시 동대문구 답십리동 474-26",0.03436276900247712,"양버즘나무 은행나무 ",은행나무,침엽수,낙엽수,교목,,봄,가을
답십리로,"서울특별시 동대문구 답십리동 474-26",0.03436276900247712,"양버즘나무 은행나무 ",양버즘나무,활엽수,낙엽수,교목,,봄,X
홍릉로,"서울특별시 동대문구 청량리동 205",0.010536790657002002,"양버즘나무 ",양버즘나무,활엽수,낙엽수,교목,,봄,X
이문로,"서울특별시 동대문구 이문동 335-9",0.01893917204337028,"은행나무 ",은행나무,침엽수,낙엽수,교목,,봄,가을
왕산로,"서울특별시 동대문구 전농동 602-24",0.032634459895788274,"이팝나무 ",이팝나무,활엽수,낙엽수,교목,화목,봄,X
망우로,"서울특별시 동대문구 휘경동 343-15",0.016272854542858997,"은행나무 ",은행나무,침엽수,낙엽수,교목,,봄,가을
망우로21길,"서울특별시 동대문구 휘경동 255-13",0.0067675002995912815,"은행나무 ",은행나무,침엽수,낙엽수,교목,,봄,가을
천호대로,"서울특별시 동대문구 답십리동 494-12",0.050337358499340144,"양버즘나무 ",양버즘나무,활엽수,낙엽수,교목,,봄,X
답십리로,"서울특별시 동대문구 전농동 652-1",0.03436276900247712,"은행나무 ",은행나무,침엽수,낙엽수,교목,,봄,가을
장안벚꽃로,"서울특별시 동대문구 휘경동 43-143",0.02736104345503263,"회화나무 ",회화나무,활엽수,낙엽수,교목,,봄,X
약령시로,"서울특별시 동대문구 제기동 892-170",0.01813872304556547,"은행나무 ",은행나무,침엽수,낙엽수,교목,,봄,가을
왕산로,"서울특별시 동대문구 회기동 67-7",0.032634459895788274,"은행나무 느티나무 ",느티나무,활엽수,낙엽수,교목,,여름,X
왕산로,"서울특별시 동대문구 회기동 67-7",0.032634459895788274,"은행나무 느티나무 ",은행나무,침엽수,낙엽수,교목,,봄,가을
답십리로,"서울특별시 동대문구 답십리동 446",0.03436276900247712,"이팝나무 ",이팝나무,활엽수,낙엽수,교목,화목,봄,X
이문로,"서울특별시 동대문구 이문동 338-3",0.01893917204337028,"은행나무 ",은행나무,침엽수,낙엽수,교목,,봄,가을
신이문로,"서울특별시 동대문구 이문동 237-101",0.004777305056230333,"은행나무 ",은행나무,침엽수,낙엽수,교목,,봄,가을
서울시립대로,"서울특별시 동대문구 전농동 497-4",0.015070999217401845,"은행나무 ",은행나무,침엽수,낙엽수,교목,,봄,가을
한천로,"서울특별시 동대문구 전농동 1-1",0.043969435750392666,"양버즘나무 은행나무 ",은행나무,침엽수,낙엽수,교목,,봄,가을
한천로,"서울특별시 동대문구 전농동 1-1",0.043969435750392666,"양버즘나무 은행나무 ",양버즘나무,활엽수,낙엽수,교목,,봄,X
한천로,"서울특별시 동대문구 답십리동 942",0.043969435750392666,"양버즘나무 ",양버즘나무,활엽수,낙엽수,교목,,봄,X
회기로,"서울특별시 동대문구 회기동 60-244",0.021741305586761694,"은행나무 ",은행나무,침엽수,낙엽수,교목,,봄,가을
한천로,"서울특별시 동대문구 답십리동 4-294",0.043969435750392666,"은행나무 ",은행나무,침엽수,낙엽수,교목,,봄,가을
답십리로,"서울특별시 동대문구 전농동 690",0.03436276900247712,"은행나무 ",은행나무,침엽수,낙엽수,교목,,봄,가을
망우로,"서울특별시 동대문구 휘경동 267-147",0.016272854542858997,"은행나무 ",은행나무,침엽수,낙엽수,교목,,봄,가을
답십리로,"서울특별시 동대문구 전농동 643-29",0.03436276900247712,"양버즘나무 은행나무 ",은행나무,침엽수,낙엽수,교목,,봄,가을
답십리로,"서울특별시 동대문구 전농동 643-29",0.03436276900247712,"양버즘나무 은행나무 ",양버즘나무,활엽수,낙엽수,교목,,봄,X
답십리로,"서울특별시 동대문구 답십리동 476-70",0.03436276900247712,"이팝나무 ",이팝나무,활엽수,낙엽수,교목,화목,봄,X
경희대로,"서울특별시 동대문구 회기동 16-9",0.0035236378263621155,"은행나무 ",은행나무,침엽수,낙엽수,교목,,봄,가을
천호대로47길,"서울특별시 동대문구 답십리동 645-1",0.0021645883362325815,"느티나무 ",느티나무,활엽수,낙엽수,교목,,여름,X
사가정로,"서울특별시 동대문구 장안동 101-1",0.07865510585547797,"이팝나무 느티나무 ",느티나무,활엽수,낙엽수,교목,,여름,X
사가정로,"서울특별시 동대문구 장안동 101-1",0.07865510585547797,"이팝나무 느티나무 ",이팝나무,활엽수,낙엽수,교목,화목,봄,X
제기로,"서울특별시 동대문구 제기동 135-89",0.016724124074013105,"양버즘나무 은행나무 ",은행나무,침엽수,낙엽수,교목,,봄,가을
제기로,"서울특별시 동대문구 제기동 135-89",0.016724124074013105,"양버즘나무 은행나무 ",양버즘나무,활엽수,낙엽수,교목,,봄,X
전농로,"서울특별시 동대문구 전농동 183-37",0.01893440584438743,"은행나무 ",은행나무,침엽수,낙엽수,교목,,봄,가을
회기로,"서울특별시 동대문구 회기동 346-26",0.021741305586761694,"은행나무 ",은행나무,침엽수,낙엽수,교목,,봄,가을
고산자로,"서울특별시 동대문구 제기동 1041",0.018242091564576145,"양버즘나무 ",양버즘나무,활엽수,낙엽수,교목,,봄,X
무학로,"서울특별시 동대문구 제기동 148-121",0.01198180693274892,"은행나무 ",은행나무,침엽수,낙엽수,교목,,봄,가을
장한로,"서울특별시 동대문구 장안동 469-2",0.01828729174665348,"이팝나무 ",이팝나무,활엽수,낙엽수,교목,화목,봄,X
황물로,"서울특별시 동대문구 답십리동 485-163",0.017570731753290648,"은행나무 ",은행나무,침엽수,낙엽수,교목,,봄,가을
외대역동로,"서울특별시 동대문구 이문동 86-83",0.009616367442984957,"이팝나무 ",이팝나무,활엽수,낙엽수,교목,화목,봄,X
천호대로,"서울특별시 동대문구 답십리동 492-7",0.050337358499340144,"양버즘나무 은행나무 ",은행나무,침엽수,낙엽수,교목,,봄,가을
천호대로,"서울특별시 동대문구 답십리동 492-7",0.050337358499340144,"양버즘나무 은행나무 ",양버즘나무,활엽수,낙엽수,교목,,봄,X
고산자로,"서울특별시 동대문구 제기동 1043",0.018242091564576145,"양버즘나무 ",양버즘나무,활엽수,낙엽수,교목,,봄,X
사가정로,"서울특별시 동대문구 청량리동 206-4",0.07865510585547797,"은행나무 ",은행나무,침엽수,낙엽수,교목,,봄,가을
제기로17길,"서울특별시 동대문구 청량리동 205-610",0.0029835842628772665,"은행나무 ",은행나무,침엽수,낙엽수,교목,,봄,가을
천호대로,"서울특별시 동대문구 답십리동 549-2",0.050337358499340144,"양버즘나무 단풍나무 이팝나무 ",이팝나무,활엽수,낙엽수,교목,화목,봄,X
천호대로,"서울특별시 동대문구 답십리동 549-2",0.050337358499340144,"양버즘나무 단풍나무 이팝나무 ",단풍나무,활엽수,낙엽수,교목,,봄,가을
천호대로,"서울특별시 동대문구 답십리동 549-2",0.050337358499340144,"양버즘나무 단풍나무 이팝나무 ",양버즘나무,활엽수,낙엽수,교목,,봄,X
망우로,"서울특별시 동대문구 휘경동 146-46",0.016272854542858997,"은행나무 ",은행나무,침엽수,낙엽수,교목,,봄,가을
답십리로,"서울특별시 동대문구 답십리동 198-109",0.03436276900247712,"이팝나무 ",이팝나무,활엽수,낙엽수,교목,화목,봄,X
답십리로,"서울특별시 동대문구 답십리동 53-59",0.03436276900247712,"이팝나무 ",이팝나무,활엽수,낙엽수,교목,화목,봄,X
이문로,"서울특별시 동대문구 이문동 255-260",0.01893917204337028,"은행나무 ",은행나무,침엽수,낙엽수,교목,,봄,가을
이문로,"서울특별시 동대문구 휘경동 336-10",0.01893917204337028,"은행나무 ",은행나무,침엽수,낙엽수,교목,,봄,가을
황물로,"서울특별시 동대문구 답십리동 483-20",0.017570731753290648,"은행나무 ",은행나무,침엽수,낙엽수,교목,,봄,가을
안암로,"서울특별시 동대문구 용두동 732-11",0.016756015157060974,"양버즘나무 은행나무 ",은행나무,침엽수,낙엽수,교목,,봄,가을
안암로,"서울특별시 동대문구 용두동 732-11",0.016756015157060974,"양버즘나무 은행나무 ",양버즘나무,활엽수,낙엽수,교목,,봄,X
전농로,"서울특별시 동대문구 전농동 189-3",0.01893440584438743,"은행나무 ",은행나무,침엽수,낙엽수,교목,,봄,가을
망우로,"서울특별시 동대문구 휘경동 33-3",0.016272854542858997,"은행나무 ",은행나무,침엽수,낙엽수,교목,,봄,가을
경희대로,"서울특별시 동대문구 회기동 31-3",0.0035236378263621155,"은행나무 ",은행나무,침엽수,낙엽수,교목,,봄,가을
한천로,"서울특별시 동대문구 이문동 94-6",0.043969435750392666,"양버즘나무 ",양버즘나무,활엽수,낙엽수,교목,,봄,X
황물로,"서울특별시 동대문구 답십리동 485-74",0.017570731753290648,"양버즘나무 ",양버즘나무,활엽수,낙엽수,교목,,봄,X
외대역동로,"서울특별시 동대문구 휘경동 117-1",0.009616367442984957,"양버즘나무 ",양버즘나무,활엽수,낙엽수,교목,,봄,X
답십리로,"서울특별시 동대문구 답십리동 112-85",0.03436276900247712,"느티나무 ",느티나무,활엽수,낙엽수,교목,,여름,X
외대역동로,"서울특별시 동대문구 휘경동 146-75",0.009616367442984957,"양버즘나무 은행나무 ",은행나무,침엽수,낙엽수,교목,,봄,가을
외대역동로,"서울특별시 동대문구 휘경동 146-75",0.009616367442984957,"양버즘나무 은행나무 ",양버즘나무,활엽수,낙엽수,교목,,봄,X
서울시립대로,"서울특별시 동대문구 전농동 643-38",0.015070999217401845,"은행나무 ",은행나무,침엽수,낙엽수,교목,,봄,가을
서울시립대로,"서울특별시 동대문구 전농동 150-15",0.015070999217401845,"은행나무 느티나무 ",느티나무,활엽수,낙엽수,교목,,여름,X
서울시립대로,"서울특별시 동대문구 전농동 150-15",0.015070999217401845,"은행나무 느티나무 ",은행나무,침엽수,낙엽수,교목,,봄,가을
답십리로,"서울특별시 동대문구 전농동 652-3",0.03436276900247712,"양버즘나무 ",양버즘나무,활엽수,낙엽수,교목,,봄,X
한천로,"서울특별시 동대문구 휘경동 43-169",0.043969435750392666,"은행나무 ",은행나무,침엽수,낙엽수,교목,,봄,가을
홍릉로,"서울특별시 동대문구 청량리동 293",0.010536790657002002,"은행나무 ",은행나무,침엽수,낙엽수,교목,,봄,가을
신이문로,"서울특별시 동대문구 이문동 237-114",0.004777305056230333,"은행나무 ",은행나무,침엽수,낙엽수,교목,,봄,가을
이문로,"서울특별시 동대문구 이문동 341-85",0.01893917204337028,"은행나무 ",은행나무,침엽수,낙엽수,교목,,봄,가을
왕산로,"서울특별시 동대문구 신설동 76-22",0.032634459895788274,"은행나무 ",은행나무,침엽수,낙엽수,교목,,봄,가을
회기로,"서울특별시 동대문구 회기동 45-131",0.021741305586761694,"은행나무 ",은행나무,침엽수,낙엽수,교목,,봄,가을
답십리로,"서울특별시 동대문구 전농동 679-9",0.03436276900247712,"양버즘나무 ",양버즘나무,활엽수,낙엽수,교목,,봄,X
한천로,"서울특별시 동대문구 휘경동 7-7",0.043969435750392666,"양버즘나무 ",양버즘나무,활엽수,낙엽수,교목,,봄,X
휘경로,"서울특별시 동대문구 이문동 288-38",0.00827549427237474,"은행나무 ",은행나무,침엽수,낙엽수,교목,,봄,가을
회기로,"서울특별시 동대문구 회기동 346-3",0.021741305586761694,"은행나무 ",은행나무,침엽수,낙엽수,교목,,봄,가을
서울시립대로,"서울특별시 동대문구 전농동 499-22",0.015070999217401845,"은행나무 ",은행나무,침엽수,낙엽수,교목,,봄,가을
외대역동로,"서울특별시 동대문구 휘경동 367-3",0.009616367442984957,"느티나무 ",느티나무,활엽수,낙엽수,교목,,여름,X
약령시로,"서울특별시 동대문구 제기동 928-11",0.01813872304556547,"은행나무 ",은행나무,침엽수,낙엽수,교목,,봄,가을
황물로,"서울특별시 동대문구 답십리동 485-151",0.017570731753290648,"양버즘나무 이팝나무 은행나무 ",은행나무,침엽수,낙엽수,교목,,봄,가을
황물로,"서울특별시 동대문구 답십리동 485-151",0.017570731753290648,"양버즘나무 이팝나무 은행나무 ",이팝나무,활엽수,낙엽수,교목,화목,봄,X
황물로,"서울특별시 동대문구 답십리동 485-151",0.017570731753290648,"양버즘나무 이팝나무 은행나무 ",양버즘나무,활엽수,낙엽수,교목,,봄,X
청계천로,"서울특별시 동대문구 용두동 255-72",0.01948566321300367,"느티나무 ",느티나무,활엽수,낙엽수,교목,,여름,X
경희대로,"서울특별시 동대문구 회기동 36-27",0.0035236378263621155,"은행나무 ",은행나무,침엽수,낙엽수,교목,,봄,가을
고산자로,"서울특별시 동대문구 제기동 845",0.018242091564576145,"양버즘나무 은행나무 ",은행나무,침엽수,낙엽수,교목,,봄,가을
고산자로,"서울특별시 동대문구 제기동 845",0.018242091564576145,"양버즘나무 은행나무 ",양버즘나무,활엽수,낙엽수,교목,,봄,X
천호대로47길,"서울특별시 동대문구 용두동 693-2",0.0021645883362325815,"느티나무 ",느티나무,활엽수,낙엽수,교목,,여름,X
한천로,"서울특별시 동대문구 휘경동 16-1",0.043969435750392666,"느티나무 ",느티나무,활엽수,낙엽수,교목,,여름,X
이문로,"서울특별시 동대문구 이문동 251-3",0.01893917204337028,"은행나무 ",은행나무,침엽수,낙엽수,교목,,봄,가을
전농로,"서울특별시 동대문구 전농동 103-298",0.01893440584438743,"은행나무 ",은행나무,침엽수,낙엽수,교목,,봄,가을
정릉천동로,"서울특별시 동대문구 제기동 892-68",0.013607440316019435,"이팝나무 ",이팝나무,활엽수,낙엽수,교목,화목,봄,X
답십리로,"서울특별시 동대문구 답십리동 3-104",0.03436276900247712,"이팝나무 ",이팝나무,활엽수,낙엽수,교목,화목,봄,X
사가정로,"서울특별시 동대문구 전농동 305-11",0.07865510585547797,"은행나무 ",은행나무,침엽수,낙엽수,교목,,봄,가을
한천로,"서울특별시 동대문구 장안동 145-10",0.043969435750392666,"양버즘나무 ",양버즘나무,활엽수,낙엽수,교목,,봄,X
서울시립대로,"서울특별시 동대문구 전농동 648-160",0.015070999217401845,"양버즘나무 은행나무 ",은행나무,침엽수,낙엽수,교목,,봄,가을
서울시립대로,"서울특별시 동대문구 전농동 648-160",0.015070999217401845,"양버즘나무 은행나무 ",양버즘나무,활엽수,낙엽수,교목,,봄,X
망우로21길,"서울특별시 동대문구 휘경동 262-1",0.0067675002995912815,"은행나무 ",은행나무,침엽수,낙엽수,교목,,봄,가을
전농로,"서울특별시 동대문구 답십리동 439-91",0.01893440584438743,"양버즘나무 은행나무 ",은행나무,침엽수,낙엽수,교목,,봄,가을
전농로,"서울특별시 동대문구 답십리동 439-91",0.01893440584438743,"양버즘나무 은행나무 ",양버즘나무,활엽수,낙엽수,교목,,봄,X
답십리로,"서울특별시 동대문구 장안동 469-5",0.03436276900247712,"이팝나무 ",이팝나무,활엽수,낙엽수,교목,화목,봄,X
서울시립대로,"서울특별시 동대문구 전농동 647-69",0.015070999217401845,"은행나무 ",은행나무,침엽수,낙엽수,교목,,봄,가을
휘경로,"서울특별시 동대문구 이문동 288-13",0.00827549427237474,"양버즘나무 ",양버즘나무,활엽수,낙엽수,교목,,봄,X
외대역동로,"서울특별시 동대문구 휘경동 146-113",0.009616367442984957,"양버즘나무 ",양버즘나무,활엽수,낙엽수,교목,,봄,X
무학로,"서울특별시 동대문구 용두동 193-60",0.01198180693274892,"은행나무 ",은행나무,침엽수,낙엽수,교목,,봄,가을
회기로,"서울특별시 동대문구 회기동 60-113",0.021741305586761694,"은행나무 ",은행나무,침엽수,낙엽수,교목,,봄,가을
장안벚꽃로,"서울특별시 동대문구 장안동 358-25",0.02736104345503263,"양버즘나무 ",양버즘나무,활엽수,낙엽수,교목,,봄,X
정릉천동로,"서울특별시 동대문구 제기동 892-66",0.013607440316019435,"양버즘나무 ",양버즘나무,활엽수,낙엽수,교목,,봄,X
고산자로,"서울특별시 동대문구 제기동 122-57",0.018242091564576145,"양버즘나무 산딸나무 은행나무 ",은행나무,침엽수,낙엽수,교목,,봄,가을
고산자로,"서울특별시 동대문구 제기동 122-57",0.018242091564576145,"양버즘나무 산딸나무 은행나무 ",산딸나무,활엽수,낙엽수,관목,화목/열매수,봄,가을
고산자로,"서울특별시 동대문구 제기동 122-57",0.018242091564576145,"양버즘나무 산딸나무 은행나무 ",양버즘나무,활엽수,낙엽수,교목,,봄,X
서울시립대로,"서울특별시 동대문구 전농동 530-82",0.015070999217401845,"은행나무 ",은행나무,침엽수,낙엽수,교목,,봄,가을
약령시로,"서울특별시 동대문구 제기동 55-11",0.01813872304556547,"은행나무 ",은행나무,침엽수,낙엽수,교목,,봄,가을
장안벚꽃로,"서울특별시 동대문구 휘경동 49-20",0.02736104345503263,"이팝나무 회화나무 ",회화나무,활엽수,낙엽수,교목,,봄,X
장안벚꽃로,"서울특별시 동대문구 휘경동 49-20",0.02736104345503263,"이팝나무 회화나무 ",이팝나무,활엽수,낙엽수,교목,화목,봄,X
전농로,"서울특별시 동대문구 전농동 194-1",0.01893440584438743,"은행나무 ",은행나무,침엽수,낙엽수,교목,,봄,가을
전농로,"서울특별시 동대문구 전농동 142-5",0.01893440584438743,"은행나무 ",은행나무,침엽수,낙엽수,교목,,봄,가을
약령시로,"서울특별시 동대문구 제기동 241-24",0.01813872304556547,"은행나무 ",은행나무,침엽수,낙엽수,교목,,봄,가을
서울시립대로,"서울특별시 동대문구 전농동 648-13",0.015070999217401845,"은행나무 ",은행나무,침엽수,낙엽수,교목,,봄,가을
서울시립대로,"서울특별시 동대문구 전농동 150-108",0.015070999217401845,"은행나무 ",은행나무,침엽수,낙엽수,교목,,봄,가을
이문로,"서울특별시 동대문구 이문동 255-189",0.01893917204337028,"은행나무 ",은행나무,침엽수,낙엽수,교목,,봄,가을
휘경로,"서울특별시 동대문구 휘경동 148-50",0.00827549427237474,"양버즘나무 ",양버즘나무,활엽수,낙엽수,교목,,봄,X
약령시로,"서울특별시 동대문구 제기동 241-3",0.01813872304556547,"은행나무 ",은행나무,침엽수,낙엽수,교목,,봄,가을
천호대로,"서울특별시 동대문구 신설동 102-8",0.050337358499340144,"양버즘나무 은행나무 ",은행나무,침엽수,낙엽수,교목,,봄,가을
천호대로,"서울특별시 동대문구 신설동 102-8",0.050337358499340144,"양버즘나무 은행나무 ",양버즘나무,활엽수,낙엽수,교목,,봄,X
고산자로,"서울특별시 동대문구 제기동 785",0.018242091564576145,"양버즘나무 ",양버즘나무,활엽수,낙엽수,교목,,봄,X
사가정로,"서울특별시 동대문구 답십리동 475-102번지",0.07865510585547797,"은행나무 ",은행나무,침엽수,낙엽수,교목,,봄,가을
한천로,"서울특별시 동대문구 휘경동 347-2",0.043969435750392666,"양버즘나무 ",양버즘나무,활엽수,낙엽수,교목,,봄,X
약령시로,"서울특별시 동대문구 제기동 951-8",0.01813872304556547,"은행나무 ",은행나무,침엽수,낙엽수,교목,,봄,가을
이문로,"서울특별시 동대문구 휘경동 321-40",0.01893917204337028,"은행나무 ",은행나무,침엽수,낙엽수,교목,,봄,가을
망우로21길,"서울특별시 동대문구 휘경동 267-9",0.0067675002995912815,"은행나무 ",은행나무,침엽수,낙엽수,교목,,봄,가을
사가정로,"서울특별시 동대문구 장안동 1-490",0.07865510585547797,"이팝나무 ",이팝나무,활엽수,낙엽수,교목,화목,봄,X
답십리로,"서울특별시 동대문구 답십리동 215-1",0.03436276900247712,"이팝나무 느티나무 ",느티나무,활엽수,낙엽수,교목,,여름,X
답십리로,"서울특별시 동대문구 답십리동 215-1",0.03436276900247712,"이팝나무 느티나무 ",이팝나무,활엽수,낙엽수,교목,화목,봄,X
천호대로45길,"서울특별시 동대문구 용두동 39-316",0.004652402872591969,"은행나무 ",은행나무,침엽수,낙엽수,교목,,봄,가을
답십리로,"서울특별시 동대문구 전농동 643-10",0.03436276900247712,"양버즘나무 ",양버즘나무,활엽수,낙엽수,교목,,봄,X
답십리로,"서울특별시 동대문구 장안동 332-14",0.03436276900247712,"이팝나무 ",이팝나무,활엽수,낙엽수,교목,화목,봄,X
이문로,"서울특별시 동대문구 휘경동 337",0.01893917204337028,"양버즘나무 은행나무 ",은행나무,침엽수,낙엽수,교목,,봄,가을
이문로,"서울특별시 동대문구 휘경동 337",0.01893917204337028,"양버즘나무 은행나무 ",양버즘나무,활엽수,낙엽수,교목,,봄,X
전농로,"서울특별시 동대문구 답십리동 440-14",0.01893440584438743,"양버즘나무 ",양버즘나무,활엽수,낙엽수,교목,,봄,X
사가정로,"서울특별시 동대문구 답십리동 467-48",0.07865510585547797,"은행나무 ",은행나무,침엽수,낙엽수,교목,,봄,가을
고미술로,"서울특별시 동대문구 답십리동 530-3",0.010362311043163987,"은행나무 ",은행나무,침엽수,낙엽수,교목,,봄,가을
한천로,"서울특별시 동대문구 휘경동 산 6-57",0.043969435750392666,"양버즘나무 ",양버즘나무,활엽수,낙엽수,교목,,봄,X
천호대로45길,"서울특별시 동대문구 용두동 39-927",0.004652402872591969,"은행나무 ",은행나무,침엽수,낙엽수,교목,,봄,가을
전농로,"서울특별시 동대문구 전농동 150-56",0.01893440584438743,"은행나무 ",은행나무,침엽수,낙엽수,교목,,봄,가을
천호대로,"서울특별시 동대문구 답십리동 540",0.050337358499340144,"양버즘나무 ",양버즘나무,활엽수,낙엽수,교목,,봄,X
전농로,"서울특별시 동대문구 답십리동 261-1",0.01893440584438743,"양버즘나무 은행나무 ",은행나무,침엽수,낙엽수,교목,,봄,가을
전농로,"서울특별시 동대문구 답십리동 261-1",0.01893440584438743,"양버즘나무 은행나무 ",양버즘나무,활엽수,낙엽수,교목,,봄,X
제기로17길,"서울특별시 동대문구 청량리동 205-31",0.0029835842628772665,"은행나무 ",은행나무,침엽수,낙엽수,교목,,봄,가을
답십리로,"서울특별시 동대문구 전농동 623-4",0.03436276900247712,"양버즘나무 ",양버즘나무,활엽수,낙엽수,교목,,봄,X
한천로,"서울특별시 동대문구 답십리동 1-3",0.043969435750392666,"양버즘나무 ",양버즘나무,활엽수,낙엽수,교목,,봄,X
고산자로,"서울특별시 동대문구 제기동 693",0.018242091564576145,"양버즘나무 ",양버즘나무,활엽수,낙엽수,교목,,봄,X
서울시립대로,"서울특별시 동대문구 전농동 649-3",0.015070999217401845,"은행나무 ",은행나무,침엽수,낙엽수,교목,,봄,가을
회기로,"서울특별시 동대문구 회기동 58-1",0.021741305586761694,"은행나무 ",은행나무,침엽수,낙엽수,교목,,봄,가을
제기로17길,"서울특별시 동대문구 청량리동 203-23",0.0029835842628772665,"은행나무 ",은행나무,침엽수,낙엽수,교목,,봄,가을
한천로66길,"서울특별시 동대문구 이문동 213-3",0.0008439162304942893,"은행나무 ",은행나무,침엽수,낙엽수,교목,,봄,가을
황물로,"서울특별시 동대문구 답십리동 484-39",0.017570731753290648,"양버즘나무 ",양버즘나무,활엽수,낙엽수,교목,,봄,X
회기로,"서울특별시 동대문구 회기동 346-1",0.021741305586761694,"은행나무 ",은행나무,침엽수,낙엽수,교목,,봄,가을
전농로,"서울특별시 동대문구 전농동 295-52",0.01893440584438743,"은행나무 ",은행나무,침엽수,낙엽수,교목,,봄,가을
고산자로,"서울특별시 동대문구 제기동 122-34",0.018242091564576145,"양버즘나무 은행나무 ",은행나무,침엽수,낙엽수,교목,,봄,가을
고산자로,"서울특별시 동대문구 제기동 122-34",0.018242091564576145,"양버즘나무 은행나무 ",양버즘나무,활엽수,낙엽수,교목,,봄,X
한천로,"서울특별시 동대문구 휘경동 산 6-53",0.043969435750392666,"양버즘나무 ",양버즘나무,활엽수,낙엽수,교목,,봄,X
서울시립대로,"서울특별시 동대문구 전농동 500-26",0.015070999217401845,"은행나무 ",은행나무,침엽수,낙엽수,교목,,봄,가을
무학로,"서울특별시 동대문구 제기동 1154",0.01198180693274892,"은행나무 ",은행나무,침엽수,낙엽수,교목,,봄,가을
전농로,"서울특별시 동대문구 답십리동 524-1",0.01893440584438743,"양버즘나무 ",양버즘나무,활엽수,낙엽수,교목,,봄,X
제기로,"서울특별시 동대문구 제기동 135-91",0.016724124074013105,"양버즘나무 은행나무 ",은행나무,침엽수,낙엽수,교목,,봄,가을
제기로,"서울특별시 동대문구 제기동 135-91",0.016724124074013105,"양버즘나무 은행나무 ",양버즘나무,활엽수,낙엽수,교목,,봄,X
제기로17길,"서울특별시 동대문구 청량리동 203-66",0.0029835842628772665,"은행나무 ",은행나무,침엽수,낙엽수,교목,,봄,가을
홍릉로25길,"서울특별시 동대문구 청량리동 205-189",0.0013694055349826816,"은행나무 ",은행나무,침엽수,낙엽수,교목,,봄,가을
서울시립대로,"서울특별시 동대문구 전농동 500-25",0.015070999217401845,"은행나무 ",은행나무,침엽수,낙엽수,교목,,봄,가을
서울시립대로,"서울특별시 동대문구 전농동 127-106",0.015070999217401845,"은행나무 ",은행나무,침엽수,낙엽수,교목,,봄,가을
이문로,"서울특별시 동대문구 이문동 371-20",0.01893917204337028,"은행나무 ",은행나무,침엽수,낙엽수,교목,,봄,가을
이문로,"서울특별시 동대문구 이문동 257-281",0.01893917204337028,"은행나무 ",은행나무,침엽수,낙엽수,교목,,봄,가을
이문로,"서울특별시 동대문구 휘경동 321-28",0.01893917204337028,"은행나무 ",은행나무,침엽수,낙엽수,교목,,봄,가을
서울시립대로,"서울특별시 동대문구 전농동 530-86",0.015070999217401845,"은행나무 ",은행나무,침엽수,낙엽수,교목,,봄,가을
회기로,"서울특별시 동대문구 회기동 347",0.021741305586761694,"은행나무 ",은행나무,침엽수,낙엽수,교목,,봄,가을
천호대로,"서울특별시 동대문구 답십리동 498-52",0.050337358499340144,"양버즘나무 ",양버즘나무,활엽수,낙엽수,교목,,봄,X
한천로,"서울특별시 동대문구 전농동 1-36",0.043969435750392666,"양버즘나무 ",양버즘나무,활엽수,낙엽수,교목,,봄,X
서울시립대로,"서울특별시 동대문구 전농동 568-7",0.015070999217401845,"은행나무 ",은행나무,침엽수,낙엽수,교목,,봄,가을
외대역동로,"서울특별시 동대문구 이문동 115-1",0.009616367442984957,"이팝나무 ",이팝나무,활엽수,낙엽수,교목,화목,봄,X
사가정로,"서울특별시 동대문구 답십리동 528",0.07865510585547797,"은행나무 ",은행나무,침엽수,낙엽수,교목,,봄,가을
약령시로,"서울특별시 동대문구 청량리동 225-7",0.01813872304556547,"은행나무 ",은행나무,침엽수,낙엽수,교목,,봄,가을
망우로,"서울특별시 동대문구 휘경동 273",0.016272854542858997,"은행나무 ",은행나무,침엽수,낙엽수,교목,,봄,가을
서울시립대로,"서울특별시 동대문구 전농동 124-12",0.015070999217401845,"은행나무 ",은행나무,침엽수,낙엽수,교목,,봄,가을
한천로,"서울특별시 동대문구 전농동 1-171",0.043969435750392666,"양버즘나무 ",양버즘나무,활엽수,낙엽수,교목,,봄,X
정릉천동로,"서울특별시 동대문구 제기동 892-65",0.013607440316019435,"양버즘나무 느티나무 ",느티나무,활엽수,낙엽수,교목,,여름,X
정릉천동로,"서울특별시 동대문구 제기동 892-65",0.013607440316019435,"양버즘나무 느티나무 ",양버즘나무,활엽수,낙엽수,교목,,봄,X
천호대로,"서울특별시 동대문구 용두동 39-1013",0.050337358499340144,"양버즘나무 ",양버즘나무,활엽수,낙엽수,교목,,봄,X
외대역동로,"서울특별시 동대문구 이문동 114-18",0.009616367442984957,"이팝나무 ",이팝나무,활엽수,낙엽수,교목,화목,봄,X
외대역동로,"서울특별시 동대문구 이문동 114-19",0.009616367442984957,"이팝나무 ",이팝나무,활엽수,낙엽수,교목,화목,봄,X
외대역동로,"서울특별시 동대문구 이문동 114-14",0.009616367442984957,"이팝나무 ",이팝나무,활엽수,낙엽수,교목,화목,봄,X
외대역동로,"서울특별시 동대문구 이문동 114-36",0.009616367442984957,"이팝나무 ",이팝나무,활엽수,낙엽수,교목,화목,봄,X
외대역동로,"서울특별시 동대문구 이문동 114-61",0.009616367442984957,"이팝나무 ",이팝나무,활엽수,낙엽수,교목,화목,봄,X
외대역동로,"서울특별시 동대문구 이문동 120-36",0.009616367442984957,"이팝나무 ",이팝나무,활엽수,낙엽수,교목,화목,봄,X
외대역동로,"서울특별시 동대문구 이문동 120-35",0.009616367442984957,"이팝나무 ",이팝나무,활엽수,낙엽수,교목,화목,봄,X
외대역동로,"서울특별시 동대문구 이문동 354-18",0.009616367442984957,"이팝나무 ",이팝나무,활엽수,낙엽수,교목,화목,봄,X
외대역동로,"서울특별시 동대문구 이문동 120-1",0.009616367442984957,"이팝나무 ",이팝나무,활엽수,낙엽수,교목,화목,봄,X
외대역동로,"서울특별시 동대문구 이문동 354-67",0.009616367442984957,"이팝나무 ",이팝나무,활엽수,낙엽수,교목,화목,봄,X
사가정로,"서울특별시 동대문구 답십리동 477-56",0.07865510585547797,"은행나무 ",은행나무,침엽수,낙엽수,교목,,봄,가을
홍릉로25길,"서울특별시 동대문구 청량리동 205-489",0.0013694055349826816,"은행나무 ",은행나무,침엽수,낙엽수,교목,,봄,가을
난계로,"서울특별시 동대문구 신설동 92-34",0.0030644768131894394,"느티나무 ",느티나무,활엽수,낙엽수,교목,,여름,X
사가정로,"서울특별시 동대문구 장안동 100-12",0.07865510585547797,"이팝나무 ",이팝나무,활엽수,낙엽수,교목,화목,봄,X
천호대로,"서울특별시 동대문구 답십리동 550-3",0.050337358499340144,"양버즘나무 단풍나무 ",단풍나무,활엽수,낙엽수,교목,,봄,가을
천호대로,"서울특별시 동대문구 답십리동 550-3",0.050337358499340144,"양버즘나무 단풍나무 ",양버즘나무,활엽수,낙엽수,교목,,봄,X
전농로10길,"서울특별시 동대문구 답십리동 80-7",0.006966446804851533,"이팝나무 ",이팝나무,활엽수,낙엽수,교목,화목,봄,X
답십리로57길,"서울특별시 동대문구 답십리동 80-9",0.002199933414679672,"은행나무 느티나무 ",느티나무,활엽수,낙엽수,교목,,여름,X
답십리로57길,"서울특별시 동대문구 답십리동 80-9",0.002199933414679672,"은행나무 느티나무 ",은행나무,침엽수,낙엽수,교목,,봄,가을
전농로10길,"서울특별시 동대문구 답십리동 80-10",0.006966446804851533,"이팝나무 느티나무 ",느티나무,활엽수,낙엽수,교목,,여름,X
전농로10길,"서울특별시 동대문구 답십리동 80-10",0.006966446804851533,"이팝나무 느티나무 ",이팝나무,활엽수,낙엽수,교목,화목,봄,X
황물로,"서울특별시 동대문구 답십리동 483-3",0.017570731753290648,"양버즘나무 은행나무 ",은행나무,침엽수,낙엽수,교목,,봄,가을
황물로,"서울특별시 동대문구 답십리동 483-3",0.017570731753290648,"양버즘나무 은행나무 ",양버즘나무,활엽수,낙엽수,교목,,봄,X
외대역동로,"서울특별시 동대문구 이문동 83-167",0.009616367442984957,"이팝나무 은행나무 ",은행나무,침엽수,낙엽수,교목,,봄,가을
외대역동로,"서울특별시 동대문구 이문동 83-167",0.009616367442984957,"이팝나무 은행나무 ",이팝나무,활엽수,낙엽수,교목,화목,봄,X
회기로,"서울특별시 동대문구 회기동 346-25",0.021741305586761694,"은행나무 ",은행나무,침엽수,낙엽수,교목,,봄,가을
이문로,"서울특별시 동대문구 이문동 255-259",0.01893917204337028,"은행나무 ",은행나무,침엽수,낙엽수,교목,,봄,가을
한천로,"서울특별시 동대문구 휘경동 43-175",0.043969435750392666,"양버즘나무 ",양버즘나무,활엽수,낙엽수,교목,,봄,X
외대역동로,"서울특별시 동대문구 이문동 115-3",0.009616367442984957,"이팝나무 ",이팝나무,활엽수,낙엽수,교목,화목,봄,X
외대역동로,"서울특별시 동대문구 이문동 116-39",0.009616367442984957,"이팝나무 은행나무 벚나무 ",벚나무,활엽수,낙엽수,교목,화목,봄,X
외대역동로,"서울특별시 동대문구 이문동 116-39",0.009616367442984957,"이팝나무 은행나무 벚나무 ",은행나무,침엽수,낙엽수,교목,,봄,가을
외대역동로,"서울특별시 동대문구 이문동 116-39",0.009616367442984957,"이팝나무 은행나무 벚나무 ",이팝나무,활엽수,낙엽수,교목,화목,봄,X
외대역동로,"서울특별시 동대문구 이문동 115-65",0.009616367442984957,"이팝나무 ",이팝나무,활엽수,낙엽수,교목,화목,봄,X
외대역동로,"서울특별시 동대문구 이문동 173-84",0.009616367442984957,"이팝나무 ",이팝나무,활엽수,낙엽수,교목,화목,봄,X
외대역동로,"서울특별시 동대문구 이문동 115-64",0.009616367442984957,"이팝나무 ",이팝나무,활엽수,낙엽수,교목,화목,봄,X
천호대로45길,"서울특별시 동대문구 용두동 39-313",0.004652402872591969,"은행나무 ",은행나무,침엽수,낙엽수,교목,,봄,가을
장한로,"서울특별시 동대문구 장안동 311-3",0.01828729174665348,"이팝나무 ",이팝나무,활엽수,낙엽수,교목,화목,봄,X
천호대로,"서울특별시 동대문구 답십리동 493-12",0.050337358499340144,"양버즘나무 ",양버즘나무,활엽수,낙엽수,교목,,봄,X
약령시로,"서울특별시 동대문구 제기동 165-6",0.01813872304556547,"은행나무 ",은행나무,침엽수,낙엽수,교목,,봄,가을
서울시립대로,"서울특별시 동대문구 전농동 129-60",0.015070999217401845,"은행나무 ",은행나무,침엽수,낙엽수,교목,,봄,가을
제기로17길,"서울특별시 동대문구 청량리동 205-104",0.0029835842628772665,"은행나무 ",은행나무,침엽수,낙엽수,교목,,봄,가을
천호대로,"서울특별시 동대문구 답십리동 496-10",0.050337358499340144,"양버즘나무 ",양버즘나무,활엽수,낙엽수,교목,,봄,X
경동시장로,"서울특별시 동대문구 제기동 853",0.007339705754235844,"이팝나무 ",이팝나무,활엽수,낙엽수,교목,화목,봄,X
천호대로,"서울특별시 동대문구 용두동 791-3",0.050337358499340144,"은행나무 ",은행나무,침엽수,낙엽수,교목,,봄,가을
서울시립대로,"서울특별시 동대문구 전농동 산 11-222",0.015070999217401845,"은행나무 ",은행나무,침엽수,낙엽수,교목,,봄,가을
천호대로,"서울특별시 동대문구 신설동 101-5",0.050337358499340144,"양버즘나무 ",양버즘나무,활엽수,낙엽수,교목,,봄,X
황물로,"서울특별시 동대문구 답십리동 489-136",0.017570731753290648,"백합나무 ",백합나무,활엽수,낙엽수,교목,,봄,X
서울시립대로,"서울특별시 동대문구 전농동 500-27",0.015070999217401845,"은행나무 ",은행나무,침엽수,낙엽수,교목,,봄,가을
한천로,"서울특별시 동대문구 답십리동 2-269",0.043969435750392666,"은행나무 ",은행나무,침엽수,낙엽수,교목,,봄,가을
경동시장로,"서울특별시 동대문구 제기동 855",0.007339705754235844,"이팝나무 ",이팝나무,활엽수,낙엽수,교목,화목,봄,X
외대역동로,"서울특별시 동대문구 이문동 115-53",0.009616367442984957,"이팝나무 ",이팝나무,활엽수,낙엽수,교목,화목,봄,X
외대역동로,"서울특별시 동대문구 이문동 115-49",0.009616367442984957,"이팝나무 ",이팝나무,활엽수,낙엽수,교목,화목,봄,X
사가정로,"서울특별시 동대문구 전농동 38-128",0.07865510585547797,"이팝나무 ",이팝나무,활엽수,낙엽수,교목,화목,봄,X
무학로,"서울특별시 동대문구 용두동 191-4",0.01198180693274892,"은행나무 ",은행나무,침엽수,낙엽수,교목,,봄,가을
황물로,"서울특별시 동대문구 답십리동 483-21",0.017570731753290648,"양버즘나무 ",양버즘나무,활엽수,낙엽수,교목,,봄,X
답십리로,"서울특별시 동대문구 장안동 331-3",0.03436276900247712,"이팝나무 ",이팝나무,활엽수,낙엽수,교목,화목,봄,X
외대역동로,"서울특별시 동대문구 이문동 115-52",0.009616367442984957,"이팝나무 ",이팝나무,활엽수,낙엽수,교목,화목,봄,X
천호대로45길,"서울특별시 동대문구 용두동 39-298",0.004652402872591969,"은행나무 ",은행나무,침엽수,낙엽수,교목,,봄,가을
외대역동로,"서울특별시 동대문구 이문동 115-62",0.009616367442984957,"이팝나무 ",이팝나무,활엽수,낙엽수,교목,화목,봄,X
전농로10길,"서울특별시 동대문구 전농동 10-9",0.006966446804851533,"이팝나무 느티나무 벚나무 ",벚나무,활엽수,낙엽수,교목,화목,봄,X
전농로10길,"서울특별시 동대문구 전농동 10-9",0.006966446804851533,"이팝나무 느티나무 벚나무 ",느티나무,활엽수,낙엽수,교목,,여름,X
전농로10길,"서울특별시 동대문구 전농동 10-9",0.006966446804851533,"이팝나무 느티나무 벚나무 ",이팝나무,활엽수,낙엽수,교목,화목,봄,X
한천로,"서울특별시 동대문구 장안동 164-3",0.043969435750392666,"양버즘나무 은행나무 ",은행나무,침엽수,낙엽수,교목,,봄,가을
한천로,"서울특별시 동대문구 장안동 164-3",0.043969435750392666,"양버즘나무 은행나무 ",양버즘나무,활엽수,낙엽수,교목,,봄,X
외대역동로,"서울특별시 동대문구 이문동 117-11",0.009616367442984957,"이팝나무 ",이팝나무,활엽수,낙엽수,교목,화목,봄,X
외대역동로,"서울특별시 동대문구 이문동 121-40",0.009616367442984957,"이팝나무 느티나무 ",느티나무,활엽수,낙엽수,교목,,여름,X
외대역동로,"서울특별시 동대문구 이문동 121-40",0.009616367442984957,"이팝나무 느티나무 ",이팝나무,활엽수,낙엽수,교목,화목,봄,X
외대역동로,"서울특별시 동대문구 이문동 85-21",0.009616367442984957,"이팝나무 ",이팝나무,활엽수,낙엽수,교목,화목,봄,X
외대역동로,"서울특별시 동대문구 이문동 85-51",0.009616367442984957,"이팝나무 ",이팝나무,활엽수,낙엽수,교목,화목,봄,X
외대역동로,"서울특별시 동대문구 이문동 121-78",0.009616367442984957,"이팝나무 ",이팝나무,활엽수,낙엽수,교목,화목,봄,X
외대역동로,"서울특별시 동대문구 이문동 116-60",0.009616367442984957,"이팝나무 ",이팝나무,활엽수,낙엽수,교목,화목,봄,X
황물로,"서울특별시 동대문구 전농동 644-18",0.017570731753290648,"양버즘나무 ",양버즘나무,활엽수,낙엽수,교목,,봄,X
황물로,"서울특별시 동대문구 답십리동 961-10",0.017570731753290648,"양버즘나무 이팝나무 은행나무 ",은행나무,침엽수,낙엽수,교목,,봄,가을
황물로,"서울특별시 동대문구 답십리동 961-10",0.017570731753290648,"양버즘나무 이팝나무 은행나무 ",이팝나무,활엽수,낙엽수,교목,화목,봄,X
황물로,"서울특별시 동대문구 답십리동 961-10",0.017570731753290648,"양버즘나무 이팝나무 은행나무 ",양버즘나무,활엽수,낙엽수,교목,,봄,X
회기로,"서울특별시 동대문구 회기동 45-35",0.021741305586761694,"은행나무 ",은행나무,침엽수,낙엽수,교목,,봄,가을
약령시로,"서울특별시 동대문구 제기동 887-235",0.01813872304556547,"은행나무 ",은행나무,침엽수,낙엽수,교목,,봄,가을
한천로,"서울특별시 동대문구 이문동 209-17",0.043969435750392666,"은행나무 ",은행나무,침엽수,낙엽수,교목,,봄,가을
홍릉로,"서울특별시 동대문구 청량리동 산 1-212",0.010536790657002002,"양버즘나무 ",양버즘나무,활엽수,낙엽수,교목,,봄,X
천호대로,"서울특별시 동대문구 답십리동 498-53",0.050337358499340144,"양버즘나무 이팝나무 ",이팝나무,활엽수,낙엽수,교목,화목,봄,X
천호대로,"서울특별시 동대문구 답십리동 498-53",0.050337358499340144,"양버즘나무 이팝나무 ",양버즘나무,활엽수,낙엽수,교목,,봄,X
답십리로,"서울특별시 동대문구 답십리동 41-2",0.03436276900247712,"이팝나무 ",이팝나무,활엽수,낙엽수,교목,화목,봄,X
이문로,"서울특별시 동대문구 이문동 364",0.01893917204337028,"양버즘나무 은행나무 ",은행나무,침엽수,낙엽수,교목,,봄,가을
이문로,"서울특별시 동대문구 이문동 364",0.01893917204337028,"양버즘나무 은행나무 ",양버즘나무,활엽수,낙엽수,교목,,봄,X
이문로,"서울특별시 동대문구 이문동 255-262",0.01893917204337028,"은행나무 ",은행나무,침엽수,낙엽수,교목,,봄,가을
황물로,"서울특별시 동대문구 답십리동 483-22",0.017570731753290648,"은행나무 ",은행나무,침엽수,낙엽수,교목,,봄,가을
약령시로,"서울특별시 동대문구 제기동 165-21",0.01813872304556547,"은행나무 ",은행나무,침엽수,낙엽수,교목,,봄,가을
전농로,"서울특별시 동대문구 전농동 295-68",0.01893440584438743,"은행나무 ",은행나무,침엽수,낙엽수,교목,,봄,가을
정릉천동로,"서울특별시 동대문구 용두동 792-9",0.013607440316019435,"은행나무 ",은행나무,침엽수,낙엽수,교목,,봄,가을
답십리로,"서울특별시 동대문구 장안동 334-10",0.03436276900247712,"이팝나무 ",이팝나무,활엽수,낙엽수,교목,화목,봄,X
이문로,"서울특별시 동대문구 이문동 292-96",0.01893917204337028,"은행나무 ",은행나무,침엽수,낙엽수,교목,,봄,가을
고산자로,"서울특별시 동대문구 제기동 122-652",0.018242091564576145,"은행나무 ",은행나무,침엽수,낙엽수,교목,,봄,가을
사가정로,"서울특별시 동대문구 전농동 314-5",0.07865510585547797,"은행나무 ",은행나무,침엽수,낙엽수,교목,,봄,가을
왕산로,"서울특별시 동대문구 신설동 76-84",0.032634459895788274,"은행나무 ",은행나무,침엽수,낙엽수,교목,,봄,가을
회기로,"서울특별시 동대문구 회기동 58-3",0.021741305586761694,"은행나무 ",은행나무,침엽수,낙엽수,교목,,봄,가을
회기로,"서울특별시 동대문구 휘경동 191-3",0.021741305586761694,"은행나무 ",은행나무,침엽수,낙엽수,교목,,봄,가을
왕산로,"서울특별시 동대문구 전농동 625-1",0.032634459895788274,"은행나무 ",은행나무,침엽수,낙엽수,교목,,봄,가을
무학로,"서울특별시 동대문구 용두동 193-38",0.01198180693274892,"은행나무 ",은행나무,침엽수,낙엽수,교목,,봄,가을
서울시립대로,"서울특별시 동대문구 전농동 530-81",0.015070999217401845,"은행나무 ",은행나무,침엽수,낙엽수,교목,,봄,가을
외대역동로,"서울특별시 동대문구 이문동 119-5",0.009616367442984957,"이팝나무 ",이팝나무,활엽수,낙엽수,교목,화목,봄,X
제기로17길,"서울특별시 동대문구 청량리동 203-56",0.0029835842628772665,"은행나무 ",은행나무,침엽수,낙엽수,교목,,봄,가을
이문로,"서울특별시 동대문구 이문동 335-1",0.01893917204337028,"은행나무 ",은행나무,침엽수,낙엽수,교목,,봄,가을
이문로,"서울특별시 동대문구 이문동 324-9",0.01893917204337028,"양버즘나무 ",양버즘나무,활엽수,낙엽수,교목,,봄,X
이문로,"서울특별시 동대문구 이문동 254-4",0.01893917204337028,"은행나무 ",은행나무,침엽수,낙엽수,교목,,봄,가을
무학로,"서울특별시 동대문구 용두동 191-9",0.01198180693274892,"은행나무 ",은행나무,침엽수,낙엽수,교목,,봄,가을
황물로,"서울특별시 동대문구 답십리동 485-80",0.017570731753290648,"양버즘나무 ",양버즘나무,활엽수,낙엽수,교목,,봄,X
안암로,"서울특별시 동대문구 제기동 1152-10",0.016756015157060974,"벚나무 ",벚나무,활엽수,낙엽수,교목,화목,봄,X
회기로,"서울특별시 동대문구 회기동 16-93",0.021741305586761694,"은행나무 ",은행나무,침엽수,낙엽수,교목,,봄,가을
겸재로,"서울특별시 동대문구 휘경동 49-211",0.0029201231399936084,"산딸나무 메타세쿼이아 ",메타세쿼이아,침엽수,낙엽수,교목,,X,X
겸재로,"서울특별시 동대문구 휘경동 49-211",0.0029201231399936084,"산딸나무 메타세쿼이아 ",산딸나무,활엽수,낙엽수,관목,화목/열매수,봄,가을
사가정로,"서울특별시 동대문구 답십리동 532-1",0.07865510585547797,"은행나무 ",은행나무,침엽수,낙엽수,교목,,봄,가을
서울시립대로,"서울특별시 동대문구 전농동 568-17",0.015070999217401845,"은행나무 ",은행나무,침엽수,낙엽수,교목,,봄,가을
답십리로,"서울특별시 동대문구 답십리동 217",0.03436276900247712,"이팝나무 ",이팝나무,활엽수,낙엽수,교목,화목,봄,X
한천로,"서울특별시 동대문구 이문동 176-1",0.043969435750392666,"은행나무 ",은행나무,침엽수,낙엽수,교목,,봄,가을
천호대로45길,"서울특별시 동대문구 용두동 39-2",0.004652402872591969,"은행나무 ",은행나무,침엽수,낙엽수,교목,,봄,가을
사가정로,"서울특별시 동대문구 장안동 474-1",0.07865510585547797,"은행나무 ",은행나무,침엽수,낙엽수,교목,,봄,가을
이문로,"서울특별시 동대문구 이문동 257-277",0.01893917204337028,"은행나무 ",은행나무,침엽수,낙엽수,교목,,봄,가을
회기로,"서울특별시 동대문구 제기동 1142-17",0.021741305586761694,"은행나무 ",은행나무,침엽수,낙엽수,교목,,봄,가을
전농로,"서울특별시 동대문구 전농동 184-22",0.01893440584438743,"은행나무 ",은행나무,침엽수,낙엽수,교목,,봄,가을
정릉천동로,"서울특별시 동대문구 용두동 791-3",0.013607440316019435,"은행나무 ",은행나무,침엽수,낙엽수,교목,,봄,가을
신이문로,"서울특별시 동대문구 이문동 240-8",0.004777305056230333,"은행나무 ",은행나무,침엽수,낙엽수,교목,,봄,가을
무학로,"서울특별시 동대문구 제기동 148-64",0.01198180693274892,"은행나무 ",은행나무,침엽수,낙엽수,교목,,봄,가을
왕산로,"서울특별시 동대문구 용두동 23-7",0.032634459895788274,"은행나무 ",은행나무,침엽수,낙엽수,교목,,봄,가을
정릉천동로,"서울특별시 동대문구 용두동 47-2",0.013607440316019435,"은행나무 ",은행나무,침엽수,낙엽수,교목,,봄,가을
약령시로,"서울특별시 동대문구 제기동 831-9",0.01813872304556547,"은행나무 ",은행나무,침엽수,낙엽수,교목,,봄,가을
한천로,"서울특별시 동대문구 이문동 211-5",0.043969435750392666,"은행나무 ",은행나무,침엽수,낙엽수,교목,,봄,가을
정릉천동로,"서울특별시 동대문구 용두동 47-27",0.013607440316019435,"은행나무 ",은행나무,침엽수,낙엽수,교목,,봄,가을
회기로,"서울특별시 동대문구 회기동 45-70",0.021741305586761694,"은행나무 ",은행나무,침엽수,낙엽수,교목,,봄,가을
황물로,"서울특별시 동대문구 답십리동 483-47",0.017570731753290648,"양버즘나무 ",양버즘나무,활엽수,낙엽수,교목,,봄,X
회기로,"서울특별시 동대문구 회기동 45-62",0.021741305586761694,"은행나무 ",은행나무,침엽수,낙엽수,교목,,봄,가을
답십리로,"서울특별시 동대문구 장안동 331-14",0.03436276900247712,"이팝나무 ",이팝나무,활엽수,낙엽수,교목,화목,봄,X
홍릉로25길,"서울특별시 동대문구 청량리동 205-485",0.0013694055349826816,"은행나무 ",은행나무,침엽수,낙엽수,교목,,봄,가을
전농로,"서울특별시 동대문구 답십리동 243-1",0.01893440584438743,"은행나무 ",은행나무,침엽수,낙엽수,교목,,봄,가을
망우로,"서울특별시 동대문구 휘경동 343-25",0.016272854542858997,"은행나무 ",은행나무,침엽수,낙엽수,교목,,봄,가을
이문로,"서울특별시 동대문구 이문동 358-3",0.01893917204337028,"은행나무 ",은행나무,침엽수,낙엽수,교목,,봄,가을
답십리로,"서울특별시 동대문구 전농동 655-38",0.03436276900247712,"은행나무 ",은행나무,침엽수,낙엽수,교목,,봄,가을
약령시로,"서울특별시 동대문구 제기동 242-1",0.01813872304556547,"은행나무 ",은행나무,침엽수,낙엽수,교목,,봄,가을
한천로,"서울특별시 동대문구 장안동 114-22",0.043969435750392666,"은행나무 ",은행나무,침엽수,낙엽수,교목,,봄,가을
전농로,"서울특별시 동대문구 전농동 124-10",0.01893440584438743,"은행나무 ",은행나무,침엽수,낙엽수,교목,,봄,가을
이문로,"서울특별시 동대문구 이문동 363-29",0.01893917204337028,"은행나무 ",은행나무,침엽수,낙엽수,교목,,봄,가을
이문로,"서울특별시 동대문구 회기동 71-3",0.01893917204337028,"양버즘나무 ",양버즘나무,활엽수,낙엽수,교목,,봄,X
천호대로45길,"서울특별시 동대문구 용두동 39-493",0.004652402872591969,"은행나무 ",은행나무,침엽수,낙엽수,교목,,봄,가을
홍릉로,"서울특별시 동대문구 청량리동 206-46",0.010536790657002002,"양버즘나무 ",양버즘나무,활엽수,낙엽수,교목,,봄,X
이문로,"서울특별시 동대문구 회기동 346-30",0.01893917204337028,"은행나무 ",은행나무,침엽수,낙엽수,교목,,봄,가을
약령시로,"서울특별시 동대문구 제기동 952-1",0.01813872304556547,"은행나무 ",은행나무,침엽수,낙엽수,교목,,봄,가을
전농로,"서울특별시 동대문구 답십리동 53-20",0.01893440584438743,"양버즘나무 은행나무 ",은행나무,침엽수,낙엽수,교목,,봄,가을
전농로,"서울특별시 동대문구 답십리동 53-20",0.01893440584438743,"양버즘나무 은행나무 ",양버즘나무,활엽수,낙엽수,교목,,봄,X
전농로,"서울특별시 동대문구 전농동 295-53",0.01893440584438743,"은행나무 ",은행나무,침엽수,낙엽수,교목,,봄,가을
회기로,"서울특별시 동대문구 회기동 16-58",0.021741305586761694,"은행나무 ",은행나무,침엽수,낙엽수,교목,,봄,가을
망우로,"서울특별시 동대문구 휘경동 312-39",0.016272854542858997,"은행나무 ",은행나무,침엽수,낙엽수,교목,,봄,가을
제기로17길,"서울특별시 동대문구 청량리동 203-37",0.0029835842628772665,"은행나무 ",은행나무,침엽수,낙엽수,교목,,봄,가을
답십리로,"서울특별시 동대문구 장안동 333-7",0.03436276900247712,"이팝나무 ",이팝나무,활엽수,낙엽수,교목,화목,봄,X
답십리로,"서울특별시 동대문구 전농동 625-3",0.03436276900247712,"양버즘나무 ",양버즘나무,활엽수,낙엽수,교목,,봄,X
무학로,"서울특별시 동대문구 용두동 146-10",0.01198180693274892,"은행나무 ",은행나무,침엽수,낙엽수,교목,,봄,가을
황물로,"서울특별시 동대문구 답십리동 490-27",0.017570731753290648,"은행나무 ",은행나무,침엽수,낙엽수,교목,,봄,가을
전농로,"서울특별시 동대문구 전농동 188-3",0.01893440584438743,"은행나무 ",은행나무,침엽수,낙엽수,교목,,봄,가을
한천로,"서울특별시 동대문구 답십리동 2-150",0.043969435750392666,"이팝나무 은행나무 ",은행나무,침엽수,낙엽수,교목,,봄,가을
한천로,"서울특별시 동대문구 답십리동 2-150",0.043969435750392666,"이팝나무 은행나무 ",이팝나무,활엽수,낙엽수,교목,화목,봄,X
한천로,"서울특별시 동대문구 전농동 1-168",0.043969435750392666,"양버즘나무 ",양버즘나무,활엽수,낙엽수,교목,,봄,X
사가정로,"서울특별시 동대문구 전농동 38-145",0.07865510585547797,"이팝나무 ",이팝나무,활엽수,낙엽수,교목,화목,봄,X
서울시립대로,"서울특별시 동대문구 전농동 573",0.015070999217401845,"은행나무 ",은행나무,침엽수,낙엽수,교목,,봄,가을
정릉천동로,"서울특별시 동대문구 제기동 892-64",0.013607440316019435,"양버즘나무 ",양버즘나무,활엽수,낙엽수,교목,,봄,X
사가정로,"서울특별시 동대문구 답십리동 111-3",0.07865510585547797,"은행나무 ",은행나무,침엽수,낙엽수,교목,,봄,가을
답십리로,"서울특별시 동대문구 답십리동 66-66",0.03436276900247712,"이팝나무 ",이팝나무,활엽수,낙엽수,교목,화목,봄,X
한천로,"서울특별시 동대문구 휘경동 산 6-54",0.043969435750392666,"양버즘나무 ",양버즘나무,활엽수,낙엽수,교목,,봄,X
장안벚꽃로,"서울특별시 동대문구 휘경동 49-197",0.02736104345503263,"회화나무 ",회화나무,활엽수,낙엽수,교목,,봄,X
무학로,"서울특별시 동대문구 용두동 193-85",0.01198180693274892,"은행나무 ",은행나무,침엽수,낙엽수,교목,,봄,가을
답십리로,"서울특별시 동대문구 전농동 652-2",0.03436276900247712,"은행나무 ",은행나무,침엽수,낙엽수,교목,,봄,가을
한천로,"서울특별시 동대문구 휘경동 43-137",0.043969435750392666,"양버즘나무 ",양버즘나무,활엽수,낙엽수,교목,,봄,X
이문로,"서울특별시 동대문구 휘경동 330-2",0.01893917204337028,"은행나무 ",은행나무,침엽수,낙엽수,교목,,봄,가을
이문로,"서울특별시 동대문구 휘경동 187-49",0.01893917204337028,"은행나무 ",은행나무,침엽수,낙엽수,교목,,봄,가을
회기로,"서울특별시 동대문구 회기동 16-106",0.021741305586761694,"은행나무 ",은행나무,침엽수,낙엽수,교목,,봄,가을
무학로,"서울특별시 동대문구 용두동 118-82",0.01198180693274892,"양버즘나무 ",양버즘나무,활엽수,낙엽수,교목,,봄,X
한빛로,"서울특별시 동대문구 용두동 150-35",0.00721042574656651,"이팝나무 ",이팝나무,활엽수,낙엽수,교목,화목,봄,X
휘경로,"서울특별시 동대문구 휘경동 121-7",0.00827549427237474,"양버즘나무 ",양버즘나무,활엽수,낙엽수,교목,,봄,X
한천로,"서울특별시 동대문구 휘경동 43-267",0.043969435750392666,"양버즘나무 ",양버즘나무,활엽수,낙엽수,교목,,봄,X
정릉천동로,"서울특별시 동대문구 용두동 791",0.013607440316019435,"은행나무 ",은행나무,침엽수,낙엽수,교목,,봄,가을
약령시로,"서울특별시 동대문구 제기동 833-1",0.01813872304556547,"은행나무 ",은행나무,침엽수,낙엽수,교목,,봄,가을
황물로,"서울특별시 동대문구 답십리동 952-6",0.017570731753290648,"양버즘나무 ",양버즘나무,활엽수,낙엽수,교목,,봄,X
무학로,"서울특별시 동대문구 용두동 193-61",0.01198180693274892,"은행나무 ",은행나무,침엽수,낙엽수,교목,,봄,가을
고산자로,"서울특별시 동대문구 제기동 934",0.018242091564576145,"양버즘나무 ",양버즘나무,활엽수,낙엽수,교목,,봄,X
황물로,"서울특별시 동대문구 답십리동 483-15",0.017570731753290648,"양버즘나무 ",양버즘나무,활엽수,낙엽수,교목,,봄,X
전농로10길,"서울특별시 동대문구 전농동 6",0.006966446804851533,"벚나무 ",벚나무,활엽수,낙엽수,교목,화목,봄,X
전농로10길,"서울특별시 동대문구 전농동 10-2",0.006966446804851533,"벚나무 ",벚나무,활엽수,낙엽수,교목,화목,봄,X
전농로10길,"서울특별시 동대문구 전농동 10",0.006966446804851533,"이팝나무 느티나무 벚나무 ",벚나무,활엽수,낙엽수,교목,화목,봄,X
전농로10길,"서울특별시 동대문구 전농동 10",0.006966446804851533,"이팝나무 느티나무 벚나무 ",느티나무,활엽수,낙엽수,교목,,여름,X
전농로10길,"서울특별시 동대문구 전농동 10",0.006966446804851533,"이팝나무 느티나무 벚나무 ",이팝나무,활엽수,낙엽수,교목,화목,봄,X
무학로,"서울특별시 동대문구 용두동 130-10",0.01198180693274892,"은행나무 ",은행나무,침엽수,낙엽수,교목,,봄,가을
신이문로,"서울특별시 동대문구 이문동 255-393",0.004777305056230333,"은행나무 ",은행나무,침엽수,낙엽수,교목,,봄,가을
이문로,"서울특별시 동대문구 이문동 255-223",0.01893917204337028,"은행나무 ",은행나무,침엽수,낙엽수,교목,,봄,가을
전농로,"서울특별시 동대문구 전농동 141-154",0.01893440584438743,"은행나무 ",은행나무,침엽수,낙엽수,교목,,봄,가을
제기로,"서울특별시 동대문구 제기동 666-1",0.016724124074013105,"양버즘나무 ",양버즘나무,활엽수,낙엽수,교목,,봄,X
신이문로,"서울특별시 동대문구 이문동 237-137",0.004777305056230333,"은행나무 ",은행나무,침엽수,낙엽수,교목,,봄,가을
황물로,"서울특별시 동대문구 답십리동 467-19",0.017570731753290648,"양버즘나무 ",양버즘나무,활엽수,낙엽수,교목,,봄,X
답십리로,"서울특별시 동대문구 답십리동 2-296",0.03436276900247712,"이팝나무 ",이팝나무,활엽수,낙엽수,교목,화목,봄,X
전농로10길,"서울특별시 동대문구 답십리동 80",0.006966446804851533,"이팝나무 느티나무 벚나무 ",벚나무,활엽수,낙엽수,교목,화목,봄,X
전농로10길,"서울특별시 동대문구 답십리동 80",0.006966446804851533,"이팝나무 느티나무 벚나무 ",느티나무,활엽수,낙엽수,교목,,여름,X
전농로10길,"서울특별시 동대문구 답십리동 80",0.006966446804851533,"이팝나무 느티나무 벚나무 ",이팝나무,활엽수,낙엽수,교목,화목,봄,X
한천로,"서울특별시 동대문구 전농동 1-192",0.043969435750392666,"양버즘나무 ",양버즘나무,활엽수,낙엽수,교목,,봄,X
외대역동로,"서울특별시 동대문구 이문동 115-80",0.009616367442984957,"이팝나무 ",이팝나무,활엽수,낙엽수,교목,화목,봄,X
왕산로,"서울특별시 동대문구 용두동 689-1",0.032634459895788274,"은행나무 ",은행나무,침엽수,낙엽수,교목,,봄,가을
약령시로,"서울특별시 동대문구 제기동 149-18",0.01813872304556547,"은행나무 ",은행나무,침엽수,낙엽수,교목,,봄,가을
한빛로,"서울특별시 동대문구 용두동 206-2",0.00721042574656651,"이팝나무 ",이팝나무,활엽수,낙엽수,교목,화목,봄,X
한빛로,"서울특별시 동대문구 용두동 201-24",0.00721042574656651,"이팝나무 ",이팝나무,활엽수,낙엽수,교목,화목,봄,X
서울시립대로,"서울특별시 동대문구 전농동 644-103",0.015070999217401845,"은행나무 ",은행나무,침엽수,낙엽수,교목,,봄,가을
외대역동로,"서울특별시 동대문구 휘경동 39-76",0.009616367442984957,"느티나무 ",느티나무,활엽수,낙엽수,교목,,여름,X
답십리로,"서울특별시 동대문구 답십리동 112-120",0.03436276900247712,"느티나무 ",느티나무,활엽수,낙엽수,교목,,여름,X
약령시로,"서울특별시 동대문구 제기동 1152-20",0.01813872304556547,"은행나무 ",은행나무,침엽수,낙엽수,교목,,봄,가을
약령시로,"서울특별시 동대문구 제기동 190-2",0.01813872304556547,"은행나무 ",은행나무,침엽수,낙엽수,교목,,봄,가을
고산자로,"서울특별시 동대문구 용신동 34-9",0.018242091564576145,"느티나무 ",느티나무,활엽수,낙엽수,교목,,여름,X
고산자로,"서울특별시 동대문구 용두동 34-7",0.018242091564576145,"느티나무 ",느티나무,활엽수,낙엽수,교목,,여름,X
서울시립대로,"서울특별시 동대문구 전농동 530-85",0.015070999217401845,"은행나무 ",은행나무,침엽수,낙엽수,교목,,봄,가을
홍릉로25길,"서울특별시 동대문구 청량리동 205-488",0.0013694055349826816,"은행나무 ",은행나무,침엽수,낙엽수,교목,,봄,가을
외대역동로,"서울특별시 동대문구 이문동 109-39",0.009616367442984957,"이팝나무 ",이팝나무,활엽수,낙엽수,교목,화목,봄,X
외대역동로,"서울특별시 동대문구 이문동 121-83",0.009616367442984957,"이팝나무 ",이팝나무,활엽수,낙엽수,교목,화목,봄,X
외대역동로,"서울특별시 동대문구 이문동 176-1",0.009616367442984957,"이팝나무 ",이팝나무,활엽수,낙엽수,교목,화목,봄,X
외대역동로,"서울특별시 동대문구 이문동 123-5",0.009616367442984957,"이팝나무 느티나무 ",느티나무,활엽수,낙엽수,교목,,여름,X
외대역동로,"서울특별시 동대문구 이문동 123-5",0.009616367442984957,"이팝나무 느티나무 ",이팝나무,활엽수,낙엽수,교목,화목,봄,X
고산자로,"서울특별시 동대문구 제기동 921",0.018242091564576145,"은행나무 ",은행나무,침엽수,낙엽수,교목,,봄,가을
무학로,"서울특별시 동대문구 용두동 130-17",0.01198180693274892,"은행나무 ",은행나무,침엽수,낙엽수,교목,,봄,가을
서울시립대로,"서울특별시 동대문구 전농동 567-29",0.015070999217401845,"은행나무 ",은행나무,침엽수,낙엽수,교목,,봄,가을
전농로10길,"서울특별시 동대문구 전농동 686-2",0.006966446804851533,"이팝나무 ",이팝나무,활엽수,낙엽수,교목,화목,봄,X
고산자로,"서울특별시 동대문구 제기동 697",0.018242091564576145,"양버즘나무 ",양버즘나무,활엽수,낙엽수,교목,,봄,X
전농로10길,"서울특별시 동대문구 전농동 10-1",0.006966446804851533,"느티나무 ",느티나무,활엽수,낙엽수,교목,,여름,X
제기로17길,"서울특별시 동대문구 청량리동 203-48",0.0029835842628772665,"은행나무 ",은행나무,침엽수,낙엽수,교목,,봄,가을
제기로17길,"서울특별시 동대문구 청량리동 205-288",0.0029835842628772665,"은행나무 ",은행나무,침엽수,낙엽수,교목,,봄,가을
약령시로,"서울특별시 동대문구 제기동 151-9",0.01813872304556547,"은행나무 ",은행나무,침엽수,낙엽수,교목,,봄,가을
회기로,"서울특별시 동대문구 회기동 58-2",0.021741305586761694,"은행나무 ",은행나무,침엽수,낙엽수,교목,,봄,가을
답십리로,"서울특별시 동대문구 전농동 623-19",0.03436276900247712,"양버즘나무 ",양버즘나무,활엽수,낙엽수,교목,,봄,X
이문로,"서울특별시 동대문구 이문동 256-373",0.01893917204337028,"은행나무 ",은행나무,침엽수,낙엽수,교목,,봄,가을
망우로,"서울특별시 동대문구 휘경동 312-263",0.016272854542858997,"은행나무 ",은행나무,침엽수,낙엽수,교목,,봄,가을
무학로,"서울특별시 동대문구 제기동 148-158",0.01198180693274892,"은행나무 ",은행나무,침엽수,낙엽수,교목,,봄,가을
제기로17길,"서울특별시 동대문구 청량리동 203-44",0.0029835842628772665,"은행나무 ",은행나무,침엽수,낙엽수,교목,,봄,가을
장안벚꽃로,"서울특별시 동대문구 장안동 481-2",0.02736104345503263,"양버즘나무 ",양버즘나무,활엽수,낙엽수,교목,,봄,X
장한로6길,"서울특별시 동대문구 장안동 473-7",0.00499277495184584,"양버즘나무 이팝나무 ",이팝나무,활엽수,낙엽수,교목,화목,봄,X
장한로6길,"서울특별시 동대문구 장안동 473-7",0.00499277495184584,"양버즘나무 이팝나무 ",양버즘나무,활엽수,낙엽수,교목,,봄,X
약령시로,"서울특별시 동대문구 청량리동 225-25",0.01813872304556547,"은행나무 ",은행나무,침엽수,낙엽수,교목,,봄,가을
황물로,"서울특별시 동대문구 답십리동 489-137",0.017570731753290648,"은행나무 ",은행나무,침엽수,낙엽수,교목,,봄,가을
신이문로,"서울특별시 동대문구 이문동 220-113",0.004777305056230333,"은행나무 ",은행나무,침엽수,낙엽수,교목,,봄,가을
무학로,"서울특별시 동대문구 용두동 190-10",0.01198180693274892,"은행나무 ",은행나무,침엽수,낙엽수,교목,,봄,가을
제기로17길,"서울특별시 동대문구 청량리동 205-79",0.0029835842628772665,"은행나무 ",은행나무,침엽수,낙엽수,교목,,봄,가을
안암로,"서울특별시 동대문구 제기동 1152-12",0.016756015157060974,"벚나무 ",벚나무,활엽수,낙엽수,교목,화목,봄,X
약령시로,"서울특별시 동대문구 제기동 830-6",0.01813872304556547,"은행나무 ",은행나무,침엽수,낙엽수,교목,,봄,가을
망우로21길,"서울특별시 동대문구 휘경동 261-3",0.0067675002995912815,"은행나무 ",은행나무,침엽수,낙엽수,교목,,봄,가을
황물로,"서울특별시 동대문구 전농동 644-32",0.017570731753290648,"양버즘나무 ",양버즘나무,활엽수,낙엽수,교목,,봄,X
망우로,"서울특별시 동대문구 휘경동 255-47",0.016272854542858997,"은행나무 ",은행나무,침엽수,낙엽수,교목,,봄,가을
휘경로,"서울특별시 동대문구 이문동 288-37",0.00827549427237474,"양버즘나무 ",양버즘나무,활엽수,낙엽수,교목,,봄,X
제기로17길,"서울특별시 동대문구 청량리동 203-24",0.0029835842628772665,"은행나무 ",은행나무,침엽수,낙엽수,교목,,봄,가을
왕산로,"서울특별시 동대문구 제기동 1158-61",0.032634459895788274,"양버즘나무 ",양버즘나무,활엽수,낙엽수,교목,,봄,X
휘경로,"서울특별시 동대문구 휘경동 122-7",0.00827549427237474,"은행나무 ",은행나무,침엽수,낙엽수,교목,,봄,가을
망우로21길,"서울특별시 동대문구 휘경동 255-14",0.0067675002995912815,"은행나무 ",은행나무,침엽수,낙엽수,교목,,봄,가을
고산자로,"서울특별시 동대문구 제기동 919",0.018242091564576145,"양버즘나무 ",양버즘나무,활엽수,낙엽수,교목,,봄,X
서울시립대로,"서울특별시 동대문구 답십리동 1002",0.015070999217401845,"은행나무 ",은행나무,침엽수,낙엽수,교목,,봄,가을
약령시로,"서울특별시 동대문구 제기동 153",0.01813872304556547,"은행나무 ",은행나무,침엽수,낙엽수,교목,,봄,가을
답십리로,"서울특별시 동대문구 장안동 334-9",0.03436276900247712,"이팝나무 ",이팝나무,활엽수,낙엽수,교목,화목,봄,X
한빛로,"서울특별시 동대문구 신설동 76-82",0.00721042574656651,"이팝나무 ",이팝나무,활엽수,낙엽수,교목,화목,봄,X
한빛로,"서울특별시 동대문구 용두동 213-2",0.00721042574656651,"이팝나무 ",이팝나무,활엽수,낙엽수,교목,화목,봄,X
한빛로,"서울특별시 동대문구 용두동 212-3",0.00721042574656651,"이팝나무 ",이팝나무,활엽수,낙엽수,교목,화목,봄,X
서울시립대로,"서울특별시 동대문구 전농동 150-88",0.015070999217401845,"은행나무 ",은행나무,침엽수,낙엽수,교목,,봄,가을
전농로10길,"서울특별시 동대문구 전농동 10-10",0.006966446804851533,"벚나무 ",벚나무,활엽수,낙엽수,교목,화목,봄,X
전농로10길,"서울특별시 동대문구 전농동 20-424",0.006966446804851533,"느티나무 ",느티나무,활엽수,낙엽수,교목,,여름,X
회기로,"서울특별시 동대문구 회기동 45-60",0.021741305586761694,"은행나무 ",은행나무,침엽수,낙엽수,교목,,봄,가을
황물로,"서울특별시 동대문구 전농동 644-1",0.017570731753290648,"은행나무 ",은행나무,침엽수,낙엽수,교목,,봄,가을
답십리로,"서울특별시 동대문구 전농동 493-72",0.03436276900247712,"은행나무 ",은행나무,침엽수,낙엽수,교목,,봄,가을
황물로,"서울특별시 동대문구 답십리동 489-143",0.017570731753290648,"은행나무 ",은행나무,침엽수,낙엽수,교목,,봄,가을
제기로,"서울특별시 동대문구 제기동 669-2",0.016724124074013105,"양버즘나무 ",양버즘나무,활엽수,낙엽수,교목,,봄,X
천호대로,"서울특별시 동대문구 용두동 34-4",0.050337358499340144,"느티나무 ",느티나무,활엽수,낙엽수,교목,,여름,X
답십리로,"서울특별시 동대문구 전농동 649-4",0.03436276900247712,"양버즘나무 ",양버즘나무,활엽수,낙엽수,교목,,봄,X
휘경로,"서울특별시 동대문구 휘경동 139-27",0.00827549427237474,"양버즘나무 ",양버즘나무,활엽수,낙엽수,교목,,봄,X
한빛로,"서울특별시 동대문구 용두동 150-1",0.00721042574656651,"이팝나무 ",이팝나무,활엽수,낙엽수,교목,화목,봄,X
약령시로,"서울특별시 동대문구 제기동 151-17",0.01813872304556547,"은행나무 ",은행나무,침엽수,낙엽수,교목,,봄,가을
사가정로,"서울특별시 동대문구 답십리동 108-1",0.07865510585547797,"은행나무 ",은행나무,침엽수,낙엽수,교목,,봄,가을
회기로,"서울특별시 동대문구 회기동 60-49",0.021741305586761694,"은행나무 ",은행나무,침엽수,낙엽수,교목,,봄,가을
천호대로,"서울특별시 동대문구 용두동 34-1",0.050337358499340144,"느티나무 ",느티나무,활엽수,낙엽수,교목,,여름,X
천호대로,"서울특별시 동대문구 용두동 47-4",0.050337358499340144,"느티나무 ",느티나무,활엽수,낙엽수,교목,,여름,X
안암로,"서울특별시 동대문구 제기동 137-19",0.016756015157060974,"은행나무 ",은행나무,침엽수,낙엽수,교목,,봄,가을
한빛로,"서울특별시 동대문구 용두동 237-10",0.00721042574656651,"단풍나무 이팝나무 ",이팝나무,활엽수,낙엽수,교목,화목,봄,X
한빛로,"서울특별시 동대문구 용두동 237-10",0.00721042574656651,"단풍나무 이팝나무 ",단풍나무,활엽수,낙엽수,교목,,봄,가을
회기로,"서울특별시 동대문구 회기동 46-1",0.021741305586761694,"은행나무 ",은행나무,침엽수,낙엽수,교목,,봄,가을
전농로,"서울특별시 동대문구 전농동 103-2",0.01893440584438743,"은행나무 ",은행나무,침엽수,낙엽수,교목,,봄,가을
천호대로,"서울특별시 동대문구 용두동 34-7",0.050337358499340144,"느티나무 ",느티나무,활엽수,낙엽수,교목,,여름,X
천호대로,"서울특별시 동대문구 답십리동 530-26",0.050337358499340144,"양버즘나무 ",양버즘나무,활엽수,낙엽수,교목,,봄,X
휘경로,"서울특별시 동대문구 휘경동 148-40",0.00827549427237474,"양버즘나무 ",양버즘나무,활엽수,낙엽수,교목,,봄,X
망우로,"서울특별시 동대문구 휘경동 308-25",0.016272854542858997,"은행나무 ",은행나무,침엽수,낙엽수,교목,,봄,가을
황물로,"서울특별시 동대문구 답십리동 959-28",0.017570731753290648,"양버즘나무 ",양버즘나무,활엽수,낙엽수,교목,,봄,X
전농로,"서울특별시 동대문구 전농동 141-75",0.01893440584438743,"은행나무 ",은행나무,침엽수,낙엽수,교목,,봄,가을
약령시로,"서울특별시 동대문구 제기동 148-132",0.01813872304556547,"은행나무 ",은행나무,침엽수,낙엽수,교목,,봄,가을
천호대로47길,"서울특별시 동대문구 답십리동 553-1",0.0021645883362325815,"느티나무 ",느티나무,활엽수,낙엽수,교목,,여름,X
무학로,"서울특별시 동대문구 용두동 146-9",0.01198180693274892,"은행나무 ",은행나무,침엽수,낙엽수,교목,,봄,가을
경희대로,"서울특별시 동대문구 회기동 27-2",0.0035236378263621155,"은행나무 ",은행나무,침엽수,낙엽수,교목,,봄,가을
신이문로,"서울특별시 동대문구 이문동 357",0.004777305056230333,"은행나무 ",은행나무,침엽수,낙엽수,교목,,봄,가을
한천로,"서울특별시 동대문구 장안동 151-15",0.043969435750392666,"양버즘나무 ",양버즘나무,활엽수,낙엽수,교목,,봄,X
황물로,"서울특별시 동대문구 답십리동 467-79",0.017570731753290648,"은행나무 ",은행나무,침엽수,낙엽수,교목,,봄,가을
한빛로,"서울특별시 동대문구 신설동 67-1",0.00721042574656651,"이팝나무 ",이팝나무,활엽수,낙엽수,교목,화목,봄,X
한빛로,"서울특별시 동대문구 신설동 69-1",0.00721042574656651,"이팝나무 ",이팝나무,활엽수,낙엽수,교목,화목,봄,X
한빛로,"서울특별시 동대문구 신설동 71-2",0.00721042574656651,"이팝나무 ",이팝나무,활엽수,낙엽수,교목,화목,봄,X
한빛로,"서울특별시 동대문구 신설동 31-2",0.00721042574656651,"이팝나무 ",이팝나무,활엽수,낙엽수,교목,화목,봄,X
한빛로,"서울특별시 동대문구 신설동 30-2",0.00721042574656651,"이팝나무 ",이팝나무,활엽수,낙엽수,교목,화목,봄,X
한빛로,"서울특별시 동대문구 신설동 29-2",0.00721042574656651,"이팝나무 ",이팝나무,활엽수,낙엽수,교목,화목,봄,X
답십리로,"서울특별시 동대문구 전농동 648-163",0.03436276900247712,"양버즘나무 ",양버즘나무,활엽수,낙엽수,교목,,봄,X
고산자로,"서울특별시 동대문구 제기동 122-117",0.018242091564576145,"양버즘나무 ",양버즘나무,활엽수,낙엽수,교목,,봄,X
사가정로,"서울특별시 동대문구 답십리동 475-142",0.07865510585547797,"은행나무 ",은행나무,침엽수,낙엽수,교목,,봄,가을
홍릉로25길,"서울특별시 동대문구 청량리동 205-487",0.0013694055349826816,"은행나무 ",은행나무,침엽수,낙엽수,교목,,봄,가을
이문로,"서울특별시 동대문구 이문동 287-19",0.01893917204337028,"은행나무 ",은행나무,침엽수,낙엽수,교목,,봄,가을
사가정로,"서울특별시 동대문구 전농동 321-3",0.07865510585547797,"은행나무 ",은행나무,침엽수,낙엽수,교목,,봄,가을
답십리로,"서울특별시 동대문구 답십리동 66-46",0.03436276900247712,"이팝나무 ",이팝나무,활엽수,낙엽수,교목,화목,봄,X
답십리로,"서울특별시 동대문구 답십리동 524-1",0.03436276900247712,"은행나무 ",은행나무,침엽수,낙엽수,교목,,봄,가을
한천로,"서울특별시 동대문구 장안동 124-15",0.043969435750392666,"양버즘나무 ",양버즘나무,활엽수,낙엽수,교목,,봄,X
휘경로,"서울특별시 동대문구 휘경동 122-6",0.00827549427237474,"양버즘나무 ",양버즘나무,활엽수,낙엽수,교목,,봄,X
서울시립대로,"서울특별시 동대문구 전농동 647-73",0.015070999217401845,"은행나무 ",은행나무,침엽수,낙엽수,교목,,봄,가을
답십리로,"서울특별시 동대문구 장안동 142-22",0.03436276900247712,"이팝나무 ",이팝나무,활엽수,낙엽수,교목,화목,봄,X
신이문로,"서울특별시 동대문구 이문동 237-108",0.004777305056230333,"은행나무 ",은행나무,침엽수,낙엽수,교목,,봄,가을
천호대로,"서울특별시 동대문구 용두동 47-33",0.050337358499340144,"은행나무 ",은행나무,침엽수,낙엽수,교목,,봄,가을
사가정로,"서울특별시 동대문구 답십리동 530-1",0.07865510585547797,"은행나무 ",은행나무,침엽수,낙엽수,교목,,봄,가을
휘경로,"서울특별시 동대문구 이문동 288-26",0.00827549427237474,"양버즘나무 ",양버즘나무,활엽수,낙엽수,교목,,봄,X
한빛로,"서울특별시 동대문구 신설동 1-3",0.00721042574656651,"이팝나무 은행나무 ",은행나무,침엽수,낙엽수,교목,,봄,가을
한빛로,"서울특별시 동대문구 신설동 1-3",0.00721042574656651,"이팝나무 은행나무 ",이팝나무,활엽수,낙엽수,교목,화목,봄,X
한빛로,"서울특별시 동대문구 용두동 201-12",0.00721042574656651,"이팝나무 ",이팝나무,활엽수,낙엽수,교목,화목,봄,X
한빛로,"서울특별시 동대문구 신설동 49-2",0.00721042574656651,"이팝나무 ",이팝나무,활엽수,낙엽수,교목,화목,봄,X
한빛로,"서울특별시 동대문구 신설동 50-2",0.00721042574656651,"이팝나무 ",이팝나무,활엽수,낙엽수,교목,화목,봄,X
한빛로,"서울특별시 동대문구 용두동 756-13",0.00721042574656651,"이팝나무 ",이팝나무,활엽수,낙엽수,교목,화목,봄,X
무학로,"서울특별시 동대문구 용두동 190-8",0.01198180693274892,"은행나무 ",은행나무,침엽수,낙엽수,교목,,봄,가을
회기로,"서울특별시 동대문구 회기동 45-61",0.021741305586761694,"은행나무 ",은행나무,침엽수,낙엽수,교목,,봄,가을
외대역동로,"서울특별시 동대문구 이문동 85-90",0.009616367442984957,"이팝나무 ",이팝나무,활엽수,낙엽수,교목,화목,봄,X
사가정로,"서울특별시 동대문구 전농동 312",0.07865510585547797,"은행나무 ",은행나무,침엽수,낙엽수,교목,,봄,가을
외대역동로,"서울특별시 동대문구 이문동 85-20",0.009616367442984957,"이팝나무 ",이팝나무,활엽수,낙엽수,교목,화목,봄,X
한빛로,"서울특별시 동대문구 신설동 38-2",0.00721042574656651,"이팝나무 ",이팝나무,활엽수,낙엽수,교목,화목,봄,X
한빛로,"서울특별시 동대문구 신설동 46-2",0.00721042574656651,"이팝나무 ",이팝나무,활엽수,낙엽수,교목,화목,봄,X
장안벚꽃로,"서울특별시 동대문구 장안동 471-1",0.02736104345503263,"양버즘나무 ",양버즘나무,활엽수,낙엽수,교목,,봄,X
약령시로,"서울특별시 동대문구 제기동 252",0.01813872304556547,"은행나무 ",은행나무,침엽수,낙엽수,교목,,봄,가을
서울시립대로,"서울특별시 동대문구 전농동 646-19",0.015070999217401845,"은행나무 ",은행나무,침엽수,낙엽수,교목,,봄,가을
장안벚꽃로,"서울특별시 동대문구 장안동 481-5",0.02736104345503263,"양버즘나무 ",양버즘나무,활엽수,낙엽수,교목,,봄,X
황물로,"서울특별시 동대문구 답십리동 539",0.017570731753290648,"양버즘나무 ",양버즘나무,활엽수,낙엽수,교목,,봄,X
전농로,"서울특별시 동대문구 답십리동 93-9",0.01893440584438743,"은행나무 ",은행나무,침엽수,낙엽수,교목,,봄,가을
황물로,"서울특별시 동대문구 답십리동 483-26",0.017570731753290648,"양버즘나무 ",양버즘나무,활엽수,낙엽수,교목,,봄,X
답십리로,"서울특별시 동대문구 장안동 332-5",0.03436276900247712,"이팝나무 ",이팝나무,활엽수,낙엽수,교목,화목,봄,X
서울시립대로,"서울특별시 동대문구 전농동 150-87",0.015070999217401845,"느티나무 ",느티나무,활엽수,낙엽수,교목,,여름,X
망우로21길,"서울특별시 동대문구 휘경동 42-6",0.0067675002995912815,"은행나무 ",은행나무,침엽수,낙엽수,교목,,봄,가을
천호대로,"서울특별시 동대문구 신설동 102-14",0.050337358499340144,"은행나무 ",은행나무,침엽수,낙엽수,교목,,봄,가을
제기로,"서울특별시 동대문구 제기동 137-143",0.016724124074013105,"양버즘나무 ",양버즘나무,활엽수,낙엽수,교목,,봄,X
고산자로,"서울특별시 동대문구 제기동 930-11",0.018242091564576145,"양버즘나무 ",양버즘나무,활엽수,낙엽수,교목,,봄,X
천호대로,"서울특별시 동대문구 답십리동 496-11",0.050337358499340144,"은행나무 ",은행나무,침엽수,낙엽수,교목,,봄,가을
무학로,"서울특별시 동대문구 용두동 193-63",0.01198180693274892,"은행나무 ",은행나무,침엽수,낙엽수,교목,,봄,가을
한천로,"서울특별시 동대문구 전농동 1-200",0.043969435750392666,"양버즘나무 ",양버즘나무,활엽수,낙엽수,교목,,봄,X
무학로,"서울특별시 동대문구 용두동 191-5",0.01198180693274892,"은행나무 ",은행나무,침엽수,낙엽수,교목,,봄,가을
천호대로,"서울특별시 동대문구 신설동 97-8",0.050337358499340144,"느티나무 ",느티나무,활엽수,낙엽수,교목,,여름,X
회기로,"서울특별시 동대문구 회기동 45-41",0.021741305586761694,"은행나무 ",은행나무,침엽수,낙엽수,교목,,봄,가을
서울시립대로,"서울특별시 동대문구 전농동 568-18",0.015070999217401845,"은행나무 ",은행나무,침엽수,낙엽수,교목,,봄,가을
회기로,"서울특별시 동대문구 제기동 1142-20",0.021741305586761694,"은행나무 ",은행나무,침엽수,낙엽수,교목,,봄,가을
사가정로,"서울특별시 동대문구 답십리동 530-2",0.07865510585547797,"양버즘나무 ",양버즘나무,활엽수,낙엽수,교목,,봄,X
한천로,"서울특별시 동대문구 휘경동 43-254",0.043969435750392666,"양버즘나무 ",양버즘나무,활엽수,낙엽수,교목,,봄,X
신이문로,"서울특별시 동대문구 이문동 358-14",0.004777305056230333,"은행나무 ",은행나무,침엽수,낙엽수,교목,,봄,가을
장안벚꽃로,"서울특별시 동대문구 휘경동 43-152",0.02736104345503263,"이팝나무 ",이팝나무,활엽수,낙엽수,교목,화목,봄,X
망우로,"서울특별시 동대문구 휘경동 344",0.016272854542858997,"은행나무 ",은행나무,침엽수,낙엽수,교목,,봄,가을
제기로17길,"서울특별시 동대문구 청량리동 203-34",0.0029835842628772665,"은행나무 ",은행나무,침엽수,낙엽수,교목,,봄,가을
무학로,"서울특별시 동대문구 제기동 1153-10",0.01198180693274892,"은행나무 ",은행나무,침엽수,낙엽수,교목,,봄,가을
황물로,"서울특별시 동대문구 답십리동 467-7",0.017570731753290648,"양버즘나무 ",양버즘나무,활엽수,낙엽수,교목,,봄,X
제기로17길,"서울특별시 동대문구 청량리동 205-100",0.0029835842628772665,"은행나무 ",은행나무,침엽수,낙엽수,교목,,봄,가을
한천로,"서울특별시 동대문구 휘경동 43-165",0.043969435750392666,"이팝나무 ",이팝나무,활엽수,낙엽수,교목,화목,봄,X
고산자로,"서울특별시 동대문구 제기동 927",0.018242091564576145,"양버즘나무 ",양버즘나무,활엽수,낙엽수,교목,,봄,X
회기로,"서울특별시 동대문구 청량리동 산 1-211",0.021741305586761694,"은행나무 ",은행나무,침엽수,낙엽수,교목,,봄,가을
고산자로,"서울특별시 동대문구 제기동 928-14",0.018242091564576145,"은행나무 ",은행나무,침엽수,낙엽수,교목,,봄,가을
망우로21길,"서울특별시 동대문구 휘경동 264-1",0.0067675002995912815,"은행나무 ",은행나무,침엽수,낙엽수,교목,,봄,가을
답십리로,"서울특별시 동대문구 장안동 141-30",0.03436276900247712,"이팝나무 ",이팝나무,활엽수,낙엽수,교목,화목,봄,X
이문로,"서울특별시 동대문구 이문동 292-266",0.01893917204337028,"은행나무 ",은행나무,침엽수,낙엽수,교목,,봄,가을
홍릉로,"서울특별시 동대문구 청량리동 205-551",0.010536790657002002,"은행나무 ",은행나무,침엽수,낙엽수,교목,,봄,가을
망우로,"서울특별시 동대문구 휘경동 316-4",0.016272854542858997,"은행나무 ",은행나무,침엽수,낙엽수,교목,,봄,가을
황물로,"서울특별시 동대문구 답십리동 467-80",0.017570731753290648,"은행나무 ",은행나무,침엽수,낙엽수,교목,,봄,가을
외대역동로,"서울특별시 동대문구 이문동 173-92",0.009616367442984957,"이팝나무 ",이팝나무,활엽수,낙엽수,교목,화목,봄,X
안암로,"서울특별시 동대문구 용두동 749-1",0.016756015157060974,"은행나무 ",은행나무,침엽수,낙엽수,교목,,봄,가을
전농로,"서울특별시 동대문구 전농동 135-41",0.01893440584438743,"은행나무 ",은행나무,침엽수,낙엽수,교목,,봄,가을
회기로,"서울특별시 동대문구 회기동 45-124",0.021741305586761694,"은행나무 ",은행나무,침엽수,낙엽수,교목,,봄,가을
고산자로,"서울특별시 동대문구 제기동 122-612",0.018242091564576145,"양버즘나무 ",양버즘나무,활엽수,낙엽수,교목,,봄,X
약령시로,"서울특별시 동대문구 제기동 148-44",0.01813872304556547,"은행나무 ",은행나무,침엽수,낙엽수,교목,,봄,가을
정릉천동로,"서울특별시 동대문구 용두동 75-44",0.013607440316019435,"은행나무 ",은행나무,침엽수,낙엽수,교목,,봄,가을
외대역동로,"서울특별시 동대문구 이문동 115-44",0.009616367442984957,"이팝나무 ",이팝나무,활엽수,낙엽수,교목,화목,봄,X
외대역동로,"서울특별시 동대문구 이문동 174-49",0.009616367442984957,"이팝나무 ",이팝나무,활엽수,낙엽수,교목,화목,봄,X
망우로,"서울특별시 동대문구 휘경동 317-6",0.016272854542858997,"이팝나무 은행나무 ",은행나무,침엽수,낙엽수,교목,,봄,가을
망우로,"서울특별시 동대문구 휘경동 317-6",0.016272854542858997,"이팝나무 은행나무 ",이팝나무,활엽수,낙엽수,교목,화목,봄,X
망우로,"서울특별시 동대문구 휘경동 317-63",0.016272854542858997,"이팝나무 ",이팝나무,활엽수,낙엽수,교목,화목,봄,X
망우로,"서울특별시 동대문구 휘경동 317-1",0.016272854542858997,"은행나무 ",은행나무,침엽수,낙엽수,교목,,봄,가을
이문로,"서울특별시 동대문구 휘경동 336-31",0.01893917204337028,"은행나무 ",은행나무,침엽수,낙엽수,교목,,봄,가을
이문로,"서울특별시 동대문구 회기동 77-43",0.01893917204337028,"은행나무 ",은행나무,침엽수,낙엽수,교목,,봄,가을
망우로,"서울특별시 동대문구 휘경동 71-1",0.016272854542858997,"은행나무 ",은행나무,침엽수,낙엽수,교목,,봄,가을
외대역동로,"서울특별시 동대문구 휘경동 108-31",0.009616367442984957,"양버즘나무 ",양버즘나무,활엽수,낙엽수,교목,,봄,X
한천로,"서울특별시 동대문구 이문동 94-7",0.043969435750392666,"느티나무 ",느티나무,활엽수,낙엽수,교목,,여름,X
한천로,"서울특별시 동대문구 이문동 94-8",0.043969435750392666,"느티나무 ",느티나무,활엽수,낙엽수,교목,,여름,X
한천로58길,"서울특별시 동대문구 이문동 94-2",0.010058756247701897,"느티나무 ",느티나무,활엽수,낙엽수,교목,,여름,X
외대역동로,"서울특별시 동대문구 이문동 120-20",0.009616367442984957,"이팝나무 ",이팝나무,활엽수,낙엽수,교목,화목,봄,X
외대역동로,"서울특별시 동대문구 이문동 120-37",0.009616367442984957,"이팝나무 ",이팝나무,활엽수,낙엽수,교목,화목,봄,X
한천로,"서울특별시 동대문구 휘경동 120-1",0.043969435750392666,"양버즘나무 은행나무 ",은행나무,침엽수,낙엽수,교목,,봄,가을
한천로,"서울특별시 동대문구 휘경동 120-1",0.043969435750392666,"양버즘나무 은행나무 ",양버즘나무,활엽수,낙엽수,교목,,봄,X
한천로,"서울특별시 동대문구 이문동 91-2",0.043969435750392666,"양버즘나무 은행나무 ",은행나무,침엽수,낙엽수,교목,,봄,가을
한천로,"서울특별시 동대문구 이문동 91-2",0.043969435750392666,"양버즘나무 은행나무 ",양버즘나무,활엽수,낙엽수,교목,,봄,X
한천로,"서울특별시 동대문구 이문동 90-15",0.043969435750392666,"양버즘나무 ",양버즘나무,활엽수,낙엽수,교목,,봄,X
외대역동로,"서울특별시 동대문구 휘경동 55-6",0.009616367442984957,"느티나무 ",느티나무,활엽수,낙엽수,교목,,여름,X
한천로,"서울특별시 동대문구 휘경동 56-3",0.043969435750392666,"느티나무 벚나무 ",벚나무,활엽수,낙엽수,교목,화목,봄,X
한천로,"서울특별시 동대문구 휘경동 56-3",0.043969435750392666,"느티나무 벚나무 ",느티나무,활엽수,낙엽수,교목,,여름,X
한천로,"서울특별시 동대문구 휘경동 16-60",0.043969435750392666,"느티나무 ",느티나무,활엽수,낙엽수,교목,,여름,X
한천로,"서울특별시 동대문구 휘경동 15-10",0.043969435750392666,"느티나무 ",느티나무,활엽수,낙엽수,교목,,여름,X
한천로,"서울특별시 동대문구 휘경동 62-18",0.043969435750392666,"느티나무 ",느티나무,활엽수,낙엽수,교목,,여름,X
한천로,"서울특별시 동대문구 휘경동 12-22",0.043969435750392666,"느티나무 ",느티나무,활엽수,낙엽수,교목,,여름,X
한천로,"서울특별시 동대문구 전농동 1-209",0.043969435750392666,"은행나무 ",은행나무,침엽수,낙엽수,교목,,봄,가을
장안벚꽃로,"서울특별시 동대문구 휘경동 348",0.02736104345503263,"벚나무 회화나무 ",회화나무,활엽수,낙엽수,교목,,봄,X
장안벚꽃로,"서울특별시 동대문구 휘경동 348",0.02736104345503263,"벚나무 회화나무 ",벚나무,활엽수,낙엽수,교목,화목,봄,X
장안벚꽃로,"서울특별시 동대문구 휘경동 359",0.02736104345503263,"벚나무 ",벚나무,활엽수,낙엽수,교목,화목,봄,X
답십리로,"서울특별시 동대문구 장안동 295-6",0.03436276900247712,"이팝나무 ",이팝나무,활엽수,낙엽수,교목,화목,봄,X
장한로,"서울특별시 동대문구 장안동 307-3",0.01828729174665348,"이팝나무 ",이팝나무,활엽수,낙엽수,교목,화목,봄,X
답십리로,"서울특별시 동대문구 답십리동 산 2-9",0.03436276900247712,"이팝나무 ",이팝나무,활엽수,낙엽수,교목,화목,봄,X
답십리로,"서울특별시 동대문구 장안동 332-6",0.03436276900247712,"이팝나무 ",이팝나무,활엽수,낙엽수,교목,화목,봄,X
답십리로,"서울특별시 동대문구 장안동 332-7",0.03436276900247712,"이팝나무 ",이팝나무,활엽수,낙엽수,교목,화목,봄,X
답십리로,"서울특별시 동대문구 장안동 334-11",0.03436276900247712,"이팝나무 ",이팝나무,활엽수,낙엽수,교목,화목,봄,X
장한로,"서울특별시 동대문구 장안동 435-5",0.01828729174665348,"이팝나무 ",이팝나무,활엽수,낙엽수,교목,화목,봄,X
한천로14길,"서울특별시 동대문구 장안동 479-2",0.004875831588039892,"양버즘나무 ",양버즘나무,활엽수,낙엽수,교목,,봄,X
장안벚꽃로,"서울특별시 동대문구 장안동 336-2",0.02736104345503263,"양버즘나무 ",양버즘나무,활엽수,낙엽수,교목,,봄,X
망우로,"서울특별시 동대문구 휘경동 255-23",0.016272854542858997,"은행나무 ",은행나무,침엽수,낙엽수,교목,,봄,가을
망우로,"서울특별시 동대문구 휘경동 267-72",0.016272854542858997,"은행나무 ",은행나무,침엽수,낙엽수,교목,,봄,가을
한천로,"서울특별시 동대문구 답십리동 939",0.043969435750392666,"양버즘나무 ",양버즘나무,활엽수,낙엽수,교목,,봄,X
장안벚꽃로,"서울특별시 동대문구 장안동 481-4",0.02736104345503263,"벚나무 ",벚나무,활엽수,낙엽수,교목,화목,봄,X
장안벚꽃로,"서울특별시 동대문구 장안동 481-6",0.02736104345503263,"은행나무 느티나무 벚나무 ",벚나무,활엽수,낙엽수,교목,화목,봄,X
장안벚꽃로,"서울특별시 동대문구 장안동 481-6",0.02736104345503263,"은행나무 느티나무 벚나무 ",느티나무,활엽수,낙엽수,교목,,여름,X
장안벚꽃로,"서울특별시 동대문구 장안동 481-6",0.02736104345503263,"은행나무 느티나무 벚나무 ",은행나무,침엽수,낙엽수,교목,,봄,가을
서울시립대로,"서울특별시 동대문구 전농동 694",0.015070999217401845,"은행나무 ",은행나무,침엽수,낙엽수,교목,,봄,가을
전농로,"서울특별시 동대문구 전농동 194",0.01893440584438743,"산딸나무 ",산딸나무,활엽수,낙엽수,관목,화목/열매수,봄,가을
전농로,"서울특별시 동대문구 전농동 155-7",0.01893440584438743,"은행나무 ",은행나무,침엽수,낙엽수,교목,,봄,가을
사가정로,"서울특별시 동대문구 전농동 38-111",0.07865510585547797,"벚나무 ",벚나무,활엽수,낙엽수,교목,화목,봄,X
사가정로,"서울특별시 동대문구 전농동 31-42",0.07865510585547797,"이팝나무 ",이팝나무,활엽수,낙엽수,교목,화목,봄,X
외대역동로1길,"서울특별시 동대문구 휘경동 375",0.0050035006628572215,"느티나무 ",느티나무,활엽수,낙엽수,교목,,여름,X
외대역동로1길,"서울특별시 동대문구 휘경동 375-5",0.0050035006628572215,"느티나무 ",느티나무,활엽수,낙엽수,교목,,여름,X
외대역동로1길,"서울특별시 동대문구 휘경동 42-9",0.0050035006628572215,"느티나무 ",느티나무,활엽수,낙엽수,교목,,여름,X
외대역동로1길,"서울특별시 동대문구 휘경동 109-1",0.0050035006628572215,"느티나무 ",느티나무,활엽수,낙엽수,교목,,여름,X
외대역동로1길,"서울특별시 동대문구 휘경동 96-5",0.0050035006628572215,"느티나무 ",느티나무,활엽수,낙엽수,교목,,여름,X
외대역동로1길,"서울특별시 동대문구 휘경동 95-1",0.0050035006628572215,"느티나무 ",느티나무,활엽수,낙엽수,교목,,여름,X
경희대로,"서울특별시 동대문구 회기동 36-3",0.0035236378263621155,"은행나무 ",은행나무,침엽수,낙엽수,교목,,봄,가을
경희대로,"서울특별시 동대문구 회기동 108-2",0.0035236378263621155,"은행나무 ",은행나무,침엽수,낙엽수,교목,,봄,가을
경희대로,"서울특별시 동대문구 회기동 38-1",0.0035236378263621155,"은행나무 ",은행나무,침엽수,낙엽수,교목,,봄,가을
경희대로,"서울특별시 동대문구 회기동 36-21",0.0035236378263621155,"은행나무 ",은행나무,침엽수,낙엽수,교목,,봄,가을
신이문로,"서울특별시 동대문구 이문동 256-371",0.004777305056230333,"은행나무 ",은행나무,침엽수,낙엽수,교목,,봄,가을
회기로,"서울특별시 동대문구 회기동 60-148",0.021741305586761694,"은행나무 ",은행나무,침엽수,낙엽수,교목,,봄,가을
답십리로,"서울특별시 동대문구 답십리동 241-8",0.03436276900247712,"은행나무 ",은행나무,침엽수,낙엽수,교목,,봄,가을
회기로,"서울특별시 동대문구 청량리동 206-44",0.021741305586761694,"느티나무 ",느티나무,활엽수,낙엽수,교목,,여름,X
회기로,"서울특별시 동대문구 청량리동 206-11",0.021741305586761694,"느티나무 ",느티나무,활엽수,낙엽수,교목,,여름,X
회기로,"서울특별시 동대문구 청량리동 산 1-196",0.021741305586761694,"은행나무 느티나무 ",느티나무,활엽수,낙엽수,교목,,여름,X
회기로,"서울특별시 동대문구 청량리동 산 1-196",0.021741305586761694,"은행나무 느티나무 ",은행나무,침엽수,낙엽수,교목,,봄,가을
한천로63길,"서울특별시 동대문구 이문동 225-4",0.0012803989586267705,"느티나무 ",느티나무,활엽수,낙엽수,교목,,여름,X
한천로66길,"서울특별시 동대문구 이문동 213-13",0.0008439162304942893,"은행나무 ",은행나무,침엽수,낙엽수,교목,,봄,가을
전농로10길,"서울특별시 동대문구 답십리동 80-1",0.006966446804851533,"느티나무 벚나무 ",벚나무,활엽수,낙엽수,교목,화목,봄,X
전농로10길,"서울특별시 동대문구 답십리동 80-1",0.006966446804851533,"느티나무 벚나무 ",느티나무,활엽수,낙엽수,교목,,여름,X
이문로54길,"서울특별시 동대문구 이문동 225-4",0.0046405042308829796,"느티나무 ",느티나무,활엽수,낙엽수,교목,,여름,X
이문로54길,"서울특별시 동대문구 이문동 225",0.0046405042308829796,"느티나무 ",느티나무,활엽수,낙엽수,교목,,여름,X
이문로54길,"서울특별시 동대문구 이문동 225-2",0.0046405042308829796,"느티나무 ",느티나무,활엽수,낙엽수,교목,,여름,X
한천로58길,"서울특별시 동대문구 이문동 64-4",0.010058756247701897,"은행나무 ",은행나무,침엽수,낙엽수,교목,,봄,가을
한천로58길,"서울특별시 동대문구 이문동 64",0.010058756247701897,"은행나무 ",은행나무,침엽수,낙엽수,교목,,봄,가을
한천로58길,"서울특별시 동대문구 이문동 54-2",0.010058756247701897,"은행나무 ",은행나무,침엽수,낙엽수,교목,,봄,가을
한천로58길,"서울특별시 동대문구 이문동 54",0.010058756247701897,"은행나무 ",은행나무,침엽수,낙엽수,교목,,봄,가을
한천로58길,"서울특별시 동대문구 이문동 64-12",0.010058756247701897,"은행나무 ",은행나무,침엽수,낙엽수,교목,,봄,가을
한천로58길,"서울특별시 동대문구 이문동 46-16",0.010058756247701897,"은행나무 ",은행나무,침엽수,낙엽수,교목,,봄,가을
한천로58길,"서울특별시 동대문구 이문동 46-21",0.010058756247701897,"은행나무 ",은행나무,침엽수,낙엽수,교목,,봄,가을
한천로58길,"서울특별시 동대문구 이문동 25-9",0.010058756247701897,"은행나무 ",은행나무,침엽수,낙엽수,교목,,봄,가을
한천로58길,"서울특별시 동대문구 이문동 353-13",0.010058756247701897,"은행나무 ",은행나무,침엽수,낙엽수,교목,,봄,가을
한천로58길,"서울특별시 동대문구 이문동 354-70",0.010058756247701897,"은행나무 ",은행나무,침엽수,낙엽수,교목,,봄,가을
한천로58길,"서울특별시 동대문구 이문동 1-4",0.010058756247701897,"은행나무 ",은행나무,침엽수,낙엽수,교목,,봄,가을
한천로58길,"서울특별시 동대문구 이문동1-4",0.010058756247701897,"은행나무 ",은행나무,침엽수,낙엽수,교목,,봄,가을
한천로58길,"서울특별시 동대문구 이문동7-1",0.010058756247701897,"은행나무 ",은행나무,침엽수,낙엽수,교목,,봄,가을
황물로,"서울특별시 동대문구 답십리동 490-20",0.017570731753290648,"은행나무 ",은행나무,침엽수,낙엽수,교목,,봄,가을
홍릉로25길,"서울특별시 동대문구 청량리동 205-484",0.0013694055349826816,"은행나무 ",은행나무,침엽수,낙엽수,교목,,봄,가을
왕산로,"서울특별시 동대문구 청량리동 444-2",0.032634459895788274,"은행나무 ",은행나무,침엽수,낙엽수,교목,,봄,가을
제기로17길,"서울특별시 동대문구 청량리동 205-372",0.0029835842628772665,"은행나무 ",은행나무,침엽수,낙엽수,교목,,봄,가을
망우로1길,"서울특별시 동대문구 휘경동 344",0.0018852330607997479,"은행나무 ",은행나무,침엽수,낙엽수,교목,,봄,가을
한천로58길,"서울특별시 동대문구 이문동 49-2",0.010058756247701897,"은행나무 ",은행나무,침엽수,낙엽수,교목,,봄,가을
한천로58길,"서울특별시 동대문구 이문동 49-3",0.010058756247701897,"은행나무 ",은행나무,침엽수,낙엽수,교목,,봄,가을
한천로58길,"서울특별시 동대문구 이문동 99-1",0.010058756247701897,"은행나무 ",은행나무,침엽수,낙엽수,교목,,봄,가을
한천로58길,"서울특별시 동대문구 이문동 98-1",0.010058756247701897,"단풍나무 ",단풍나무,활엽수,낙엽수,교목,,봄,가을
한천로58길,"서울특별시 동대문구 이문동 48-4",0.010058756247701897,"은행나무 ",은행나무,침엽수,낙엽수,교목,,봄,가을
한천로58길,"서울특별시 동대문구 이문동 59",0.010058756247701897,"은행나무 ",은행나무,침엽수,낙엽수,교목,,봄,가을
한천로58길,"서울특별시 동대문구 이문동 53-1",0.010058756247701897,"은행나무 ",은행나무,침엽수,낙엽수,교목,,봄,가을
사가정로4길,"서울특별시 동대문구 답십리동 1005-1",0.004778062002180974,"벚나무 ",벚나무,활엽수,낙엽수,교목,화목,봄,X
한천로58길,"서울특별시 동대문구 이문동 50",0.010058756247701897,"은행나무 ",은행나무,침엽수,낙엽수,교목,,봄,가을
사가정로4길,"서울특별시 동대문구 답십리동 477-41",0.004778062002180974,"벚나무 ",벚나무,활엽수,낙엽수,교목,화목,봄,X
한천로58길,"서울특별시 동대문구 이문동 65-2",0.010058756247701897,"은행나무 ",은행나무,침엽수,낙엽수,교목,,봄,가을
한천로58길,"서울특별시 동대문구 이문동 189",0.010058756247701897,"은행나무 ",은행나무,침엽수,낙엽수,교목,,봄,가을
답십리로,"서울특별시 동대문구 답십리동 1003",0.03436276900247712,"이팝나무 ",이팝나무,활엽수,낙엽수,교목,화목,봄,X
답십리로,"서울특별시 동대문구 답십리동 476-268",0.03436276900247712,"이팝나무 ",이팝나무,활엽수,낙엽수,교목,화목,봄,X
답십리로,"서울특별시 동대문구 답십리동 476-288",0.03436276900247712,"이팝나무 ",이팝나무,활엽수,낙엽수,교목,화목,봄,X
답십리로,"서울특별시 동대문구 답십리동 1005",0.03436276900247712,"이팝나무 ",이팝나무,활엽수,낙엽수,교목,화목,봄,X
사가정로4길,"서울특별시 동대문구 답십리동 149-8",0.004778062002180974,"벚나무 ",벚나무,활엽수,낙엽수,교목,화목,봄,X
천호대로,"서울특별시 동대문구 답십리동 496-13",0.050337358499340144,"양버즘나무 ",양버즘나무,활엽수,낙엽수,교목,,봄,X
약령시로,"서울특별시 동대문구 청량리동 235-6",0.01813872304556547,"은행나무 ",은행나무,침엽수,낙엽수,교목,,봄,가을
사가정로4길,"서울특별시 동대문구 답십리동 1003",0.004778062002180974,"벚나무 ",벚나무,활엽수,낙엽수,교목,화목,봄,X
사가정로4길,"서울특별시 동대문구 답십리동 153-7",0.004778062002180974,"벚나무 ",벚나무,활엽수,낙엽수,교목,화목,봄,X
사가정로4길,"서울특별시 동대문구 답십리동 112-200",0.004778062002180974,"벚나무 ",벚나무,활엽수,낙엽수,교목,화목,봄,X
제기로,"서울특별시 동대문구 청량리동 60-3",0.016724124074013105,"은행나무 ",은행나무,침엽수,낙엽수,교목,,봄,가을
전농로3길,"서울특별시 동대문구 답십리동 276-24",0.004497320849027098,"이팝나무 ",이팝나무,활엽수,낙엽수,교목,화목,봄,X
천호대로,"서울특별시 동대문구 답십리동 1009",0.050337358499340144,"단풍나무 ",단풍나무,활엽수,낙엽수,교목,,봄,가을
전농로3길,"서울특별시 동대문구 답십리동 274-1",0.004497320849027098,"이팝나무 ",이팝나무,활엽수,낙엽수,교목,화목,봄,X
전농로3길,"서울특별시 동대문구 답십리동 1005-2",0.004497320849027098,"이팝나무 ",이팝나무,활엽수,낙엽수,교목,화목,봄,X
청계천로,"서울특별시 동대문구 용신동 100-30",0.01948566321300367,"이팝나무 ",이팝나무,활엽수,낙엽수,교목,화목,봄,X
청계천로,"서울특별시 동대문구 용신동 100-27",0.01948566321300367,"이팝나무 ",이팝나무,활엽수,낙엽수,교목,화목,봄,X
청계천로,"서울특별시 동대문구 신설동 100-2",0.01948566321300367,"이팝나무 ",이팝나무,활엽수,낙엽수,교목,화목,봄,X
청계천로,"서울특별시 동대문구 신설동 114-75",0.01948566321300367,"이팝나무 ",이팝나무,활엽수,낙엽수,교목,화목,봄,X
청계천로,"서울특별시 동대문구 신설동 100-21",0.01948566321300367,"이팝나무 ",이팝나무,활엽수,낙엽수,교목,화목,봄,X
청계천로,"서울특별시 동대문구 신설동 114-76",0.01948566321300367,"이팝나무 ",이팝나무,활엽수,낙엽수,교목,화목,봄,X
청계천로,"서울특별시 동대문구 신설동 114-74",0.01948566321300367,"이팝나무 ",이팝나무,활엽수,낙엽수,교목,화목,봄,X
청계천로,"서울특별시 동대문구 신설동 109-13",0.01948566321300367,"느티나무 ",느티나무,활엽수,낙엽수,교목,,여름,X
서울시립대로12길,"서울특별시 동대문구 전농동 693",0.005738543095738218,"벚나무 ",벚나무,활엽수,낙엽수,교목,화목,봄,X
서울시립대로12길,"서울특별시 동대문구 전농동 690",0.005738543095738218,"벚나무 ",벚나무,활엽수,낙엽수,교목,화목,봄,X
서울시립대로12길,"서울특별시 동대문구 전농동 222-10",0.005738543095738218,"벚나무 ",벚나무,활엽수,낙엽수,교목,화목,봄,X
서울시립대로12길,"서울특별시 동대문구 전농동 407-3",0.005738543095738218,"벚나무 ",벚나무,활엽수,낙엽수,교목,화목,봄,X
서울시립대로12길,"서울특별시 동대문구 전농동 222-105",0.005738543095738218,"벚나무 ",벚나무,활엽수,낙엽수,교목,화목,봄,X
서울시립대로12길,"서울특별시 동대문구 전농동 558-174",0.005738543095738218,"벚나무 ",벚나무,활엽수,낙엽수,교목,화목,봄,X
고산자로,"서울특별시 동대문구 제기동 918",0.018242091564576145,"양버즘나무 ",양버즘나무,활엽수,낙엽수,교목,,봄,X
천호대로,"서울특별시 동대문구 용신동 176",0.050337358499340144,"느티나무 ",느티나무,활엽수,낙엽수,교목,,여름,X
고산자로,"서울특별시 동대문구 용두동 36-11",0.018242091564576145,"은행나무 ",은행나무,침엽수,낙엽수,교목,,봄,가을
천호대로,"서울특별시 동대문구 용두동 33-1",0.050337358499340144,"느티나무 ",느티나무,활엽수,낙엽수,교목,,여름,X
안암로,"서울특별시 동대문구 제기동 136-357",0.016756015157060974,"은행나무 ",은행나무,침엽수,낙엽수,교목,,봄,가을
답십리로,"서울특별시 동대문구 답십리동 2-298",0.03436276900247712,"이팝나무 ",이팝나무,활엽수,낙엽수,교목,화목,봄,X
한빛로,"서울특별시 동대문구 신설동 53-3",0.00721042574656651,"이팝나무 ",이팝나무,활엽수,낙엽수,교목,화목,봄,X
한빛로,"서울특별시 동대문구 신설동 65-2",0.00721042574656651,"이팝나무 ",이팝나무,활엽수,낙엽수,교목,화목,봄,X
한빛로,"서울특별시 동대문구 신설동 27-2",0.00721042574656651,"이팝나무 ",이팝나무,활엽수,낙엽수,교목,화목,봄,X
정릉천동로,"서울특별시 동대문구 용두동 792-7",0.013607440316019435,"은행나무 ",은행나무,침엽수,낙엽수,교목,,봄,가을
한빛로,"서울특별시 동대문구 용두동 757-23",0.00721042574656651,"이팝나무 은행나무 ",은행나무,침엽수,낙엽수,교목,,봄,가을
한빛로,"서울특별시 동대문구 용두동 757-23",0.00721042574656651,"이팝나무 은행나무 ",이팝나무,활엽수,낙엽수,교목,화목,봄,X
한빛로,"서울특별시 동대문구 용두동 767-14",0.00721042574656651,"이팝나무 ",이팝나무,활엽수,낙엽수,교목,화목,봄,X
고미술로,"서울특별시 동대문구 답십리동 530-24",0.010362311043163987,"은행나무 ",은행나무,침엽수,낙엽수,교목,,봄,가을
왕산로,"서울특별시 동대문구 용두동 234-1",0.032634459895788274,"은행나무 ",은행나무,침엽수,낙엽수,교목,,봄,가을
하정로,"서울특별시 동대문구 신설동 98-24",0.005084929459066909,"느티나무 ",느티나무,활엽수,낙엽수,교목,,여름,X
천호대로45길,"서울특별시 동대문구 용두동 38-5",0.004652402872591969,"은행나무 ",은행나무,침엽수,낙엽수,교목,,봄,가을
청계천로,"서울특별시 동대문구 신설동 92-44",0.01948566321300367,"느티나무 ",느티나무,활엽수,낙엽수,교목,,여름,X
청계천로,"서울특별시 동대문구 신설동 100-29",0.01948566321300367,"느티나무 ",느티나무,활엽수,낙엽수,교목,,여름,X
청계천로7길,"서울특별시 동대문구 용두동 255-26",0.003039049141159537,"단풍나무 ",단풍나무,활엽수,낙엽수,교목,,봄,가을
청계천로7길,"서울특별시 동대문구 용두동 255-20",0.003039049141159537,"단풍나무 ",단풍나무,활엽수,낙엽수,교목,,봄,가을
왕산로,"서울특별시 동대문구 신설동 92-34",0.032634459895788274,"은행나무 ",은행나무,침엽수,낙엽수,교목,,봄,가을
청계천로7길,"서울특별시 동대문구 용두동 255-19",0.003039049141159537,"단풍나무 ",단풍나무,활엽수,낙엽수,교목,,봄,가을
청계천로7길,"서울특별시 동대문구 용두동 255-18",0.003039049141159537,"단풍나무 ",단풍나무,활엽수,낙엽수,교목,,봄,가을
청계천로7길,"서울특별시 동대문구 용두동 255-13",0.003039049141159537,"단풍나무 ",단풍나무,활엽수,낙엽수,교목,,봄,가을
천호대로,"서울특별시 동대문구 신설동 101-7",0.050337358499340144,"은행나무 ",은행나무,침엽수,낙엽수,교목,,봄,가을
청계천로7길,"서울특별시 동대문구 용두동 255-12",0.003039049141159537,"단풍나무 ",단풍나무,활엽수,낙엽수,교목,,봄,가을
청계천로7길,"서울특별시 동대문구 용두동 255-10",0.003039049141159537,"단풍나무 ",단풍나무,활엽수,낙엽수,교목,,봄,가을
천호대로,"서울특별시 동대문구 신설동 102-26",0.050337358499340144,"은행나무 ",은행나무,침엽수,낙엽수,교목,,봄,가을
청계천로7길,"서울특별시 동대문구 용두동 255-9",0.003039049141159537,"단풍나무 ",단풍나무,활엽수,낙엽수,교목,,봄,가을
청계천로7길,"서울특별시 동대문구 용두동 255-8",0.003039049141159537,"단풍나무 ",단풍나무,활엽수,낙엽수,교목,,봄,가을
청계천로7길,"서울특별시 동대문구 용두동 237-70",0.003039049141159537,"단풍나무 ",단풍나무,활엽수,낙엽수,교목,,봄,가을
천호대로,"서울특별시 동대문구 신설동 97-37",0.050337358499340144,"느티나무 ",느티나무,활엽수,낙엽수,교목,,여름,X
청계천로7길,"서울특별시 동대문구 용두동 255-35",0.003039049141159537,"단풍나무 ",단풍나무,활엽수,낙엽수,교목,,봄,가을
청계천로7길,"서울특별시 동대문구 용두동 255-96",0.003039049141159537,"단풍나무 ",단풍나무,활엽수,낙엽수,교목,,봄,가을
청계천로7길,"서울특별시 동대문구 용두동 255-97",0.003039049141159537,"단풍나무 ",단풍나무,활엽수,낙엽수,교목,,봄,가을
청계천로7길,"서울특별시 동대문구 용두동 255-101",0.003039049141159537,"단풍나무 ",단풍나무,활엽수,낙엽수,교목,,봄,가을
청계천로7길,"서울특별시 동대문구 용두동 237-69",0.003039049141159537,"이팝나무 ",이팝나무,활엽수,낙엽수,교목,화목,봄,X
청계천로7길,"서울특별시 동대문구 용두동 237-72",0.003039049141159537,"이팝나무 ",이팝나무,활엽수,낙엽수,교목,화목,봄,X
청계천로7길,"서울특별시 동대문구 용두동 251-13",0.003039049141159537,"이팝나무 ",이팝나무,활엽수,낙엽수,교목,화목,봄,X
청계천로7길,"서울특별시 동대문구 용두동 237-12",0.003039049141159537,"이팝나무 ",이팝나무,활엽수,낙엽수,교목,화목,봄,X
왕산로2길,"서울특별시 동대문구 신설동 97-8",0.0018271113476842932,"느티나무 ",느티나무,활엽수,낙엽수,교목,,여름,X
하정로,"서울특별시 동대문구 신설동 97-37",0.005084929459066909,"느티나무 ",느티나무,활엽수,낙엽수,교목,,여름,X
하정로,"서울특별시 동대문구 신설동 97-8",0.005084929459066909,"느티나무 ",느티나무,활엽수,낙엽수,교목,,여름,X
청계천로,"서울특별시 동대문구 용두동 255-52",0.01948566321300367,"느티나무 ",느티나무,활엽수,낙엽수,교목,,여름,X
청계천로,"서울특별시 동대문구 용두동 255-48",0.01948566321300367,"느티나무 ",느티나무,활엽수,낙엽수,교목,,여름,X
청계천로,"서울특별시 동대문구 용두동 255-58",0.01948566321300367,"느티나무 ",느티나무,활엽수,낙엽수,교목,,여름,X
청계천로,"서울특별시 동대문구 용두동 255-73",0.01948566321300367,"느티나무 ",느티나무,활엽수,낙엽수,교목,,여름,X
청계천로,"서울특별시 동대문구 용두동 255-56",0.01948566321300367,"느티나무 ",느티나무,활엽수,낙엽수,교목,,여름,X
한천로10길,"서울특별시 동대문구 장안동 216-40",0.003206783572161005,"느티나무 ",느티나무,활엽수,낙엽수,교목,,여름,X
한천로10길,"서울특별시 동대문구 장안동 217-1",0.003206783572161005,"이팝나무 느티나무 ",느티나무,활엽수,낙엽수,교목,,여름,X
한천로10길,"서울특별시 동대문구 장안동 217-1",0.003206783572161005,"이팝나무 느티나무 ",이팝나무,활엽수,낙엽수,교목,화목,봄,X
천호대로,"서울특별시 동대문구 용두동 252-156",0.050337358499340144,"은행나무 ",은행나무,침엽수,낙엽수,교목,,봄,가을
한천로10길,"서울특별시 동대문구 장안동 217-4",0.003206783572161005,"이팝나무 ",이팝나무,활엽수,낙엽수,교목,화목,봄,X
전농로4길,"서울특별시 동대문구 답십리동 952-2",0.004220369706021139,"양버즘나무 이팝나무 ",이팝나무,활엽수,낙엽수,교목,화목,봄,X
전농로4길,"서울특별시 동대문구 답십리동 952-2",0.004220369706021139,"양버즘나무 이팝나무 ",양버즘나무,활엽수,낙엽수,교목,,봄,X
천호대로73길,"서울특별시 동대문구 답십리동 530-2",0.001990188679747789,"은행나무 ",은행나무,침엽수,낙엽수,교목,,봄,가을
답십리로,"서울특별시 동대문구 답십리2동 산2-11",0.03436276900247712,"이팝나무 ",이팝나무,활엽수,낙엽수,교목,화목,봄,X
왕산로,"서울특별시 동대문구 청량리동 2-3",0.032634459895788274,"이팝나무 ",이팝나무,활엽수,낙엽수,교목,화목,봄,X
왕산로23길,"서울특별시 동대문구 제기동 268-51",0.0038423065325701934,"이팝나무 ",이팝나무,활엽수,낙엽수,교목,화목,봄,X
왕산로23길,"서울특별시 동대문구 제기동 268-50",0.0038423065325701934,"이팝나무 ",이팝나무,활엽수,낙엽수,교목,화목,봄,X
왕산로23길,"서울특별시 동대문구 제기동 1158-61",0.0038423065325701934,"벚나무 ",벚나무,활엽수,낙엽수,교목,화목,봄,X
왕산로23길,"서울특별시 동대문구 제기동 1158-75",0.0038423065325701934,"벚나무 ",벚나무,활엽수,낙엽수,교목,화목,봄,X
왕산로23길,"서울특별시 동대문구 제기동 55-11",0.0038423065325701934,"이팝나무 ",이팝나무,활엽수,낙엽수,교목,화목,봄,X
왕산로23길,"서울특별시 동대문구 제기동 1158-66",0.0038423065325701934,"벚나무 ",벚나무,활엽수,낙엽수,교목,화목,봄,X
왕산로23길,"서울특별시 동대문구 제기동 271-51",0.0038423065325701934,"벚나무 ",벚나무,활엽수,낙엽수,교목,화목,봄,X
천호대로47길,"서울특별시 동대문구 답십리동 463-13",0.0021645883362325815,"느티나무 ",느티나무,활엽수,낙엽수,교목,,여름,X
